match_id,faceit_elo_a,faceit_elo_b,faceit_elo_diff,elo_a,elo_b,elo_diff,oppelo_a,oppelo_b,oppelo_diff
1-940c55c7-1c50-4fa6-9fec-fe69d5a1fb2d,1700.6,1752.4,-51.80000000000018,1511.9058448385767,1516.7239728897666,-4.818128051189888,1489.1205839363793,1502.7346603305973,-13.614076394218046
1-c65e751f-2dff-47f3-8d80-93d14ef3a1c1,1716.4,1834.0,-117.59999999999991,1499.166153607372,1500.1677385567862,-1.0015849494141094,1500.4344119581042,1500.549180528309,-0.11476857020488751
1-b9df7359-e086-4b3f-a546-1106764c9c8f,2030.4,1914.8,115.60000000000014,1521.0919765371566,1498.439961148304,22.652015388852533,1508.2420415732715,1509.499063581498,-1.2570220082263859
1-9995bf8a-faa0-4b8b-ac2a-2360e9064ca2,1700.2,1804.8,-104.59999999999991,1543.52146370312,1489.7523997055105,53.769063997609464,1500.3620291451555,1487.0511562475754,13.310872897580111
1-77e0e6ee-eedf-49aa-b847-64835c73bb91,1601.6,1751.2,-149.60000000000014,1486.833199254625,1503.628938967508,-16.795739712883005,1507.554667210421,1523.2471355544176,-15.692468343996552
1-4e20f049-7f17-46a7-97ba-3acd0659ae02,1844.2,1837.2,7.0,1473.3134227017476,1508.2266180981737,-34.91319539642609,1505.4880877819344,1494.5009097654183,10.987178016516054
1-83aca532-2c75-4ad9-abb9-de1e7514d2d3,1715.4,1792.6,-77.19999999999982,1482.5997213876692,1510.8852375866902,-28.285516199021004,1508.9926250980595,1508.3415446874196,0.6510804106399064
1-35016757-35ee-47a8-b0db-6658b2c09b4a,1938.2,1872.6,65.60000000000014,1520.6680575295507,1479.4897517028007,41.17830582674992,1494.4315286552082,1501.6144912671034,-7.182962611895164
1-b21f6fcf-d2d8-417b-9b14-e309d641cda7,1991.8,1938.2,53.59999999999991,1469.0444707108268,1539.885957506249,-70.84148679542227,1497.068183512279,1502.6942045705314,-5.6260210582524905
1-8f876302-d16b-4602-b31c-e6f9537d0115,1912.2,1888.2,24.0,1480.4595429527951,1479.8068181460992,0.6527248066959146,1502.2824316982858,1500.385317773325,1.8971139249608768
1-fd707322-da10-457b-989e-b94dc4f38c6a,1644.4,1759.6,-115.19999999999982,1499.245603982707,1448.750911373675,50.49469260903197,1499.9324376347945,1497.4843870220213,2.4480506127731587
1-aafb8b5e-820b-44a0-b0d5-b8bc304d2f1c,1984.4,2003.2,-18.799999999999955,1473.1225886884165,1502.6129100831272,-29.49032139471069,1503.8254677202015,1495.5522572116138,8.273210508587681
1-48d3a9df-d6c0-4e20-9219-a375125ab082,1800.6,1747.0,53.59999999999991,1517.827925770226,1509.7749290690977,8.05299670112845,1501.6004846411422,1502.3831570481093,-0.7826724069670945
1-5244a81f-62ce-4300-97d3-d595dbf2a8ec,1838.4,1858.2,-19.799999999999955,1482.3908336006677,1510.313301396069,-27.92246779540119,1500.2889373054982,1507.6327870164653,-7.343849710967106
1-e59d6520-421a-4935-8bcf-4bffe3f3235d,1793.4,1919.0,-125.59999999999991,1560.578886972973,1499.0372175021955,61.54166947077738,1496.8905135125526,1519.5670043919733,-22.676490879420726
1-2fe605fe-e9e1-4ac5-b3c7-adf2b1da1fe7,2017.8,2124.8,-107.00000000000023,1489.370696181762,1482.989792078642,6.380904103119974,1496.2659422043828,1500.5977381586868,-4.331795954303971
1-8c155137-dc0d-473a-9265-bbfb1adcaa48,2048.0,1890.2,157.79999999999995,1501.582762952166,1486.7622213850823,14.820541567083637,1495.457444421293,1501.342531761988,-5.885087340695009
1-fc2b0fc4-c10a-4074-810f-53e728f4829e,1736.0,1818.2,-82.20000000000005,1488.6375078184926,1526.839121790464,-38.20161397197148,1498.8056586947266,1504.8095320084672,-6.003873313740542
1-b8a1934a-7881-4306-ba16-83d7f1c4d8ae,1712.4,1833.8,-121.39999999999986,1497.452765899235,1511.2298811210533,-13.777115221818349,1505.7774628725758,1499.4000977421715,6.377365130404314
1-1cb59856-1a0e-4812-b5aa-b14fd9e1e7be,1873.6,1818.0,55.59999999999991,1498.2232867767436,1507.1512277912116,-8.927941014467933,1506.8476767694196,1510.0351048516166,-3.1874280821969023
1-a261d21b-521f-4ca1-8717-82f846e7124f,1988.0,1984.4,3.599999999999909,1501.4790848120758,1547.5311326228361,-46.052047810760314,1504.0374741856426,1509.1880543089758,-5.150580123333157
1-a34af1c9-2e66-4d88-bca7-1ec31ae03d98,2033.6,1984.4,49.19999999999982,1543.2559362377906,1564.5086367487895,-21.25270051099892,1497.9803479605557,1505.4631171373596,-7.482769176803913
1-d33debf7-5e13-43b9-a08e-6dc382810042,2000.0,2033.6,-33.59999999999991,1470.7998139939916,1529.954069138448,-59.15425514445633,1500.89194947348,1502.232624035927,-1.3406745624470204
1-904c8c48-4010-4795-ae85-24f7cb0a8a13,1806.0,1715.2,90.79999999999995,1518.832634434489,1519.8002334117962,-0.9675989773072615,1502.5738527340536,1511.6684190409028,-9.094566306849174
1-3f1d135f-3a01-4e04-81cb-c61dd755c334,1856.0,1984.4,-128.4000000000001,1538.6997938071272,1520.1443676877443,18.5554261193829,1504.4447465585035,1503.6530725731768,0.7916739853267245
1-d19be764-bd81-4b7d-943f-bcf6d6c9412e,1864.6,1848.4,16.199999999999818,1548.598758926343,1503.149551180919,45.44920774542402,1501.0011286490299,1500.967589660268,0.03353898876184758
1-b30a2d52-7d7b-4f42-91b6-35ef7c3c7e5c,1793.2,1814.6,-21.399999999999864,1468.749986276155,1517.2470919263465,-48.49710565019154,1502.2727946417626,1491.1079600555418,11.164834586220877
1-c7a5bc8d-bc03-4ea1-8b29-bb3d2ace51f3,1569.6,1733.2,-163.60000000000014,1470.7416165710888,1509.8366428535435,-39.09502628245468,1480.2259769510922,1498.267264421386,-18.04128747029381
1-7870ce0f-1126-4b36-85d5-ac4bcd1f0341,1725.6,1665.8,59.799999999999955,1469.9215233692664,1497.0676075390452,-27.14608416977876,1504.9786922180488,1503.8918063650515,1.086885852997284
1-82783a27-ad69-42d6-a3eb-2d57b5041472,1739.4,2146.0,-406.5999999999999,1473.6338531479612,1514.196365523945,-40.562512375983715,1510.64680613632,1507.1215859892914,3.5252201470286764
1-138d03a6-6f76-4433-a698-3e1a53107d34,1448.2,1483.8,-35.59999999999991,1484.7460495898617,1517.019165547689,-32.27311595782726,1498.3182777596542,1503.0433580359745,-4.725080276320341
1-5f34c837-5787-462a-8938-1f7a38428d70,1808.4,1739.0,69.40000000000009,1516.6386002115355,1515.8374455447279,0.8011546668076335,1504.9870701277234,1506.844688574452,-1.8576184467285657
1-3f4da3dc-3af3-438d-95ad-4504e02b2d32,1673.2,1604.2,69.0,1501.5627195004395,1519.8734231141655,-18.31070361372599,1501.4661882014166,1509.2504929634722,-7.784304762055626
1-9c5e8862-98c8-4861-8849-02b024b8cdfc,2207.6,2087.0,120.59999999999991,1490.5518239642224,1478.7875882584908,11.764235705731608,1489.9536299109623,1499.5004106434967,-9.546780732534444
1-1af66aa2-8d91-40d8-83c2-f2dcf70c5ac2,1944.2,2049.4,-105.20000000000005,1486.2448095143652,1483.140834508384,3.103975005981283,1505.0652325107772,1501.2184945797562,3.8467379310209253
1-66308867-756d-4e03-8104-7c76ddf5cc4a,1936.8,1955.6,-18.799999999999955,1477.1133918518547,1488.8509494241323,-11.737557572277638,1499.888676805563,1497.2395606151474,2.649116190415498
1-9ca9ab9c-7da0-4d23-ada7-d6bd006eea5c,1811.6,1896.2,-84.60000000000014,1491.0280430471246,1472.5751987192073,18.45284432791732,1507.6194341608143,1503.029823852653,4.589610308161355
1-8b430d3b-45d8-4da7-83dd-bdc15b2fe9f1,1726.0,1597.8,128.20000000000005,1492.0988442931712,1480.0712668851666,12.027577408004618,1500.8286392336518,1519.4050760383643,-18.576436804712557
1-1be6be89-41dc-47ed-a3c1-aefddf1292ca,1986.2,1880.6,105.60000000000014,1489.2190238149074,1488.9236428392055,0.2953809757018462,1502.4282382531394,1505.9366353968378,-3.508397143698403
1-2f837aba-136b-419a-955a-5636b31faa23,1936.4,1921.4,15.0,1508.4745424714347,1467.2903525396073,41.184189931827405,1492.596480530825,1496.826727547113,-4.230247016288104
1-41cfb742-7e13-4e3c-97f0-4be6ba70476e,1659.2,1483.8,175.4000000000001,1494.3774240260304,1485.633029885978,8.744394140052464,1493.552748148942,1502.4615174585622,-8.908769309620084
1-df8ec2fa-124b-4763-8c9f-bc11d1e2ae27,1873.4,1815.4,58.0,1513.4337053010088,1537.851059980248,-24.417354679239224,1513.335047050386,1498.40471688147,14.930330168916043
1-64c44e66-3f33-4448-b2cd-dd0c0ce6e81f,1873.4,1776.6,96.80000000000018,1494.1022776034538,1567.516779636973,-73.41450203351928,1499.5016528467272,1499.2778890186023,0.22376382812490192
1-747572c3-6d2d-4437-8d28-745aaa51bcb3,2003.4,1964.6,38.80000000000018,1483.6312778511608,1551.6472874354642,-68.01600958430345,1501.4146083608755,1502.0178971789296,-0.6032888180541249
1-b8e486e3-9899-408d-a2d1-a1df5d182d31,1780.8,1850.6,-69.79999999999995,1505.953633977567,1515.8387678068486,-9.885133829281585,1507.2580993564716,1495.4899397422473,11.76815961422426
1-34248bc8-fd88-467c-a1b4-41e02963d0e7,1693.6,1884.4,-190.80000000000018,1497.857125361001,1490.0442034550128,7.812921905988105,1509.2976772395466,1518.4659061556126,-9.168228916066028
1-d1f74571-5fc9-467a-a44c-0e4478162dfc,1915.2,1886.0,29.200000000000045,1528.0609595194292,1490.541319091469,37.51964042796021,1508.228242317618,1509.5084110918888,-1.2801687742708054
1-68749722-8c17-4cec-ac67-0250cbb3c03f,1631.0,1907.6,-276.5999999999999,1506.513369569212,1483.6375626071942,22.875806962017805,1505.4033211302194,1504.0303577600548,1.372963370164598
1-3f2a309a-f068-419d-a04c-4e5a3a3ad9a1,1610.6,1358.2,252.39999999999986,1499.7900760123798,1497.3307954553745,2.459280557005286,1499.864207573166,1502.413759731349,-2.5495521581831326
1-394f84b8-282f-4622-9814-82a1e74e3dc7,1808.0,1826.6,-18.59999999999991,1499.5677644390867,1505.8715470716343,-6.303782632547609,1497.2708617253095,1501.4951283930934,-4.2242666677839225
1-6c02f0da-10b0-4eee-949b-4942bf33f556,2025.6,1914.6,111.0,1496.6029237129987,1499.6090593352678,-3.0061356222690847,1499.6077492325567,1505.7001341253629,-6.092384892806194
1-45c4fe05-f318-4f1f-8c7a-1c5be0d95eef,1994.2,1832.4,161.79999999999995,1483.373096853553,1512.570328571816,-29.197231718262856,1503.662553785759,1468.2453471311005,35.41720665465846
1-e9ce7058-deca-45b4-b9fa-357dd4a53bc3,1937.4,1909.8,27.600000000000136,1496.6661499563681,1513.11725838314,-16.451108426771953,1492.3428133475882,1504.2324345778184,-11.889621230230205
1-5467ed06-0b00-4c55-9e4c-efbbf77c0796,1819.4,1721.0,98.40000000000009,1574.9897835327101,1497.4762568807596,77.51352665195054,1506.0031415401252,1522.87671965872,-16.873578118594878
1-896913be-e082-498f-9fa5-825f0bf40cd6,1775.8,1978.0,-202.20000000000005,1511.4977080172757,1563.719994193288,-52.222286176012176,1508.0201069696955,1500.1724510266165,7.847655943078962
1-ef1d50bd-61cc-4ab7-a449-2a295ea88e6f,1674.6,1716.8,-42.200000000000045,1523.491531791821,1475.569690262637,47.921841529183894,1499.408708929801,1510.4240659626873,-11.015357032886413
1-0f922c30-ccc0-4eff-9722-c25558377459,1928.4,1882.0,46.40000000000009,1494.470739540613,1484.285415768162,10.185323772451056,1503.058759681907,1502.634813499664,0.42394618224307123
1-01c58eb7-8a3b-48be-88b7-3da7d3834c1b,1868.4,1932.6,-64.19999999999982,1493.927422849724,1499.999957848449,-6.072534998724905,1509.8534879204406,1490.9595418355648,18.89394608487578
1-47829fbf-529d-4a68-a65c-a5f34302ae18,1710.6,1908.2,-197.60000000000014,1493.657557284317,1490.6066339694255,3.0509233148914063,1499.9548098194798,1502.3988266823803,-2.4440168629005257
1-bbde99ad-c588-4775-9eae-0dd4269d5e01,1895.4,1915.8,-20.399999999999864,1493.6597428518378,1499.9096196389596,-6.249876787121821,1503.2436257570273,1501.5220004011987,1.7216253558285644
1-5a168ee8-d137-404a-bb1b-72d2205ac512,1891.0,1827.2,63.799999999999955,1500.0,1500.0,0.0,1500.0,1500.0,0.0
1-85182c44-aaf7-4509-ad82-e5b109e1d594,1957.0,2051.4,-94.40000000000009,1492.6926555350176,1549.094095734763,-56.401440199745366,1501.2862427143104,1498.167087398664,3.119155315646367
1-ecab8aba-ef4b-4aac-bf2d-af6413ff51eb,1708.2,1645.4,62.799999999999955,1512.5332364508145,1532.5755083761148,-20.042271925300383,1497.9769784608316,1498.2510881213243,-0.27410966049274066
1-b135342c-9871-468c-befc-91690338ed36,1842.8,1927.8,-85.0,1518.9841159652592,1541.7111905964987,-22.727074631239475,1518.2944225341325,1507.2700640418664,11.024358492266174
1-2d35c4d3-9748-476c-990f-be5d2cbfe825,2028.4,1875.2,153.20000000000005,1492.0912045623263,1543.2117537336976,-51.120549171371295,1506.0122932104346,1498.7759960093647,7.236297201069874
1-e6600a87-3404-432c-8aaa-46c887905e21,2123.8,2028.0,95.80000000000018,1565.242749048375,1495.989241280732,69.25350776764299,1497.540792115403,1509.8367632082852,-12.295971092882155
1-089945f6-8381-47de-be82-91f8614b22d6,1963.0,1947.2,15.799999999999955,1454.262153026942,1569.9856955623459,-115.7235425354038,1500.3008951482211,1497.6541983717266,2.6466967764945366
1-9d7d4012-f866-4264-a402-270892cf9786,1883.6,1892.6,-9.0,1479.2562222856093,1554.3021817259075,-75.04595944029825,1496.2145571449523,1500.0209355515576,-3.8063784066052904
1-d4f36359-4b5e-4015-af05-04d65ca307ba,1648.6,1853.4,-204.80000000000018,1528.2629309098302,1549.3225883977416,-21.05965748791141,1505.234721550183,1503.1813505328892,2.0533710172937845
1-ae51c562-95d4-4510-b90a-106a4388a504,1999.0,1836.0,163.0,1486.9987979563796,1564.4216522118095,-77.42285425542991,1510.5847832760658,1500.2036889852616,10.381094290804185
1-9bcd6c95-01f5-41ed-bdde-39b47c621400,1931.4,1903.8,27.600000000000136,1501.967168718187,1557.597874947864,-55.630706229677116,1534.5973583244117,1517.5763063223374,17.021052002074384
1-cd43028d-814a-476a-8b00-9b35225dbe67,1947.4,1824.4,123.0,1505.2124938714326,1587.5015332930784,-82.28903942164584,1492.2135904720776,1500.6874047772903,-8.473814305212727
1-22cfe78e-ca55-4de2-98e5-d0b9acb641ac,1798.2,1684.8,113.40000000000009,1474.035328155622,1568.7903663851457,-94.75503822952373,1497.4199648940803,1501.3892905614157,-3.969325667335397
1-e0b65213-b37c-416b-a814-bfaa2422572e,1898.8,1894.4,4.399999999999864,1576.9389426318317,1496.6580325591642,80.28091007266744,1504.2809788005325,1509.6137100591382,-5.3327312586056905
1-91840da9-d359-48de-8cd3-b92896ccb5d2,2046.0,1881.8,164.20000000000005,1558.3869055159582,1496.3980205453847,61.98888497057351,1499.0285046312981,1502.1362578872088,-3.1077532559106658
1-a559b0e4-b7ca-496e-a2f8-5fc8f81e1d47,2045.4,2053.2,-7.799999999999727,1554.5308935600501,1514.406622780049,40.1242707800011,1509.239476283702,1497.387212411654,11.85226387204807
1-195858f0-6c5c-44c8-afbe-8b29c1da2c81,1921.0,1871.0,50.0,1503.5171395935915,1570.009454127973,-66.49231453438142,1506.9386147785413,1523.2882626500061,-16.349647871464867
1-5bad4e51-d999-414f-9f3b-825e33e6bace,2011.6,1977.4,34.19999999999982,1475.3545462158422,1559.1376943576615,-83.78314814181931,1524.904279082249,1537.3298354161016,-12.425556333852455
1-74c59d62-b37b-4dcb-a488-c0e4fbacdca2,1947.0,1780.8,166.20000000000005,1571.3956798303118,1500.1770262560387,71.21865357427305,1548.5692730113249,1500.0037600937844,48.565512917540445
1-84bbc113-cc21-430d-9b5e-41bad56d5509,1927.2,1908.0,19.200000000000045,1503.096376842244,1594.257220813332,-91.16084397108807,1496.5758252983023,1506.6406512360243,-10.064825937721935
1-798dc677-e64e-42c9-93ed-ea8260afe81a,1901.8,1882.0,19.799999999999955,1511.758049006255,1564.670128983175,-52.91207997691981,1498.6036718919531,1505.4858920175252,-6.882220125572076
1-1b820833-3b6b-4e98-ba85-2d79b36da26b,2020.0,1949.6,70.40000000000009,1554.2892168877916,1496.771060553045,57.518156334746664,1510.182671642959,1496.8578538061577,13.32481783680123
1-e5f2568d-3077-4515-877f-db974150f91d,1844.8,1678.2,166.5999999999999,1559.845527508413,1513.495281516593,46.350245991819975,1501.0486686256002,1516.4966240339163,-15.447955408316147
1-0a99f3b7-97be-4bc3-a018-8d16eda5fd86,1844.0,1709.8,134.20000000000005,1544.6544165256594,1516.175321570109,28.47909495555041,1500.638348663546,1529.8964282408579,-29.258079577311946
1-063cb9db-477c-4200-aa31-acb69828354f,1863.8,1901.2,-37.40000000000009,1556.5845592239027,1500.0,56.584559223902716,1527.0943424414786,1500.0,27.094342441478602
1-20c786fa-662c-4da0-9195-5ca15d912da3,1622.0,1749.8,-127.79999999999995,1541.085523203441,1493.689019693095,47.396503510346065,1520.6814770461515,1501.6713529802944,19.0101240658571
1-c93cb8b4-110d-499d-9cba-dfe9998b598d,1950.4,2064.0,-113.59999999999991,1509.0933170935245,1539.6348339550736,-30.5415168615491,1504.7475353925486,1502.8220711304725,1.9254642620760478
1-e01f38ca-afb6-4d6c-a5ee-69a007cd8cc4,1426.8,1511.6,-84.79999999999995,1500.0,1540.54312231438,-40.54312231438007,1500.0,1508.2882472155309,-8.288247215530873
1-8d09b22c-e452-4eef-a78c-bd2cfddde5b3,1638.8,1484.8,154.0,1537.6360668325644,1496.8581476907175,40.77791914184695,1500.495344076061,1500.0,0.49534407606097375
1-883664ce-a792-486c-ad46-d0b1ab9adbe1,1834.2,1392.4,441.79999999999995,1555.2222405050156,1499.4647664236993,55.75747408131633,1501.3233641665702,1465.4271133061138,35.89625086045635
1-701efcb8-7d61-44ac-8f9a-c972d361dcfd,1705.6,1932.4,-226.80000000000018,1500.0866403377738,1547.8001157336614,-47.7134753958876,1501.614907716637,1512.9438126541013,-11.328904937464358
1-a8d50fea-3b3b-4e89-befc-fbe69646f0aa,1944.2,1980.0,-35.799999999999955,1558.693157073048,1511.6103160407451,47.082841032302895,1500.6382032910897,1528.57787566559,-27.939672374500333
1-1ba583dd-afc5-45ef-96ee-00aa3db7e702,1860.2,1930.6,-70.39999999999986,1506.5946598539244,1573.090602836202,-66.49594298227748,1501.1275695007773,1500.602561016205,0.525008484572254
1-f6504211-466c-448e-96de-f39413318884,1930.6,1959.8,-29.200000000000045,1593.0485679565363,1505.2820165608287,87.76655139570767,1499.636745543065,1497.2640049935353,2.3727405495296807
1-be59d7be-99bd-4b5a-b4db-9a0e0918ebb9,2043.0,1849.4,193.5999999999999,1496.8589395120507,1583.4039353726316,-86.54499586058091,1503.2,1500.229135660969,2.9708643390310954
1-59c6f540-7bd6-43dd-ad1c-9553a109778e,1931.6,1986.8,-55.200000000000045,1502.831399819142,1566.5856558702494,-63.754256051107404,1499.7139748600102,1500.9929483806561,-1.2789735206458772
1-09c10376-f7c8-49d1-a749-7b34a4e00335,1986.8,1993.6,-6.7999999999999545,1506.2403235219456,1556.6493955892565,-50.409072067310944,1499.3272943598918,1500.4908124520127,-1.1635180921209667
1-361f97a9-bee2-42ac-877a-144a3fb8c7d7,1957.4,1659.0,298.4000000000001,1553.2822482312793,1503.271982686688,50.01026554459122,1497.6097866855746,1477.9912273856387,19.618559299935896
1-bbf15088-e0a0-47a1-bcd1-54256fd42b0d,1831.6,1727.4,104.19999999999982,1538.8014957806593,1493.0517343750614,45.74976140559784,1506.9866407995307,1473.335310283168,33.651330516362805
1-2fbf71a8-d3e9-48b6-b0a6-5e5a896fb286,1630.4,1801.0,-170.5999999999999,1506.0763875905977,1520.328738394719,-14.252350804121306,1482.4171192262347,1498.7615781370446,-16.344458910809863
1-38eba7e7-23e6-443a-b8fe-c18fe134a0c5,1450.4,1632.4,-182.0,1490.6048576333887,1524.1510640979395,-33.54620646455078,1509.9909430974599,1498.1770884884618,11.8138546089981
1-ad0fae5f-3d04-4401-bca8-136e2290eaf5,1584.8,1647.2,-62.40000000000009,1512.485416029585,1521.0770401365924,-8.59162410700742,1499.8834636155339,1498.6771966574647,1.2062669580691363
1-58c1b41b-feaf-4fed-9fbd-93cf1637b733,1457.4,1388.8,68.60000000000014,1518.19458192433,1500.0,18.194581924329896,1498.2016254660132,1500.0,-1.7983745339868165
1-4cec4b24-f90b-47de-81a1-211e65dde363,1693.4,1554.6,138.80000000000018,1500.0,1515.1338820389005,-15.133882038900538,1500.0,1498.0381368720145,1.9618631279854526
1-256c9251-8398-4867-9af6-2b25418c1739,1433.4,1483.8,-50.399999999999864,1500.0,1508.897748805964,-8.897748805964056,1500.0,1503.36984968259,-3.3698496825900293
1-f6ac4c3c-e61d-4f6e-8a91-05392e3e5556,1548.4,1327.8,220.60000000000014,1508.897748805964,1500.0,8.897748805964056,1497.6021672880174,1500.0,-2.3978327119825735
1-1147fe9a-33dd-44c0-bbce-7665dda83205,1776.0,1397.4,378.5999999999999,1518.3009036710428,1493.68827170306,24.61263196798268,1502.5942297044269,1507.7227913795377,-5.128561675110859
1-c9f6606f-74cb-4f08-af8f-709e15982282,1415.0,1653.0,-238.0,1493.515932159044,1512.2455827590752,-18.729650600031164,1501.6,1501.2183038362007,0.38169616379923355
1-209a7809-963f-457c-8441-ef707efb42a2,1645.8,1570.4,75.39999999999986,1512.3296506000313,1503.2,9.129650600031255,1498.002550288342,1500.0,-1.9974497116579641
1-78f8ecac-3a2a-4ccd-9308-b13037c8574d,1744.6,1542.2,202.39999999999986,1502.8093662131755,1500.0,2.809366213175508,1499.4142002520312,1500.0,-0.5857997479688493
1-1e9057b0-887d-4646-88c4-07d4d09f215c,1922.4,1595.6,326.8000000000002,1503.0364800640723,1500.0,3.0364800640722933,1500.1380542694424,1500.0,0.13805426944236387
1-4b3372ae-c79b-4bd7-80ed-2b9c8ea5a519,1427.8,1397.6,30.200000000000045,1500.0,1496.6030230997537,3.3969769002462726,1500.0,1496.0051005766843,3.994899423315701
1-2601df6e-505a-45ff-9f8c-1d783d091814,1899.4,1860.8,38.600000000000136,1484.7563622180019,1506.4065119433005,-21.65014972529866,1506.6666666666665,1501.2673653657976,5.399301300868956
1-416260a8-69c5-4c81-a388-fc12677305de,1805.4,1628.4,177.0,1496.6231814638481,1503.2589395120508,-6.635758048202661,1500.0,1506.4,-6.400000000000091
1-7872e75d-42a5-433e-86f5-7f6db15309cc,1719.8,1797.8,-78.0,1500.0,1506.4,-6.400000000000091,1500.0,1500.0,0.0
1-1fb67c7b-3b0f-490b-917b-4e624ba99121,1355.2,1291.4,63.799999999999955,1511.8475039766138,1478.693248191442,33.1542557851717,1490.4557418694435,1501.3014748251824,-10.845732955738868
1-661b9a23-36fa-4f75-a8a2-118862f5856e,1333.8,1351.4,-17.600000000000136,1496.9012533223759,1467.908041714404,28.993211607971944,1477.2416973731865,1499.025747405387,-21.784050032200412
1-bc65a942-ba7c-4eb0-b545-233388feb3d8,1270.8,1365.6,-94.79999999999995,1513.2952629520812,1464.412715418186,48.88254753389515,1538.7390013418108,1503.3319794523138,35.407021889496946
1-c4063f45-9a8b-4fc0-86c8-43000849ca1a,1485.6,1595.2,-109.60000000000014,1485.2449832203433,1502.2075584853515,-16.962575265008127,1498.953705060118,1499.5277072083884,-0.5740021482704378
1-bebd3a96-4b3a-44b4-ae39-d4eaecee9a04,1393.8,1433.8,-40.0,1500.7620687973006,1468.091311696772,32.67075710052859,1497.3067987350485,1499.0139216208147,-1.707122885766239
1-5e166fe2-152f-41dd-ba75-5d66c85d11dd,1382.2,1403.4,-21.200000000000045,1488.1282987808715,1457.55794153107,30.570357249801646,1509.4302013834968,1500.0145962322094,9.41560515128731
1-2689a617-cc36-4cc6-9b00-a2e25427ea8c,1464.6,1546.0,-81.40000000000009,1459.345905267417,1499.4783888140732,-40.1324835466562,1500.7378182163204,1489.9391125209706,10.798705695349781
1-9ffab209-8acf-4160-a8f1-27af1d3708a6,1219.8,1493.8,-274.0,1491.167601961362,1486.4639464664028,4.703655494959094,1503.5164376059056,1494.017325714467,9.499111891438588
1-d544dd34-427a-49b3-ad57-4903a7a4c26e,1755.4,1596.4,159.0,1477.573613180374,1479.047323939895,-1.4737107595210546,1502.1118667578069,1506.4368341033205,-4.324967345513642
1-3cb90176-a548-46aa-8e9d-abd174dcf82b,1840.0,2019.4,-179.4000000000001,1495.3716947678402,1515.7618573504926,-20.390162582652465,1497.7572684718675,1507.1772505977092,-9.41998212584167
1-b2d9d298-2c29-4703-9d71-ae2e1075436d,1334.0,1330.0,4.0,1490.679790579272,1486.905709982929,3.774080596343083,1500.4452720248885,1492.6050625151947,7.84020950969375
1-04e3d5e6-6279-4b94-b4ca-cafcea2135c4,1689.8,1888.4,-198.60000000000014,1489.449443293662,1497.6498930760504,-8.200449782388432,1498.862567597897,1498.4005983455022,0.46196925239473785
1-cb3200f5-3078-4e43-bd28-07e96f1e48fe,1688.8,1652.0,36.799999999999955,1474.808873921818,1504.5144537001459,-29.705579778327774,1498.5205407256888,1501.7542683479044,-3.2337276222156106
1-2583dd1f-f865-4f9c-89d3-91ef307dc62c,1331.0,1052.0,279.0,1478.263941318805,1500.0,-21.73605868119489,1497.7475130684254,1500.0,-2.2524869315745946
1-461f0897-6829-46c2-930a-057a90f5c0de,1199.4,1175.8,23.600000000000136,1506.5427549054994,1467.9458229196862,38.59693198581317,1511.1224884107382,1494.1186203815623,17.00386802917592
1-300cba2d-88a9-4e65-96d9-fcfaaa701950,1075.6,1052.8,22.799999999999955,1503.2898523352624,1476.792919327561,26.496933007701273,1500.0835515990093,1491.7343217371078,8.34922986190145
1-38ec9cc2-9e5f-4cc7-baa4-52b7acef26f5,1396.2,1475.4,-79.20000000000005,1500.6673890044358,1460.4411297765212,40.226259227914625,1500.3889810659884,1497.6028940366073,2.7860870293811786
1-c7ef6120-6146-4e1d-8474-6cd2e72455db,1361.2,1317.4,43.799999999999955,1471.9669644193536,1497.1969226530741,-25.22995823372048,1487.60451959921,1511.8469848323484,-24.24246523313832
1-5c9d6876-736f-4b6b-babd-d2e2327b88ab,1352.0,1319.4,32.59999999999991,1478.5287409726427,1493.8540427067965,-15.325301734153754,1497.922333340738,1510.404265814179,-12.48193247344102
1-052c4772-c39e-463c-8e60-43ddc20d2d3f,1837.8,1728.2,109.59999999999991,1489.4076069705209,1500.7608634337817,-11.353256463260777,1498.8771307098202,1505.948145006011,-7.071014296190697
1-4766c5c8-b47c-4b02-89df-c1949ae12caf,1346.0,1360.4,-14.400000000000091,1491.2988263270884,1472.778394693973,18.520431633115322,1526.6923744199273,1494.5872465482482,32.10512787167909
1-bf80a7c2-af46-44c0-827d-0a36b86abffa,1754.4,1669.8,84.60000000000014,1477.2270561816654,1476.7759057036901,0.4511504779752613,1507.2142548725146,1500.5165404419115,6.697714430603128
1-8340a84c-8193-48e1-a00f-e5afba28a1d7,1810.4,1737.8,72.60000000000014,1495.6202934792002,1491.9898509866919,3.6304424925083367,1511.52898989662,1500.2731623910538,11.25582750556623
1-2a8ebf2a-ab04-4beb-b66c-b29ce3b6eb66,1647.0,1724.8,-77.79999999999995,1500.1602152187977,1482.6354652409148,17.524749977882948,1501.8425239672786,1513.114811124019,-11.272287156740504
1-fca6bdc9-7c10-4311-8cd3-63a27c200a65,1630.2,1730.4,-100.20000000000005,1524.5214279133388,1484.0807288254277,40.44069908791107,1499.6625420413754,1499.576178555329,0.08636348604636623
1-9b470d5d-4cf0-480e-b7cc-b24f02257a09,1730.4,1932.6,-202.19999999999982,1499.3263161383297,1515.720335750129,-16.394019611799195,1497.7510441136812,1493.5317053811696,4.219338732511687
1-f4c4b646-da5f-4a05-9793-4ff6c5f8b04c,1918.4,1853.4,65.0,1492.8494421151504,1507.8945935309198,-15.045151415769396,1498.711979476467,1498.9491527720209,-0.23717329555393007
1-a33c9696-c310-42a2-a701-d88dfdc76449,1756.8,1730.4,26.399999999999864,1500.4000918439165,1493.0010839801255,7.399007863790985,1508.1568344157556,1497.5850501722296,10.571784243526054
1-cb9c31c5-ccc0-4bc2-ac16-fca8ce8fcd9f,1799.6,1708.4,91.19999999999982,1496.7202850395417,1485.0976166539892,11.622668385552515,1500.2124454167742,1488.8988068010901,11.313638615684113
1-16c4a2a3-8e2d-4d6c-b840-3f3213e30461,1753.4,1787.0,-33.59999999999991,1487.6347499561007,1472.3733655263482,15.261384429752525,1502.1169629622548,1503.4580767215473,-1.3411137592925115
1-a91b9442-a309-4324-a456-c04eaa28614f,1774.2,1694.8,79.40000000000009,1486.5090297145603,1494.2381702404837,-7.7291405259234125,1485.7435957262148,1501.1056030603795,-15.362007334164673
1-bb51f5a2-9840-4d3d-b247-0e9b5591345f,1746.0,1878.2,-132.20000000000005,1481.3416473118402,1529.3267573841433,-47.98511007230309,1501.9253958616866,1498.587113604423,3.3382822572636996
1-f4f35a23-f2d3-4dbb-add7-c218effee68f,2029.4,1875.8,153.60000000000014,1487.2291648576436,1537.5706086820076,-50.34144382436398,1506.5451852272454,1497.1817886292263,9.363396598019108
1-1a269984-2554-4e11-9f40-cfc9a2810ba2,2135.2,1977.6,157.5999999999999,1516.3336717984864,1525.209080351054,-8.875408552567478,1512.2068651353811,1497.077340271811,15.129524863570168
1-9a7f3ea6-183a-45dd-a212-8070de6c9f7f,1817.0,1886.2,-69.20000000000005,1510.3394868101618,1486.7264657144526,23.6130210957092,1500.6509809905904,1502.9259224530947,-2.27494146250433
1-62c700ab-667e-41fa-8748-36b3f0e4e8ea,1700.0,1846.6,-146.5999999999999,1524.7737960465367,1502.750883644329,22.022912402207794,1497.221263508622,1495.668240649918,1.5530228587040256
1-a60a745b-7952-4a78-97a0-5bcea477d4e2,1777.0,1779.2,-2.2000000000000455,1500.4116951688598,1499.2478050278437,1.1638901410160543,1500.378812245129,1495.7346394039437,4.644172841185309
1-90a9ccb9-5caa-42e7-8332-ecedfdf832f3,1886.0,1699.2,186.79999999999995,1469.307807990189,1515.5034806601366,-46.1956726699475,1494.8979741939283,1500.7586161319957,-5.860641938067374
1-5dc53e82-b464-4e4d-b299-3988f72b2166,1685.6,1485.6,200.0,1468.1434746299615,1472.441299115934,-4.297824485972569,1499.4637063011137,1508.5252453105647,-9.061539009451053
1-997de2e3-7590-496f-9771-21c9eb363371,1645.2,1530.0,115.20000000000005,1480.3923116895862,1500.0,-19.607688310413778,1497.8719271863697,1500.0,-2.128072813630297
1-db0c737d-29f2-4443-80bb-9d0e09dd48f7,1795.0,1787.0,8.0,1512.6821438686688,1475.393504017591,37.28863985107773,1518.8879313772866,1498.2655851815682,20.622346195718364
1-198ab3ea-419e-4501-a39c-377d69ea128d,1782.0,1795.4,-13.400000000000091,1473.876899814067,1485.9943534330698,-12.117453619002845,1492.9740007359594,1472.0171827076858,20.956818028273574
1-017be77b-1021-41a2-9d2f-2937d5d90788,1685.0,1782.0,-97.0,1499.7328919895144,1455.8674888691833,43.865403120331166,1482.2586563022292,1488.4694340973642,-6.210777795135073
1-ce6dcec5-d526-4ef2-a659-d0a4e632126f,1793.0,1863.8,-70.79999999999995,1496.8407440838378,1461.3173126044585,35.52343147937927,1499.2380239263248,1496.249674601935,2.9883493243896737
1-05f7ffb1-f9bb-4cef-bc14-5883555bdd0a,1889.6,1769.2,120.39999999999986,1470.441956510788,1486.7144176275992,-16.2724611168112,1496.2187763855593,1520.4584035471064,-24.239627161547105
1-eac2d496-1aff-4a0e-b5bb-10063c3db579,2038.8,1969.8,69.0,1487.865074821762,1478.380475022442,9.484599799319994,1509.5450349550183,1500.3292843757176,9.215750579300675
1-e1a76a32-d6a7-4b81-bd40-7cb78f91bf9e,1824.2,1718.6,105.60000000000014,1493.5374273668967,1485.9090315010114,7.628395865885295,1496.6030230997537,1501.4461099128184,-4.843086813064701
1-4a207b73-3bfc-4868-a509-d2adc315ecce,1478.2,1373.2,105.0,1503.0906338814518,1485.8934727318742,17.197161149577596,1488.1210980150186,1501.297646277788,-13.17654826276953
1-26625680-039d-45d5-a6f5-44d3d52c6382,1732.0,1848.2,-116.20000000000005,1481.8212022102555,1502.885556231807,-21.06435402155148,1490.7293769701953,1482.5117530553596,8.217623914835713
1-b4f7e589-6239-407d-94da-841c430c8d96,1548.0,1538.2,9.799999999999955,1478.8118816705733,1503.0624696542907,-24.250587983717423,1499.9332755388878,1485.0586283607277,14.874647178160103
1-abe425c9-4832-48be-8e14-07374058c63b,1522.0,1417.4,104.59999999999991,1500.0,1488.1210980150186,11.87890198498144,1500.0,1489.5773672306498,10.42263276935023
1-b17b5a07-39f9-4b41-abb3-1e9c0bf9c70f,1635.6,1571.8,63.799999999999955,1500.0,1485.0586283607277,14.941371639272347,1500.0,1498.4609388561046,1.5390611438954238
1-e7fbf4c9-758f-4754-8a71-9e3673fb4580,1792.6,1953.8,-161.20000000000005,1478.8583837857002,1493.8799616360725,-15.021577850372296,1501.2319879390154,1502.5741004602096,-1.3421125211941671
1-cf84fc10-940f-4de0-95a1-54b4d238c5b4,1780.2,1773.6,6.600000000000136,1488.0437071392673,1503.0606998854294,-15.016992746162032,1499.300480707683,1500.0,-0.6995192923170634
1-8380f500-5657-4581-b6a7-e54b0a732e3a,1228.6,1513.8,-285.20000000000005,1489.202362879688,1474.4251442397072,14.777218639980902,1456.4290823725205,1500.0009403859833,-43.571858013462816
1-e3b0d38c-3dbd-4c04-9655-dea8280c7b6c,1267.2,1513.8,-246.5999999999999,1500.0,1456.4290823725205,43.5709176274795,1500.0,1500.0011393137877,-0.0011393137876893888
1-75517293-773d-4049-b1ce-a4beb8774ae2,1513.8,1583.0,-69.20000000000005,1471.2545371706606,1496.805425303751,-25.55088813309044,1500.8533333333332,1500.0,0.8533333333332394
1-f1213419-b6ce-48f8-8387-d4be3ae7d367,1630.6,1513.8,116.79999999999995,1503.2,1486.4853944214822,16.714605578517876,1500.0,1500.0,0.0
1-b2170ab6-8df8-4aca-acf2-176717b8f2a7,1724.2,1523.2,201.0,1500.0,1499.4109545651822,0.5890454348177627,1500.0,1500.0,0.0
1-1e8422c1-20bd-45d6-a2cb-319fc7289896,1513.8,1650.4,-136.60000000000014,1516.0,1500.0,16.0,1500.0,1500.0,0.0
1-7fe9af8d-22e5-4552-8b3b-e0e9b9a8b696,1513.8,1655.4,-141.60000000000014,1500.0,1500.0,0.0,1500.0,1500.0,0.0
1-872c6c5e-85a6-4492-bd92-eef76f3a99d7,1919.2,1801.2,118.0,1493.62413597179,1493.8311259820732,-0.20699001028310704,1500.5236420515473,1499.9796768228966,0.5439652286506771
1-82613323-eca3-4af9-bb0f-bdcbebaeea56,1549.4,1548.4,1.0,1515.2034098365075,1458.082110056073,57.12129978043458,1489.295343298346,1495.148359530934,-5.853016232587834
1-30e7945c-fab5-4688-931f-fd82b2337f64,1478.6,1610.4,-131.80000000000018,1512.8413640685537,1451.6706691026463,61.17069496590739,1493.012031693072,1497.6832355451704,-4.671203852098415
1-6f9cd34c-cec5-46d5-b9ba-f1ff2d2ade11,1477.2,1621.4,-144.20000000000005,1500.0880006055665,1469.7066051333866,30.381395472179975,1488.5008316617561,1500.6826364749843,-12.181804813228155
1-13997a7a-cab1-459e-a47a-23910b6a080e,1657.8,1670.6,-12.799999999999955,1486.5776153522631,1487.3226239418805,-0.7450085896173277,1493.5158633919323,1499.0056110752125,-5.489747683280257
1-b66e4ccd-2291-40ce-8b45-7cf844fc85c4,1712.2,1822.2,-110.0,1491.2544424433715,1474.9607778607217,16.293664582649853,1507.192457286354,1502.0918606678338,5.100596618520285
1-219e72b2-058b-4c4a-bb7f-66fb4512bcf7,1642.8,1464.0,178.79999999999995,1454.180238822928,1496.3750262540598,-42.19478743113177,1501.3764082697442,1496.541432687132,4.83497558261206
1-85d3c10b-aec8-4e84-8387-010bb08b92a1,1745.4,1633.8,111.60000000000014,1452.863729380578,1494.1780104697402,-41.31428108916225,1500.314144790981,1504.9084356243734,-4.594290833392506
1-e598bb27-efbe-4b1a-967b-477f87c5ef32,1426.2,1432.2,-6.0,1450.8650396295056,1500.0,-49.134960370494355,1502.7437527857014,1500.0,2.7437527857014175
1-9883d887-7779-486f-9fe4-80939d29c825,1292.8,1342.4,-49.600000000000136,1491.6013560565193,1469.699920362099,21.901435694420343,1493.5443315869038,1503.346894132801,-9.802562545897217
1-23217415-2cff-49be-9f7c-c631301b252f,1247.2,1234.4,12.799999999999955,1499.7065193870058,1469.1127940517829,30.59372533522287,1492.3549233926096,1503.7718208898605,-11.41689749725083
1-47883871-f729-4dc1-b8e5-647e92c95a19,1654.0,1690.4,-36.40000000000009,1481.8699240645078,1504.9310610746336,-23.061137010125776,1495.9777768363183,1488.720335136235,7.257441700083291
1-423b6168-c718-4bc7-a8b7-31528be8c983,1765.2,1574.0,191.20000000000005,1446.489639087933,1470.1401950469967,-23.650555959063695,1492.2950020199305,1505.524986872752,-13.229984852821417
1-5e4e4908-7564-428c-b864-47349c3d6ca7,1908.6,1748.4,160.19999999999982,1448.4279797585746,1502.627932019061,-54.1999522604865,1504.137234901973,1489.2902237908122,14.847011111160782
1-e48ef482-f2e3-4c28-960f-9e1499953d41,1442.8,1523.4,-80.60000000000014,1503.289548225714,1464.657343503427,38.63220472228704,1462.1559930740477,1493.530428412201,-31.374435338153262
1-88dff66f-49ee-4b4f-9399-a02ab69a74c2,1950.2,2002.4,-52.200000000000045,1484.7867374104212,1507.9050994887932,-23.118362078372,1495.2156155615635,1514.7757579489573,-19.560142387393853
1-c34fdc2d-a085-4ac3-8cc5-547671f5138a,1600.8,1531.4,69.39999999999986,1474.0678714898338,1487.6535331421692,-13.585661652335375,1499.14862351993,1512.3155893927842,-13.166965872854234
1-15ddd7b3-85c0-4e05-8854-26d7b2ba6dbc,1720.4,1645.0,75.40000000000009,1499.8746116241289,1456.3933137171325,43.48129790699636,1494.9039627565292,1501.9271734803585,-7.023210723829379
1-f150d19d-52fe-47b7-8344-2b1073debe89,1425.2,1392.8,32.40000000000009,1493.4821209758986,1476.0354490968082,17.446671879090445,1500.0,1495.7298892469908,4.270110753009249
1-bf987f79-dd23-4c7a-8527-7ae58802125a,1711.8,1981.2,-269.4000000000001,1489.8997222301755,1453.6481270337852,36.251595196390326,1496.7710565593893,1504.717349412469,-7.94629285307974
1-e94fefd0-0c3f-4b98-8d1b-484b0dfbdc74,1330.6,1381.0,-50.40000000000009,1495.9451664484393,1465.856355723828,30.08881072461122,1502.6961312633005,1503.6544186042797,-0.9582873409792683
1-0fb4d627-b55f-4004-b7b9-1eb3d6efe577,1763.6,1757.8,5.7999999999999545,1508.3746873149069,1504.600803310195,3.7738840047118174,1504.313555952618,1495.8812427176,8.432313235018
1-dce7ec59-ded5-471d-a776-53293c7e4a8a,1651.4,1569.2,82.20000000000005,1508.5970280387412,1477.8911534138429,30.705874624898343,1517.1143879389329,1499.762402500623,17.35198543830984
1-0dd491ea-b017-459e-91ee-b9d30688b27b,1584.2,1508.6,75.60000000000014,1464.2245319915644,1503.1194781550348,-38.89494616347042,1496.5528265768635,1485.633029885978,10.919796690885505
1-d0a67c2b-987b-42dc-89f4-369bb9b28354,1911.8,1727.8,184.0,1537.2686984435882,1464.466364463766,72.80233397982215,1498.8472262782566,1497.712734516122,1.1344917621345303
1-cf5a6020-7bcc-4e30-89ff-9f67084be495,2001.2,1909.8,91.40000000000009,1500.644263552092,1488.3513521346993,12.292911417392816,1504.4785754821746,1506.8316215766708,-2.3530460944962215
1-e1dc233a-a75d-4c3b-b502-329fcc2a8fa4,1770.0,1770.0,0.0,1476.230446491128,1497.2396237343098,-21.00917724318174,1492.931825068561,1512.0414220988068,-19.109597030245823
1-1ea0af87-3c84-4758-937a-ea9333ccaf16,1538.4,1548.6,-10.199999999999818,1508.2846146189815,1449.147846734315,59.1367678846666,1494.811287391496,1500.7748743740622,-5.963586982566085
1-5d194e7a-d6ea-463b-8ce9-34c4815abfd6,1464.6,1514.2,-49.600000000000136,1489.5411346571232,1467.51330280006,22.02783185706312,1489.1195587556385,1495.4844517664833,-6.364893010844753
1-b090054d-4aff-4f07-8942-e0650d1a834d,1705.4,1753.0,-47.59999999999991,1480.4131040888221,1487.6707178702313,-7.257613781409191,1503.0843708177308,1504.8,-1.71562918226914
1-38e820a8-0390-4b90-baba-9378ebafbfeb,1198.2,1486.2,-288.0,1473.247645561156,1510.024966482435,-36.77732092127894,1502.9981514170938,1508.7658306389321,-5.767679221838307
1-f2a135b0-0a13-4d64-89a9-fa5079cd0403,1723.0,1697.0,26.0,1486.6588497958387,1501.2078812333016,-14.549031437462872,1508.136935897462,1498.015530110168,10.12140578729418
1-be609194-0aed-496d-ae97-fcd8cfb58b5d,1669.8,1801.2,-131.4000000000001,1475.5527210937075,1505.6657814299217,-30.113060336214176,1503.1435730769563,1499.3011621854553,3.842410891501004
1-2c5b0c39-26cf-43b4-93fb-b54b173e1a6d,1822.2,1832.8,-10.599999999999909,1503.3976759019613,1490.5830756486625,12.81460025329875,1503.2202908461222,1502.9965329130378,0.223757933084471
1-578b35ae-80f0-4231-8ff2-e6fe58acfc82,1571.4,1470.8,100.60000000000014,1491.044139299343,1503.4898079616123,-12.445668662269327,1507.2495797675672,1502.8651606050992,4.384419162468021
1-de27f699-aa1a-407f-8cd3-b61595f27548,1652.8,1688.4,-35.600000000000136,1505.7406585907067,1503.19407781329,2.5465807774166933,1496.6904826324967,1498.8081477031528,-2.1176650706561304
1-f85cce52-72d2-461f-ad7f-af9ab31a3d96,1396.4,1351.0,45.40000000000009,1503.5109893020176,1499.1372765788276,4.37371272319001,1500.3149075109939,1508.6995219437208,-8.384614432726949
1-a29fb571-9939-4449-9959-f47e78d5e497,1676.0,1735.2,-59.200000000000045,1489.284500947182,1515.4977637864836,-26.21326283930148,1502.2533054197431,1493.206967745501,9.046337674242068
1-ac6e3683-5091-4f86-9920-03007e2f8123,1413.2,1484.0,-70.79999999999995,1491.4482539876171,1501.0635988868205,-9.615344899203365,1496.8388626994918,1508.173455348207,-11.334592648715216
1-ad7d6eab-5a96-4680-8306-e1a492ef9094,1295.8,1420.2,-124.40000000000009,1504.7784368924745,1491.2870133340173,13.4914235584572,1503.4529846362498,1497.7344937720059,5.718490864243904
1-9454e522-862f-4728-ab1f-838e32937064,1726.0,1856.8,-130.79999999999995,1506.1348498948882,1490.827661192525,15.307188702363192,1495.0707762262248,1496.3884151790808,-1.3176389528559866
1-6bac2edb-102a-4804-ae70-b4777d48b7b4,1527.6,1485.0,42.59999999999991,1497.9960993917018,1508.640282471406,-10.644183079704135,1503.56688674725,1495.0767256170604,8.490161130189563
1-35d454b5-1aea-4d3f-8048-9bf934e16e8f,1717.4,1900.2,-182.79999999999995,1507.7145552277511,1503.2379194366779,4.4766357910732495,1503.6910468412734,1503.791954386362,-0.100907545088603
1-23e803a1-92a7-4e8a-8faf-e5cf8dcf2555,1518.4,1763.2,-244.79999999999995,1497.9091423178932,1507.108301637309,-9.199159319415912,1503.4143172108338,1512.1868033882051,-8.77248617737132
1-6b44fe3c-f348-4715-8bfd-cc7f8780200f,1640.8,1680.4,-39.600000000000136,1500.8495157154339,1496.2242778097502,4.625237905683662,1505.868101709503,1495.6266413099784,10.241460399524613
1-51c11e69-9f78-4298-a954-100664d88f27,1408.2,1470.8,-62.59999999999991,1497.6727282841234,1523.247638605921,-25.574910321797688,1512.471954292887,1503.9642106592487,8.507743633638256
1-8ac4cf5c-237d-48a3-be57-de6df37dffe6,1549.2,1360.0,189.20000000000005,1499.2040992425616,1522.224195751532,-23.020096508970482,1490.6530058926937,1505.4873154156255,-14.83430952293179
1-d88b4525-7d20-493e-b567-535eae2f83b7,1349.6,1423.8,-74.20000000000005,1519.7385032520376,1509.6270150135858,10.111488238451784,1510.9196636710758,1506.0155599733664,4.904103697709388
1-374aa261-61dc-499d-9516-0b1c45d3ab87,1444.6,1507.6,-63.0,1509.7125854756064,1496.3908388556606,13.32174661994577,1511.2085310460993,1503.0774122085063,8.131118837593021
1-9b738972-5e66-4baa-a3fc-65f9ce79e177,1635.6,1592.0,43.59999999999991,1493.552083952244,1501.6888502956558,-8.136766343411864,1492.2757958490026,1501.907031574573,-9.631235725570377
1-938df5e5-df8b-43ba-8aff-21f594c8154a,1761.8,1657.6,104.20000000000005,1499.2720702884872,1541.7102438319919,-42.43817354350472,1458.5924007368208,1504.1718456708236,-45.57944493400282
1-a5f3e1ae-5a63-495e-991c-98021c674172,1657.6,1524.6,133.0,1526.795223660326,1503.1989735313327,23.596250128993233,1504.5548613250708,1499.9963427057874,4.558518619283404
1-6fc95c80-0957-44ec-b5f9-d7cd43d0df5b,1539.0,1635.8,-96.79999999999995,1513.70340994498,1519.9037126060366,-6.200302661056639,1508.5070415715304,1520.6804003724117,-12.17335880088126
1-65b6260c-2501-4206-9ac6-2d832a2baae4,1719.0,1804.2,-85.20000000000005,1522.4902652865708,1508.3790556959182,14.111209590652606,1489.2093723580754,1493.0112430991255,-3.801870741050152
1-adf60cad-61b6-4ef2-93b8-d3609e754dcc,1779.8,1753.8,26.0,1516.1251480240294,1489.2584941149914,26.86665390903795,1513.4974865383474,1502.7671319651529,10.730354573194518
1-74e6bebd-5a48-4ccf-a62b-ee225f97ec54,1880.0,1622.6,257.4000000000001,1509.2848734552863,1563.2989237645895,-54.01405030930323,1501.4093963538107,1503.6894129572645,-2.2800166034537597
1-07a27861-20ad-496c-80f4-ffeccc1227d0,1475.2,1604.8,-129.5999999999999,1543.0913904059787,1500.3740156707386,42.71737473524013,1510.4918964205656,1529.8449502121093,-19.353053791543744
1-b4636e41-e307-464b-9b05-01de37d5efee,1452.0,1546.0,-94.0,1515.1024473352863,1534.3980148347543,-19.295567499468007,1503.350263169969,1507.4833144767372,-4.133051306768266
1-0e90aa54-5621-4d6b-8eac-a1d850105144,1646.8,1752.8,-106.0,1509.2719016443555,1527.8590768627244,-18.587175218368884,1488.1210980150183,1499.3824573654833,-11.261359350465
1-f4b13c7f-b1ab-478a-b955-b2934d825caa,1481.4,1561.4,-80.0,1500.0,1515.634691699309,-15.634691699309087,1500.0,1498.9146206488504,1.0853793511496406
1-5737406e-100e-4830-9abb-73d87765e3da,1639.6,1598.4,41.19999999999982,1503.0759781181084,1496.5258671875308,6.550110930577603,1501.2299160638693,1473.335310283168,27.89460578070134
1-e4ed0162-3c99-41fc-802f-278c81467019,1839.6,1929.2,-89.60000000000014,1509.4326309189214,1500.0,9.432630918921404,1501.688385775137,1503.1462833928435,-1.4578976177065215
1-c3528df3-89c4-49f2-a906-1aafce14976c,1849.6,1960.2,-110.60000000000014,1499.8921758057554,1506.4003909799314,-6.50821517417603,1499.090318378564,1503.2377698267767,-4.147451448212678
1-08cea9cd-8824-42ac-84a9-0e04d60cc3b7,1790.0,1747.4,42.59999999999991,1500.0,1499.8679940168506,0.1320059831493836,1500.0,1500.5557052429508,-0.5557052429508076
1-e5a171c4-5e25-4bf6-b8c5-54f5cbe55bd0,1724.8,1853.6,-128.79999999999995,1506.38537082315,1500.0893353089718,6.296035514178129,1499.483713799419,1496.8578708697705,2.62584292964857
1-9bfcf319-649b-4e74-b30d-6740a048b460,1249.0,1151.8,97.20000000000005,1496.7532228394632,1496.8,-0.04677716053674885,1499.9097052678983,1500.0,-0.0902947321017109
1-9ccf625d-d447-47a9-acf8-cffda3a9551e,1660.2,1540.0,120.20000000000005,1500.0075201875688,1493.6,6.4075201875689345,1501.8020974825358,1500.0,1.802097482535828
1-48aa70e0-c150-42a6-a94f-f5f257ae8729,2380.0,2149.4,230.5999999999999,1594.439317539457,1584.3142047770182,10.125112762438903,1501.9655350945018,1503.0954933820053,-1.1299582875035412
1-6d418bbc-d7ee-4847-91e7-ca1c69dc930e,1926.6,1991.4,-64.80000000000018,1470.1411401339658,1493.6558845373968,-23.514744403430996,1503.3574184831227,1499.8947461189496,3.4626723641731587
1-7ea922ac-2283-4dfe-9435-08d6dea8aa5d,1752.0,1857.2,-105.20000000000005,1520.0284836269013,1454.7832974790492,65.24518614785211,1502.1746314936986,1499.688713464822,2.48591802887654
1-db66882d-393e-4c22-ba6a-d5cd87231bdf,1833.6,1671.2,162.39999999999986,1487.5199269684579,1545.1614601543274,-57.64153318586955,1498.8390848614756,1500.7455605830532,-1.9064757215776353
1-1f437d9f-c001-4aff-98f9-c4572443848a,1882.4,1808.8,73.60000000000014,1567.5782931544156,1558.593404111944,8.98488904247165,1500.6591706372844,1500.1842667357628,0.47490390152165673
1-d2c1b9b8-02a9-416b-8c48-69ff26d46ad4,1422.8,1392.6,30.200000000000045,1502.3830178874196,1529.6502180324799,-27.267200145060315,1502.1128863566842,1500.8077666328309,1.305119723853295
1-efce0261-ef28-44bf-a5ca-195b82657bb8,1736.0,1703.8,32.200000000000045,1481.051844886518,1505.683556427081,-24.631711540562947,1499.7524086148305,1503.0993607780156,-3.346952163185051
1-a8aea43f-c32e-4558-8d7f-af1616f038a1,1848.6,1696.8,151.79999999999995,1526.4943497072331,1483.6398744549465,42.85447525228665,1503.8625074374315,1502.5884768570063,1.274030580425233
1-8e8169f4-dacc-47cc-8af4-b1d47ed69c44,1778.6,1886.8,-108.20000000000005,1533.6479324580876,1502.9029777371622,30.744954720925307,1498.5678251689592,1505.5858044621625,-7.017979293203325
1-4ececbf1-4797-4cc4-a4bc-aebeda8d9c7b,1984.4,2015.6,-31.199999999999818,1538.1532656994307,1463.2947802543022,74.85848544512851,1502.5123114716407,1503.3231258208639,-0.8108143492231648
1-88e2e812-9293-47c9-9715-7ac6930f077e,3458.8,3549.8,-91.0,1515.9377406122549,1544.9984130074913,-29.060672395236452,1501.9559935850227,1500.9779179091026,0.9780756759200813
1-ad3808be-a717-43a7-b38a-646933135acf,3467.2,3499.6,-32.40000000000009,1531.4584777390205,1531.8507653519514,-0.3922876129308861,1502.0846525825075,1501.5470262886984,0.5376262938091259
1-2491eddc-b570-41ff-be67-b8f7a8d03808,3426.8,3241.0,185.80000000000018,1530.6452449082844,1495.9013445087621,34.74390039952232,1507.58542745369,1507.291337779814,0.2940896738759875
1-3f0f98ee-3f7b-4f3e-88c8-cb3661eae5cd,3141.2,3320.8,-179.60000000000036,1497.1452176243408,1524.5115454711236,-27.366327846782724,1502.5309036123413,1497.1659582763946,5.364945335946686
1-0b823518-32db-4b69-b872-bb47ae868299,3645.0,3637.8,7.199999999999818,1505.9911275225509,1519.5029516436946,-13.511824121143718,1510.4616027226602,1504.2175105167078,6.244092205952484
1-a4c4d8d8-4bcd-4d53-a38f-08a8c5897f01,3327.0,3446.8,-119.80000000000018,1488.0059758206771,1525.402208486154,-37.39623266547687,1511.3745730701567,1505.2910221188665,6.083550951290135
1-82bf6b98-ad26-4ded-8b57-7cacf2deb643,3394.0,3537.4,-143.4000000000001,1522.2992173834255,1524.3787507807344,-2.0795333973089782,1500.1223040257144,1497.5116795589115,2.6106244668028467
1-d5efa060-264c-4a74-86c9-c83196fb2106,3509.8,3576.6,-66.79999999999973,1501.080820558339,1525.5273168178917,-24.44649625955276,1507.9881074714194,1502.567096632431,5.421010838988423
1-cfa81161-740e-4e34-81a5-444edf98e2a1,2864.0,3046.4,-182.4000000000001,1514.894832990482,1493.607244311323,21.287588679158944,1506.1645113000313,1494.7694034034698,11.395107896561512
1-88557024-f0cc-4eec-836b-bdc68a9cb21f,2783.0,2864.0,-81.0,1516.1764961185459,1498.0613550578532,18.115141060692622,1501.8474164134682,1502.9490818866038,-1.1016654731356539
1-736e72e4-3983-4eea-af6f-05515ddff4f2,2864.0,2783.0,81.0,1514.7651433024155,1499.4727078739834,15.2924354284321,1504.9045029015456,1490.6225031786435,14.281999722902128
1-2da7fb4a-328d-4b8d-b297-71e3c0d338b7,3555.0,3477.6,77.40000000000009,1506.224560572412,1500.2649897618635,5.959570810548485,1500.5199654955493,1505.8692982951075,-5.349332799558169
1-dcf7e19c-5cb0-4199-913d-543e1b730fce,3609.0,3468.6,140.4000000000001,1509.7437416202852,1515.7631358096635,-6.019394189378318,1500.4269324091176,1501.222215292614,-0.7952828834963839
1-991821f5-7d04-45d3-a610-74fd0e1990fa,3345.0,3598.2,-253.19999999999982,1500.0,1515.7078266937604,-15.707826693760353,1500.0,1500.9395085816948,-0.9395085816947812
1-439c0a97-0d1f-409f-b24a-055275c2ef61,3374.2,3208.0,166.19999999999982,1509.4824566422558,1500.0,9.482456642255784,1500.3860829795349,1500.0,0.38608297953487636
1-3e323df2-448b-4ea1-a119-c72e0999db38,3477.2,3309.2,168.0,1503.1403015595236,1500.0,3.14030155952355,1501.029554612093,1500.0,1.0295546120930794
1-8dc8f51f-666f-495e-99fa-ccfba4f24b67,3382.4,3534.8,-152.4000000000001,1503.0886638362792,1506.3705277441857,-3.281863907906427,1499.969452487317,1500.0,-0.030547512682915112
1-cfb36617-ca75-4c8a-99b8-d9df4950833b,3145.8,3154.6,-8.799999999999727,1500.0,1503.2,-3.2000000000000455,1500.0,1500.0,0.0
1-549bcdac-9400-4023-b253-94e1e27de338,3084.2,3415.0,-330.8000000000002,1500.0,1500.0,0.0,1500.0,1500.0,0.0
1-2297b6d9-269a-4ff9-9064-b5a7e0367f6d,2980.0,2910.2,69.80000000000018,1500.0,1509.2510283386177,-9.251028338617743,1500.0,1498.7434653082128,1.2565346917872375
1-f12f429d-f366-4992-92e8-65962ad77e98,3025.2,3098.4,-73.20000000000027,1500.0,1512.5667216745237,-12.566721674523706,1500.0,1498.429331635266,1.570668364734047
1-9bb8436e-29f3-443b-be97-63d7149365c2,3059.8,3014.0,45.80000000000018,1496.887854285249,1509.482673458937,-12.594819173687938,1506.3705277441857,1498.9431574186049,7.427370325580796
1-d2f98f99-6be9-4333-9cbc-6ff614b7ac20,3042.2,2976.6,65.59999999999991,1506.3705277441857,1496.8294722558144,9.541055488371285,1500.0,1503.2,-3.2000000000000455
1-f95aa8f1-af6b-4f98-b941-b06a41139ff5,3061.0,2964.2,96.80000000000018,1503.2,1500.0,3.2000000000000455,1500.0,1500.0,0.0
1-2605bb23-3d88-476f-bd78-945ab2f33902,3031.0,3037.6,-6.599999999999909,1500.0,1500.0,0.0,1500.0,1500.0,0.0
1-3108e3e7-254a-4a02-836e-863d8ca15d1f,1742.6,1653.4,89.19999999999982,1496.3607027085638,1498.3705280122217,-2.0098253036578626,1501.7588294885238,1506.054798433513,-4.295968944989227
1-925c56ac-fff1-4cb4-8f6a-fca06419ae56,1963.8,1801.2,162.5999999999999,1458.6088299368084,1464.5698259549015,-5.960996018093056,1508.7026505043546,1498.3741427896025,10.32850771475205
1-0f8d69e2-566e-49e1-b8b1-141dacee0a59,1541.0,1589.0,-48.0,1516.241061662184,1471.6717352589214,44.569326403262494,1505.2349836132933,1497.936429851596,7.298553761697349
1-c16510d3-9878-414b-b7c5-6b058da85ea5,1723.4,1674.6,48.80000000000018,1534.168156278161,1472.3042054287055,61.86395084945548,1501.1492770190682,1499.6172667528067,1.5320102662615227
1-cda07eca-6c51-4016-9389-c2f4970a0161,1459.6,1471.6,-12.0,1453.6555688988797,1539.9784353152643,-86.32286641638461,1496.2456914235106,1495.8141263462512,0.43156507725939264
1-5af1cc02-be15-45e5-9df5-83a3882bf2de,1714.8,1623.6,91.20000000000005,1542.8614266972104,1526.6934288563514,16.167997840859016,1506.9782865436443,1499.8361400071117,7.142146536532664
1-2035fa88-c3df-4997-8506-e3c32b9ba285,2333.4,2229.2,104.20000000000027,1529.273649997595,1499.5857824945608,29.687867503034113,1517.536588300465,1501.3760977734394,16.16049052702556
1-333381e6-9153-4347-85b9-a1de60ddc864,1838.8,1835.6,3.2000000000000455,1462.3578133710344,1518.8395317019817,-56.48171833094739,1505.0351129164023,1506.5829997752421,-1.5478868588397745
1-b0144fa4-e8bb-489d-b438-83a84fbc5413,1885.2,1856.8,28.40000000000009,1500.0,1543.7973682737481,-43.797368273748134,1500.0,1522.4668397410167,-22.466839741016656
1-2abaca44-0800-40e1-9712-e13bc213a153,2076.2,1989.2,86.99999999999977,1500.0,1543.7973682737481,-43.797368273748134,1500.0,1501.151666765154,-1.1516667651540047
1-ed015ca5-858f-4901-bd15-a5eee450558d,3536.0,3549.4,-13.400000000000091,1515.7637047795442,1499.9917770209872,15.771927758557013,1495.2165803576943,1497.9974779657819,-2.780897608087571
1-6ca51cea-4852-4b20-bc96-1aadcc365d83,3568.6,3319.8,248.79999999999973,1495.9949559315637,1500.0,-4.005044068436291,1490.793836309277,1500.0,-9.206163690723088
1-42ec63bc-1e08-42e4-b06d-9d47f13a7979,2243.6,2218.2,25.40000000000009,1575.3586323073955,1583.5610132950785,-8.202380987683,1504.5406777416092,1503.9850655262048,0.5556122154043805
1-aa8fe38c-bf8d-4a68-84c1-0070a76c11ff,2127.2,2030.8,96.39999999999986,1551.2844538945224,1532.2039848035351,19.080469090987208,1502.2726424632106,1501.2237429500879,1.0488995131227057
1-508c1d58-a74e-4f66-ad5b-cfa4ab2356b0,2421.2,2287.8,133.39999999999964,1551.826384219222,1515.0528857185561,36.77349850066594,1504.3871556869017,1495.7029092890948,8.684246397806874
1-77985d18-f755-40bb-8a22-a87070d2dbab,2313.2,2293.2,20.0,1514.8531567533537,1593.4370526317718,-78.58389587841816,1496.2700487510697,1503.8040423830273,-7.533993631957628
1-aba0a4d7-a8b9-430e-bcf9-496b0b50f5d5,2371.0,2559.8,-188.80000000000018,1493.9333510215272,1529.1960505801303,-35.26269955860312,1500.3271363467763,1503.980663944798,-3.653527598021583
1-7c42f7bc-68f5-4b9b-920e-f7f436f29561,2385.6,2458.8,-73.20000000000027,1508.9638630900556,1547.3231541125997,-38.359291022544085,1501.2196729340012,1508.6495603913165,-7.429887457315317
1-5ecb1515-ba72-4b5b-bb75-47c6a2f4d03f,2074.6,2201.6,-127.0,1502.294358796654,1551.949325943206,-49.65496714655205,1502.3312014003336,1502.9767392159756,-0.6455378156420011
1-30f16cbf-e01b-4939-97ed-949125f77073,2484.8,2338.2,146.60000000000036,1514.6294701659801,1479.0725825774748,35.55688758850533,1502.255370844533,1496.9664133912072,5.288957453325793
1-2e1753aa-03b8-4076-b714-74b918d1e799,2329.4,2474.4,-145.0,1526.3493589560806,1543.0765959378446,-16.72723698176401,1518.5013242406399,1500.0622846490223,18.43903959161753
1-320bc110-4690-41ec-b5f1-13cc094164eb,2533.6,2478.0,55.59999999999991,1521.0910422815225,1514.5238584885954,6.567183792927153,1507.3520736109053,1506.252826857893,1.0992467530122667
1-51edc83f-9a0e-4715-adf7-af82f63d3f05,2311.6,2533.6,-222.0,1515.5374108165179,1538.1300057294695,-22.592594912951654,1491.7501236715793,1506.048286588666,-14.298162917086756
1-49b5546b-7a56-4858-b402-32c3932ba664,2644.2,2613.0,31.199999999999818,1503.2318115549099,1517.8750633197672,-14.643251764857268,1505.860449654627,1507.8947680270705,-2.034318372443522
1-83208ad4-c8f9-42cb-b6d0-56d12ed1bf0f,2262.0,2109.2,152.80000000000018,1545.8821859038367,1492.3613226824434,53.520863221393256,1495.612045203786,1498.084499453876,-2.4724542500900952
1-4de71787-2706-4531-8ec3-5043de88557b,2296.0,2381.8,-85.80000000000018,1507.9442692736702,1527.4951951588891,-19.55092588521893,1503.4388779987694,1498.500873970122,4.938004028647356
1-b35b5136-329c-41e9-98d7-4d8d9fe58dd7,2246.0,2128.6,117.40000000000009,1533.9142213752073,1498.9113406313058,35.002880743901414,1501.243984447417,1502.2364734814182,-0.9924890340012098
1-437607a7-1014-40d6-b866-6031bd9ea51d,2268.8,1979.2,289.60000000000014,1531.6201631317977,1522.2065948460533,9.413568285744304,1493.5289043399794,1504.718703743723,-11.189799403743564
1-0ff0e651-5109-4a20-a412-080ae9bdc74a,2224.0,2167.4,56.59999999999991,1546.397290082615,1485.4174524535108,60.97983762910417,1492.8146156790901,1495.7598458999078,-2.9452302208176206
1-f01aa245-206e-428e-bb35-24a412702f5d,2054.8,2207.6,-152.79999999999973,1506.5667544183557,1504.3430480053871,2.2237064129685677,1499.5315096331067,1504.3185043748003,-4.786994741693661
1-35e3556b-a2cf-470f-8c81-028bb1339f01,2312.2,2303.2,9.0,1528.6897264539725,1502.5087683016038,26.180958152368703,1497.427583285566,1494.9231644894558,2.504418796110258
1-0a20bffe-3bd0-4f32-a5c9-1f4bf56c0aed,2474.2,2351.2,123.0,1519.3058135077383,1531.8209161698833,-12.515102662144955,1504.9128020424876,1494.7541539156541,10.158648126833441
1-4f832328-064b-4ed5-91cb-79ddd30df19c,2362.2,2196.8,165.39999999999964,1509.920490928062,1450.5545399028802,59.36595102518186,1498.1093033852517,1498.1553374182447,-0.046034032993020446
1-8c2326f6-f577-4b4e-a0c5-6648949a1cb9,2083.8,1918.2,165.60000000000014,1498.8601383255336,1499.964884936169,-1.1047466106354022,1500.1195505707417,1504.6972438853252,-4.577693314583485
1-b0529e62-d228-40f1-badd-8e659ec8d08b,2210.0,2327.0,-117.0,1503.5699305298367,1515.3251680523358,-11.755237522499101,1504.2668621360604,1496.7026625798921,7.564199556168205
1-ff210d78-740b-4ed7-bcf8-9ad218440063,2483.0,2282.4,200.5999999999999,1517.227229929913,1547.7968193057877,-30.569589375874784,1505.7846164849875,1499.3281519612283,6.456464523759223
1-5fb4e818-e29d-4e0b-8605-2cd398e7191d,2224.4,1989.2,235.20000000000005,1520.1839794247255,1486.4277895736213,33.75618985110418,1501.8577030866334,1502.4265003443452,-0.5687972577118217
1-f1f76718-2b64-4f70-9f6a-cfe2ab044de8,2193.2,2259.2,-66.0,1524.681364032086,1493.7714796539537,30.909884378132347,1508.2273942761344,1508.1842889181514,0.043105357982994974
1-b2ab41f9-e2e9-4490-b094-c95a6aa448d9,2235.0,1984.8,250.20000000000005,1512.6312738579877,1476.5906160894501,36.040657768537585,1503.055694660653,1500.1271484187623,2.928546241890672
1-f5dcf4d1-5a09-49d1-b9f0-75b99a157404,1995.2,2205.2,-209.99999999999977,1488.9341841452856,1503.2429786229725,-14.308794477686888,1503.5557825753604,1499.7499189622174,3.8058636131429466
1-9b946758-9e7f-4cba-a239-c086c7e90d44,2259.0,2438.8,-179.80000000000018,1500.7645247291716,1492.9033386822098,7.861186046961848,1507.0624038789708,1498.4285568070238,8.633847071947002
1-ab387723-d6d1-42d4-86e6-8643c9672bc5,2212.6,2107.2,105.40000000000009,1522.8930021762894,1511.7692039408407,11.123798235448703,1517.431392041448,1502.7153683077663,14.716023733681595
1-a9db08ea-a16f-426d-8a52-e2886c9e9a8c,1979.6,1991.0,-11.400000000000091,1540.080687793739,1504.5168077781902,35.56388001554865,1503.7230790073995,1512.0346307367656,-8.311551729366101
1-4d6a91c9-50ec-4727-b11a-9b625654a427,2087.6,2061.0,26.59999999999991,1520.940385023906,1525.9962471516715,-5.055862127765522,1509.2943604846603,1496.3850949492028,12.909265535457507
1-ffed0973-1e28-4dd6-b1df-c1955b17118b,1950.2,1814.8,135.4000000000001,1521.3594337014836,1522.1588551136836,-0.7994214121999903,1491.70247845828,1498.1245924395112,-6.422113981231178
1-ddc838c6-e4ca-460c-a9f9-88a340553a1d,2252.8,2446.8,-194.0,1504.6371876224885,1495.9133250699606,8.723862552527862,1512.8681500179168,1499.148796414179,13.719353603737773
1-2dc7ba24-ebb2-4297-9c21-cc56b10e8429,1912.0,2015.2,-103.20000000000005,1467.8521149654075,1500.5284181719026,-32.67630320649505,1496.5434812689273,1510.0755041385105,-13.532022869583216
1-fbe8e02f-4aa6-4c2b-85bf-a07d4e0aac46,1922.6,2124.6,-202.0,1469.5695199288807,1490.550142270111,-20.9806223412304,1498.155184576274,1512.6565028116731,-14.50131823539914
1-032385e6-d893-49be-9175-67a451f20381,2182.6,2170.6,12.0,1533.6053866795328,1499.5825697052007,34.022816974332045,1502.554455855316,1508.8247570325866,-6.2703011772705395
1-654b138f-21c0-4225-af6e-16ce2bd0325d,2422.6,2211.2,211.4000000000001,1497.1431793917116,1520.0802147785132,-22.937035386801654,1503.83609760795,1510.5792135128384,-6.743115904888327
1-fb453236-5c0d-4efa-8a91-478870fba865,2135.6,2349.0,-213.4000000000001,1557.5629959452992,1532.5243485946955,25.038647350603696,1499.6810200707866,1500.1175907945058,-0.43657072371911454
1-a07dde7e-d159-439d-8a86-affa7dbb9cf6,2284.6,2473.2,-188.5999999999999,1528.7763344245132,1530.2257017209668,-1.4493672964536017,1500.9638006577718,1503.4890733946013,-2.5252727368294927
1-49777c87-737e-4474-8e05-14f31ddcbf6b,2131.6,2284.6,-153.0,1485.057229696714,1514.1112095024066,-29.053979805692506,1501.4400883773337,1503.429475623736,-1.9893872464022024
1-d803c7fb-7d17-4e95-8b13-8aa7cce91203,1690.6,1541.6,149.0,1530.5087051424082,1483.9220751085861,46.586630033822075,1503.4910482797795,1503.137811877198,0.35323640258161504
1-e10ed840-917a-4b0f-a9e6-5ce3ae27918a,1605.4,1690.6,-85.19999999999982,1515.1482572061843,1514.4778309087603,0.670426297424001,1503.8631407137643,1501.8307303893466,2.0324103244176968
1-bd2abf56-53d0-470c-979f-8a1034c53f50,1674.6,1672.0,2.599999999999909,1516.8283046122822,1513.5584558060234,3.2698488062587785,1503.694351164613,1499.1128515216042,4.581499643008783
1-e4dfb530-8149-43a3-9e4f-1cc495277c21,2153.0,2009.4,143.5999999999999,1477.803170336911,1491.5558952954411,-13.752724958530052,1492.144029132366,1518.380653398837,-26.236624266470926
1-c61cee4d-f178-4f2d-a0ef-d29593814de6,2285.8,2194.4,91.40000000000009,1488.2999947919247,1484.1382501016342,4.161744690290561,1516.0692771840095,1497.9665834123896,18.102693771619897
1-10ce5305-96e1-4e6c-8863-43c97455e83c,2356.8,2542.4,-185.5999999999999,1490.4,1500.0,-9.599999999999909,1500.0,1500.0,0.0
1-1ac78bf5-ce88-44ac-958e-816e80dd4f2e,2179.8,2192.0,-12.199999999999818,1500.0,1500.0,0.0,1500.0,1500.0,0.0
1-b1b0f2dc-4e4b-4344-bb7a-20cd60f12800,2315.0,2057.8,257.1999999999998,1514.6108821948976,1422.5411752756609,92.06970691923675,1495.4876855381665,1500.6906845214157,-5.202998983249245
1-2a0dfc1c-0750-4897-89fe-76d59d189aab,1980.0,1945.8,34.200000000000045,1540.176255261821,1495.4613280084875,44.7149272533336,1502.294188491768,1499.282484945892,3.011703545875889
1-95bb9350-bd01-4117-9f82-249de58c6cec,2080.0,1989.8,90.20000000000005,1496.0960533357697,1488.2166779160823,7.879375419687449,1499.7736609246936,1500.72669244378,-0.9530315190863803
1-21056e4b-00aa-4fb6-86e1-6c6e581439ba,2128.8,2162.2,-33.399999999999636,1467.4411129507318,1481.5766026743083,-14.135489723576484,1498.7912095945285,1508.6149011880432,-9.823691593514695
1-ef79f4cb-78a1-4a5c-b55d-7ac1f1c77537,2705.6,2516.2,189.4000000000001,1472.6218969973809,1537.9832409455134,-65.36134394813257,1494.5648154059195,1499.2127689126164,-4.647953506696922
1-d779d68d-ad84-460f-94e4-995015f085c8,2317.8,2426.6,-108.79999999999973,1508.3227784522182,1492.337814552773,15.984963899445347,1496.2461369127057,1496.1405953569247,0.1055415557809738
1-d61507db-e465-4ee0-9e4f-227416b9d9a0,2084.6,2109.0,-24.40000000000009,1453.9362642619683,1489.5484595299708,-35.61219526800255,1500.6350070902522,1497.45043564035,3.1845714499022506
1-bf974848-ecd1-4012-abd3-95e06e60e7dd,2264.6,2022.8,241.79999999999995,1505.1145905727524,1475.3635662359188,29.751024336833552,1498.4907613537457,1501.3730292703694,-2.882267916623732
1-5b057eca-64ff-47fc-9657-611c57ee3422,2148.8,2145.6,3.200000000000273,1501.8430081914387,1505.583963070268,-3.7409548788293705,1495.4936991710865,1502.7458963973029,-7.252197226216367
1-0dff4352-c987-48ae-9a02-939e665f1bc3,2469.4,2504.2,-34.79999999999973,1481.750858708386,1528.440440504786,-46.689581796400034,1496.2964494133264,1500.544276246544,-4.247826833217687
1-a2e98bd5-7bd0-4966-b456-73f1dd9191f6,2400.4,2370.0,30.40000000000009,1492.4911345413134,1509.5109976053823,-17.019863064068886,1500.4712285731466,1498.0268798821362,2.4443486910104184
1-27f17f66-09d2-4949-a952-24ce0ce89b9f,2340.6,2296.8,43.79999999999973,1488.6832730020087,1503.1699789309853,-14.486705928976562,1499.2497191355035,1506.894223525359,-7.644504389855456
1-08a0dc9f-0ee8-428c-9fc5-d8e9c99b083f,2548.0,2468.2,79.80000000000018,1506.5702457124492,1473.0023755726768,33.56787013977237,1514.293598711201,1508.3191776940694,5.97442101713159
1-bdfa06c5-433c-41dd-9a5a-e16d312feba4,2309.8,2264.8,45.0,1500.7518522722403,1539.6937939990382,-38.94194172679795,1510.9647613010427,1498.402355232365,12.562406068677774
1-7b37f4a2-1a65-4997-a3bf-52ad7117f784,2127.2,2065.6,61.59999999999991,1530.5377460513696,1489.8161345598312,40.7216114915384,1511.7698373964497,1503.9200185631444,7.849818833305335
1-3bc77dc5-6e0a-4314-9019-20ee391143c3,2606.6,2579.6,27.0,1498.572357967108,1519.442907027355,-20.870549060246958,1497.6673540030351,1504.0224046343697,-6.355050631334507
1-0f6cfd75-37af-4f59-9a63-df2b3e40400b,2680.2,2735.4,-55.20000000000027,1508.565489079855,1500.0,8.56548907985507,1494.1278104563503,1500.0,-5.872189543649711
1-1b5510f7-e84f-4988-80b5-e4dc57f073d0,2341.6,2456.2,-114.59999999999991,1495.8069434410568,1503.179749695751,-7.3728062546942965,1500.3148719837816,1510.2524913763384,-9.937619392556826
1-c7b48748-4083-4dda-ab68-79eb26e909b2,2329.4,2542.8,-213.4000000000001,1505.5274463549117,1493.801877109679,11.725569245232691,1500.5342305811105,1500.7669192047874,-0.23268862367694965
1-68646342-714f-4fc0-b93d-5e0eea8df6b2,2413.8,2349.6,64.20000000000027,1509.01705971716,1500.386789390707,8.630270326453001,1501.482818398368,1502.3490854297845,-0.8662670314165553
1-3b73dbfb-aa49-4905-b071-78d8b145edd1,2049.6,2272.0,-222.4000000000001,1492.0190406788424,1502.9731688110367,-10.954128132194228,1487.9180625265071,1512.0797576078012,-24.161695081294056
1-3fa03a27-397f-4a96-9ef7-529d0f787f24,2450.2,2325.2,125.0,1496.9887781978548,1502.8018743815796,-5.813096183724838,1521.5648548429022,1504.7541773600312,16.810677482870915
1-9feefa28-14e4-43dc-bc5b-723632202328,2203.8,2108.6,95.20000000000027,1496.8875927342037,1524.4756648941209,-27.588072159917147,1509.5126365874871,1503.1917896509233,6.320846936563839
1-73853044-dfdf-4c86-8775-0c4699a20db6,2207.4,2264.0,-56.59999999999991,1506.4510349297866,1496.205633107873,10.245401821913674,1505.1895399337836,1500.576510004646,4.6130299291376105
1-6c22118d-8d8f-4551-a805-2138675bcdd6,2300.2,2312.4,-12.200000000000273,1503.1116032274767,1505.8821855025526,-2.770582275075867,1490.4,1479.9425306436333,10.4574693563668
1-9eb8ccaa-d863-4eb6-b3fa-7428d8bbb0e2,2023.2,2236.0,-212.79999999999995,1516.1515726024493,1493.7640656060635,22.38750699638581,1508.7780358988916,1505.4550067385983,3.323029160293345
1-5f2effb1-6260-4e31-a8c2-87145055551c,2110.6,2123.0,-12.400000000000091,1510.515161638362,1524.192076287387,-13.676914649024866,1493.6829541427044,1500.0193797602747,-6.336425617570285
1-3743691b-bdb7-4753-92d9-933b69f5d7e9,2011.8,2169.8,-158.00000000000023,1509.0897772290655,1525.9878801848886,-16.898102955823106,1504.5802005698965,1501.9377732777073,2.642427292189268
1-f01e502a-b030-48e7-8ab6-282958f16718,2105.6,1981.4,124.19999999999982,1522.9487366514518,1508.4727983599244,14.475938291527427,1499.1158044591925,1494.7102505985308,4.405553860661712
1-559866cf-84b8-499c-a2ab-f4ab6cf2837c,1923.2,1974.4,-51.200000000000045,1497.629419989327,1510.6708085283017,-13.041388538974616,1495.9710800663102,1500.142041449335,-4.17096138302486
1-15e42ab5-3a2b-48f2-b3cb-321264d0f0d7,2099.0,2110.8,-11.800000000000182,1490.7510780661485,1514.676303076413,-23.925225010264512,1502.9340911466043,1503.045316349838,-0.11122520323374374
1-bf1a1de5-f9c2-4a31-be24-1a3d1105fb62,2002.0,1807.8,194.20000000000005,1530.2593394999744,1517.0222021297602,13.237137370214214,1503.291018667698,1511.6344432744997,-8.343424606801818
1-b3b3f919-5b97-462e-997b-81a650ee2123,1829.6,1970.0,-140.4000000000001,1490.8484716090768,1528.500274213589,-37.65180260451211,1495.7730520155897,1507.4774509164924,-11.704398900902788
1-ec31e3d5-f3e1-4c5e-9a5b-91fe4864bda3,1980.4,1899.8,80.60000000000014,1512.0335002530003,1511.4793108136266,0.5541894393736584,1499.575053001875,1511.2450268593345,-11.669973857459581
1-2cde0643-c134-443a-9b83-a367e8597a38,2115.2,2109.8,5.399999999999636,1524.8358813874358,1505.8033950671143,19.032486320321595,1498.1614857011873,1507.4048423063728,-9.243356605185454
1-6700186b-19bc-4628-a0f3-ece42a292ceb,1956.2,2169.8,-213.60000000000014,1493.7273302476174,1517.1026371262099,-23.375306878592482,1499.5808222128787,1501.5771280880683,-1.9963058751895915
1-c6b44953-b721-4879-8d34-d6c929c37789,1905.6,1940.0,-34.40000000000009,1500.146251735579,1500.4333517655623,-0.2871000299833213,1486.9011213135948,1501.450335357851,-14.549214044256132
1-79de3b4e-447e-4235-92d2-197b15a5ec88,1734.0,1916.6,-182.5999999999999,1499.5556417917426,1509.584500801418,-10.028859009675443,1495.9575684785857,1495.8904543703877,0.06711410819798402
1-e69919c8-891a-43c6-b6f0-dbdf54142aae,1977.4,1950.6,26.800000000000182,1502.8911693453435,1512.5131987793718,-9.622029434028263,1506.408671646311,1506.3917049249308,0.016966721380185845
1-c76df245-450a-44db-a4c4-bb3b19735f9a,1994.6,2052.0,-57.40000000000009,1505.5671248108897,1518.277061529489,-12.709936718599238,1500.4590533122155,1503.2465905165138,-2.78753720429836
1-bc3c5f9f-81ae-410c-ac8f-180a0fbb30d5,1843.0,1655.2,187.79999999999995,1495.682772033183,1506.4469284647264,-10.76415643154337,1499.672626098523,1499.303873999433,0.3687520990899884
1-c6c3fd8b-7541-4940-843a-45f48e0ac0f5,2071.2,2023.0,48.19999999999982,1490.9414461002978,1496.5004599651384,-5.559013864840608,1500.1494798336448,1464.258415776988,35.89106405665689
1-46055470-60e2-4e92-b09a-33d9641de771,2033.6,2080.0,-46.40000000000009,1493.4205534336138,1500.7425276594731,-7.3219742258593215,1503.8732046227628,1500.817617906714,3.055586716048765
1-0872c9a2-893a-436f-a820-5f50e23f9fa8,2343.6,2175.2,168.4000000000001,1503.1400641332345,1510.5235402176627,-7.383476084428139,1499.8921758057554,1498.4070605700929,1.4851152356625335
1-5ee337c0-0516-4ce6-ac64-ff2f6b9eb818,1941.8,2048.2,-106.39999999999986,1496.3978766391795,1497.4882506897143,-1.0903740505348196,1489.5341610741311,1500.6537966859232,-11.119635611792091
1-2c32895f-aaf6-44bf-b931-8488fe0e692c,2035.6,2052.8,-17.200000000000273,1493.9519693926172,1518.8943396765787,-24.94237028396151,1509.3200182938206,1502.5089485040246,6.811069789795965
1-84de33ca-23e0-4f86-8a61-574aae2c7600,1769.8,1894.0,-124.20000000000005,1497.4876129339796,1506.4234764853145,-8.935863551334933,1512.5746481439112,1505.2149505211062,7.359697622805015
1-724b9a24-6823-4ecd-8848-5b20ad5a29c8,2165.6,2104.8,60.79999999999973,1528.9826756361388,1499.2310814719197,29.751594164219114,1502.16472473899,1505.6866084992894,-3.521883760299488
1-9a65b65f-c8f3-4217-8bc8-3d4f1018ffac,2060.8,2053.8,7.0,1507.2394074533117,1511.4552450978094,-4.215837644497697,1512.049489463279,1494.2504069422448,17.79908252103428
1-7961281f-f851-4489-81c8-80dce6b734c1,2296.0,2180.4,115.59999999999991,1493.9946134327163,1502.3249097964479,-8.330296363731577,1496.3724730549352,1503.7732536935287,-7.40078063859346
1-7b31068a-c998-4eff-93a3-fe444e7359f4,1957.8,2195.2,-237.39999999999986,1515.0601995617092,1488.4427242147108,26.61747534699839,1503.2143719118258,1500.9101413202775,2.3042305915482757
1-f8f53502-8a00-4dcb-8caa-ad37ffda4950,2337.4,2201.0,136.4000000000001,1500.0,1504.6126505577326,-4.61265055773265,1500.0,1500.607259234595,-0.6072592345949488
1-b0e9a5e8-6c27-406f-8867-c2ce018d888a,1790.0,1870.4,-80.40000000000009,1531.3307427966197,1506.5395547273492,24.791188069270447,1494.4632155043935,1503.94729676546,-9.484081261066422
1-5683e876-4570-441d-a6bc-6025e6684c2c,1795.0,2054.8,-259.8000000000002,1496.7673662075415,1510.0961887040794,-13.328822496537896,1511.168184721832,1498.033419462721,13.134765259110964
1-a4e5e997-8861-4bdf-8586-5128ec104f3f,1785.8,1998.6,-212.79999999999995,1528.3494475994798,1506.7258792589284,21.6235683405514,1501.3554832231846,1517.1493665609253,-15.79388333774068
1-a46745ce-0812-4a5a-b940-e2fd9602fe90,2417.6,2255.0,162.5999999999999,1543.209074864515,1518.5794589335696,24.62961593094542,1503.3936802926078,1514.5937859173841,-11.20010562477637
1-2eb0acd7-76fd-4bec-87b9-a3b5db656b0a,2358.8,2378.4,-19.59999999999991,1524.818136147911,1542.9276420309852,-18.109505883074235,1518.0816738945546,1500.1940525197497,17.887621374804894
1-4634b82c-f3c9-4579-93f9-ba01188ad279,2298.2,2337.2,-39.0,1563.6339043245214,1501.2287841769953,62.40512014752608,1507.0568459129142,1518.0137156049275,-10.956869692013242
1-210235e1-ac1e-4007-9b32-a8abd28d9713,2457.0,2450.8,6.199999999999818,1506.1448248396753,1555.7149042791502,-49.570079439474966,1516.6242819289678,1498.803401246839,17.820880682128745
1-1daf129f-fc9d-4594-a5ae-f77562ff77de,2561.0,2530.2,30.800000000000182,1531.44737416158,1540.0237683107748,-8.576394149194812,1509.5059289716605,1496.8983305722843,12.60759839937623
1-c5797872-e816-4ce8-9a17-71ac0d7c0a6b,2331.8,2274.6,57.20000000000027,1526.2302109030597,1496.7151025463259,29.51510835673389,1516.3107898295352,1491.214776791138,25.096013038397132
1-225b6ea5-680a-42ec-9ea4-fc770fa97a83,2475.2,2368.4,106.79999999999973,1525.1770532065925,1527.065269875468,-1.8882166688754296,1503.2972107488793,1491.2595228406044,12.037687908274847
1-9deb338a-3595-4de6-b728-06a5a0cd75db,2018.0,2058.8,-40.80000000000018,1499.5901368040152,1506.5104785399283,-6.920341735913098,1498.4723883909487,1501.6965323450345,-3.2241439540857755
1-c0ceab65-ddc2-483b-ae97-3602b907a8c5,2507.6,2485.6,22.0,1515.0955295966564,1492.3860012234065,22.709528373249896,1501.4008320625624,1500.617805072349,0.7830269902133296
1-a78466eb-2bff-49cd-81ac-982ea77e4326,2321.0,1966.4,354.5999999999999,1476.687004087187,1523.8052655543715,-47.11826146718454,1508.2677137474097,1504.2868748825222,3.9808388648875734
1-5df86190-9402-4fd2-b716-7b6ad8539329,2162.0,2271.0,-109.0,1482.6685137685777,1504.7003344362192,-22.03182066764157,1501.3800277015284,1502.1144775713847,-0.7344498698562347
1-8f119d4f-bb49-450a-9aaa-45456c136bfd,2378.2,2524.0,-145.80000000000018,1479.0529313623315,1529.9466257569852,-50.89369439465372,1505.5581391003439,1503.6517149700908,1.9064241302530718
1-8535edc7-f03a-475c-9580-bdcd76c84da4,2226.2,2062.4,163.79999999999973,1462.507891380287,1525.674816224738,-63.16692484445093,1508.3712399027959,1502.3039285239574,6.06731137883844
1-3458db7a-fcab-47be-a285-dfa012eef481,2111.8,2224.8,-113.0,1510.8433663924493,1498.8835976173712,11.959768775078146,1513.0900658586047,1501.100071141793,11.98999471681168
1-6c9d217d-0f9f-478d-b162-24ec1b0349bd,2435.2,2260.8,174.39999999999964,1495.7924826173771,1507.219421868319,-11.426939250941814,1506.6012963250269,1491.402976792588,15.198319532438745
1-4bad81ed-d8d9-4b68-a215-c68e916402e9,2549.0,2496.4,52.59999999999991,1492.2997419268816,1516.4523067237828,-24.152564796901288,1502.6231965292716,1512.4070908189947,-9.783894289723094
1-480799ca-86a0-4439-925b-a49d7a2f5854,2440.2,2251.0,189.19999999999982,1484.4095437184146,1517.276406829867,-32.8668631114524,1503.9216489554146,1486.121473825051,17.80017513036364
1-a63d150e-dbbb-42f3-9f17-808ac9d52dd1,2220.4,2354.6,-134.19999999999982,1502.2767209484718,1480.7025803305912,21.57414061788063,1502.6388580228138,1502.9360226779313,-0.29716465511751267
1-c16cca8a-2d39-417b-b143-0ecd7029ec3c,2542.4,2546.6,-4.199999999999818,1487.18790221521,1491.99232473524,-4.804422520029902,1501.3539017426083,1501.5842624197796,-0.23036067717134756
1-c6e31fb7-7f60-42d3-bf2c-4be392ff612e,2558.2,2654.4,-96.20000000000027,1518.7171072540482,1513.0106486777781,5.706458576270052,1496.662862351619,1504.4031124447429,-7.740250093123905
1-60b05b85-e296-4102-b7ab-3bc0cd0d1310,2374.6,2349.6,25.0,1515.4538166047146,1485.3570542469256,30.096762357788975,1502.639383401084,1504.4421245560673,-1.8027411549833232
1-075fbd22-97b3-48d0-b47f-cda8f8b2a7b9,2352.2,2319.4,32.79999999999973,1496.5026263630753,1497.4161008969772,-0.9134745339019901,1502.6004174721952,1509.9062483880527,-7.305830915857541
1-2f2d4d77-4df0-48c7-9084-6070e53cc894,2434.0,2403.6,30.40000000000009,1535.3913609687893,1499.9873654632406,35.403995505548664,1506.9057675867446,1496.0782299714995,10.827537615245092
1-7f406d19-8b47-429c-8701-0e151cac97ad,2024.4,2317.0,-292.5999999999999,1503.5097378065316,1500.1515094088559,3.3582283976757026,1508.0913444621494,1503.2963362309881,4.795008231161319
1-ab93d055-c7eb-48a2-98a1-f8e34fd259e9,2526.8,2432.8,94.0,1499.857803757579,1503.7586889716308,-3.9008852140518684,1501.802239062155,1511.806928473914,-10.004689411759045
1-5b125807-ed56-4b27-94fe-bd7158157862,2341.6,2341.4,0.1999999999998181,1516.3685190238195,1535.140805227698,-18.772286203878366,1499.6561670541655,1494.027130675053,5.629036379112449
1-b376b59a-57bf-4a1a-bdde-98b7091d7880,2175.4,2142.0,33.40000000000009,1514.6910282509962,1489.414399064857,25.27662918613919,1514.604951542316,1490.2477544140734,24.35719712824266
1-34e89f73-c385-49dc-8eff-d0fd3b4e8453,2165.0,2123.0,42.0,1519.413113613638,1494.5074397440044,24.905673869633574,1497.3882237612888,1504.8797562781274,-7.491532516838561
1-1ec6a06f-ec81-477f-bd2d-1c5bebb10c6c,2205.4,2151.4,54.0,1483.8168485412084,1523.6850711940406,-39.86822265283217,1498.8641553490338,1498.19009324557,0.6740621034637115
1-655a2384-4cb6-49f1-9e5c-f1cd12e218bd,2096.0,2122.6,-26.59999999999991,1536.8931353102103,1491.2884993414505,45.604635968759794,1499.385554137279,1505.1861551338588,-5.80060099657976
1-eaea018c-c438-4d1c-ac16-f2a0ba8b4c97,2256.2,2288.6,-32.40000000000009,1480.6078302502408,1491.6443355850527,-11.036505334811864,1500.9715780898484,1502.6689069797653,-1.6973288899168892
1-040b7ed5-506b-4663-8495-8e638b9b9563,2464.4,2448.6,15.800000000000182,1487.853219487159,1532.7730236225839,-44.91980413542478,1501.5686884228694,1510.230193599598,-8.661505176728497
1-2f6d2ad8-1313-4183-8814-8fbb3ad408ef,2299.6,2298.2,1.400000000000091,1505.1176566663169,1493.4566162560773,11.661040410239593,1499.6622055299533,1503.9737525919288,-4.311547061975489
1-9f96aef7-3281-40be-adc8-c827fc819ae5,1835.8,1713.6,122.20000000000005,1503.3383209958233,1504.61320817867,-1.274887182846669,1506.7005882967176,1504.6113421592368,2.0892461374808136
1-10d0f9e4-e5de-4ed1-ac08-ab9d38c0fa98,2294.0,2381.8,-87.80000000000018,1517.9671752906995,1468.1922062452734,49.77496904542613,1500.312496230299,1505.4302126345701,-5.11771640427105
1-0d54f660-eb31-4389-a8d0-e9dcd0db6d8f,2309.0,2390.6,-81.59999999999991,1489.818648041559,1505.928688586247,-16.11004054468799,1492.656680277482,1496.6229604812083,-3.966280203726228
1-59f41045-5d2e-49a0-a2d9-37a10be22c1a,2175.2,2111.2,64.0,1522.5512554086558,1494.7766612301016,27.774594178554253,1503.0874211297692,1500.779147865185,2.308273264584159
1-86fc6bb4-ebc6-4d36-8373-1f84f19e103b,2031.8,1854.6,177.20000000000005,1497.0654622176853,1500.5422252466344,-3.476763028949108,1505.7117298309354,1504.4328211546874,1.2789086762479656
1-f971c304-39a5-422d-9eb1-126e3d5614f1,2231.8,2282.4,-50.59999999999991,1507.3512985048742,1494.0792729264087,13.272025578465446,1504.89159731099,1503.660748666886,1.230848644103844
1-040be4d3-de78-47a2-8cc5-58e808dcf420,2179.2,2197.8,-18.600000000000364,1507.1048350997655,1484.0004422739992,23.104392825766354,1506.0470729444467,1497.7410890533843,8.305983891062397
1-3a5d7b93-0e95-4b4f-a54c-5e371c6b9956,2171.4,2092.8,78.59999999999991,1490.4900724926858,1503.2517010165284,-12.761628523842546,1503.550946923266,1506.2864290505033,-2.735482127237219
1-9a315902-35e7-4fec-aa4a-402caacc60d2,2036.6,2064.0,-27.40000000000009,1530.7397274025686,1447.9588056280259,82.78092177454278,1500.385929904644,1505.757341506976,-5.371411602332046
1-4ec0b4cd-41dd-4f7d-bb02-98dde7aa0abc,2095.2,2036.8,58.399999999999864,1503.0964694534546,1438.3290551000111,64.76741435344343,1492.9966649470136,1502.204034231952,-9.207369284938295
1-676c3bbe-e718-4060-92cd-5592d638aca6,1805.4,1748.6,56.80000000000018,1465.009394076905,1512.6849419499863,-47.675547873081314,1516.0258465274176,1513.4616132552162,2.5642332722013634
1-7384b627-361a-4ca0-a259-f7c51d7090d5,2184.2,2100.2,84.0,1509.1335245519354,1461.6975158967416,47.436008655193746,1509.4200184265787,1498.1507318694194,11.269286557159376
1-b8310947-60cb-4f62-88ae-b146ce5253ba,1891.0,1986.8,-95.79999999999995,1465.2411094343497,1484.6696005718325,-19.42849113748275,1503.6922829311454,1498.0201812382054,5.672101692940032
1-707d5bd0-5712-4100-b651-ad79aa089941,2019.6,2238.2,-218.5999999999999,1460.0092285781845,1532.8506111721654,-72.84138259398082,1501.2548121954353,1509.8444343458186,-8.58962215038332
1-d44720aa-dbeb-4710-93d5-b92ecd1187c1,2039.2,1988.0,51.200000000000045,1518.9173641328377,1467.0698425822761,51.84752155056162,1496.0401446408205,1503.2251872201773,-7.185042579356832
1-c3037646-1c05-4703-bb8a-ed7d20362fac,2004.6,1971.6,33.0,1444.9972022714016,1515.7106755999207,-70.71347332851906,1509.0299364878565,1501.0887537092735,7.94118277858297
1-ade05fc6-8ef3-448a-84f2-20820ef592e1,1848.2,1795.8,52.40000000000009,1444.6538238222788,1494.3670279763496,-49.71320415407081,1504.938226789349,1496.2399949170401,8.698231872308952
1-cf621193-51df-4968-9a73-ca9a61a42dd4,1819.6,1720.6,99.0,1505.2257945681736,1446.3654285969405,58.86036597123302,1495.11071196618,1500.9992307147943,-5.888518748614388
1-d540a50d-d20a-4611-add4-bce646827bee,1627.8,1613.8,14.0,1495.6670120706335,1468.8560259663059,26.81098610432764,1489.2343115266447,1498.3189872082708,-9.084675681626095
1-ca111cbb-61a6-49a4-8eeb-58601ac802dc,1979.4,2001.8,-22.399999999999864,1460.783575813159,1514.917596991398,-54.13402117823921,1498.3030672873333,1500.7892508697628,-2.486183582429476
1-611620b7-7805-45e1-9a69-ce712fa6fd42,1997.8,1979.4,18.399999999999864,1492.5146479096625,1442.4959108142073,50.01873709545521,1501.7278363090159,1498.6631630845488,3.0646732244670147
1-65f96aa1-8da5-4808-8660-08dbd18f28f7,1671.0,1736.2,-65.20000000000005,1470.9532300053077,1511.9023258004647,-40.94909579515706,1499.0401428086248,1498.3101802777894,0.729962530835337
1-3001cfe1-620b-4a46-be87-eb618756a548,1848.2,1829.2,19.0,1460.5796577280714,1485.125400688649,-24.545742960577627,1499.2991050532928,1549.6208664717112,-50.32176141841842
1-d8c9e3fb-97aa-4ee8-b112-b767fc77a398,2076.8,1979.4,97.40000000000009,1524.5140150178308,1449.8818247188105,74.6321902990203,1499.5403273232173,1497.1963636561945,2.343963667022763
1-bdc50d3a-34ae-454d-92c7-8140114c67ae,1861.2,1633.4,227.79999999999995,1452.430878910568,1462.1559930740477,-9.725114163479702,1498.1141922762308,1504.746398504006,-6.632206227775214
1-209668be-22fb-41d2-8c61-79321f5b9190,1705.0,1760.8,-55.799999999999955,1471.3219272719111,1455.7375874398501,15.584339832061005,1501.8419056665527,1500.6365424534706,1.205363213082137
1-de8946f0-5701-4591-86f3-dc7ce127b783,1843.0,2008.6,-165.5999999999999,1462.6149284826486,1517.9783328545095,-55.36340437186095,1497.9908347141507,1493.3343706984892,4.656464015661413
1-eb355db2-997d-471b-9c4d-c75dd9bd5a6c,2062.4,1914.2,148.20000000000005,1483.3012793285632,1487.663794456832,-4.362515128268797,1504.126401568466,1501.8039172173617,2.322484351104322
1-1daac37f-0ee8-497a-90da-7164eb3b8027,2130.4,2219.6,-89.19999999999982,1465.0770032291418,1445.317419005704,19.75958422343774,1504.5558138270608,1489.6619072192493,14.89390660781146
1-d3525d47-f667-424d-b7cb-ceed93c5c22f,2231.4,2136.2,95.20000000000027,1518.1727963997914,1499.6589716791798,18.513824720611638,1498.8954108039163,1498.11164987552,0.7837609283963047
1-4c280793-148c-4812-9aaa-2b3988e98963,2036.6,1981.6,55.0,1466.5181094266168,1462.530125880187,3.9879835464298594,1499.4359676115328,1505.620768315256,-6.18480070372334
1-753f668c-5140-4f4e-8dbf-5beb4e3e1ca2,2074.4,2180.2,-105.79999999999973,1481.951317104823,1512.4962126453509,-30.544895540527932,1502.8959168442002,1507.304690507187,-4.408773662986732
1-7a11b010-e4de-44b0-8b78-04c5b01c14a8,1994.6,1954.8,39.799999999999955,1461.9942313970885,1460.5120690469719,1.482162350116596,1504.2735148113684,1495.6852775805767,8.58823723079172
1-25d4d5f1-4b75-4679-9b01-98aa855ee547,2066.2,1994.8,71.39999999999986,1487.305355326341,1485.5436666159985,1.7616887103424688,1507.12056159547,1511.3452216325388,-4.224660037068816
1-e425224a-ed28-4e23-ae7b-c37662db48a6,2054.4,1844.0,210.4000000000001,1517.4239528615203,1479.6249443330935,37.79900852842684,1498.0184165706355,1494.1111979299935,3.907218640641986
1-24b7cc81-5d54-47ff-a630-e38064fd8334,1940.0,2557.8,-617.8000000000002,1494.1919199106053,1490.697195813075,3.494724097530252,1501.1838675839508,1495.7870940645878,5.396773519363023
1-3f1f07df-f5ca-4d4c-803e-c0206ae0a08e,1801.6,1841.0,-39.40000000000009,1499.0293367427307,1491.2373251663257,7.792011576405002,1489.0472866072373,1503.077683374691,-14.030396767453794
1-0ff54f82-94c3-4ff0-b838-82a9b972e2da,1911.4,1968.6,-57.19999999999982,1509.7003650212125,1507.0805963106695,2.619768710542985,1484.478896657977,1503.3565111679734,-18.87761450999642
1-3caf9817-535b-4dd5-9840-dd362d3198f9,2105.4,2141.0,-35.59999999999991,1545.8724928361275,1506.1543365628838,39.71815627324372,1519.929986885816,1505.0093799862318,14.9206068995843
1-0bd3b863-fa67-4324-9270-080f5856f037,2222.2,2308.8,-86.60000000000036,1492.275317295708,1530.2033483035893,-37.92803100788137,1496.3630090219983,1505.7249080561091,-9.36189903411082
1-5ca06dbf-7268-466a-8cf0-3c0741e623dc,2173.4,2222.2,-48.79999999999973,1502.9510586341944,1474.9904566169203,27.96060201727414,1503.077517103307,1494.4518592069005,8.625657896406437
1-8f8e1414-e3f3-4e98-84d0-c2a393f9b073,1712.2,1659.4,52.799999999999955,1515.1692158484295,1499.2583004426567,15.910915405772812,1493.4745543890358,1504.2561182666439,-10.78156387760805
1-f81cf598-9a28-43f9-ae23-5ada0987c653,1737.4,1755.0,-17.59999999999991,1474.0083668055838,1545.8289800150617,-71.82061320947787,1506.1145345382665,1501.7979549681659,4.316579570100657
1-5479cb25-1855-454c-83d0-651702c13b92,1750.0,1679.8,70.20000000000005,1485.6103605156309,1507.595915245681,-21.985554730050126,1500.3829853932777,1500.741768746806,-0.3587833535282243
1-782d0ec9-a992-4e6b-8c57-85a87cf86b8f,1955.4,1825.8,129.60000000000014,1492.939086400906,1505.8179918690635,-12.878905468157427,1499.3721732169026,1496.0420480596335,3.3301251572690944
1-13a51d0e-7fc9-4d09-b0ce-165cf4fad629,1737.4,1835.4,-98.0,1483.6726086481315,1517.5018072879036,-33.82919863977213,1506.816406519552,1510.7354512579893,-3.9190447384373783
1-dc04cb87-2ee6-4ac5-946e-eee6910c3a82,2040.2,1737.4,302.79999999999995,1540.1676169460538,1497.7278480350303,42.43976891102352,1506.5041546684165,1496.0797226554794,10.424432012937132
1-eb8ddfa0-882d-46d7-91ce-eb221a7ebf40,1461.4,1509.2,-47.799999999999955,1481.6745230196154,1479.8706990175572,1.8038240020582634,1503.4400188045179,1499.2450549723023,4.194963832215535
1-c061910a-351e-4b63-b745-bb11ede220a0,2048.8,1984.4,64.40000000000009,1489.9807722173528,1497.5300838472062,-7.5493116298534915,1510.8157547275744,1501.055920001375,9.759834726199415
1-53209773-1c96-44ae-b7ff-0e0fc5bc6e8c,1462.0,1384.4,77.59999999999991,1491.1265878198606,1503.435281759383,-12.308693939522527,1507.0810767828452,1513.9463770068342,-6.865300223988925
1-85f7fe95-f00c-466e-b36c-c68b2cca2ce6,2195.6,2251.8,-56.20000000000027,1469.0227067163157,1498.711092794724,-29.688386078408257,1503.8342164965843,1495.4583684022914,8.375848094292905
1-a9e39764-b9c7-4ec6-83c3-3ed11dbed253,1778.2,1532.6,245.60000000000014,1511.4279302143916,1497.4223790697085,14.005551144683068,1498.2638368062808,1504.9925553842033,-6.728718577922564
1-9b173765-cb85-4b4e-b6da-db52ae98ab35,1758.0,1811.4,-53.40000000000009,1507.8289920137202,1490.8829634945566,16.94602851916352,1510.740240055206,1504.3560336034961,6.384206451709815
1-1d6bf838-b6cb-4468-9eba-50e2774fce83,1871.2,1934.6,-63.399999999999864,1482.2249271264993,1497.3280634862708,-15.103136359771497,1500.0635769599578,1505.378481288109,-5.314904328151215
1-88ce93a9-beb1-4850-9f87-95f6c44ee2f7,1661.6,1836.4,-174.80000000000018,1519.1468899930828,1487.5713715542697,31.575518438813106,1507.644849638048,1499.2064147722824,8.438434865765657
1-57f1d6fa-9c07-4e58-856c-d0f167fe94ea,2020.0,1935.2,84.79999999999995,1506.5642356210053,1485.8146761216472,20.749559499358156,1507.3168846174606,1498.282576389888,9.034308227572637
1-d7b6c261-0d9f-4ba0-9014-e84b855b7bb0,1969.2,1936.8,32.40000000000009,1502.678244265659,1509.8577669278018,-7.179522662142745,1501.5078499547856,1504.3795136468525,-2.8716636920669316
1-1df305b8-8c8d-4009-a7b8-74a1ac557ab3,2145.6,2022.8,122.79999999999995,1500.0,1493.6859996936528,6.314000306347225,1500.0,1502.0849855136128,-2.0849855136127644
1-1e980130-3390-4514-9c1e-000510f8ee00,1916.0,1932.4,-16.40000000000009,1496.8292104291916,1496.6520623546428,0.1771480745487679,1503.1715701454066,1499.633749294915,3.537820850491471
1-1296202b-7387-4573-8180-9bd15f839dcd,2105.0,2088.2,16.800000000000182,1503.1715701454066,1500.0,3.1715701454065766,1500.0873118849481,1500.0,0.08731188494812159
1-eb05489d-ccc5-4747-ac70-d4079c297749,2485.0,2292.6,192.4000000000001,1468.4117428658817,1522.0077042370135,-53.59596137113181,1495.5048299137234,1498.147127112944,-2.642297199220593
1-b0cb9917-c18e-4fb2-9b4b-e76482a43498,1956.6,1990.2,-33.600000000000136,1508.6966682621953,1486.8380042300673,21.85866403212799,1499.5454959517806,1492.4543998013523,7.091096150428257
1-90aa1ecd-aa13-41af-ab68-5a360324f586,2233.0,1993.4,239.5999999999999,1478.4150603495723,1495.6769495613971,-17.261889211824837,1506.4780449811558,1499.466368632216,7.011676348939773
1-d8e669fc-3fb6-4b14-8444-b5caeddcc4fd,1593.8,1614.6,-20.799999999999955,1498.0611143235594,1484.322625873856,13.738488449703482,1491.0888389431116,1499.148385970202,-8.059547027090503
1-3cc4a2eb-1ee3-4c44-8a9e-0ea326a8e250,1733.6,1591.2,142.39999999999986,1475.341488361525,1512.8858965859424,-37.54440822441734,1496.3220583037903,1491.4851092039612,4.8369490998290985
1-a4bd8b64-1f69-4f0c-bb71-7047147d3a11,1636.2,1656.4,-20.200000000000045,1490.5465807362878,1475.7925944236752,14.753986312612597,1498.195576128743,1511.5952396055795,-13.399663476836622
1-058c2750-8a1d-46e5-8656-5507b3b7c3ad,1737.6,1690.4,47.19999999999982,1496.5635023674604,1481.324284050688,15.239218316772394,1504.6550224672244,1498.0350804450898,6.619942022134637
1-50aa2bd1-22cc-47b2-9ec2-75a8bdeb2b1c,1946.8,1723.6,223.20000000000005,1524.3205976874556,1466.330875236762,57.989722450693534,1496.5907539393033,1499.3385878066981,-2.7478338673947746
1-549c1f60-3620-4ffa-bf3a-ac71a72f606c,2374.8,2297.6,77.20000000000027,1519.6142619903549,1516.4839767403282,3.1302852500266454,1511.4538228901795,1503.7008344572903,7.752988432889197
1-1ed8a48a-f2ac-47f4-88c1-c275afc84e3e,2246.4,2229.8,16.59999999999991,1499.372246234985,1479.7464727637557,19.625773471229195,1505.14106889977,1499.019222936767,6.121845963003125
1-b385c48a-2f2b-4f1f-a5e5-9155960677c5,2269.4,2327.4,-58.0,1511.2588290162523,1504.2275988820434,7.031230134208954,1502.6824839355886,1504.312211669539,-1.6297277339504035
1-2fa2df49-368d-46bc-9d24-6587b9782afd,1961.6,2266.6,-305.0,1516.9350730787385,1507.6142826148375,9.320790463900948,1504.2779127705028,1504.8370491978922,-0.559136427389376
1-9287df65-6bfa-4d92-a7eb-1e295f742ce2,2109.8,2251.8,-142.0,1464.1561572204641,1508.849490038185,-44.69333281772083,1502.4648356341318,1506.414780721631,-3.9499450874991453
1-0366b7b5-701e-472e-a7a0-9f8d3b15b493,2246.0,2257.0,-11.0,1492.3933763144166,1500.0,-7.606623685583372,1502.55074032942,1500.0,2.550740329420023
1-1f0669b7-df8b-4626-836c-0ea96f673080,2416.8,2441.2,-24.399999999999636,1486.5033270603944,1506.8490195907646,-20.345692530370115,1511.77939379598,1506.1990999328332,5.580293863146835
1-febd8f2a-79f5-4a2e-99b4-446501b55d59,2404.8,2453.2,-48.399999999999636,1509.4315088880012,1533.251270852824,-23.819761964822874,1508.733675404844,1510.828000802719,-2.0943253978750818
1-3b8703b7-83bd-412d-bb1c-dfd0b196b108,1723.0,1714.2,8.799999999999955,1484.6881153638055,1483.0703222043217,1.617793159483881,1503.4991512594786,1502.1051767352783,1.3939745242003028
1-14694948-489d-48f4-b445-956e8466be58,2197.8,2082.2,115.60000000000036,1506.8683625449817,1464.7579642636106,42.11039828137109,1498.2014947665964,1503.0622961563738,-4.860801389777407
1-1d43fdbe-5bce-4798-b07e-41946018c106,2273.0,2302.0,-29.0,1485.756748916881,1524.9077845628378,-39.15103564595688,1501.434030395568,1500.8948285808667,0.5392018147013005
1-325de13c-ef2e-4262-9997-111818ddb631,2255.0,2349.2,-94.19999999999982,1467.4130010388433,1520.1031079818845,-52.6901069430412,1495.5957349655105,1504.3121037455107,-8.716368780000266
1-c85bee54-12d6-46a7-ba56-5a4d8199cdab,2272.6,2235.6,37.0,1503.3389756520694,1479.535448868876,23.80352678319332,1515.0985872433878,1496.20949549561,18.889091747777684
1-8a70642b-13f9-4a24-bd3f-3653fe1fb9e2,1643.8,1637.4,6.399999999999864,1503.441046174097,1488.886278470864,14.554767703232983,1500.0,1499.4540980127308,0.5459019872691897
1-47c7c548-c1c3-44e5-a4e7-d38294f8ce15,1687.2,1801.4,-114.20000000000005,1500.0,1482.157903520618,17.842096479382008,1500.0,1499.435480193557,0.5645198064430588
1-6e988368-db75-4954-b979-2f58980804de,1705.4,1848.6,-143.19999999999982,1500.0,1475.303746348119,24.69625365188108,1500.0,1499.4153931160156,0.5846068839844065
1-83ae617d-14ee-4d8c-95d3-5b3c3198fb10,2083.0,2032.4,50.59999999999991,1449.451654621945,1481.4081056036962,-31.95645098175123,1491.1401575830446,1509.7726031052287,-18.63244552218407
1-d41744cd-7e2b-4967-8e5c-efa7cb3f7be2,2086.4,2006.8,79.60000000000014,1510.0813966568116,1456.6147655378973,53.46663111891439,1495.158952381631,1497.7173003210974,-2.55834793946633
1-7ff25829-9d85-4ec6-8dfa-c24eaab4cb16,1898.0,1869.2,28.799999999999955,1442.0525634366409,1499.1963688571163,-57.14380542047547,1498.310096349503,1490.4560004112436,7.854095938259434
1-c006f117-933e-4549-bcd6-801119ac913c,1722.8,1736.0,-13.200000000000045,1476.7820490841918,1499.505239693574,-22.723190609382073,1499.5351984101549,1469.8142400522902,29.720958357864674
1-85725a07-64f4-4895-b547-ac78fc3f6279,1834.8,1879.6,-44.799999999999955,1500.2233376362065,1466.2712580424172,33.95207959378922,1500.0,1491.479220532078,8.520779467922011
1-57ae49d6-b1ee-4215-833d-c565c3525c44,1984.0,1828.4,155.5999999999999,1500.0,1475.7119366512375,24.288063348762535,1500.0,1499.4781622034739,0.5218377965261425
1-0f1d32ba-ebbf-4732-bca5-cb24d13f38a7,1690.6,1884.8,-194.20000000000005,1500.0133808442329,1468.737362287816,31.27601855641683,1480.6155073614316,1499.4521374677115,-18.836630106279927
1-50fe8a90-d234-405e-8f94-aec7f3db7c53,1848.4,1754.6,93.80000000000018,1500.0,1471.690579233274,28.309420766725907,1500.0,1498.5928998286902,1.4071001713098212
1-d66967fb-6179-499d-b9b0-a27f563257e6,1960.4,2118.4,-158.0,1480.6611674722362,1500.0,-19.33883252776377,1499.3917662010795,1500.0,-0.6082337989205371
1-d02f2526-59ba-4d68-a878-d6067ebb4efa,1787.6,1814.8,-27.200000000000045,1473.7790751240423,1500.0,-26.220924875957735,1499.3539477229851,1500.0,-0.64605227701486
1-2c5127fe-b60d-4071-9516-c6cc5dbe6778,1707.0,1795.0,-88.0,1496.4187439913824,1475.3966116941158,21.02213229726658,1458.408106193198,1499.5922343336642,-41.18412814046633
1-ff29e431-6e15-4049-8c6f-b84e08e74c2a,1669.6,1749.4,-79.80000000000018,1502.8839276046467,1459.8027630011402,43.08116460350652,1465.5706182104336,1499.3813661070008,-33.810747896567136
1-f0bdf0ae-c30d-4106-b060-cdc6cc027396,1824.4,1783.4,41.0,1500.0,1465.5706182104336,34.42938178956638,1500.0,1499.3469975573896,0.6530024426103864
1-4a29c22b-f624-4468-a567-d40d476ed1be,1759.6,1730.8,28.799999999999955,1458.408106193198,1500.0,-41.59189380680209,1499.3085856490006,1500.0,-0.6914143509993664
1-2d272aa2-af19-4b8f-a4fe-5de3599aca93,1782.2,1778.6,3.6000000000001364,1497.050533208543,1464.2318684104648,32.81866479807809,1518.7350035266106,1498.7150861785929,20.01991734801777
1-5a37fda3-89df-4a86-9e5e-cea2d7bc6151,1593.6,1683.8,-90.20000000000005,1467.158323667457,1496.9307272354924,-29.772403568035543,1498.8340434414663,1500.0,-1.1659565585337077
1-a91c70a9-604f-419d-843a-184bdd7aa0b1,1748.4,1662.0,86.40000000000009,1500.0,1470.0834611368234,29.916538863176584,1500.0,1498.7507608301423,1.249239169857674
1-6f4e1847-babc-4e71-be77-fd1996703ea7,2286.8,2243.0,43.80000000000018,1470.2912428124419,1481.5315770513216,-11.240334238879768,1503.4352094869628,1503.0041168791363,0.4310926078264856
1-a53087b6-0bf0-4b1c-855f-b75805e33ba3,1961.6,1862.2,99.39999999999986,1478.0528813464769,1503.329651905041,-25.276770558564067,1501.0084627127926,1494.3481881358196,6.660274576973052
1-28a0a77d-5f92-4f33-9edc-023a5d02c5a4,1991.0,1981.0,10.0,1488.3009319517253,1500.0,-11.69906804827474,1497.6980309291446,1500.0,-2.301969070855421
1-e4879828-360d-475b-a729-2c20060b8805,1929.0,1957.6,-28.59999999999991,1491.4219411597794,1500.0,-8.578058840220592,1497.6094936571885,1500.0,-2.3905063428114772
1-06cca0a3-6b35-4e5a-8f9b-486e2ff438ff,1767.2,1799.6,-32.399999999999864,1507.8777321786597,1495.661282699346,12.216449479313724,1501.8121634168288,1493.9074577742144,7.904705642614317
1-9994ace7-b679-41a4-bfa3-ae2c206c84d6,1791.8,1809.8,-18.0,1475.9354605461785,1511.8336059386234,-35.8981453924448,1478.0155972898872,1503.9819116440328,-25.966314354145652
1-1164fc24-9f01-4d51-9c7f-8486762db119,1618.6,1541.0,77.59999999999991,1505.2349836132933,1500.0,5.234983613293252,1509.0066033745138,1500.0,9.006603374513816
1-966dac1f-c8fb-409e-8c87-bed1cc185f2b,2396.0,2349.8,46.19999999999982,1469.1120604810317,1481.4725240756263,-12.360463594594648,1494.5666438182577,1505.439709724878,-10.87306590662024
1-5f7635a5-6f0f-4696-8b5e-6a554f88a994,1858.6,1980.8,-122.20000000000005,1501.6409974662388,1500.0,1.6409974662387867,1499.8637157790643,1500.0,-0.13628422093574954
1-4a8b5c5f-8d98-420b-8900-0b06e809f4ca,2146.8,2090.2,56.600000000000364,1498.4265051421066,1500.0,-1.5734948578933654,1499.8569015680173,1500.0,-0.14309843198270755
1-c57921f2-3ffa-439b-9390-04e49054c05a,1932.8,1938.4,-5.600000000000136,1501.6416249541794,1500.0,1.641624954179406,1499.8493700715971,1500.0,-0.15062992840285006
1-77bd0179-b12d-4c51-9679-5d67132e9ad0,2031.2,2000.8,30.40000000000009,1504.8556022298337,1503.3380291565913,1.5175730732423744,1499.6555556779865,1514.9956299286482,-15.3400742506617
1-e7728e87-0457-458e-b293-40f4d9fc9a3d,2100.8,2173.0,-72.19999999999982,1508.1304729869019,1500.0,8.13047298690185,1499.6352942472797,1500.0,-0.36470575272028327
1-c0872989-74c4-4905-b825-3487f6186563,1802.8,1903.4,-100.60000000000014,1500.0,1504.9763033001502,-4.976303300150221,1500.0,1499.6125001377347,0.38749986226525834
1-5961976f-ec28-4b95-8332-717f5ed451aa,1844.2,1955.6,-111.39999999999986,1508.2522954601914,1500.0,8.252295460191363,1499.5866668135836,1500.0,-0.4133331864163665
1-f37dd020-32a3-41a5-917c-235b3f3894fa,2194.6,2156.2,38.40000000000009,1500.0,1508.3639151722798,-8.363915172279803,1500.0,1501.6569729137068,-1.6569729137067952
1-525f1543-78bf-4659-a1ab-6850d69e8418,2283.6,2163.0,120.59999999999991,1500.0,1518.068658877787,-18.068658877786902,1500.0,1499.7615385462982,0.23846145370180238
1-d9f62a39-f7b7-4144-a45f-40b7b7e924cc,2051.0,2143.2,-92.19999999999982,1500.0,1511.8042631844437,-11.804263184443698,1500.0,1499.4833335169797,0.5166664830203445
1-9f2265f8-e923-4835-8e90-85e334f90b2e,2422.2,2367.0,55.19999999999982,1500.2002710615318,1518.1802617621506,-17.979990700618828,1506.0027456732498,1499.6820327592254,6.320712914024398
1-5f8eff4d-79f4-4aa1-a3ac-a3d5277fa6ae,1953.8,1967.2,-13.400000000000091,1500.0,1512.0809421090282,-12.080942109028229,1500.0,1499.3599731142224,0.6400268857776155
1-7c975b34-3dbf-4450-9dd2-8be4a5d968ea,2150.2,2109.4,40.79999999999973,1515.4228990273018,1500.0,15.42289902730181,1499.2888590158027,1500.0,-0.7111409841973
1-77c14f71-f53c-4baa-9b75-7f503a3c6846,2132.0,2034.0,98.0,1500.0,1512.3364744292335,-12.336474429233476,1500.0,1499.199966392778,0.8000336072220762
1-f7b6f92b-1c7b-49ae-a7ee-3ce74d22109e,2055.6,2024.2,31.399999999999864,1509.221386600963,1500.0,9.221386600962887,1499.0856758774605,1500.0,-0.9143241225394831
1-9c423e4d-856b-4a85-a65c-470356bc5d30,1966.4,2064.2,-97.79999999999973,1515.6192462313309,1500.0,15.619246231330862,1496.29611401795,1500.0,-3.7038859820499965
1-b5662350-3c59-4a9f-b238-4371c3de4675,2010.0,2112.0,-102.0,1493.658939512196,1509.5110504476597,-15.85211093546377,1506.3405202037577,1499.9881583260053,6.352361877752401
1-826c7eb2-8efc-432a-9687-5d3f72347c9a,1883.6,1992.2,-108.60000000000014,1503.1407916300266,1506.3405202037577,-3.199728573731136,1500.0,1499.2,0.7999999999999545
1-3eaf11f2-c8f0-4ff9-9b6f-7c860babf940,1994.0,2045.4,-51.40000000000009,1506.4292008295452,1500.0,6.429200829545152,1501.0666666666666,1500.0,1.066666666666606
1-71d18bf5-14bc-4f05-ae95-bd68ebc08674,1972.8,1782.8,190.0,1500.0294722558142,1496.8,3.229472255814244,1500.0,1500.0,0.0
1-896e423e-f603-4550-af36-a3305e1187ae,2083.4,1999.6,83.80000000000018,1496.8,1500.0,-3.2000000000000455,1500.0,1500.0,0.0
1-80372244-88f1-4723-b8ef-ce00766ee68c,1829.0,1872.8,-43.799999999999955,1500.0,1500.0,0.0,1500.0,1500.0,0.0
1-00bb8e71-bfd9-4f96-b2ee-1c1350fc2143,1680.4,1605.4,75.0,1471.0110628369891,1481.0797749971634,-10.0687121601743,1499.39652349358,1498.3439965694783,1.0525269241015849
1-b47950ca-d53a-4d3b-a267-afd3343e4520,1643.8,1732.2,-88.40000000000009,1494.5152961790102,1502.3353761065223,-7.820079927512097,1487.4811620296646,1472.5137674394327,14.967394590231834
1-389461a5-1094-4fa5-94de-018943d39993,1588.2,1653.2,-65.0,1506.5482497235735,1444.644379351609,61.90387037196456,1502.0294729778568,1499.7862786883136,2.2431942895432258
1-5755d7b0-42d8-4793-bad3-37d11f7eb5d0,1550.8,1604.6,-53.799999999999955,1506.980711911863,1496.9422640725484,10.038447839314586,1489.2296713991059,1515.5404807066561,-26.310809307550244
1-e90d1a21-fb2a-4e0e-9802-3e5f45f414db,1465.8,1533.8,-68.0,1511.9843638059579,1513.0618754967,-1.0775116907420852,1510.6331350076998,1504.1161494440635,6.516985563636354
1-dd6e3b24-0588-4757-a086-38e64a249ca3,1513.2,1534.8,-21.59999999999991,1486.9353719244803,1510.9986312327865,-24.063259308306215,1497.8052107944475,1515.5004932588972,-17.695282464449747
1-4d7fe402-bee5-4d07-b3a5-6e35d78ccfb8,1579.2,1481.6,97.60000000000014,1518.824512498697,1487.8915132414904,30.932999257206575,1502.8134716975046,1499.4864791433438,3.3269925541608245
1-474d6d55-1dea-48bb-978a-557b80647c14,1840.0,1582.2,257.79999999999995,1507.8305017209652,1496.5758252983023,11.254676422662897,1513.5397502241462,1487.7039792493292,25.835770974817024
1-40b297b5-b0a8-4b05-8ab4-8d44394a22ca,1519.4,1532.6,-13.199999999999818,1507.943066485068,1506.1023454859069,1.8407209991610216,1509.219378742279,1499.4638697395571,9.755509002721965
1-e7d203a2-98a8-4019-a2d3-a73246e03076,1639.2,1551.0,88.20000000000005,1500.0,1514.4835456244937,-14.483545624493672,1500.0,1514.1911603257213,-14.191160325721285
1-ec8c4a1b-21c3-4085-adc0-d4e002adcc5c,1371.6,1668.0,-296.4000000000001,1514.4525963818555,1488.0345815829046,26.418014798950935,1499.5408184662854,1509.024962882909,-9.484144416623622
1-6db1b140-d6a2-48e0-92b4-93265e183bec,1615.8,1567.0,48.799999999999955,1521.1816329307198,1493.6466363914928,27.534996539226995,1503.904716009169,1503.934329289902,-0.02961328073297409
1-c386e3eb-0520-47c8-95cc-2769cad4f28d,1697.2,1718.4,-21.200000000000045,1505.9787708697909,1511.7552024532529,-5.776431583461999,1495.9802759872648,1502.9301514100532,-6.949875422788409
1-0531251d-3943-4b0f-9e94-24355d60b48a,1693.0,1551.2,141.79999999999995,1511.6954673645087,1496.855736038559,14.839731325949742,1499.808482478662,1506.0520755523423,-6.243593073680358
1-9831fad0-ea05-4b2f-b844-04e6a6970280,1431.6,1558.0,-126.40000000000009,1527.5995060417968,1496.8597428518378,30.73976318995892,1500.899472491462,1506.4872515140546,-5.587779022592713
1-18abbaed-f175-459c-9a18-d47726996e59,1720.4,1682.6,37.80000000000018,1501.3531952109538,1518.512061231085,-17.1588660201312,1517.8579812871667,1496.9085341878013,20.949447099365443
1-4b51b1e3-900b-4c01-9d47-8d8b3ead9364,1870.2,1698.2,172.0,1493.7582313128391,1521.8790892222285,-28.120857909389315,1521.0770401365924,1496.2062745981364,24.870765538456
1-06e3e83c-5865-4069-bb91-d6787ffe31e5,1244.6,1244.6,0.0,1522.0209538994288,1500.0,22.020953899428832,1501.8582289641374,1500.0,1.8582289641374246
1-29fdffc1-1968-42d3-85f5-7d5d2592bc0d,1434.4,1566.2,-131.79999999999995,1515.7962640095343,1506.2768559445753,9.519408064958952,1500.036639084848,1493.4567828094052,6.579856275442808
1-5d8a88dd-23ec-49b4-abb5-8656eb9f0b81,1325.6,1199.6,126.0,1509.5725523346175,1500.0,9.572552334617512,1500.0549586272723,1500.0,0.054958627272299054
1-bea41964-965e-4943-bde4-cb429997fba7,1359.4,1312.0,47.40000000000009,1503.2,1500.219834509089,2.9801654909110766,1500.0,1501.6166699210203,-1.616669921020275
1-78b3958b-3a29-4807-bf93-d21432cf848c,1296.4,1188.6,107.80000000000018,1500.0,1500.0,0.0,1500.0,1500.0,0.0
1-2e0ac978-425b-4681-ba99-51df1a73e723,1758.8,1629.6,129.20000000000005,1487.4554582644482,1501.2328327176779,-13.77737445322964,1514.9208696496746,1497.3743681789572,17.54650147071743
1-b7a05259-66b1-485d-80ad-0329f3c19b24,1369.8,1412.0,-42.200000000000045,1481.8874193352872,1496.8957700448605,-15.008350709573278,1495.658699589072,1500.6045579766303,-4.945858387558246
1-240dd8da-9414-4269-90a6-150ccc773a7e,1530.8,1554.2,-23.40000000000009,1494.8991298052356,1524.9348439260054,-30.035714120769853,1499.10724570147,1501.5909905831104,-2.483744881640405
1-bbd24c10-72b2-47d9-a62c-0a28c10d7647,1682.4,1602.0,80.40000000000009,1491.4927981826445,1505.9952456116769,-14.502447429032372,1478.7400031972184,1503.3223942097547,-24.58239101253639
1-8eaf1a11-6f2d-426f-8973-eba2a5a5ba7e,1726.4,1714.8,11.600000000000136,1476.3846194171824,1521.355916164279,-44.97129674709663,1502.0401315694737,1508.2422062911196,-6.202074721645886
1-52dff8bd-45e6-475c-bb57-96150d08f137,1611.0,1564.4,46.59999999999991,1467.0808332613492,1489.1075511213105,-22.02671785996131,1496.9663776787504,1502.7024054365486,-5.736027757798183
1-02746193-7205-4558-9a5d-a488a98ecc84,1531.0,1611.0,-80.0,1487.546704229986,1498.1374515883276,-10.59074735834156,1500.5303686482785,1493.1921783658318,7.338190282446703
1-fb428287-5325-4ace-b3c1-ea43d57e5122,1516.8,1678.0,-161.20000000000005,1514.7457880633824,1484.2439071226895,30.5018809406929,1499.9092720996396,1498.1675779747388,1.7416941249007323
1-9ec5e432-7311-4697-aea9-14f696009d4f,1732.2,1778.8,-46.59999999999991,1473.9172435948399,1488.076218257405,-14.158974662565015,1497.7212123537406,1495.2551674883453,2.466044865395361
1-98c8e55b-cc6a-4450-aa0f-ddccfcf6921a,1488.8,1555.8,-67.0,1477.368653207476,1535.6292426597538,-58.26058945227783,1516.7337171462561,1497.7618430278853,18.971874118370806
1-649cd1c1-5b7e-4179-b199-8fb384e23c28,1494.6,1516.2,-21.600000000000136,1490.9514631003765,1478.7519334507763,12.199529649600208,1500.6062744131978,1501.257690415413,-0.6514160022152282
1-8147303e-263b-4fe2-b044-5ff192030e1c,1422.2,1414.6,7.600000000000136,1502.9191539014478,1483.9178096779399,19.001344223507886,1495.043277611241,1503.2525488773447,-8.20927126610377
1-4d4f8231-ffee-4820-9786-c816e6e4b02a,1519.8,1690.2,-170.4000000000001,1519.7640800709898,1516.1968475729732,3.567232498016665,1502.0405339438787,1501.769955483188,0.2705784606907855
1-fb041395-c301-46a2-86a2-e316c685aa36,1251.2,1253.4,-2.2000000000000455,1496.708275135154,1500.0,-3.2917248648459463,1497.1992958362346,1500.0,-2.800704163765431
1-96d53660-a0e2-4ce4-8648-ffa1f701bbdc,1409.4,1374.0,35.40000000000009,1506.1663459924716,1512.9844870587017,-6.818141066230055,1499.8132851236655,1494.4778306278126,5.3354544958529
1-f0cd603b-22e1-4997-8ba9-cb85e425372a,1779.6,1743.8,35.799999999999955,1501.414065476488,1465.539521796214,35.87454368027397,1510.978449247871,1504.1140676672628,6.8643815806080966
1-f092609a-a57e-4767-a3de-d85c2928ad71,1699.0,1891.8,-192.79999999999995,1488.1449218379755,1475.161828900919,12.983092937056426,1502.6700739369983,1501.4253040327476,1.2447699042506883
1-fcbbe036-0948-47bb-af89-c7706b2486fb,1622.6,1856.0,-233.4000000000001,1503.9753090834852,1513.5058157600984,-9.530506676613186,1499.477909159916,1511.6923641258018,-12.214454965885807
1-157027e5-3f86-41bd-82b0-17f33d03e031,1393.8,1480.2,-86.40000000000009,1484.0589395120508,1491.4474716402406,-7.388532128189809,1500.4,1517.8333821000178,-17.433382100017752
1-b72f6392-26f4-4bdc-889f-516c64f68cc6,1803.2,1851.0,-47.799999999999955,1501.3620867830632,1505.0413657518347,-3.6792789687715413,1511.6093299292245,1494.5157274504286,17.0936024787959
1-2167fe59-0932-4245-bc9b-833865c3533f,1593.8,1663.2,-69.40000000000009,1506.8388931995028,1488.4793898391413,18.359503360361487,1507.2231952487323,1496.9517018718097,10.271493376922535
1-93adfe11-c84b-474b-96e9-3b96c5105e0b,1597.6,1536.0,61.59999999999991,1502.8771981143814,1500.2730880584757,2.6041100559057213,1511.9863697120848,1498.7340079617895,13.252361750295222
1-b6c096d1-0fcb-4d35-ad9e-35513a695898,1663.0,1618.0,45.0,1490.7190956663926,1490.0827220064364,0.6363736599562344,1506.8632657968265,1490.574912969667,16.288352827159542
1-2da2eaa5-7946-4e47-8aa9-b584bcdc8f3e,1440.8,1526.2,-85.40000000000009,1503.5762415600525,1494.3509526518214,9.22528890823105,1501.6497879553426,1504.455082428505,-2.8052944731623484
1-756e53ba-b2a0-4d9a-8e03-b5390c4e5edf,1443.2,1437.6,5.600000000000136,1500.745825745925,1493.8376439920069,6.908181753918143,1504.9914048643384,1507.139008083534,-2.1476032191956165
1-5e7ef380-5ad7-4798-845c-484ef49d3571,1319.0,1385.2,-66.20000000000005,1512.3475461347746,1493.6797186468261,18.667827487948443,1500.3524014795241,1501.3990211481698,-1.0466196686456897
1-3bf70e7f-5777-49c0-a317-b868ab1cb797,1958.0,2083.6,-125.59999999999991,1540.5050328855634,1470.2598303635825,70.2452025219809,1492.7791146546256,1497.8413598620348,-5.062245207409205
1-cbb96721-61ac-4061-9686-7092b3932cf2,1841.4,2025.0,-183.5999999999999,1507.2531450488257,1496.2112998871812,11.04184516164446,1524.9327937476933,1511.9517601835023,12.981033564190966
1-ae5aa255-d271-4751-895d-036e5ff82650,1970.2,2030.4,-60.200000000000045,1479.493260089335,1527.8681741128942,-48.374914023559086,1499.4993325879345,1503.4760540304496,-3.9767214425150996
1-ff3aac59-6ae3-4611-9b08-876712df1f9a,1991.8,1960.0,31.799999999999955,1499.4050769970731,1502.3401380541752,-2.935061057102075,1507.0714227888118,1495.5949307253934,11.476492063418391
1-a4177cc0-dd0d-4ade-8aeb-d0f01dd2411b,1802.8,1749.6,53.200000000000045,1496.9332557214461,1503.1296670322422,-6.196411310796066,1512.544309723449,1495.212600012122,17.331709711326994
1-61ddf224-f2b9-4585-81e8-dba90e242d47,2386.6,2296.8,89.79999999999973,1516.444276638286,1505.2060196031803,11.23825703510579,1505.8601173736652,1501.351840314796,4.508277058869226
1-2769113d-30a5-43dc-9ef7-b08cdc5241b8,2397.8,2301.0,96.80000000000018,1493.9892693418965,1522.3405465053181,-28.351277163421628,1504.1401205967768,1508.3459109861983,-4.205790389421509
1-3397a8ea-e736-4461-98c6-b836df120166,2059.2,1965.6,93.59999999999991,1532.836845971389,1517.1712468406265,15.66559913076253,1517.1862839595317,1498.8375301012052,18.348753858326518
1-ce63590f-3c5f-4491-adc7-22a3fee4ac5d,2488.4,2296.8,191.5999999999999,1499.8529039400569,1520.101402446158,-20.248498506101214,1506.0439909658883,1512.7355121227283,-6.691521156840054
1-cfc2ce0e-5370-4b60-974f-3e45bcca67af,1826.6,1858.0,-31.40000000000009,1524.5681065577592,1493.3883515153316,31.179755042427587,1498.4209086713886,1479.4411976204542,18.979711050934384
1-f2c456d8-e032-4248-8372-7ac30dbbd295,2162.6,2211.2,-48.59999999999991,1508.51090205673,1508.5429151645897,-0.032013107859711454,1496.635489870042,1493.9627909932963,2.6726988767456987
1-508f2927-14f8-4254-918c-2c2881a968d8,2071.4,2034.8,36.600000000000136,1500.0,1512.8568416993037,-12.856841699303686,1500.0,1501.5404586710092,-1.540458671009219
1-67bc0edf-a7b1-4a97-a2e9-53cf08a33890,2025.4,2072.0,-46.59999999999991,1493.7251260622245,1507.3282937965284,-13.603167734303952,1501.921440894208,1513.9208680303336,-11.999427136125632
1-ea46af21-c005-441b-867f-b7c890f41c4f,1720.2,1970.6,-250.39999999999986,1507.039665815098,1512.693094221432,-5.653428406333887,1513.66664073968,1497.0981456674645,16.568495072215455
1-3a5884a5-d0bf-45a5-902f-cb71f5fc95df,1944.4,1888.8,55.600000000000136,1515.269370414892,1503.5782980582242,11.691072356667746,1488.6706119731905,1502.2502760788252,-13.57966410563472
1-fe7cdde8-ae54-401c-896a-63d1cb26f194,1991.8,2078.4,-86.60000000000014,1497.4216128123314,1500.1414240216473,-2.7198112093158215,1508.0651058182084,1499.990819737074,8.07428608113446
1-2e857bc0-d1f1-4c12-b441-70cb5a74d910,2195.0,2030.8,164.20000000000005,1503.3724847788321,1500.0,3.3724847788321313,1499.9889836844884,1500.0,-0.011016315511596986
1-dc323a5a-0b1c-4dde-a117-6f83a99ec1bf,1623.2,1866.8,-243.5999999999999,1503.235997720459,1500.1440072459422,3.091990474516706,1503.9085677164708,1499.1772301754959,4.7313375409748915
1-ccbddd0d-010c-4deb-a36e-1b8f236db168,1852.0,1720.2,131.79999999999995,1496.9767739155782,1493.4190536175718,3.5577202980064158,1501.0966223614705,1491.964933255007,9.131689106463455
1-1fc98a15-4f4d-494c-87b5-854c1de9ac18,1685.8,1841.8,-156.0,1500.1157417395414,1483.9979375127068,16.11780422683455,1507.8989247396075,1500.5203988916967,7.378525847910851
1-7e5f167e-729f-4241-8f26-0ef1eb9382bc,2004.6,1727.0,277.5999999999999,1503.1741253448697,1500.0873118849481,3.0868134599215864,1500.0,1506.3118620671728,-6.311862067172797
1-b7d1a17d-a327-4352-b455-dbb96f672a64,1629.4,1820.2,-190.79999999999995,1500.0,1500.0,0.0,1500.0,1500.0,0.0
1-e8ba39cf-9452-410b-ad63-d8fb98e7b8df,1996.8,1981.4,15.399999999999864,1506.1014041576952,1478.0416511549447,28.05975300275054,1499.7010126587343,1504.2672883931687,-4.5662757344343845
1-37fe8ade-2ea4-452d-94bd-9737eb772f8e,2263.2,2374.6,-111.40000000000009,1485.865249628378,1525.3441795815254,-39.47892995314737,1501.9022460640967,1498.7406947119794,3.1615513521173852
1-796dc76e-4aa0-4118-85d2-9d276b056380,2161.4,2237.2,-75.79999999999973,1494.7655021359665,1523.059895960812,-28.29439382484543,1496.3822748794014,1496.322396473163,0.059878406238340176
1-5add4fea-34a6-4bbf-ad1b-c1a7fb2ade76,2280.4,2189.6,90.80000000000018,1504.7878129457813,1488.8669317711324,15.920881174648912,1499.6017533852203,1498.7175459434059,0.8842074418143966
1-49fcb2cc-cc1a-4438-bf58-28c0cce68abe,2049.0,2068.2,-19.199999999999818,1511.557409316074,1518.4614219206974,-6.904012604623404,1504.7966030535551,1499.8487487425793,4.947854310975799
1-6923c4a3-03a4-4dcc-9b75-0c3e5920f27b,2173.2,1952.0,221.19999999999982,1511.7669135462315,1483.6939839082124,28.072929638019104,1499.6843106462711,1497.7947967415514,1.8895139047197063
1-f6af6bf7-4963-47ed-9f58-7eb66596018c,1462.2,1481.6,-19.399999999999864,1469.7717812595158,1477.8146395958393,-8.042858336323434,1503.1046590980445,1501.2830401293095,1.821618968735038
1-9a83ee7f-35c9-496a-a9d2-9b256f8697a9,1980.2,2156.6,-176.39999999999986,1480.8616479107927,1508.8104327858614,-27.948784875068668,1497.4072829523925,1496.3149843480992,1.092298604293319
1-e51bfc8b-c7c4-4879-a49c-eee12a02d0f5,1632.4,1560.2,72.20000000000005,1483.6452194105882,1501.8934391696052,-18.248219759017047,1494.3916685330441,1488.9977721455687,5.393896387475479
1-fcf6a24d-0678-4c10-a667-c20e25ce560f,1798.4,1839.8,-41.399999999999864,1480.7071181203844,1498.3389484067168,-17.631830286332388,1502.322224092798,1499.1151143008726,3.2071097919254044
1-a986c946-7101-437a-b8b9-b6e3d6040e5d,1771.4,1769.0,2.400000000000091,1475.121009112617,1501.3538102269629,-26.232801114345875,1491.462379342783,1496.1891065205261,-4.726727177743214
1-b5b0100b-2131-4d01-a0b9-d43b2f0a78aa,1773.0,1814.6,-41.59999999999991,1466.8157348934922,1496.7778029798405,-29.96206808634838,1494.864740945421,1498.6834942545577,-3.818753309136582
1-477c81d0-cf20-4521-a1ff-72a98ab6ed9c,1733.0,1703.6,29.40000000000009,1486.2647203274755,1491.8556069673632,-5.590886639887685,1504.6791510563878,1509.1717340141474,-4.492582957759623
1-d2327380-35d4-4c9a-9b4e-d0695af13b03,1981.4,1827.8,153.60000000000014,1491.7195795407931,1466.8466841129061,24.872895427886988,1506.7759786351337,1497.18355300188,9.592425633253697
1-6c02c7fa-76b2-48ff-befc-2e89d5e9815b,1698.8,1821.8,-123.0,1480.7633913102914,1470.0514977909884,10.711893519302976,1501.8955406996506,1501.5158970222492,0.37964367740141824
1-28e4c753-98e2-41c6-a0fd-3dca79515d28,1914.0,1965.2,-51.200000000000045,1475.4410624293387,1504.4065265206343,-28.965464091295644,1499.736022383827,1502.378716567984,-2.6426941841568805
1-32bf26ce-20d7-419e-bb42-a22b39109468,1986.4,1944.0,42.40000000000009,1505.663182603746,1478.1463554706347,27.516827133111292,1491.7262677685583,1499.2958550098087,-7.569587241250474
1-ee3589d0-e2c1-4a34-a1da-b5830fb033fd,1805.4,1836.2,-30.799999999999955,1487.1085212243026,1461.2021708938742,25.906350330428495,1501.8535692375517,1500.3062688209884,1.5473004165633029
1-608def28-8e9a-4e45-b622-1c51d5c10e42,1612.0,1558.6,53.40000000000009,1502.9874330088999,1466.3802043983565,36.607228610543416,1492.968564337174,1496.883903418266,-3.9153390810920428
1-54db6349-79be-4e3f-9aa1-6e948790d432,1636.6,1743.0,-106.40000000000009,1460.4591676707296,1491.4894228568362,-31.030255186106615,1503.8036702278157,1531.5404187222516,-27.736748494435915
1-751e3ab4-9c79-4b20-a1b1-439456f19177,1883.4,1635.6,247.80000000000018,1511.8469848323484,1468.5285778947245,43.31840693762388,1488.9375224919156,1496.804315515893,-7.86679302397738
1-54fedae4-f7d7-4088-87ed-e036a5c042eb,1946.2,1990.4,-44.200000000000045,1493.5122755771,1493.9508036530165,-0.4385280759165653,1499.1876950602991,1495.5496150017395,3.6380800585595807
1-59443b87-e53f-4cc0-ba23-f1a71c6b7ed4,2090.4,1990.4,100.0,1497.774594379501,1510.538331167713,-12.7637367882121,1515.9503299752928,1495.2011926299135,20.749137345379268
1-699345d5-e2a7-441d-a7e3-f678399843a4,2093.0,1990.4,102.59999999999991,1488.0771879789104,1494.8502004116522,-6.77301243274178,1499.8630694315104,1496.1629183595828,3.700151071927621
1-4ca8d9c7-16e8-4de5-a3ab-8de9509da015,1978.8,1990.4,-11.600000000000136,1487.61299535675,1478.4272811764604,9.185714180289551,1501.3338996252735,1497.7413027227863,3.59259690248723
1-5b3dfb5d-c3c3-4dfb-8c3c-f7311aa7a7cd,2120.4,1990.4,130.0,1496.729618260153,1494.3161380951747,2.4134801649784094,1497.4998952805806,1498.1732022044168,-0.6733069238362077
1-02d8dd2e-5564-4bd3-b1af-c2cae2f98fa7,1911.4,1803.4,108.0,1496.474143166159,1481.082008189259,15.392134976899797,1510.2031068116892,1500.197331027149,10.00577578454022
1-e5a00963-4de1-41b2-b9a4-527e5db1ab39,1744.2,1709.0,35.200000000000045,1464.258415776988,1496.8760521432944,-32.61763636630644,1496.110881562066,1505.291519164597,-9.180637602531078
1-7bd18c09-cf45-4cde-babe-9dbcbe021eed,1621.2,1637.6,-16.399999999999864,1496.216905108456,1476.5932688184803,19.62363628997582,1523.2629310950713,1505.2325181342076,18.030412960863714
1-5563597b-e2a2-4ecb-ae2c-575ac2bc7093,1862.4,2125.6,-263.1999999999998,1495.285278322242,1505.3032279872573,-10.017949665015294,1497.2514909755,1499.9366008467955,-2.685109871295481
1-2a4f86ae-db65-4aa4-bec4-0399fd864564,1588.6,1480.4,108.19999999999982,1491.255037853819,1498.89445778421,-7.639419930391114,1520.490684642542,1499.0960551799978,21.394629462544117
1-8b08fba3-f82a-4bad-bdd1-d17bf57ede77,1919.2,1731.0,188.20000000000005,1500.0,1508.848756174357,-8.84875617435705,1500.0,1497.7485452521464,2.251454747853586
1-3d9dd88d-7994-4e5a-84a3-b1a0c9feec8a,1513.8,1603.0,-89.20000000000005,1496.8258746551303,1496.1134561265515,0.7124185285788371,1502.8093662131755,1498.2796993847016,4.529666828473864
1-8316e43e-5eb7-4b8f-83e4-064e708fbfd0,1512.2,1641.4,-129.20000000000005,1505.785013060564,1496.7981967804606,8.98681628010354,1496.1185168623688,1503.2312863165516,-7.112769454182853
1-82ab87ac-100d-4efb-865f-ae4640bb0812,1748.6,1623.2,125.39999999999986,1500.160138491234,1512.6231814638481,-12.463042972614176,1495.2841312232738,1497.3333333333333,-2.0492021100594684
1-1912ed83-c456-48a4-8e22-3d24afa6983d,1982.0,1742.2,239.79999999999995,1496.8,1503.2,-6.400000000000091,1500.0,1500.0,0.0
1-7b824c0f-1b28-44f8-94d3-a11aa25d89ce,2144.0,1999.8,144.20000000000005,1500.0,1500.0,0.0,1500.0,1500.0,0.0
1-87db2a9a-1b5b-4844-95c1-657e3248bb78,1666.4,1683.2,-16.799999999999955,1468.7547501080003,1501.4575702686975,-32.70282016069723,1507.623382833513,1521.1678027136147,-13.544419880101714
1-46290eb3-457e-4e23-be23-c9db01eb65a8,1973.4,1985.2,-11.799999999999955,1493.5392240548103,1486.600160269747,6.939063785063354,1501.3073370264653,1495.9553146513465,5.35202237511885
1-741a8cc0-991b-4c9d-9b21-8cc0824e6aac,1735.0,1666.0,69.0,1516.5963416285801,1482.9620357147433,33.6343059138369,1498.8430814489818,1501.2212406024328,-2.3781591534509516
1-65696aa0-ff25-4572-aa07-ad28bd309687,1869.0,1888.4,-19.40000000000009,1525.1211314686445,1505.37491268051,19.746218788134456,1496.05576515193,1531.7417516187952,-35.68598646686519
1-df9bb886-17bf-4a96-94b4-46471a471f88,1964.8,1943.8,21.0,1539.7340850237028,1540.4802912265245,-0.7462062028216678,1478.3438531458214,1500.5563433357138,-22.212490189892378
1-818e6463-e44c-4b69-b7dc-29b86fa5e681,2346.4,2418.4,-72.0,1498.7422265007926,1505.448225384681,-6.705998883888469,1500.3592559248773,1496.9491366269724,3.4101192979048847
1-11a8e374-4a69-44c6-b6ec-661cc487d623,1832.4,1826.8,5.600000000000136,1547.0345145086706,1486.9590264438707,60.075488064799856,1499.1624625982197,1496.8172895722228,2.345173025996928
1-fd80a9f8-9a92-4b08-b6d4-8de08ed83baf,1881.2,1808.0,73.20000000000005,1514.7946309890367,1504.9079969564787,9.88663403255805,1506.3301515306339,1502.1352978657821,4.194853664851735
1-04272973-f913-4f1d-b623-30db7886e6e7,2082.6,2205.6,-123.0,1511.651611370044,1474.594786797092,37.05682457295211,1504.5041377158177,1497.8935617510288,6.61057596478895
1-5544ff2e-07b8-4878-ab2d-349edab1ab8d,1923.2,1874.2,49.0,1495.5165825029198,1464.4394151607921,31.077167342127723,1500.630497868056,1500.387186378468,0.2433114895879953
1-9683f015-d845-4d00-bbcd-1c29333e427f,1919.6,1976.8,-57.200000000000045,1506.144283260214,1488.8810639371954,17.263219323018575,1501.9066884335039,1496.2978586827514,5.60882975075242
1-064f7fe3-85da-4260-a6f4-b2ecc6d48f3e,1834.8,1805.0,29.799999999999955,1498.7902943058075,1476.6590897663966,22.131204539410874,1501.2255488135302,1504.3003776821372,-3.074828868607028
1-d7c31bbc-8858-4ffb-ba03-eb662eee6f2e,2153.4,2074.2,79.20000000000027,1487.6730238700889,1506.9090884922878,-19.23606462219891,1505.6003360488241,1499.5837773820137,6.016558666810397
1-763a3dd7-44d7-4ffc-9b93-708fc9ac1c98,1954.2,1977.8,-23.59999999999991,1504.097954377503,1473.1820680315836,30.91588634591926,1498.0300088476388,1503.6227364775013,-5.592727629862566
1-856a717f-fc95-4600-9aec-e0433dcef536,2076.4,2080.6,-4.199999999999818,1479.184118134659,1518.9302514416247,-39.7461333069657,1501.2820709938946,1498.6630593529526,2.6190116409420625
1-55f2080b-0ddb-4ecf-95f7-04018e399d5a,1743.2,1875.8,-132.5999999999999,1466.7150530902254,1503.9185887915685,-37.20353570134307,1502.2117610362336,1495.343114013273,6.868647022960658
1-b6c79f42-83de-4a93-92ef-0f57b0acb617,2112.8,2103.8,9.0,1455.914091443637,1490.736573490593,-34.822482046955884,1505.741916136749,1498.2442668566748,7.497649280074256
1-9b251605-1735-4325-9040-63b939810258,1766.8,1834.4,-67.60000000000014,1489.6916868550468,1533.6546384527467,-43.962951597699885,1503.3874215919186,1505.08105127899,-1.6936296870712795
1-fe2a67ff-0962-4db5-9f59-93c0e6d35a35,1919.2,1995.6,-76.39999999999986,1506.4102969685305,1518.664591030421,-12.254294061890505,1508.9837217515833,1500.9381013991976,8.04562035238564
1-20d0b206-19cf-405c-9965-d3a8ac35e027,1904.8,1886.6,18.200000000000045,1508.4088903579116,1500.9558060251238,7.453084332787739,1499.3706899502808,1501.2183668525183,-1.847676902237481
1-f65476a8-6525-4072-95f0-53f3adbb0ef1,1903.2,1860.8,42.40000000000009,1496.2376765905058,1571.0322553908277,-74.79457880032191,1500.9706487014794,1495.4547189965208,5.51592970495858
1-03b17605-105c-4efc-9857-684884385a64,1703.8,1779.0,-75.20000000000005,1498.279613999601,1486.6675319217622,11.61208207783875,1508.155641486273,1503.849536254695,4.306105231577931
1-48a463fc-cb13-4964-825d-d9479a5feb1a,1845.0,1729.0,116.0,1487.719350999259,1522.9113872776568,-35.192036278397836,1509.3784261627304,1501.6653462795007,7.713079883229739
1-4f316dd8-7471-4bee-8ca1-13aa1a49f7d0,1673.4,1623.0,50.40000000000009,1499.832574565014,1502.8599442725915,-3.0273697075774635,1501.9665331633187,1490.6526841154202,11.31384904789843
1-ac6034cf-653f-4da0-a692-412f7234973e,1963.8,1820.6,143.20000000000005,1489.5752068093575,1511.5974422006,-22.022235391242475,1497.1555512569744,1500.3438137738656,-3.1882625168912
1-21925f36-0edc-474d-8ae2-e7503cb2b4e8,1731.2,1794.8,-63.59999999999991,1480.7525787710604,1481.181763012627,-0.42918424156664514,1502.4331032328614,1491.022425961845,11.410677271016311
1-4a6ca89e-5b9d-44ef-9e9c-5ff132514f99,1922.6,1687.8,234.79999999999995,1512.6079127927824,1469.4531963997651,43.154716393017225,1497.7712497492707,1501.5852144276512,-3.8139646783804437
1-03baaa5f-1a2b-44fd-99a3-d75ee4db31b3,1617.8,1685.4,-67.60000000000014,1506.0480151869733,1489.7729816788794,16.275033508093884,1505.296071309909,1498.6164351023745,6.679636207534486
1-93fab339-6e91-47f8-be4d-53ca2e7e7148,1561.6,1555.8,5.7999999999999545,1489.7960376989358,1492.124062465606,-2.328024766670069,1499.4234279187183,1513.517106923103,-14.09367900438474
1-3cc20ffb-7e41-4c09-baae-428044cd2471,1694.8,1617.4,77.39999999999986,1500.232589708655,1502.119442637712,-1.8868529290568858,1503.4619306262762,1493.3442685238995,10.117662102376698
1-dfeafc93-ab8d-43db-a15a-cbbbd4b01a36,1922.4,1870.4,52.0,1513.9500074304756,1485.8736343425076,28.076373087968022,1493.6653921579614,1518.3737849941745,-24.70839283621308
1-144f69c1-0505-447a-b277-cc47c673e980,1831.4,1807.4,24.0,1500.3667575291986,1495.3934956809794,4.973261848219181,1507.890328160478,1508.5482244410214,-0.6578962805433548
1-1c8666ef-1fcf-4179-966e-5fc438487b5a,1499.4,1655.2,-155.79999999999995,1500.0,1496.7410604879492,3.2589395120508016,1500.0,1493.6000173155708,6.399982684429233
1-28bb293a-ba7f-4261-b439-34d7d4a7453e,1735.8,1741.6,-5.7999999999999545,1471.1640336968517,1481.2867863683189,-10.122752671467197,1502.0236509456488,1503.0948137633218,-1.0711628176729846
1-0af90fec-6c72-4bf3-a2a8-51fad6477908,1616.6,1741.6,-125.0,1526.8879558430765,1462.348348770111,64.53960707296551,1495.8333724875902,1495.2891520573353,0.5442204302548816
1-1ed0c8ee-44aa-41e2-9123-2f0cd4879f42,1736.8,1818.0,-81.20000000000005,1465.4545631040648,1494.6364955963088,-29.18193249224396,1495.8717707976552,1511.738706568509,-15.866935770853843
1-7e760230-8844-47fb-9b5c-02cd08ee7ae8,1770.6,1825.2,-54.600000000000136,1478.248919481591,1500.6012299191136,-22.352310437522647,1506.711952592118,1497.054416005939,9.657536586179049
1-19f6fa43-8478-4c1f-9cd3-83c4e4b375ba,1606.8,1638.4,-31.600000000000136,1496.9744751109827,1501.533663425317,-4.559188314334278,1507.9945158103735,1492.631925586043,15.36259022433046
1-18a91dd7-5346-4237-bbb5-f4f6d23b0e4f,1759.2,1842.8,-83.59999999999991,1515.278370139991,1492.3446375782676,22.933732561723446,1500.219851616425,1530.83763434908,-30.61778273265486
1-5fa42630-a43c-4fb3-9739-32fdb339758b,1822.6,2205.4,-382.8000000000002,1509.5126365874871,1500.0,9.512636587487123,1501.5413996570105,1500.0,1.5413996570105155
1-133ccb76-e03c-41c4-9296-2f19e86ab483,2043.0,1964.2,78.79999999999995,1500.0,1503.0861669473318,-3.086166947331776,1500.0,1502.1989322762388,-2.198932276238793
1-2cdffacb-3a9f-46b7-b204-20ac39cd5495,1591.2,1616.8,-25.59999999999991,1497.4631140879417,1484.9235533849808,12.539560702960898,1495.4599756993387,1501.6198631078316,-6.159887408492978
1-bbba408f-9cac-4d76-8a76-6a471c556cd5,1866.8,1924.6,-57.799999999999955,1464.5049400638295,1507.526102878619,-43.02116281478948,1501.3561121733567,1504.3546266084088,-2.9985144350521296
1-d093c4e3-9dc1-4ac9-8bcc-711e213ccec0,1606.8,1658.6,-51.799999999999955,1507.7846049658124,1508.7964719969934,-1.0118670311810547,1504.936108098984,1499.8491015300976,5.087006568886409
1-831c6dae-09b6-4931-8fbd-1f137276411d,1696.8,1764.0,-67.20000000000005,1465.5296968998696,1507.927356669479,-42.39765976960939,1495.2752132104722,1501.7576405869804,-6.4824273765082125
1-177f87cd-6e7a-4e10-83ff-238eda3e24a7,1786.2,1760.8,25.40000000000009,1504.747921635063,1490.3579417688463,14.389979866216663,1515.0250356053455,1496.9019196082154,18.12311599713007
1-9817f810-c8d5-48f1-9e1a-b3ad4f33234b,1714.6,1638.2,76.39999999999986,1500.0308883131072,1492.8438358876006,7.187052425506636,1499.102835920568,1496.3101355362664,2.7927003843014973
1-ca8dfeb2-0b4f-403c-9832-9b1c12de6214,1690.2,1685.8,4.400000000000091,1493.0867945672717,1503.9819514292676,-10.895156861995929,1500.228963515607,1503.78287236946,-3.553908853853045
1-c2c96718-4e5e-4749-9649-3f7338efe205,1618.4,1533.8,84.60000000000014,1484.0918262629439,1480.584935110425,3.506891152518847,1499.1952761192424,1496.1016712920396,3.093604827202853
1-4a529dd8-934d-45fe-9034-60566a4ac709,1921.8,1967.6,-45.799999999999955,1490.428440582902,1509.3552134840306,-18.926772901128516,1500.7699073551362,1506.6559530398085,-5.886045684672354
1-ad57cc9a-7565-4c51-ae07-a186080ba206,1954.2,1765.2,189.0,1504.5434807372335,1463.3395048826928,41.20397585454066,1502.456323776224,1500.113356772808,2.3429670034161063
1-6a02b1ec-38bf-41e3-b99e-af76baa5fe47,1807.8,1713.4,94.39999999999986,1501.6559097927293,1487.8879204709258,13.767989321803498,1523.451350958177,1496.1870015301508,27.264349428026208
1-d6d29a23-db71-4822-bec2-137fa72a5ddc,1851.2,1722.4,128.79999999999995,1496.4339709634187,1497.120491492858,-0.686520529439349,1501.6658436824944,1504.9103451410153,-3.244501458520972
1-3e8ccd1d-b9a5-4b32-b625-ea0996350eb2,1886.4,1769.2,117.20000000000005,1514.0243053069203,1509.6057510739727,4.418554232947599,1497.3544011016718,1505.2541109068227,-7.899709805150906
1-4c044828-453f-4c7c-bf15-6f9c701e353e,1632.0,1765.0,-133.0,1506.1348489398056,1508.8723027552398,-2.7374538154342645,1512.4085394946194,1503.0561004132958,9.35243908132361
1-39e7aa5d-0f75-43c4-8071-7d1a96d38432,2039.0,2113.6,-74.59999999999991,1493.7327830430831,1493.5121007457888,0.22068229729438826,1501.7305807269504,1500.9748100322333,0.7557706947170573
1-4619d723-f5f1-4fd1-844a-bcd162c9195f,2055.4,1955.8,99.60000000000014,1482.9683281798073,1500.236540557054,-17.268212377246755,1530.6614898726266,1518.3903324504222,12.271157422204396
1-7ea0cd2c-b200-4d39-8f9a-85488e9c1ea8,2032.6,2104.0,-71.40000000000009,1499.7617433527885,1506.4281545828153,-6.666411230026824,1502.6379692650453,1499.3942837275267,3.2436855375185587
1-ade84205-b48c-409d-8134-6a3f52d19f67,1934.0,1873.6,60.40000000000009,1503.0064680405355,1496.2720820699922,6.7343859705433715,1503.9227333387053,1497.7863396727812,6.136393665924061
1-c7e2b4c8-2534-40ab-86c0-1f889a2db3ad,2077.4,2000.8,76.60000000000014,1500.0,1499.883792300815,0.11620769918499718,1500.0,1504.752824748238,-4.752824748238027
1-f36cdb69-27c0-41ee-be64-aa407541b10a,1807.6,1752.2,55.399999999999864,1506.5003078018526,1519.0868574210197,-12.586549619167045,1513.1247552595069,1501.2042424363972,11.920512823109675
1-19e68d74-cadd-4b74-9ce1-efa88d8d7b8a,1645.6,1754.0,-108.40000000000009,1509.2223042239852,1486.7952988095458,22.427005414439463,1504.925582551171,1502.8107061740693,2.1148763771016093
1-b2c681bb-3780-46a1-a98f-01b428247dfa,1838.0,1872.2,-34.200000000000045,1492.0588445666745,1518.0839215568376,-26.025076990163143,1517.2176483449346,1497.2272285683093,19.99041977662523
1-6a5acf11-7211-4a72-9a6b-094347f6efa7,1930.4,1981.4,-51.0,1485.9007937241026,1506.3743838013577,-20.47359007725504,1497.38659115537,1502.5506129174428,-5.164021762072707
1-4c079d29-5365-472b-9d14-284baef55323,1726.2,1984.8,-258.5999999999999,1500.0,1499.7958800274307,0.2041199725692877,1500.0,1500.5235553038663,-0.5235553038662601
1-ef1ad663-0ace-476f-9f40-1acc8dd9a5f3,1958.8,1791.2,167.5999999999999,1506.2826636463965,1503.0242668048436,3.2583968415528943,1500.0,1500.0,0.0
1-0aac538b-1130-4b79-8d73-b8185f51dda4,1990.8,1986.2,4.599999999999909,1506.3410604879493,1500.0,6.341060487949335,1500.0,1500.0,0.0
1-7cf7d25c-3e46-4da7-b5f4-0baa7de6b839,1765.6,1577.4,188.19999999999982,1500.0,1506.4,-6.400000000000091,1500.0,1500.0,0.0
1-133a0f85-fa33-4003-85ba-2e62003df877,1742.8,1861.8,-119.0,1500.0,1500.0,0.0,1500.0,1500.0,0.0
1-98f03a79-a668-4e33-818a-a716429d6fe5,2072.4,2020.6,51.80000000000018,1479.9147770557324,1483.6766272490065,-3.7618501932740855,1499.7540821056482,1495.3160439739595,4.4380381316887
1-b5f22eae-06ed-4375-b583-1a1f5e42fa43,2125.6,2156.6,-31.0,1509.9768623949615,1477.522540703364,32.45432169159744,1499.140291987194,1508.011606737443,-8.871314750248985
1-ff713b69-54ae-4c90-a5e5-1303998df509,2416.2,2229.0,187.19999999999982,1503.4373101759961,1505.495776518419,-2.0584663424228893,1498.2634209454488,1506.3953791074503,-8.13195816200141
1-d3835317-03a5-40e3-93ca-56e8eadd1455,2397.6,2196.4,201.19999999999982,1505.5046544523166,1525.208681813944,-19.704027361627368,1496.0751612357726,1502.753468287134,-6.678307051361344
1-d020b30b-802b-4fa7-a6b8-09364f23681c,2286.2,2289.4,-3.200000000000273,1524.7768942328416,1526.469699669884,-1.6928054370423524,1507.0410464276513,1517.481736417601,-10.44068998994976
1-9255b2ce-9762-411d-8d58-8707c5d198cf,2215.0,2197.6,17.40000000000009,1526.4222047978951,1504.596447745315,21.82575705258023,1504.4029893504357,1505.2560722756577,-0.8530829252219974
1-4d55a190-704f-4271-934a-2b6d475eb84f,1985.4,1922.0,63.40000000000009,1537.7527888350583,1514.7880195926361,22.964769242422108,1504.738835794732,1500.973423961846,3.7654118328860022
1-80c8055d-6e55-4937-8ef2-741a0aa12f11,2148.4,2257.8,-109.40000000000009,1502.0853874060529,1537.5049824622631,-35.419595056210255,1494.8068780735525,1504.0565335497756,-9.249655476223097
1-2b5ef634-83b9-4e51-a8e7-6fb9993d613f,2332.8,2367.6,-34.79999999999973,1510.4541464469396,1503.5203011376998,6.933845309239814,1510.326216838486,1506.861502555907,3.4647142825790525
1-5504396b-fca0-4375-8397-75ceb8be23fc,2472.8,2308.8,164.0,1524.52379314791,1525.2340056115197,-0.7102124636096505,1502.5263489587053,1504.6069938535381,-2.080644894832858
1-9e575f97-3862-4985-8268-f32a9745aa7d,2452.4,2579.6,-127.19999999999982,1513.0301660555672,1534.4829371104302,-21.45277105486298,1504.4054103822366,1501.9396534704888,2.4657569117478033
1-a4105a2a-05f1-4a29-b1fd-2a7c61ebfbeb,2301.6,2088.4,213.19999999999982,1499.9078419003267,1474.405046019258,25.502795881068778,1505.7433720576748,1506.0855717760003,-0.34219971832544616
1-5066b44f-5dba-4018-bd51-7b3c5126ec69,2407.8,2365.6,42.20000000000027,1497.926318639028,1506.1160170488538,-8.189698409825724,1499.0745121872255,1505.99333781128,-6.918825624054534
1-dbb6c3f7-addd-463f-868d-be37a32ca5f0,1951.4,1995.4,-44.0,1514.617653666102,1493.225055782398,21.392597883703957,1504.1725797562676,1498.4265155352746,5.746064220993048
1-d36245bf-8b4b-4e09-90a4-884e0eaa6c68,2193.6,2233.4,-39.80000000000018,1535.7067375180966,1491.595545195573,44.11119232252349,1504.5488813258803,1504.499631909697,0.04924941618332923
1-34f63aab-2dcb-4baa-acb0-4f99a1c22d2c,2462.0,2443.0,19.0,1519.9941669483615,1493.682799023818,26.311367924543447,1504.5904455519744,1495.7846367807742,8.80580877120019
1-114c0ad7-f8aa-423f-9ccc-3dae073f51d6,2381.8,2593.4,-211.5999999999999,1536.5846448267416,1506.488938088944,30.095706737797627,1494.3001850812748,1503.8717940847616,-9.571609003486856
1-9eab22d9-0dac-4b91-924a-db054728ea49,2152.4,1935.8,216.60000000000014,1526.9506912603015,1492.0110301700527,34.93966109024882,1497.05781152586,1518.2670942292414,-21.209282703381405
1-2b7575ba-e39a-4451-90cd-4e76de6c78a5,2239.6,2078.6,161.0,1521.5648548429022,1501.0446955764883,20.520159266413884,1497.6088011605766,1523.117274524974,-25.508473364397332
1-b712c4ab-370a-4e21-898e-70f624dc93fd,2315.6,2225.4,90.19999999999982,1512.7145308674421,1502.9913090070563,9.72322186038582,1494.7290250129868,1499.23021199621,-4.501186983223306
1-ad95e269-173f-4110-bcc5-4c03549e2251,2176.6,2348.0,-171.4000000000001,1500.4899163454663,1503.2760981114602,-2.786181765993888,1504.5816900093564,1499.8417006568745,4.739989352481871
1-e2a114c2-9df2-492d-ba66-e82e985f5e7d,2165.2,2243.2,-78.0,1509.4449938573036,1496.894809861747,12.550183995556608,1494.3887190261341,1504.5982919820171,-10.209572955883004
1-7712d0bf-2eac-44f0-8986-f1eab24336e0,1988.2,2029.8,-41.59999999999991,1503.5970686991768,1493.3523820607784,10.244686638398434,1503.6809697798926,1510.3602737783945,-6.679303998501837
1-f9c66e16-bfb4-4d60-9a67-8ada2e61a617,2064.2,2051.8,12.399999999999636,1497.5390365147052,1500.0,-2.4609634852947693,1528.921632996534,1500.0,28.921632996534072
1-08e7563c-6ba8-4e62-b8e7-ef9668ed60fe,2168.4,2356.2,-187.79999999999973,1490.5455058106265,1496.8589395120507,-6.313433701424174,1500.7928925363517,1503.2,-2.4071074636483445
1-b0cdaf5a-5edc-4618-96f8-eea529ebe110,1657.2,1465.2,192.0,1490.7878113873437,1501.010498215958,-10.222686828614314,1488.0640433276533,1482.9584893236588,5.1055540039944844
1-0f63578e-3b8f-4f70-ba20-46d077fdf2e6,1487.6,1429.4,58.19999999999982,1510.587788907864,1500.897885106405,9.689903801458968,1496.295390639662,1500.8607389318627,-4.565348292200724
1-635cf071-720b-4b51-be30-524e0f58acfe,1673.6,1629.6,44.0,1534.8729672870777,1485.6782637308072,49.1947035562705,1498.3309399157574,1501.0508920590585,-2.719952143301043
1-67110349-35d2-4b11-b61c-061a85850bd1,1519.6,1446.2,73.39999999999986,1500.8848295289583,1514.5564018935086,-13.67157236455023,1502.9273488591637,1496.0932947984952,6.83405406066845
1-27316811-6c8a-463f-a42c-2aeb0c78ba13,1630.8,1638.2,-7.400000000000091,1512.9575239270682,1474.9895334824014,37.96799044466684,1489.4485397559906,1502.3070229984774,-12.858483242486727
1-9a9cbf0f-52da-454c-9025-e9f3b5226ff9,1703.0,1686.6,16.40000000000009,1520.2952471330107,1480.3809561744165,39.914290958594165,1494.8517508632171,1503.283723493795,-8.431972630577775
1-5db32926-d2bb-46ed-809a-3850bd412776,1524.8,1558.4,-33.600000000000136,1505.5401387584618,1515.7026542643755,-10.162515505913689,1501.0405993944016,1500.1140162824079,0.9265831119937502
1-2c62bdb9-9309-43ba-b72c-9666c8b2e433,1606.0,1563.8,42.200000000000045,1484.1154857677507,1534.3231432606967,-50.207657492946055,1499.9231506672052,1497.7579667592922,2.165183907912933
1-1b25184a-41e1-494c-8b20-5bb3e196654e,1549.6,1610.0,-60.40000000000009,1501.5189311905783,1511.0430927484117,-9.524161557833395,1496.712721232639,1491.738914793215,4.973806439424152
1-ab726cb1-989b-4837-acc1-c83b8833a3da,1730.6,1757.2,-26.600000000000136,1519.1075319522,1496.299729311401,22.807802640798855,1515.1265716499718,1492.8607221297104,22.265849520261327
1-f5aff08c-0965-44a9-a0bc-54a77fa30a8a,1648.2,1730.6,-82.39999999999986,1522.7672927319368,1502.159625140242,20.607667591694735,1484.108681979302,1512.160211629302,-28.05152965000002
1-02ce1fa9-694d-4a5d-99f0-829eafa764f7,1773.0,1485.6,287.4000000000001,1515.2322871752256,1456.2433870788032,58.98890009642241,1498.9225732458867,1493.52914616522,5.393427080666697
1-39dab429-579e-46bc-84a2-9546be68470f,2113.8,1847.8,266.0000000000002,1512.2634677969534,1520.4533198575564,-8.189852060603016,1488.0699277056692,1493.9355268408883,-5.8655991352190995
1-b1707079-f991-40b3-9d6b-2221203283dc,1984.8,1847.8,137.0,1491.5002700797445,1538.6095858314395,-47.10931575169502,1508.6535143927626,1494.0923975746723,14.56111681809034
1-7a8a6900-a7d2-498f-b58e-999f985e5832,1794.0,1847.8,-53.799999999999955,1489.8567856571967,1524.18535016451,-34.32856450731333,1499.102030479799,1499.2933101370281,-0.19127965722918816
1-822b8761-172a-4901-91aa-14d6fce37acf,1759.0,1684.2,74.79999999999995,1511.4527852744463,1500.0,11.452785274446342,1495.665512840222,1500.0,-4.334487159778064
1-b62fc760-8557-44a4-8dfa-6ca42b958090,1924.6,1861.6,63.0,1514.6547509469033,1517.4192541050556,-2.7645031581523654,1510.9529091291508,1496.6632700644673,14.28963906468357
1-c7ac0355-be58-4c67-9ed3-56799fe1b6a9,1959.6,1819.0,140.5999999999999,1500.0,1509.5275404627778,-9.527540462777779,1500.0,1502.7964907773928,-2.796490777392819
1-febccb33-251c-4067-a659-20ec16c36313,2088.6,1865.0,223.5999999999999,1515.872428067348,1506.96039249795,8.912035569398085,1502.1039008363168,1552.821854558183,-50.71795372186625
1-dca1d615-57ca-4eb4-86dd-80d3868d438d,1820.4,1680.4,140.0,1492.772378632168,1496.9231985640977,-4.150819931929618,1483.3073636846036,1501.2582756276224,-17.95091194301881
1-8c46372f-22d6-4919-9e65-bae1c022c691,1397.6,1526.6,-129.0,1500.0,1500.0711810107257,-0.07118101072569516,1500.0,1500.9126094295952,-0.9126094295952498
1-dd10bb78-e6af-4ecc-a089-73f8e6a042bd,1664.0,1487.4,176.5999999999999,1496.811807545575,1503.2589395120508,-6.447131966475808,1500.13049940211,1506.4,-6.269500597890101
1-dabfeccf-d303-4ac3-a616-baf21a6b6518,1613.0,1660.8,-47.799999999999955,1493.0330939673652,1500.0886537545068,-7.055559787141647,1509.3335570659735,1504.7614510054843,4.5721060604892045
1-ea75664c-54d7-4618-a59a-7742564aef1a,1593.0,1644.0,-51.0,1493.4567828094052,1500.1427059605887,-6.685923151183488,1500.1520728685882,1507.8298307639602,-7.677757895371997
1-5f0ebb04-1437-4523-85be-190b1f0d2aa9,1857.2,1656.4,200.79999999999995,1502.6470497380012,1496.4882432090785,6.158806528922696,1505.2701113498608,1495.096024541222,10.174086808638776
1-ca7419fc-e5c4-4cee-a44c-c856974b9f49,1504.8,1380.0,124.79999999999995,1500.7222672689231,1503.2573980862337,-2.5351308173105735,1498.5295409685468,1498.7316456295164,-0.20210466096955315
1-cdebfa87-4ce6-4053-b699-98771f80f45f,1267.0,1572.0,-305.0,1515.9274258928617,1501.8899789201541,14.037446972707585,1492.9527916938564,1505.6792095616638,-12.726417867807413
1-2a9be9f1-3a35-4d23-b579-891cf3830157,1498.2,1573.2,-75.0,1513.2632326160697,1513.8043508468902,-0.5411182308205298,1498.4832615029102,1507.7346586933515,-9.251397190441367
1-92dbf952-b77e-414e-9ad2-cba0034cf04d,1471.6,1438.8,32.799999999999955,1519.4864917804603,1502.4123100926163,17.074181687843975,1499.2966577757772,1492.7807496161477,6.515908159629589
1-1195c482-2de5-46d7-a169-eb2097c17e1f,1804.0,1758.6,45.40000000000009,1483.4022300228262,1478.384304889018,5.0179251338081485,1494.1362067492603,1495.9241213187502,-1.7879145694898853
1-5ca54619-9ec6-473e-ada4-3eb47eefa840,1493.8,1540.4,-46.600000000000136,1483.5608163398256,1494.3887485736395,-10.827932233813954,1502.5109952044475,1499.6709589588938,2.8400362455536197
1-f81f1ffe-56b5-4d77-a38c-937fef5f0c9a,1648.4,1699.2,-50.799999999999955,1486.7190561269563,1486.7495484054855,-0.030492278529209216,1490.885402523497,1489.55558197522,1.3298205482769845
1-b04ae162-ce70-4861-91c9-863fc16ddab8,1621.2,1727.8,-106.59999999999991,1532.674674857102,1506.2320642626385,26.44261059446353,1504.6101751982133,1501.168953755426,3.4412214427873096
1-0e46d66e-a68a-416b-ae3c-7c77c982de8a,1654.0,1630.8,23.200000000000045,1528.3949214130241,1506.718535670926,21.67638574209809,1499.341030311124,1489.19481233616,10.146217974963974
1-e2c06fdf-2bf7-4fdd-89e5-5c3bb679a645,1483.4,1543.0,-59.59999999999991,1505.940573025592,1490.739887056853,15.20068596873898,1499.4983370645227,1502.383225796128,-2.884888731605315
1-7cfcad0a-b1da-44e7-8419-ac1612775ab0,1624.0,1567.4,56.59999999999991,1483.6237806116608,1497.7475866483376,-14.123806036676797,1504.979004436205,1489.6781979511538,15.300806485051226
1-76d95ad3-2775-4352-a11d-b05ca738a3bb,1686.0,1660.2,25.799999999999955,1517.619293376327,1500.0,17.61929337632705,1500.2968763226436,1500.0,0.296876322643584
1-0214a555-e7d2-44f3-a267-84aea7148241,1597.4,1641.6,-44.19999999999982,1500.0,1524.4692905955415,-24.46929059554145,1500.0,1500.3110132903885,-0.31101329038847325
1-1127332c-4dfe-4225-bf8c-79f475a8a4b7,1328.0,1477.2,-149.20000000000005,1529.6690536702076,1500.0,29.66905367020763,1500.1306255819632,1500.0,0.13062558196315877
1-8345d968-7b40-4938-a6d9-362482885e03,1258.4,1328.0,-69.59999999999991,1500.0,1514.3285331678212,-14.328533167821206,1500.0,1500.1718757657409,-0.1718757657408787
1-b0c074de-284b-4f24-8ca6-a0b24f782ee4,1256.2,1285.4,-29.200000000000045,1528.1638614236133,1500.0,28.163861423613298,1500.1814244193934,1500.0,0.18142441939335185
1-c4f01449-97b5-40e9-ac5b-c648f98e5f1d,1273.4,1189.8,83.60000000000014,1515.9511094675277,1500.0,15.951109467527658,1500.7683857762538,1500.0,0.7683857762538082
1-465f1d24-310a-4dea-acce-5634cfb166dc,1595.8,1619.4,-23.600000000000136,1500.0,1512.8695885759485,-12.869588575948455,1500.0,1500.8164098872696,-0.8164098872696286
1-7a5e16ee-57cf-4486-8424-5b56889d82e9,1543.2,1579.2,-36.0,1500.0,1516.0941630350321,-16.094163035032125,1500.0,1500.4354186065439,-0.43541860654386255
1-26d8f2fd-2898-4a5b-9216-40aee475e10a,1601.8,1539.8,62.0,1509.8760373838904,1500.0,9.876037383890434,1500.4665199355827,1500.0,0.4665199355827099
1-1fddec4f-dd40-4a78-862f-159f2a928f07,1555.4,1598.4,-43.0,1500.0,1503.5412676864876,-3.541267686487572,1500.0,1501.0048121689472,-1.0048121689471827
1-93a19cfc-4104-48fd-b102-76b15e0ceab1,1514.4,1563.4,-49.0,1497.6635278903718,1501.5651824651582,-3.9016545747863347,1504.7889730148027,1510.3903072716519,-5.6013342568492135
1-83d61435-adf7-4a3f-b538-e9c68c094aa9,1618.4,1555.4,63.0,1497.8572199211158,1509.1998194870298,-11.342599565914043,1510.5726715837352,1496.2918067779397,14.280864805795545
1-dbf23cd0-22a1-43f0-8dbd-cde5c1558c16,1457.4,1669.4,-212.0,1500.0,1500.2753052935109,-0.2753052935108826,1500.0,1500.6199210818918,-0.6199210818917891
1-f8771bc3-9d82-46eb-9a5d-81d3bf2674c3,1646.0,1439.2,206.79999999999995,1503.6398003682098,1500.0,3.6398003682097624,1501.0595551457445,1500.0,1.0595551457445254
1-0d043fd1-7232-4d6d-824d-4182e18ee7e1,1606.2,1527.4,78.79999999999995,1493.8522105429126,1500.0,-6.147789457087356,1500.7749013523646,1500.0,0.7749013523646227
1-fb07a1cb-cd35-4e01-b79d-ed87ce32ed2a,1443.4,1536.0,-92.59999999999991,1496.995050224084,1503.201813178753,-6.206762954668875,1500.4281996628804,1500.131242268558,0.29695739432236223
1-3c91f8bd-e74d-4ad3-b454-4f5cd4d3dd1b,1521.2,1560.6,-39.399999999999864,1500.196863402837,1500.0,0.19686340283692516,1500.4995662733606,1500.0,0.4995662733606423
1-6f033cf1-a1c3-4fee-b5e5-fa51ef121378,1299.4,1218.2,81.20000000000005,1490.5074202778292,1500.0,-9.49257972217083,1500.1998265093443,1500.0,0.19982650934434787
1-ebc73360-105b-4241-b775-0770a4e41256,1293.6,1350.0,-56.40000000000009,1500.1104727526886,1500.0,0.11047275268856538,1500.7493494100408,1500.0,0.7493494100408498
1-125b7205-a83a-4565-b9ea-a84c75e5dd66,1390.4,1573.0,-182.5999999999999,1500.0,1496.8817534113655,3.11824658863452,1500.0,1500.999132546721,-0.9991325467210572
1-6717843f-9784-440e-bec8-77c8e0ba9e15,1820.2,1905.2,-85.0,1500.0,1500.0825133877377,-0.08251338773766292,1500.0,1501.4986988200817,-1.4986988200816995
1-44a90e2c-8bcd-45ba-9159-9c26dd19ba5a,1594.0,1494.2,99.79999999999995,1496.8535341586169,1500.0,-3.146465841383133,1502.9973976401634,1500.0,2.997397640163399
1-62594fef-bb32-4b34-a3ee-ff597606d302,1489.6,1556.6,-67.0,1497.1844578833175,1502.9973976401634,-5.812939756845935,1501.3084985842795,1508.9535639034295,-7.645065319150035
1-aa7d7bab-1122-49a0-a7ed-a96b3bfa30a7,1949.2,1861.4,87.79999999999995,1547.1556034200016,1482.2872841718895,64.86831924811213,1498.271728397354,1496.6490639118135,1.6226644855405539
1-06b69aa0-0046-43c6-ac54-48958e7913f7,1843.8,1980.6,-136.79999999999995,1571.5459422774024,1502.1230986512383,69.4228436261642,1500.1139764296781,1487.112127432227,13.001848997451134
1-e2408499-807f-427e-be8f-ee6675b8df8c,1802.2,1862.4,-60.200000000000045,1502.9452668823108,1566.833340232089,-63.888073349778324,1496.1216353440768,1498.55862351122,-2.4369881671432267
1-a76d490f-4700-478c-bd07-7ea3cd55e1a7,1995.6,2140.8,-145.20000000000027,1590.0436256072603,1534.8689724118312,55.17465319542907,1500.4205510494241,1494.9793665017148,5.441184547709327
1-e320b1ce-7bab-49f7-a980-1ef7e6af199d,1868.8,1802.0,66.79999999999995,1512.1457847873112,1506.0789530009752,6.066831786336024,1499.9775738622886,1498.176695929517,1.8008779327715274
1-e60faf49-fa4b-4dc7-b7e6-fcad2b824baa,1936.4,1804.4,132.0,1537.0764959976507,1498.7904556272363,38.28604037041441,1500.5699518694457,1490.7203708388406,9.849581030605123
1-b03a69d0-a4e0-4eca-8347-5096fd5969cc,1894.6,1874.0,20.59999999999991,1502.5641862424131,1555.4684547194831,-52.90426847706999,1497.719147293349,1501.9369072924435,-4.217759999094596
1-3381a356-955d-4d18-ad89-8a27212579bd,2006.8,1959.6,47.200000000000045,1496.870500027236,1555.0298606111708,-58.15936058393481,1503.9623955446095,1496.736414270574,7.2259812740355756
1-09fee0be-3f2c-435a-9eec-1e92b5f1f0ad,1831.6,1844.0,-12.400000000000091,1483.2054131306945,1556.3763800192032,-73.1709668885087,1490.667278833474,1499.4463867796042,-8.779107946130125
1-0fde088c-de33-4bdf-961d-6bf6298e2793,2028.8,1847.0,181.79999999999995,1496.6026970686044,1566.3729694216763,-69.77027235307196,1500.8724167151245,1497.8104183126413,3.061998402483141
1-c6109e7d-147d-4d87-a8e8-987075d5c517,1818.8,1727.0,91.79999999999995,1568.2301163277193,1492.9437133377257,75.28640298999358,1497.492895321307,1464.2414738842763,33.251421437030785
1-14bc4009-187d-4cf4-9404-7c76a61355fb,1868.4,1907.4,-39.0,1506.820553129229,1557.2760057703185,-50.45545264108955,1503.626661586044,1496.560985982805,7.065675603239015
1-d87df3f4-1655-4cc7-8d65-b377268c768c,1821.8,1896.8,-75.0,1576.5714311024642,1485.6897851819103,90.88164592055386,1496.5370558876837,1467.2903525396073,29.24670334807638
1-14e1f06e-9171-4f21-a790-86db262a03ba,1821.8,1865.0,-43.200000000000045,1596.5577812892727,1508.1343716763126,88.42340961296009,1495.5315994442349,1537.4595579256054,-41.927958481370524
1-c81327e3-32e0-449b-9b0d-d0ad872bd115,1772.2,1821.8,-49.59999999999991,1500.777197448641,1584.333169292421,-83.55597184378007,1506.7614808263738,1495.0352226386,11.726258187773738
1-5f66570d-ec1a-4095-9374-e0f523269886,1877.0,1982.6,-105.59999999999991,1583.7923210193317,1492.5715126867876,91.22080833254404,1495.3383599858428,1496.2430222037285,-0.9046622178857433
1-61d1ae5d-202c-4f91-99c0-69537f2ede39,2021.2,2115.0,-93.79999999999995,1572.5423730697808,1509.4353593890319,63.10701368074888,1502.4911629536587,1504.7529550643897,-2.261792110730994
1-221390f6-046d-4c3e-8e2d-55b4907314a4,1907.6,1826.8,80.79999999999995,1569.4685036180053,1494.7480746986741,74.7204289193312,1492.8352206661611,1515.7384175429606,-22.903196876799484
1-de208f45-7c03-41a7-b2a7-70796c351e76,1597.4,1841.0,-243.5999999999999,1474.7808655483145,1559.41977911697,-84.63891356865543,1494.187459024576,1495.3972820890062,-1.2098230644303385
1-f8a162c3-b5db-4cf4-9da5-bf1e2e4f4c95,1721.0,1848.6,-127.59999999999991,1496.8612226062544,1552.4752407766255,-55.61401817037108,1501.2945140431486,1501.2117230876406,0.08279095550801685
1-0168a4af-bde2-4a9f-a56c-588ae692218b,1698.4,1953.4,-255.0,1508.7597436000956,1536.499309402856,-27.739565802760353,1502.591825821009,1499.3652992210232,3.2265265999858457
1-16b61d43-06db-42f4-800a-a93beb91dec2,1787.8,1893.4,-105.60000000000014,1476.9449369704932,1496.99570757425,-20.050770603756746,1509.6890785529793,1492.6996115130191,16.989467039960118
1-b7291491-d448-4cff-8a36-a0950e799fec,1807.4,1558.2,249.20000000000005,1487.1757561758382,1501.1943156519158,-14.018559476077598,1496.875781011242,1524.886252768711,-28.010471757469077
1-bcae82b3-d067-4e79-be14-5d547106f96e,1860.8,1621.4,239.39999999999986,1500.2150945425296,1493.7178790241014,6.49721551842822,1506.3494869726633,1506.4,-0.050513027336819505
1-7f860286-616c-442a-b90c-41071b033675,2046.8,1888.2,158.5999999999999,1532.7408388667088,1535.948663602147,-3.20782473543818,1499.4035812657012,1495.1777250588525,4.225856206848675
1-8979e6b2-c162-4dea-a532-c2205039d2b0,1564.0,1659.8,-95.79999999999995,1506.9683636860586,1471.9949734033316,34.973390282726996,1495.4233628876107,1506.5040082496619,-11.0806453620512
1-d6edf3f1-9dd1-43c1-85e9-701d381baa75,1818.8,1877.0,-58.200000000000045,1482.0915910857652,1536.3070873344473,-54.21549624868203,1506.6612001903416,1510.2132382731174,-3.55203808277588
1-6b0e9b6d-cec7-46ae-b97b-44ee495cd9d0,1643.8,1750.0,-106.20000000000005,1491.410227948811,1550.5107613751984,-59.1005334263873,1521.6453544101425,1502.1442087565308,19.50114565361173
1-af416a4a-fc8f-4063-92c1-fb10e162023b,1846.0,1856.0,-10.0,1518.436143706678,1501.8860498202455,16.550093886432478,1498.356830991599,1522.6580979396379,-24.3012669480388
1-0b317476-318d-4663-ab62-e3df991168da,1628.0,1485.6,142.4000000000001,1476.5228959523215,1458.606040309383,17.91685564293857,1507.2812383502792,1505.2978995248895,1.9833388253896373
1-21df7ba2-8980-4a1d-996c-7da46243c014,1737.6,1911.8,-174.20000000000005,1496.4685925462704,1520.2963202954586,-23.82772774918817,1498.0341487812852,1495.9938727889162,2.040275992369061
1-75a9873a-c45f-4c23-9a31-8d89314911aa,1433.6,1518.2,-84.60000000000014,1500.0,1500.0,0.0,1500.0,1500.0,0.0
1-e2ee4095-ae55-405b-b8dd-86c2db905ef0,1778.0,1747.6,30.40000000000009,1543.6093246525204,1494.1293177884786,49.4800068640418,1491.2975138844672,1493.8633094541,-2.5657955696328827
1-bb0fbd8e-58e3-4006-9af1-11b32badd544,1612.2,1560.4,51.799999999999955,1507.8078671305664,1499.2152274554767,8.592639675089686,1492.7290967696815,1488.878157996281,3.8509387734004576
1-57fe21bc-1a9a-42f6-acf0-582999527cbe,1528.8,1730.8,-202.0,1478.6050577446306,1498.7242932407578,-20.119235496127203,1502.6758475507013,1504.4264848243681,-1.7506372736668254
1-427c6f8d-f2f5-41dd-89e3-e0a55afd9273,1703.8,1666.4,37.399999999999864,1476.1801124207554,1522.5127718864858,-46.33265946573033,1491.6804076712601,1506.1527540794368,-14.47234640817669
1-85227965-9185-4053-baf8-9bfc7e014e57,1734.2,1616.6,117.60000000000014,1494.235071985322,1491.615923790103,2.619148195219168,1494.3475031525466,1500.0504487644905,-5.70294561194396
1-b0801bdc-a35d-4dd0-8025-6fe9b8b264f0,1753.8,1693.4,60.399999999999864,1496.3756016818204,1476.9234468166244,19.452154865196007,1501.8349854956014,1485.7966252769522,16.03836021864913
1-1de04a32-436e-4c2e-b3c5-d619c7f7ab60,1600.6,1517.2,83.39999999999986,1477.323924971383,1489.9890645976689,-12.665139626285963,1495.513538195077,1497.766386446761,-2.2528482516840995
1-d591ca13-0369-4bc2-bc38-0e722c440820,1822.8,1770.6,52.200000000000045,1490.3080572563072,1497.295186707363,-6.987129451055807,1499.355339848258,1507.358244883726,-8.002905035468075
1-0a97e5b2-854a-4ab9-9605-7160ed190165,1704.4,1767.8,-63.399999999999864,1485.0564690277174,1507.5048401133213,-22.448371085603867,1501.2981229477887,1496.5155372220179,4.782585725770787
1-1f1bbb6c-d7db-46c8-9069-59ec8e478eef,1618.2,1671.6,-53.399999999999864,1504.210885336336,1491.683488262471,12.527397073865131,1515.490164673948,1505.6383837964827,9.851780877465217
1-9dc705f2-95fc-44d6-ab14-af0373ce4b00,2047.6,2034.2,13.399999999999864,1508.8509848758943,1500.3930124377061,8.457972438188108,1489.941407880329,1500.497314232263,-10.555906351934027
1-35e41f08-e366-4e9c-8dd7-6b8e3abc7120,1798.4,1818.4,-20.0,1486.8452283630686,1492.9029846328863,-6.0577562698176735,1497.9003609359825,1492.7032879194312,5.197073016551258
1-e8751473-fe5a-494f-bae9-692feec4951f,1679.6,1589.8,89.79999999999995,1502.9966083004879,1503.547716508491,-0.5511082080031429,1506.514281921042,1506.4667712651183,0.04751065592381565
1-38a229fa-57d9-47fe-b3b9-617b7d664a75,1691.8,1599.2,92.59999999999991,1500.4362832308616,1500.0020916477536,0.4341915831080314,1511.1186614932694,1501.5182400320361,9.600421461233282
1-92d5ce36-e94a-4f51-aa2b-f1442af5ea1b,1837.2,1737.2,100.0,1503.0764777382653,1500.0,3.076477738265339,1510.9859524776443,1500.0,10.985952477644332
1-3e33999e-10b4-4d3c-b15c-2ea65d0d2560,1131.0,826.8,304.20000000000005,1500.0,1502.844234950782,-2.844234950782038,1500.0,1500.106075123497,-0.1060751234970212
1-5401f9b7-d873-48b4-bf4b-7dd8a062dbb7,1651.0,1759.2,-108.20000000000005,1492.199384449689,1506.1728661244101,-13.973481674721143,1564.6161387942211,1501.4238569024653,63.19228189175578
1-9804a65c-bbb0-44f3-b4af-20f7d44b3a07,1618.2,1840.6,-222.39999999999986,1499.7721800651755,1500.0,-0.227819934824538,1502.455215751249,1500.0,2.455215751248943
1-996d2043-0251-42e5-976a-679ad8a5a54a,1812.4,1744.6,67.80000000000018,1503.2018032195394,1503.0484712423793,0.1533319771601782,1503.427068411174,1497.6186407218893,5.808427689284827
1-19b5cc9d-ae05-4fdd-966b-008a675ccae0,1803.0,2039.4,-236.4000000000001,1503.0768089593669,1500.0,3.076808959366872,1498.213980541417,1500.0,-1.7860194585830413
1-82765aec-2bf5-4ed1-9cf5-05cb6b371aee,1871.0,1696.0,175.0,1546.8254534389375,1481.682476801349,65.14297663758862,1495.5740602324772,1496.8342369778916,-1.2601767454143555
1-f4376b41-8219-4819-8ca8-ea6e34ccdf34,1752.6,1809.6,-57.0,1532.6362034664987,1541.2198469860177,-8.583643519519,1497.1932013021578,1506.4821579365657,-9.288956634407896
1-92d2811d-3190-478b-a0ce-59b310c0b677,1903.0,2012.0,-109.0,1554.0432865083808,1528.2241377069736,25.81914880140721,1496.5063966838625,1489.0418555638425,7.4645411200199305
1-d75a3517-42fb-4a7a-8cd4-d64f0bc24dad,1732.8,1643.0,89.79999999999995,1550.4894803584946,1478.9166562653834,71.5728240931112,1497.0504282779248,1511.6940227959094,-14.643594517984639
1-e08e907e-d039-43a3-b3b5-2519bdde7880,1954.8,1850.2,104.59999999999991,1507.3627308104558,1533.42461756792,-26.061886757464208,1497.8765800310603,1505.7991423785168,-7.9225623474565054
1-4f20e5ce-1c00-4b0e-bf29-bec70cab229d,1977.4,1893.4,84.0,1509.6631850160106,1530.1098489250355,-20.446663909024892,1498.7105055614045,1497.5006834063859,1.209822155018628
1-c21fa38f-6bec-407a-9b89-d44cc9c05cf1,1645.2,1667.2,-22.0,1493.5101971746767,1521.1914486273663,-27.681251452689594,1498.5504952973495,1494.8475860690958,3.702909228253702
1-10dbd879-1fb1-407a-aef1-4962f7c4b29a,1800.8,1877.6,-76.79999999999995,1543.5894995360104,1493.9720083113139,49.61749122469655,1517.4040477239546,1501.4187295365107,15.985318187443909
1-c17297e5-8055-403a-aa74-5002561398b0,1941.0,1928.4,12.599999999999909,1481.417714421952,1523.037873992252,-41.62015957029985,1508.936568117222,1503.490816345006,5.445751772215999
1-439b2e55-72e5-44d1-a447-568649400fa2,1621.6,1673.2,-51.600000000000136,1496.1018938747134,1519.9628767190175,-23.86098284430409,1506.3289155967673,1496.5065502890827,9.82236530768455
1-f6986060-9ed6-4fd4-bf2e-8849afadebcc,2159.0,2099.2,59.80000000000018,1497.379301047226,1527.2182891957848,-29.838988148558883,1514.5144358782595,1499.6762419607155,14.838193917544004
1-d7cb4576-8c9b-4441-820c-cabfbaa666c2,1966.6,1942.6,24.0,1508.989488795693,1517.7608801583078,-8.77139136261485,1492.5547355993342,1498.5974866928166,-6.042751093482366
1-ab5a56db-c3da-4247-a904-4934414580a7,1733.0,1913.6,-180.5999999999999,1492.5547355993344,1514.6797319065568,-22.124996307222318,1517.269309536196,1494.9317231645603,22.33758637163578
1-64dc2613-387b-4215-a9e5-75d34038394d,1691.4,1654.2,37.200000000000045,1515.0000749279463,1501.431963479016,13.568111448930267,1496.9541435154847,1522.8111069926804,-25.856963477195677
1-d4dc3feb-9221-4aa7-9a66-b8ca77635f06,1659.8,1680.8,-21.0,1493.3279123569125,1515.4689872967406,-22.14107493982806,1499.9483009058067,1498.7511870343117,1.1971138714950484
1-e7cb7e3e-6973-44d9-aabf-257ddb0b6a6d,1840.2,1785.6,54.600000000000136,1503.927745603034,1505.1568725660786,-1.229126963044564,1503.1451386594108,1512.6918658486238,-9.546727189213016
1-2eef07aa-996b-427e-9e94-6c02dabc2825,1621.2,1787.8,-166.5999999999999,1500.0,1510.5592099362898,-10.55920993628979,1500.0,1497.6810579498901,2.318942050109854
1-e316a54f-d3f3-45ad-95fc-ed54667af464,1847.6,1954.0,-106.40000000000009,1513.5092773193649,1489.6460226973122,23.863254622052636,1503.3375140814055,1496.5234755185822,6.814038562823271
1-dcd9b4aa-cb41-4cb5-b8ec-a08b81f75ca3,1888.0,1606.6,281.4000000000001,1504.0922629353022,1496.6030165364325,7.489246398869682,1494.339990091136,1493.8220283961607,0.5179616949753836
1-708bb644-a896-4cc3-99c0-93aef2cd44f0,1708.4,1556.8,151.60000000000014,1488.1279998973332,1509.392538834789,-21.26453893745588,1493.1081399716343,1490.3266634639995,2.7814765076348067
1-ec5b09ee-3e08-4c06-bbbe-83ea23e070e5,1320.4,1544.0,-223.5999999999999,1500.0,1497.912542118876,2.08745788112401,1500.0,1500.346663435476,-0.3466634354761027
1-688d1b0b-4581-43b6-ab83-ecba57aedfa5,1693.2,1740.8,-47.59999999999991,1471.9831112912,1509.611230528371,-37.62811923717095,1500.4563200746898,1502.2595666526577,-1.8032465779679114
1-130edd98-6b77-4785-adeb-76fb8fe7cc8f,1652.2,1549.8,102.40000000000009,1499.3787372506679,1500.3523078024932,-0.9735705518253326,1502.2274496520422,1496.2480557073306,5.979393944711546
1-f9a915af-797b-4fae-adf1-09b29772614a,1767.6,1789.2,-21.600000000000136,1546.4209718738664,1498.3798154422125,48.04115643165392,1499.606549375444,1490.8539402263837,8.75260914906039
1-6a6d7376-4fd3-4e14-8a81-7a0ff7f3ccea,1423.0,1487.0,-64.0,1528.2837380739934,1521.6100217035134,6.673716370479951,1500.3709031209048,1496.7872349899374,3.583668130967453
1-8c7684f6-785c-4dc5-aaf8-3fc3f7bd3a7d,1759.2,1741.6,17.600000000000136,1514.5430799573883,1515.7532422994032,-1.2101623420148826,1496.0252341757039,1495.6127251568942,0.4125090188097147
1-4ae461ba-0a1e-4203-83a6-db806b14dbe9,1928.4,1824.4,104.0,1516.9793351674261,1545.5889132915668,-28.609578124140626,1498.7327685459645,1498.3760163677177,0.3567521782467793
1-0e74161b-298d-4fd8-8d78-aeb56d504758,1585.0,1473.8,111.20000000000005,1510.6404405751596,1520.43443433006,-9.793993754900384,1507.4047391935367,1502.1045161512432,5.30022304229351
1-5ead005a-bcc7-48d2-9077-11f512901e6b,1608.4,1448.4,160.0,1518.1003906534825,1499.539173702233,18.561216951249435,1496.7928026997577,1483.9060839386862,12.886718761071506
1-b653b97f-1ffd-4eb6-800b-c1966041549d,1585.4,1610.4,-25.0,1492.2639939246721,1512.983816852228,-20.719822927555924,1509.806197022609,1502.6890334817006,7.11716354090845
1-d7ff0759-bb55-4dae-bc2f-98fb185efe82,1476.4,1534.2,-57.799999999999955,1502.209012373472,1510.4094923631733,-8.200479989701307,1495.9347163929924,1505.2137924012372,-9.279076008244829
1-e07e1bad-1e68-4d9d-ac2e-df1ea3eece58,1422.8,1366.0,56.799999999999955,1498.9373727848754,1493.7635159484114,5.173856836463983,1501.622674829051,1506.045214837968,-4.42254000891694
1-5658fb49-05fb-4a3f-bc1f-c0781996913e,1254.0,1235.6,18.40000000000009,1500.044739546835,1498.8926332380402,1.1521063087948278,1507.4753323914597,1498.5425530742993,8.932779317160339
1-e5e8d9c0-fea4-4ca0-bf64-2db6a17406b7,1097.6,1249.2,-151.60000000000014,1506.7581982034383,1495.5898039414021,11.168394262036145,1501.545316940726,1497.9948433990235,3.5504735417025586
1-41e0a0a6-8e69-4b97-9178-a70db9bebe1d,1454.8,1477.2,-22.40000000000009,1503.1563916377056,1498.749214517046,4.407177120659526,1497.3594190935064,1497.6261613819747,-0.26674228846832193
1-f53e8d8f-3e50-4b54-8b88-6f60cc8be7a1,1405.2,1364.6,40.600000000000136,1508.796250563223,1493.3941795447147,15.402071018508423,1510.3737338148264,1492.5604097738417,17.813324040984753
1-23628190-e924-42a4-981b-137aa9c51081,1593.4,1678.8,-85.39999999999986,1500.3477745666482,1505.4244268510713,-5.076652284423062,1500.5696377976906,1498.8264354219427,1.7432023757478419
1-ece8efbc-7959-4a89-b4f1-9977b8f2b420,1405.6,1318.0,87.59999999999991,1514.9506647829191,1496.652512312339,18.298152470580135,1501.870181722633,1501.3393405185975,0.5308412040355961
1-99bc6b99-a6bc-434b-800f-758809e1589d,1304.6,1186.2,118.39999999999986,1486.7061602145022,1518.7335150132703,-32.0273547987681,1497.01460440675,1492.2223717725126,4.792232634237507
1-f8345502-9315-4b5b-94fc-e1ddd76d9bbb,1096.2,1013.0,83.20000000000005,1494.7234019364014,1485.4223833713509,9.301018565050526,1493.3548531090046,1508.0306503833262,-14.675797274321667
1-554e1269-3f5e-4283-a019-7c9aea3fe8b3,1321.4,1281.4,40.0,1496.852451090358,1503.2757228039857,-6.423271713627628,1506.2579851470432,1496.17921699451,10.078768152533257
1-1179504e-c888-46a0-bd15-013cea7e4e38,1140.4,1213.8,-73.39999999999986,1552.6283236681072,1465.6904347164907,86.93788895161651,1505.9985583435068,1504.6196494397104,1.3789089037964004
1-bde548be-7c61-4904-902b-2792ac2cae55,1106.8,1140.4,-33.600000000000136,1510.1091990483012,1537.9056744959692,-27.796475447667945,1510.3423591203602,1504.1219506766652,6.220408443695078
1-a400c71a-6f63-425b-bb20-5fa3ba4988c2,1166.4,1062.0,104.40000000000009,1504.5208769403857,1497.6311847122565,6.889692228129206,1501.3212306388407,1518.5194325555467,-17.19820191670601
1-2ecb7270-d356-48fd-8366-b4756b301df9,1491.2,1296.2,195.0,1493.0585202591635,1499.6704859993133,-6.611965740149799,1500.2591288253002,1490.3663774673996,9.892751357900579
1-21535157-d93d-4d91-b9f9-49f7e6d690ee,1507.2,1527.0,-19.799999999999955,1493.7779831111332,1486.7046498068687,7.073333304264452,1503.8038926799597,1496.9918962834568,6.811996396502991
1-c80ff0af-f4b2-44d6-9cf6-82fe3b455728,1526.6,1527.0,-0.40000000000009095,1496.61704091836,1502.9984935166308,-6.381452598270698,1506.5941646306223,1498.8661731089405,7.727991521681815
1-13d6f2cc-59c1-45ef-af52-381c695b52b2,1647.2,1562.8,84.40000000000009,1506.0680019434844,1486.5338968758656,19.53410506761884,1484.9324546747614,1502.296552353356,-17.36409767859459
1-8716b77b-77bf-4be6-b410-83f5bf07b193,1094.0,1101.6,-7.599999999999909,1499.9198720638367,1488.1785288655403,11.741343198296363,1495.6492004646884,1503.1953389495193,-7.546138484830863
1-582e2e78-df3f-4e08-a2f5-157ea82acbe3,1007.6,819.0,188.60000000000002,1491.298400929377,1500.0,-8.701599070622933,1503.8344067394232,1500.0,3.8344067394232297
1-a99e90e1-2457-4802-a966-e8062de15e7a,1817.8,1704.8,113.0,1503.1720336971161,1473.335310283168,29.83672341394822,1500.0,1503.4683739773072,-3.4683739773072375
1-249dd67c-3a59-4826-a084-03de1d5bd54c,1465.4,1470.8,-5.399999999999864,1482.4171192262347,1500.0,-17.582880773765282,1506.1345995445306,1500.0,6.134599544530602
1-98db21ad-782a-4cc7-bc54-a0163c45b545,1216.4,1258.0,-41.59999999999991,1481.6817009173853,1500.0,-18.318299082614658,1508.0,1500.0,8.0
1-3aabd4a2-7c6c-4fde-9437-2a48aaee193f,1568.6,1504.6,64.0,1484.0,1516.0,-32.0,1500.0,1500.0,0.0
1-ea37985b-0197-4306-b36b-ccdde223fbed,1568.6,1504.6,64.0,1500.0,1500.0,0.0,1500.0,1500.0,0.0
1-78db0482-82ac-4b0a-9e76-5c242fab836c,1442.0,1405.2,36.799999999999955,1479.6859284483185,1531.4213306833112,-51.73540223499276,1493.2295597743841,1496.974325532752,-3.7447657583677483
1-2f925309-8d71-4dbe-9528-231be5ac11fe,1629.6,1594.8,34.799999999999955,1537.7285312023687,1462.7336156883753,74.99491551399342,1508.8388482098321,1499.4196131419753,9.419235067856789
1-1ae82ab3-5dc0-4b45-aea6-7b5dcab45db2,1314.4,1356.0,-41.59999999999991,1476.961308588438,1506.9547988542458,-29.99349026580785,1498.0947125102646,1503.0462385452852,-4.951526035020606
1-3d9be878-e44c-4768-aa77-a90c331d10df,1950.2,2003.2,-53.0,1493.362843125714,1538.0762450880572,-44.71340196234314,1500.777307190078,1508.7183516436908,-7.941044453612676
1-a3131fdb-8e90-4ef7-bf4f-76038bbebaeb,1536.2,1646.0,-109.79999999999995,1507.095231240131,1474.0204846613808,33.07474657875014,1502.9447032188798,1508.4567707672893,-5.5120675484095045
1-d26c936f-4fd8-4362-b302-0371cbdfd650,1508.0,1414.8,93.20000000000005,1516.0903629012432,1473.2863036550134,42.804059246229826,1503.4366059488225,1503.867891381665,-0.43128543284251464
1-3e99cff2-9ece-4f87-91c2-177de0c0ce0b,1443.4,1444.8,-1.3999999999998636,1491.3277358494656,1524.9295186222207,-33.60178277275509,1501.9029591189196,1504.4048296062097,-2.5018704872900344
1-d7556095-193a-408e-8396-af9ac1a7625f,1444.8,1307.6,137.20000000000005,1509.1510217228447,1504.3408356924836,4.8101860303611375,1503.9131056578283,1502.3837171404987,1.5293885173296076
1-791245e7-596c-4c1c-a8df-e0819d47c1d7,1477.6,1307.6,170.0,1512.2993327049487,1487.1863499499495,25.112982754999166,1501.79328516623,1498.3089990959315,3.484286070298367
1-4b7b6eb5-1263-45d2-ac2b-dcbfb1007f53,1590.8,1467.4,123.39999999999986,1489.8071761331257,1482.1063336470102,7.700842486115562,1499.793235320552,1513.9340756208403,-14.140840300288346
1-a2ce746f-47a0-4c05-bd3c-ed38b73f40ad,1222.4,1158.4,64.0,1489.8727938553066,1507.1943278071583,-17.321533951851734,1500.2430134554102,1506.3733179382036,-6.130304482793463
1-6651fed5-aba2-4962-bb36-f2521df22e70,1541.0,1521.2,19.799999999999955,1490.6863235396863,1493.1994208391393,-2.5130972994529657,1508.2672813524232,1499.7924022186253,8.474879133797913
1-4bcd313b-1387-47de-a384-207429de5ee8,1485.0,1529.2,-44.200000000000045,1509.200645636428,1496.1039153029812,13.096730333446658,1501.329696654226,1503.0381347020407,-1.7084380478147523
1-a2556450-a870-4d78-a0de-9d2bba0d176e,1637.2,1531.2,106.0,1489.5896447950372,1497.3263626744124,-7.736717879375192,1505.6435084938412,1522.6726399547865,-17.029131460945337
1-21dd3c16-7c09-4187-8bde-b42821661f93,1052.8,1305.4,-252.60000000000014,1496.9439037091463,1469.627268311416,27.31663539773035,1515.634691699309,1501.1648698271065,14.469821872202601
1-ab55cc71-300f-4f12-9109-1721604e4e7f,1432.6,1450.6,-18.0,1471.62590005889,1522.198118124263,-50.57221806537291,1507.7543543386719,1503.6602123900948,4.094141948577089
1-a6ee7b20-1f0d-45fd-92e3-5b795dd1d0be,1343.0,1479.6,-136.5999999999999,1493.9263373333997,1457.7394839070648,36.18685342633489,1500.1748746334142,1500.9277591568296,-0.7528845234153323
1-5e44d814-c0ae-4137-a0f6-fe053047db20,1301.4,1306.0,-4.599999999999909,1479.3786254260126,1506.7170835520417,-27.33845812602908,1499.6879924617376,1507.1938652144852,-7.505872752747564
1-b3377952-94f3-4f48-a54a-2cd120c5a0f9,1544.4,1563.6,-19.199999999999818,1506.857000147168,1483.2928061635619,23.564193983606174,1510.8474754526164,1501.5320469734352,9.315428479181264
1-b16c096e-b827-490b-9ce7-0cad45bf7cfe,1495.0,1455.4,39.59999999999991,1505.9548731070668,1493.1868019521758,12.768071154891004,1505.2744881653125,1507.7215518361509,-2.447063670838361
1-c1b815a9-12ce-4b5e-8365-3fd2bc3f43f7,1399.0,1412.4,-13.400000000000091,1493.366623734662,1497.5744456736898,-4.207821939027781,1487.3251270531257,1505.844252984587,-18.519125931461303
1-13fc1d31-c543-4377-9002-a6d8fa8e4914,1481.6,1574.4,-92.80000000000018,1487.904435044851,1509.891174707344,-21.986739662492937,1513.5024838357917,1506.8742927450191,6.628191090772589
1-1f9bd31e-63e0-4d92-8feb-1e8b34d6c59b,1546.6,1526.6,20.0,1494.2380239877627,1497.3061488818207,-3.0681248940579735,1501.0602511891125,1505.9226739043345,-4.86242271522201
1-824b2deb-3e5c-41e2-9e73-6e74150f3254,1483.6,1399.2,84.39999999999986,1503.6444105312567,1498.9264695642462,4.717940967010463,1503.688413124563,1499.210416612917,4.477996511646097
1-403db5b3-a53f-40a0-8880-1418b878a491,1365.4,1248.0,117.40000000000009,1488.9084015816984,1509.4679420788832,-20.5595404971848,1494.543622730102,1495.2203629676205,-0.6767402375185156
1-5926898f-c38c-46b9-9083-e1a6742e4408,1282.8,1332.0,-49.200000000000045,1500.0,1495.2203629676205,4.779637032379469,1500.0,1493.0087239321606,6.991276067839408
1-8b1303d0-99a3-42ea-9264-756ae4eaeb75,1228.4,1142.4,86.0,1489.1281544463156,1487.856735279271,1.2714191670445416,1501.305202417325,1504.110451421239,-2.805249003914014
1-100ad4ba-84a7-4b46-b93f-60e1145dca27,1122.8,1115.0,7.7999999999999545,1492.5167219695284,1482.726425615907,9.790296353621443,1546.3593054613782,1499.6874254647937,46.671879996584494
1-6b096fed-1126-4c21-84d1-7d4c222cf4bf,1270.0,1274.2,-4.2000000000000455,1501.7749928389826,1492.8777819333543,8.897210905628299,1489.9302857118687,1500.6290510034446,-10.69876529157591
1-b881a056-2509-46d3-9bfa-4ca6860c5e41,1231.6,1197.0,34.59999999999991,1499.3604156867518,1495.2311854435106,4.129230243241182,1466.5251296059394,1496.7332533813274,-30.208123775388003
1-063ae0b0-c96b-4c92-b8e6-10d723cc67b8,1265.8,1352.0,-86.20000000000005,1510.360042656533,1477.3813172677735,32.978725388759585,1518.3158131409277,1498.2032217213343,20.1125914195934
1-47b0c6e7-51a6-4a5a-ba18-e6c32ce5aea6,1625.2,1577.2,48.0,1474.6719065524787,1487.3309447155953,-12.65903816311652,1492.4599269014395,1501.528147949988,-9.068221048548367
1-b9d5fcdd-fedf-4464-b31b-98aa86e10a30,1588.0,1621.0,-33.0,1474.3967094338611,1484.4657131970816,-10.069003763220508,1507.237177985622,1504.0158860760253,3.2212919095968573
1-214122ab-4681-4ed6-aee3-b1e009dcca92,1384.6,1576.8,-192.20000000000005,1496.6843986198667,1486.7791887898336,9.905209830033073,1490.6171853659214,1506.219877131656,-15.602691765734562
1-45255a52-9533-4689-bad7-5799aecb074b,1402.8,1600.2,-197.4000000000001,1500.0,1467.7447417899575,32.255258210042484,1500.0,1509.4486027542011,-9.448602754201147
1-337ff1de-d966-45d3-a841-b72b775de550,1830.6,1721.8,108.79999999999995,1504.1180435722486,1477.8346459560737,26.283397616174852,1514.3777237768052,1509.5375383357248,4.8401854410803935
1-1ad409b5-cbb5-47e0-972b-4988f56382fc,1659.8,1633.4,26.399999999999864,1526.2955062281512,1482.6344415575832,43.66106467056807,1511.1941881309187,1518.5547849002626,-7.360596769343829
1-518875ad-5f0d-4e17-85b2-004987de20e8,1791.4,1632.8,158.60000000000014,1498.412415293698,1487.5286300549838,10.883785238714154,1492.8504592730662,1496.3186765353757,-3.4682172623095084
1-b3ed9b37-3817-4c87-baae-5fa02e9bd36d,1242.4,1481.4,-239.0,1499.9424485502218,1491.5156865781344,8.426761972087434,1498.4446676544858,1504.3529585986644,-5.908290944178589
1-df0231a4-0970-4969-b3a3-44d3c1ab2f56,1157.2,1431.8,-274.5999999999999,1484.9206027845162,1496.7159355504382,-11.795332765922012,1505.6886473546958,1500.0,5.688647354695831
1-53fc59c8-0a1b-4951-b324-310ec0383cff,1666.0,1669.0,-3.0,1509.4667222813994,1494.0961757453902,15.370546536009215,1496.8605581914555,1502.6661874133333,-5.80562922187778
1-64f546fa-25dd-46c5-b1ee-427cce9daf0e,1494.6,1559.2,-64.60000000000014,1500.0,1504.3202244764232,-4.320224476423164,1500.0,1503.3274219148923,-3.327421914892284
1-704b725a-661c-4f51-9e7d-334e354f0f3d,1513.8,1471.4,42.399999999999864,1490.816606938685,1509.9344545787076,-19.117847640022546,1500.8491206219896,1508.3920326531168,-7.542912031127116
1-fe51ce69-b86a-414a-9b00-decae722f068,1592.8,1781.8,-189.0,1503.9085677164708,1500.0,3.9085677164707704,1501.3585929951837,1500.0,1.3585929951836988
1-57f14c30-b921-4a45-ab61-9f8120d3e6a2,1357.0,1592.8,-235.79999999999995,1500.0,1487.3251270531257,12.674872946874302,1500.0,1503.396482487959,-3.3964824879590196
1-5f38b177-1e85-435d-ac91-6f5452a102ba,1911.0,1580.0,331.0,1503.396482487959,1500.0,3.3964824879590196,1509.1376720983717,1500.0,9.137672098371695
1-5723c3f5-08d1-4165-a288-ff64a1e48c17,1544.4,1429.4,115.0,1455.0251812748495,1516.4755463636243,-61.45036508877479,1506.3494066283033,1499.2654506586746,7.083955969628732
1-506c249e-2135-4cc9-8c48-c46f7eb545a3,931.0,910.6,20.399999999999977,1484.0956134668409,1490.5240956721436,-6.428482205302771,1496.4832878609716,1496.4880100630896,-0.0047222021180459706
1-53c1748b-6985-4e60-bce2-3d33403b98a8,1153.0,1113.0,40.0,1499.9762601999623,1472.8778654258472,27.09839477411515,1503.7675066817324,1502.7327618121806,1.034744869551787
1-f3535d38-b77c-4c46-bc23-4eb93b7778d9,1331.0,1311.0,20.0,1511.8042588041826,1509.4569722163799,2.347286587802728,1492.243021463032,1489.8190214591812,2.4240000038507787
1-a402090a-a733-45f3-9571-ba136bbe0681,1333.8,1254.6,79.20000000000005,1484.6141964055341,1512.6982657284068,-28.084069322872665,1507.6141659354794,1499.0366239985249,8.577541936954503
1-184dedf6-b9ac-4f60-b822-4531084e99bb,1098.4,1223.4,-125.0,1500.0,1500.1594208464462,-0.1594208464462099,1500.0,1508.138422056609,-8.138422056608988
1-c9ec877d-630d-46e5-a056-0a1f9b477bdf,1004.6,1033.2,-28.600000000000023,1499.799841392234,1500.0,-0.20015860776607042,1495.753326601155,1500.0,-4.246673398844905
1-08a9ecc2-65bd-44ae-81a1-70c6b3f88b6c,1352.0,985.8,366.20000000000005,1503.6190723255538,1484.2993478382036,19.319724487350186,1508.8432390843873,1504.2940658880175,4.549173196369793
1-981d0ffc-e8fd-4d9d-94e8-07a1498527cb,867.0,1015.4,-148.39999999999998,1500.5595114474131,1480.2693851425554,20.290126304857722,1498.2662839490908,1482.3090142043245,15.957269744766336
1-b5242c93-5af9-4afb-a223-bd1886e0f1ed,949.4,916.4,33.0,1480.6750324783793,1493.5432511772801,-12.868218698900819,1493.1854056112727,1487.2109593821604,5.9744462291123455
1-48dd347e-649a-4c4a-9a0c-f30fa941857b,1064.8,1095.0,-30.200000000000045,1503.1873664075695,1487.063338920078,16.124027487491503,1494.898856265454,1501.4998997693183,-6.601043503864275
1-9021bf98-661f-461e-973d-7871b664b60e,986.8,934.0,52.799999999999955,1500.0,1489.9903642487911,10.009635751208862,1500.0,1488.0428137980973,11.957186201902687
1-5d64fdcc-f1f1-409d-a9f0-43cdb27d2295,1089.2,1016.6,72.60000000000002,1496.4459643291893,1499.9051612674996,-3.4591969383102423,1467.9458229196862,1498.2161331961372,-30.270310276451028
1-1dfbc6b7-a056-424f-bea9-a5acc56d3dc7,1135.4,1070.8,64.60000000000014,1490.3253931960949,1500.0835515990093,-9.758158402914432,1498.3866095313253,1500.0782404859256,-1.691630954600214
1-a8736bcb-6298-4e6f-ad82-8bcbb17ec03e,1102.8,1184.0,-81.20000000000005,1503.268568514631,1500.0,3.2685685146309424,1498.9870670287185,1500.0,-1.0129329712815434
1-54b1e8a0-cdde-4c8d-9b5c-3cc27eae9ef0,1283.0,1093.2,189.79999999999995,1513.4500031538014,1500.0,13.45000315380139,1504.1659470986276,1500.0,4.165947098627612
1-567acab6-550b-447b-a404-fb8ffe820087,1327.4,1360.2,-32.799999999999955,1494.0775055103554,1486.7275676866711,7.349937823684286,1500.6069240191712,1490.1319479087504,10.474976110420812
1-5d3341b9-68ac-4116-a6a8-3af4c4cc46a8,1412.2,1416.4,-4.2000000000000455,1490.6171853659214,1503.173910012329,-12.556724646407702,1499.2014840556512,1498.5471101907717,0.654373864879517
1-1b0eca4c-fce0-4693-97d2-8d38d9ed6147,1106.0,1257.0,-151.0,1506.163240519807,1497.1531858909889,9.010054628818125,1490.2841141639724,1510.9193540972951,-20.635239933322737
1-d8884a4d-f638-4813-8e5e-fc0c283614cf,1269.2,1234.4,34.799999999999955,1503.142899163709,1490.2841141639724,12.8587849997366,1513.70340994498,1495.2254629546283,18.47794699035171
1-a5ed5b18-4ed0-4ef2-a058-c06bd82cfadd,1414.2,1394.8,19.40000000000009,1490.462063131282,1503.1396783953,-12.677615264017959,1500.3664101117802,1498.836015486857,1.5303946249232467
1-62aa0033-92ef-4cee-af7d-a0f66e2c3996,1384.6,1284.4,100.19999999999982,1498.2086351206076,1508.346126186149,-10.137491065541326,1501.268742190982,1498.7811762931324,2.487565897849663
1-7e272196-2530-4a06-8d9c-b9fc56514e57,1720.0,1483.4,236.5999999999999,1486.4501648313994,1476.9235630395756,9.52660179182385,1511.4506316442787,1506.808919270963,4.641712373315613
1-525a23aa-2eb6-4af9-b771-752e6b420b95,1558.0,1441.4,116.59999999999991,1505.8407748739312,1494.074348370501,11.766426503430239,1500.5326205551844,1502.9583789085482,-2.42575835336379
1-aab683f6-aec3-420a-b8ca-07e9995b76e3,1642.8,1595.6,47.200000000000045,1517.275643252626,1480.6430973636138,36.632545889012135,1507.552087465521,1506.7728914858494,0.7791959796716128
1-7e6ad027-29ab-4fec-8499-b3620419084c,1658.4,1829.0,-170.5999999999999,1478.3879694542466,1491.0526072886883,-12.664637834441692,1516.750949749413,1500.1890491500092,16.56190059940377
1-18fcf9cc-30be-47ce-bb56-d97857ea586c,1571.0,1497.6,73.40000000000009,1486.963404556503,1480.7982523175938,6.165152238909286,1501.704428840976,1498.5230547225567,3.1813741184193987
1-a793f8a7-7a57-4e4d-a7a4-8b9f14e9d092,1500.8,1562.8,-62.0,1488.795501182223,1462.8048122753632,25.99068890685976,1501.0842660346084,1497.4271554267139,3.6571106078945377
1-2c23ca5c-c733-4a79-b08a-d9121b2537ea,1474.8,1408.0,66.79999999999995,1475.8813715111253,1480.6402533933883,-4.75888188226304,1493.543059474333,1503.4544903438182,-9.91143086948523
1-fcb39bcb-3256-4791-9e9f-574f209cb445,1524.0,1585.2,-61.200000000000045,1498.2473131915535,1479.3165296477207,18.93078354383283,1495.9508553819956,1505.0670406937481,-9.116185311752588
1-16f8b9e4-efad-4dab-8f6a-a02084ae7566,1626.6,1492.8,133.79999999999995,1500.5149940316396,1500.1793423525203,0.33565167911933713,1510.1425733344445,1505.9823154165633,4.160257917881154
1-9233af21-4a46-4e6c-a6f3-3691946be1e6,1453.2,1452.6,0.6000000000001364,1494.310930169518,1512.0868817755243,-17.775951606006174,1503.4256905941588,1498.7793048493272,4.646385744831605
1-a299f61f-bf43-43db-b26e-598521be7e24,1366.6,1446.6,-80.0,1516.895562306639,1510.871789898603,6.0237724080359385,1489.6162550569895,1498.523931302418,-8.907676245428547
1-2ecde2d6-4f7a-4579-a3fe-0566de7fb0ec,1406.8,1376.2,30.59999999999991,1463.7794303670562,1503.2738173811817,-39.49438701412555,1495.4555112843962,1506.9803359045914,-11.524824620195204
1-49072156-da31-428d-a5de-15b76f9b663f,1589.6,1649.2,-59.600000000000136,1500.5022795873963,1541.7934162477602,-41.29113666036392,1501.5910788330812,1493.6647905103293,7.926288322751816
1-1d145e79-d379-43ad-a1eb-82437f3026ca,1372.0,1455.8,-83.79999999999995,1490.332793947827,1492.883586832281,-2.55079288445404,1504.6806548084387,1487.9453890874934,16.735265720945335
1-99d04480-e2dd-4642-8c26-df0a633db62d,1529.0,1397.8,131.20000000000005,1512.907628049481,1508.6150107311703,4.292617318310704,1497.9800051100356,1493.1765580034412,4.803447106594376
1-9b39c628-d7cb-4f34-ae27-d500787d7deb,1442.2,1453.0,-10.799999999999955,1515.7611321850097,1507.1327855639477,8.628346621062065,1496.4951744545206,1524.5803134064254,-28.08513895190481
1-8f09fa7c-30b2-4131-94ef-0e375f3270e3,1536.0,1618.6,-82.59999999999991,1492.2645760074365,1477.331319597617,14.933256409819478,1499.544491407264,1506.2865277984993,-6.74203639123516
1-83df5b4b-1b63-4a52-93a1-233d57cb1b65,1771.2,2083.6,-312.39999999999986,1518.3329610012825,1480.097558204341,38.235402796941344,1505.093582035754,1495.3149811267408,9.778600909013221
1-1ec69835-b7d3-448b-8f0c-a62a1c1e97d7,1355.0,1285.2,69.79999999999995,1500.3546215643457,1482.2132218294605,18.141399734885226,1508.4530627897193,1510.3984152731875,-1.9453524834682412
1-8de7689a-77b3-4697-8279-93c8660ad3a6,1680.0,1739.8,-59.799999999999955,1533.5084289692006,1531.8380653497225,1.6703636194781666,1505.6010882036394,1510.7001713169725,-5.0990831133331085
1-c1fd81f4-f5f8-41b1-be72-677202a1c760,1576.0,1216.6,359.4000000000001,1498.278481646383,1507.7319280519332,-9.453446405550267,1505.1268942901438,1491.7368371645384,13.39005712560538
1-c4bee5c2-eb6c-4a98-9c17-56f2ae304972,1403.0,1303.0,100.0,1490.3238843333925,1500.0,-9.67611566660753,1503.321880736104,1500.0,3.321880736104049
1-4d3b7657-a8ce-4eb9-a4e2-cf78895b9bab,1536.4,1388.6,147.80000000000018,1504.4496488688067,1494.4537865378975,9.995862330909176,1500.799940381783,1503.3525461849918,-2.552605803208735
1-9841d790-24f5-4bf0-aa8e-408c8361bcf1,1342.2,1278.8,63.40000000000009,1501.2710709732733,1496.6858658733495,4.585205099923769,1498.313848540405,1503.094153079193,-4.780304538787959
1-0e9fac65-88ae-48e7-a3ee-0cef33717972,1449.2,1375.0,74.20000000000005,1496.9616479383008,1503.125037668414,-6.163389730113295,1509.723650445135,1503.538828804921,6.184821640214068
1-49216e61-386f-45a4-a57f-528afb954d30,1431.8,1485.0,-53.200000000000045,1497.6334315620031,1499.9610056597426,-2.3275740977394435,1513.0421190832408,1501.1265116992693,11.915607383971519
1-49e9bbaf-f590-4247-aa8b-2e5effbfb28c,1672.2,1603.2,69.0,1536.6768080956845,1499.7545828293546,36.92222526632986,1500.0668578730965,1509.3379429264485,-9.271085053351953
1-678c1143-2c81-4c57-8f9c-e0cd753f88a8,1258.6,1240.0,18.59999999999991,1494.1332562757295,1510.2406026387982,-16.1073463630687,1489.6382691998324,1493.2844727675265,-3.6462035676941014
1-24856caf-17f6-482f-8c44-2593afa9820f,1396.6,1416.4,-19.800000000000182,1511.3280387347043,1479.6548157695076,31.6732229651966,1507.0685036550835,1505.425897906556,1.6426057485275578
1-81800a72-4161-410e-be9c-fcba58be7a49,1233.0,1319.8,-86.79999999999995,1513.8524324901282,1500.200065489128,13.65236700100013,1506.3451375833513,1504.5578683925949,1.787269190756433
1-7dda53c9-0258-463b-bf05-743f136edb3c,1543.8,1582.0,-38.200000000000045,1529.2885678991347,1483.4184833886372,45.87008451049746,1497.986810549003,1494.6576115371292,3.3291990118736976
1-fee9dfac-7137-418b-a494-b8b7db38d7f4,1165.8,1133.4,32.399999999999864,1505.9423327729485,1542.2480322594124,-36.305699486463936,1488.784893055445,1498.1551171375813,-9.370224082136247
1-73e17d3f-78e7-4382-91cb-070a6ac13f51,1382.4,1347.8,34.600000000000136,1499.801194522395,1527.9394318259565,-28.138237303561482,1503.1703424260436,1492.9244288730465,10.24591355299708
1-253e3793-6ea2-4093-9ed4-d01c916723ec,1419.2,1434.2,-15.0,1481.1736634131507,1519.0195985690307,-37.84593515587994,1501.8483113307666,1494.0539744361156,7.794336894650996
1-c7491a33-ea25-46b4-b016-950518a97980,1395.0,1387.2,7.7999999999999545,1500.5626702908626,1506.2579851470432,-5.69531485618063,1521.2259255740466,1492.560131145342,28.665794428704658
1-33b58828-806b-401d-b73f-cab8668e413d,1196.6,1228.0,-31.40000000000009,1464.3070971028164,1517.8113481135472,-53.50425101073074,1504.7153014313858,1484.3578158339028,20.35748559748299
1-d97bea2a-2414-4845-a921-e39ae93d5b03,1458.2,1378.2,80.0,1502.4390907327574,1518.8572720762556,-16.41818134349819,1505.5009006333453,1491.6123276614094,13.8885729719359
1-876bd9a6-7365-4377-8281-8f6e32705cb7,1749.8,1698.4,51.399999999999864,1472.0740162629722,1522.1100362824666,-50.036020019494345,1502.1533049095513,1502.1331958378664,0.02010907168482845
1-8ed3b406-600f-4f50-beb2-305b7d5a3878,1254.6,1153.8,100.79999999999995,1517.2639513484926,1494.4455368285392,22.81841451995342,1510.3149279800296,1507.826308022477,2.4886199575526007
1-68c2f702-e4e8-4fb9-95a9-3f18fcd27ecf,1430.2,1305.8,124.40000000000009,1503.9586811027475,1502.7691637672551,1.1895173354923827,1488.3648251514926,1505.8785363100912,-17.513711158598653
1-9c200883-4dd2-4f25-aaab-3d7cb834335f,1481.8,1591.2,-109.40000000000009,1514.6215604981412,1479.6795851674328,34.941975330708374,1501.8167240611947,1491.2553736455193,10.561350415675406
1-5f9ea98f-1bd5-47bf-b866-60f9831678e6,1441.8,1283.6,158.20000000000005,1531.3795324296286,1490.697115032885,40.68241739674363,1507.7492514081327,1504.052311132701,3.6969402754316434
1-5b3ee828-d8b5-416a-bf23-b1073a78b665,1154.0,1134.6,19.40000000000009,1503.1778582180464,1511.1334486111575,-7.955590393111152,1501.0084663853645,1495.0794767949171,5.928989590447372
1-b750b0d4-57a6-4d59-bc23-5b06d8ba7ab9,1304.6,1386.8,-82.20000000000005,1521.0435350689472,1484.1375901848976,36.90594488404963,1490.861371268648,1492.0439785791139,-1.1826073104657553
1-1314b55d-f8e6-4b19-b2a9-178a813f34cf,1381.2,1188.4,192.79999999999995,1514.8092547417045,1490.0196217089724,24.789633032732127,1491.8255839632004,1499.7613941082273,-7.935810145026835
1-d98f301e-5042-4a32-a701-bd340ea85c64,1456.4,1628.8,-172.39999999999986,1531.169419672112,1484.129127496301,47.040292175811146,1499.185985660779,1488.6506012870584,10.53538437372049
1-c5be0c94-b3c2-4db8-bfc8-8ab7199eeb69,1306.6,1337.8,-31.200000000000045,1500.0841669268602,1515.5404807066561,-15.456313779795892,1496.9754018265082,1501.3991508105873,-4.423748984079111
1-a4ab1e5e-c585-4faf-a99f-ec11dd8838e8,1430.8,1475.8,-45.0,1512.3155893927842,1500.0,12.315589392784204,1500.918098156068,1500.0,0.9180981560680266
1-9e7cea76-d8eb-4279-b73e-876f87f5be83,1418.6,1347.6,71.0,1509.7426602475102,1488.089794627536,21.652865619974136,1500.030941830283,1515.0734181868359,-15.042476356552925
1-d4358290-61fe-4fb4-a030-e48a606ee913,1305.2,1216.0,89.20000000000005,1513.4304040920542,1500.0,13.430404092054232,1508.13226229061,1500.0,8.132262290610015
1-372ab3e2-a5d6-4fe9-8f80-dd9e93775789,1353.8,1295.6,58.200000000000045,1499.9733096212833,1496.8966156648244,3.0766939564589393,1500.5237851450902,1501.3300117784918,-0.8062266334015931
1-bf80a4b5-5654-4792-8c49-0a67cfa82e60,1217.2,1373.8,-156.5999999999999,1503.1384279722874,1496.8385984488414,6.299829523446078,1493.4567828094052,1500.2129018407968,-6.756119031391563
1-f0ba266b-dae6-447b-8623-172e4b9d949a,1583.4,1561.8,21.600000000000136,1489.46030783375,1530.447683430209,-40.98737559645906,1495.5854083307918,1501.0316467688133,-5.44623843802151
1-3a62820c-3b27-417e-a3ef-587475dda633,1548.4,1490.6,57.80000000000018,1528.1132401021575,1487.0267899183057,41.086450183851866,1502.5170707098457,1505.4045023039819,-2.88743159413616
1-b9ce37be-dfc6-4792-9b69-a4394d99fb35,1435.6,1248.8,186.79999999999995,1507.2322673567387,1511.7633351291875,-4.5310677724487505,1495.768276385616,1508.029213558837,-12.26093717322101
1-6571bb38-5bfe-4002-88d0-f5cdf52e6487,1381.4,1452.2,-70.79999999999995,1539.0837636641095,1499.7402520248793,39.3435116392302,1503.159604033385,1499.2956530495394,3.863950983845598
1-407d5b0a-4bae-4334-86d4-81173283b341,1544.0,1505.4,38.59999999999991,1503.066076739861,1517.4416759140936,-14.375599174232548,1486.6588497958387,1498.999964074253,-12.341114278414352
1-b1a1d9da-7d30-40d0-aae5-6f7bfb90826b,1616.2,1599.4,16.799999999999955,1507.1408780501465,1515.0754064506302,-7.934528400483714,1489.848354595349,1505.0267420184039,-15.1783874230548
1-4b93d11e-3630-40c5-a87b-d533b84deb1e,1430.4,1488.6,-58.19999999999982,1531.5208361208613,1486.6903381733068,44.83049794755448,1502.8422102296568,1488.1669365744701,14.67527365518663
1-63f6412d-0ac0-4c42-be1d-812383e1c61c,1242.8,1244.0,-1.2000000000000455,1520.642893327038,1473.321265034942,47.32162829209619,1493.4808622501632,1505.4414184058674,-11.960556155704126
1-c26bb5eb-1aa0-4410-88f0-f12735c4741b,1231.4,1442.4,-211.0,1537.1257099672362,1476.669345895602,60.4563640716342,1500.8916688628692,1497.7599915906994,3.1316772721697816
1-4e22976c-1564-4f41-9057-2031c06fd7c8,1411.0,1281.8,129.20000000000005,1512.3897220140898,1487.1629076342954,25.226814379794405,1502.8328529745545,1501.5211559566642,1.3116970178903102
1-06463618-2f9e-4449-bac0-0ecef4514862,1171.8,1316.4,-144.60000000000014,1503.1268512905267,1515.0893257374153,-11.962474446888564,1500.6472272875108,1494.3202696243452,6.326957663165558
1-00b661c5-0691-4b4d-aace-0c9802761987,1526.2,1377.8,148.4000000000001,1521.6006056600504,1515.803917061568,5.796688598482433,1505.020087450767,1500.7947623835908,4.2253250671763
1-7e8d02f0-e6d8-4ec5-a04b-301c72dcba92,1124.8,1217.6,-92.79999999999995,1485.2666559475426,1512.5278831434086,-27.261227195866013,1525.4534869470638,1502.405942585367,23.047544361696737
1-29d3ffb3-51fa-4a8c-8799-903aa6cb5194,1278.0,1439.0,-161.0,1502.9904808532824,1493.363047302481,9.62743355080147,1500.0,1499.2148039482547,0.7851960517452881
1-42c87ec1-a778-49ae-8d5b-4d8ec16f1d93,1356.0,1297.4,58.59999999999991,1519.2261224209935,1500.0,19.226122420993534,1500.0453902858033,1500.0,0.04539028580325066
1-9dd2b775-1b38-4cf3-9f05-2177cf47e7fd,1368.8,1291.6,77.20000000000005,1510.0809144943003,1493.6091104985896,16.471803995710616,1500.763438648033,1500.4945802421848,0.2688584058480501
1-728afb83-3de1-4e4d-b683-cb2cb5167599,1355.2,1193.4,161.79999999999995,1500.4945802421848,1500.0,0.4945802421848384,1500.6764246230407,1500.0,0.6764246230407025
1-1df7ecc3-016e-4dfe-967f-180237468e27,1369.8,1180.2,189.5999999999999,1500.3912698739125,1500.0,0.3912698739125062,1503.7512947745054,1500.0,3.751294774505368
1-6c03e91d-e48f-4341-a062-3afe786b8e0e,1221.6,971.4,250.19999999999993,1493.878519706533,1500.0,-6.121480293466902,1504.287194028006,1500.0,4.28719402800607
1-77e28445-b11a-41de-87f1-91224236b134,1302.4,1448.8,-146.39999999999986,1518.3233662721263,1480.2600303790675,38.06333589305882,1490.578356739074,1498.162224957127,-7.583868218052885
1-524ceaa2-9e42-418b-887b-06e2e65b24cb,1420.6,1302.4,118.19999999999982,1489.6799652816694,1502.9334142778337,-13.253448996164252,1499.26722685545,1491.607790488135,7.659436367315038
1-4630def4-e317-4c5b-bf75-5e4b8640bc26,1390.8,1278.2,112.59999999999991,1498.8553220821989,1499.7433111979692,-0.8879891157703241,1492.8165814121567,1505.0567168966256,-12.240135484468965
1-a0d907f0-c74b-487d-a9cd-51b280a110fa,1304.8,1212.4,92.39999999999986,1536.3037278878278,1496.7109526129875,39.59277527484028,1496.5237064763544,1490.3300925013768,6.193613974977552
1-628bd1f4-bfe6-4abc-b3ea-f72e399fec40,855.6,1022.4,-166.79999999999995,1519.9134376125996,1500.7043729868983,19.20906462570133,1499.5061821104034,1505.5017425297972,-5.995560419393769
1-1133ce07-3bc1-463a-89dc-bfb0f4017e15,1266.6,1260.0,6.599999999999909,1541.491174661148,1512.4828300468748,29.008344614273256,1497.5524352754471,1515.2919317702483,-17.739496494801188
1-0e53a456-e7f6-49fe-ab17-5383e838cfc7,1387.4,1295.4,92.0,1499.9656275123216,1558.2874566074163,-58.3218290950947,1497.2360347841782,1497.6626430719093,-0.4266082877311419
1-25870486-b11d-49d0-9716-3f96dfd572ed,1154.0,1291.0,-137.0,1567.9972190775595,1465.3128605793752,102.68435849818434,1502.7915283416014,1499.8282249756862,2.9633033659151806
1-6570ce98-522b-4b28-8f87-7b06237f0c65,1162.2,1154.0,8.200000000000045,1500.0,1554.4860237041908,-54.48602370419076,1500.0,1504.266225888191,-4.266225888191002
1-507c17d5-14f2-4f7a-b449-86298d2c1335,1298.4,1341.8,-43.399999999999864,1494.5526426974661,1533.9894516250442,-39.43680892757811,1518.713631034061,1499.8032106902835,18.91042034377756
1-7c48b463-9bdc-4ca9-94ea-f54cdb47b335,1236.6,1302.4,-65.80000000000018,1497.4103920165005,1539.9673758060626,-42.55698378956208,1516.6088548409336,1497.2872678845408,19.32158695639282
1-bf87126a-2713-4dd8-bd72-d73b5ec0b4a6,1206.2,1335.2,-129.0,1493.6728916533298,1527.903637988738,-34.230746335408185,1499.2510704822116,1506.45255463254,-7.20148415032827
1-9d6e6776-bb23-4089-a11a-a204ea7435e0,936.8,1060.8,-124.0,1506.224895492358,1499.9415810434937,6.283314448864303,1492.5626637039056,1504.6201061735317,-12.05744246962604
1-a28e30ee-b5d7-4a65-bb9c-1a0dcb3bf6c0,1221.8,1253.0,-31.200000000000045,1500.0,1521.571211037289,-21.571211037289004,1500.0,1504.998097186394,-4.998097186394034
1-615bf025-d8dc-4a8f-bf85-4f019462864a,1197.0,1136.4,60.59999999999991,1537.0734020080445,1522.0871031910885,14.986298816955923,1503.1208744870833,1499.0388814062396,4.081993080843631
1-6990aea6-729f-4c86-90af-9a586f7c378a,1178.6,1231.8,-53.200000000000045,1503.1777631777172,1521.7728982992708,-18.59513512155354,1502.0232405250526,1502.7707635031284,-0.7475229780757218
1-38637fe0-0612-4d7e-ab1e-299320ab00ed,1121.0,953.6,167.39999999999998,1509.171972187709,1500.0,9.171972187708889,1501.0684141758452,1500.0,1.0684141758451915
1-31062e2f-7a6f-4cc2-a2d3-1084aeca3168,1088.0,1197.0,-109.0,1500.0,1499.619338287012,0.38066171298805784,1500.0,1504.6302163947646,-4.630216394764602
1-fd30c023-a2d9-4909-ad20-5ba2fe5a0ffd,1201.8,1197.0,4.7999999999999545,1503.5608491835649,1516.201190834167,-12.640341650602068,1509.0202909195746,1506.3409891746692,2.6793017449053877
1-6eb57157-c7a4-47e4-8f55-c6f61ff6abce,1109.8,1197.0,-87.20000000000005,1510.3324343977552,1499.7122662862726,10.620168111482599,1520.573826168336,1495.3645148111832,25.20931135715273
1-c5dbd2ca-7549-4822-b3e5-c3fa2ecc6782,942.8,882.4,60.39999999999998,1493.1338155122692,1506.355704983749,-13.221889471479926,1480.4324921541827,1497.595214110097,-17.16272195591432
1-1ba20120-0c95-4d90-92ed-ae8eac096604,689.8,789.4,-99.60000000000002,1499.9700652525732,1500.0,-0.02993474742675062,1490.303295048679,1500.0,-9.696704951320953
1-3fbfb24d-07ff-4675-94ff-6b57af80b72c,1949.6,2083.0,-133.4000000000001,1504.1991281628793,1493.3739448719878,10.825183290891573,1502.5798916595154,1504.7370671202098,-2.1571754606943614
1-1bccef13-2284-4304-b968-2d99d0342f14,1917.4,1949.6,-32.19999999999982,1525.2030622177908,1486.4205066613827,38.78255555640817,1498.656771982046,1501.1363692170594,-2.4795972350134434
1-d75e6dcd-39cd-4e7e-b9e7-b73018e618ef,1994.0,1914.4,79.59999999999991,1539.706939265271,1507.3446588364377,32.3622804288334,1505.9434506861533,1496.488438089314,9.455012596839197
1-0d0884fc-c9ca-453b-aa87-6f227b0aea93,2189.6,2133.6,56.0,1497.859375149291,1509.3639210355318,-11.504545886240749,1503.0720853226335,1508.123056502444,-5.0509711798104036
1-2cc5673a-bb4c-41fe-b0b2-8e7059a08b28,1757.0,1747.4,9.599999999999909,1510.457679004038,1464.5269289306934,45.9307500733446,1508.0805349088832,1500.4377934226848,7.642741486198474
1-fe333bb6-7e59-4826-a859-325b8740c822,1610.0,1539.4,70.59999999999991,1484.699152530464,1487.193067132402,-2.4939146019378313,1504.7005794499398,1499.0454556792388,5.655123770701039
1-452bf6f6-254a-428b-8ace-87e9d74ad231,1948.4,2046.8,-98.39999999999986,1503.2545025362847,1489.8996227732464,13.354879763038298,1508.0587804515794,1499.5133062492382,8.545474202341211
1-7779fd1f-9c3a-4a2c-9fe9-f6de2af63b32,1595.6,1579.4,16.199999999999818,1539.8732176447488,1499.688847011134,40.18437063361489,1498.7468199311274,1488.4846343647844,10.262185566343078
1-5b25eb4c-6f4b-49c9-b153-3806ba829667,1751.4,1933.6,-182.19999999999982,1494.902198086183,1485.2754163611012,9.626781725081855,1492.9605978729837,1496.2190488920664,-3.258451019082713
1-66c11111-53f7-4863-869d-d0b3c485fc59,1957.0,1758.8,198.20000000000005,1476.0705647124873,1479.0604853401803,-2.9899206276929817,1499.685917146377,1485.1827792812578,14.503137865119243
1-64970b25-2dd9-468e-aeb2-1c7966ff3f51,1745.2,1726.4,18.799999999999955,1484.867199616992,1483.4186094844094,1.448590132582467,1502.4984582430116,1494.093594085111,8.404864157900647
1-a1ec32d5-aa12-4764-bac0-38568e436dcd,2060.6,2054.2,6.400000000000091,1510.783868959746,1462.3360278132318,48.44784114651429,1492.255199499235,1512.0814763107915,-19.826276811556454
1-8a25b81f-4b19-43ce-9e33-42388227cb1f,1956.8,1975.6,-18.799999999999955,1520.1346550575279,1451.0366987102748,69.0979563472531,1514.675492468079,1508.0118887837907,6.663603684288319
1-e630e521-aa50-4c3e-8ff8-2d88765a1817,1710.6,1660.8,49.799999999999955,1527.2475200300548,1492.638607450155,34.60891257989988,1505.4220164855433,1492.7701107546877,12.65190573085556
1-3d70acc5-78c0-4c9d-82ec-b1c7772c1379,2049.4,2018.8,30.600000000000136,1491.005947270039,1483.842084272872,7.1638629971671435,1505.8045906971406,1499.7048254936144,6.0997652035262035
1-69a7779b-658f-4046-9cea-a12f57b0a699,2030.2,1706.8,323.4000000000001,1484.3162130350834,1477.2979298113496,7.018283223733761,1505.8800865933058,1497.0007162677025,8.879370325603304
1-c59fbc3e-056c-45ef-be46-39212534f349,1559.2,1505.2,54.0,1514.0953824014673,1483.2593957041738,30.835986697293492,1494.3562332566996,1489.514927232267,4.841306024432697
1-fb7e57a0-0d33-409f-80a5-a958aada6afd,1872.8,1878.6,-5.7999999999999545,1481.2344631993874,1487.809440189397,-6.574976990009645,1497.948189917174,1514.0071419794222,-16.05895206224818
1-fe8d718c-3982-46ce-a1a8-19482a57750b,1795.6,1742.0,53.59999999999991,1502.1492721800732,1493.3443281660757,8.804944013997556,1496.0680504298477,1501.974911499303,-5.906861069455317
1-ec60c1ca-4ab0-4de0-91f2-d329249b529b,1471.4,1371.0,100.40000000000009,1486.9737134878333,1500.0,-13.026286512166735,1496.5724686109659,1500.0,-3.4275313890341295
1-1105dd55-a443-44e2-845e-d3935e7e0509,1900.0,1956.2,-56.200000000000045,1483.075507092856,1448.7032812933303,34.37222579952572,1503.6615218551117,1496.386209925161,7.275311929950703
1-6b892e46-e564-457b-b4c5-ea14c45f632c,1898.4,1643.6,254.80000000000018,1434.2604749107913,1484.6547553495088,-50.39428043871749,1502.7952759717177,1498.2518302261399,4.543445745577856
1-fa86307a-d00b-43f4-b47f-b90cf4931df1,1486.8,1442.2,44.59999999999991,1470.0908016525639,1509.9093954375544,-39.818593784990526,1497.5934584372499,1504.236843084509,-6.643384647259154
1-5a0fd29c-a83d-434c-a42f-9dea4382335e,1213.0,1342.4,-129.4000000000001,1468.4560504946771,1483.407679172488,-14.951628677810959,1505.1633454265323,1519.4866209793856,-14.323275552853374
1-26b4d024-3750-4b4f-a7c0-60b6000253e8,2225.8,2292.8,-67.0,1468.5395870745026,1492.272394486848,-23.732807412345437,1505.6388220085325,1501.4340423605188,4.204779648013755
1-3c16fd70-c30c-4df9-84ec-fd8465eb1ba6,2079.0,1931.6,147.4000000000001,1507.5499259899566,1512.8,-5.250074010043363,1502.9326870413379,1500.0,2.9326870413378856
1-98c46c5f-a25f-4e52-a76f-741541fefb47,1983.0,1700.2,282.79999999999995,1488.1175092362291,1509.1647646557108,-21.047255419481644,1504.1759922323088,1501.8546408369175,2.321351395391275
1-11826016-a901-4f93-9796-8ff72d7cd40b,1919.8,1992.4,-72.60000000000014,1500.4688260546252,1479.4524185838766,21.016407470748618,1505.5061787091317,1502.5242890399502,2.9818896691815553
1-67f89cd4-7618-4f5b-b65d-aca5da770017,1980.2,1986.6,-6.399999999999864,1472.564765826891,1497.0566902450398,-24.491924418148756,1508.1108432052042,1497.4517111420632,10.659132063140987
1-9a953de7-91b5-4924-9957-0d428efa6949,1832.4,1889.2,-56.799999999999955,1499.1963236095296,1441.653122445136,57.54320116439362,1488.7762543725144,1509.183519164101,-20.407264791586613
1-ab6b040c-44ea-48d2-83d8-bee6725eac8e,1952.2,1889.2,63.0,1514.6659683099715,1454.9289216126422,59.73704669732933,1510.8297188594613,1506.357229502244,4.472489357217228
1-d9db9202-a532-4b2b-822e-7b0eb023ccad,2028.6,2184.0,-155.4000000000001,1503.1821437108265,1476.1026236872262,27.079520023600253,1499.8134110772166,1526.666197179775,-26.85278610255841
1-8a95e66f-455e-4856-bea1-9faac55a1156,2042.4,2151.4,-109.0,1481.8313391563613,1509.0247487585034,-27.193409602142083,1508.7996100958408,1495.1544358261738,13.645174269666995
1-6eb2a1e8-17e9-498a-9e08-d2f7c7bd24b7,2000.0,1949.2,50.799999999999955,1512.2895211802738,1478.28231953492,34.007201645353916,1495.1663712328634,1503.701845085678,-8.535473852814675
1-8fec64e3-96c7-4e40-b549-57669b4de951,2026.0,2007.8,18.200000000000045,1497.0327074277316,1505.291519164597,-8.258811736865482,1504.2476722030362,1506.3096317359136,-2.061959532877381
1-ba5ff6af-a2a1-49e9-87d5-7e4757e3c581,2024.2,1957.6,66.60000000000014,1506.798295096026,1506.1004691739938,0.6978259220322798,1506.4065119433005,1470.441956510788,35.9645554325125
1-f0c33c8b-8047-452b-972b-6f80829b329a,1430.4,1561.6,-131.19999999999982,1539.5117985971833,1511.7283785469685,27.783420050214772,1499.3070388398553,1499.6338362551687,-0.3267974153134219
1-a0efc2e3-8177-4a14-8780-b28dac254f1a,1423.0,1447.4,-24.40000000000009,1508.7790335963316,1527.6947383129625,-18.9157047166309,1497.2599882897898,1501.8375340848843,-4.577545795094466
1-f9100668-7b4f-4cff-b2f8-b17fa294bef6,1588.4,1549.0,39.40000000000009,1510.4306297051783,1542.273034936688,-31.8424052315097,1503.2433378012452,1505.1491706634872,-1.9058328622420504
1-aa9d42e5-326e-4658-a658-01d10fba8af4,1473.2,1536.0,-62.799999999999955,1536.2475745626466,1510.685000472029,25.562574090617545,1505.75993261142,1495.179831205544,10.580101405876121
1-aed4a745-11f6-4fed-8ec5-9e4445129e9e,1719.0,1633.8,85.20000000000005,1519.9797999539587,1500.0,19.979799953958718,1503.8286854427624,1500.0,3.828685442762435
1-e6c6e4c4-5b3f-40bd-babd-e8ad1be3c919,1931.2,1985.6,-54.399999999999864,1492.0498320397878,1491.3716094690985,0.6782225706892859,1495.8190426728102,1501.2358679250399,-5.416825252229728
1-4dabca5a-b9bc-4564-85d9-2b7dc7b0c626,1506.2,1550.4,-44.200000000000045,1499.3802900292203,1487.3349895572633,12.045300471957034,1497.3401814099877,1497.306880539727,0.033300870260745796
1-14203f9f-5f3c-4fcf-aeb3-e7c7a09a8420,1669.4,1701.0,-31.59999999999991,1510.9214709229539,1484.371319346762,26.550151576191865,1494.4559641674598,1502.0184535213953,-7.562489353935462
1-6daeba69-cafd-41aa-a544-9c02acaadc5f,1835.6,2145.2,-309.5999999999999,1496.1692118111935,1495.1903933949202,0.9788184162732705,1501.4849811509698,1506.1003425831639,-4.6153614321940495
1-5cecf920-399c-4442-9e62-6dde51f7f917,1965.8,1835.6,130.20000000000005,1505.8054745486202,1512.4763806442493,-6.670906095629107,1501.9647541046118,1501.2200038436147,0.7447502609970797
1-98e2285c-874e-4e4e-8e7e-463e3f3ba127,1749.6,1678.6,71.0,1503.5640522866383,1514.404022711333,-10.839970424694684,1501.807806253258,1507.4443613877743,-5.636555134516357
1-4bb9e8ab-30b5-409f-b307-4c1fed22a193,1887.8,1744.6,143.20000000000005,1555.86521034907,1488.0633045439681,67.8019058051018,1506.2461699717967,1500.4320344015673,5.814135570229382
1-2bf3b11f-6930-4845-8f17-bf69831a6280,1317.4,1370.0,-52.59999999999991,1500.0303864321809,1540.1795400973533,-40.149153665172435,1513.5944156173457,1502.082605116652,11.511810500693628
1-e6af7efa-a987-4ca0-bff9-5580075646d6,1462.0,1593.8,-131.79999999999995,1512.3845981801164,1527.9538910999495,-15.56929291983306,1502.7410504020372,1511.8234399940357,-9.082389591998435
1-813e1416-c625-4bea-83ac-336860de40ae,1559.4,1471.6,87.80000000000018,1527.9663591904819,1517.590585331944,10.375773858537741,1508.6328976466348,1501.1806176074656,7.452280039169182
1-2447179d-be8c-480a-aba3-903dcbf4c944,1533.0,1613.6,-80.59999999999991,1512.1369334756926,1540.729266396323,-28.592332920630497,1500.375241406966,1499.3407196584114,1.0345217485546527
1-5cfb0fc0-e946-43a7-a7ca-27a1e94c4e2c,1938.6,1684.6,254.0,1530.7842472909483,1527.0430155044578,3.7412317864905162,1497.4324670594453,1498.8041603497827,-1.3716932903373618
1-279cdb97-9803-4326-86a9-dd3f178d36d0,1639.8,1583.8,56.0,1446.3414945254306,1485.7144457091092,-39.37295118367865,1496.8740949334556,1484.9383562463315,11.935738687124058
1-3e027cfd-0c4b-4793-9c23-e36cd438b580,1532.4,1520.4,12.0,1412.1939633431641,1488.5642027174429,-76.37023937427875,1502.7864118188502,1511.4943249759976,-8.707913157147459
1-f4ff09c1-a322-4713-8428-c36a91114c04,1677.8,1645.4,32.399999999999864,1486.9233379779598,1429.576581990526,57.34675598743388,1488.6575033121862,1503.7023303264132,-15.04482701422694
1-a0fd35e7-edc3-4dbd-8ab3-f0ee4a3204f9,1651.8,1547.8,104.0,1450.459478483076,1494.6819246197279,-44.2224461366518,1495.3278118931948,1496.7879499063993,-1.4601380132044142
1-55e886d6-37c0-4027-8805-d938ba67454a,2043.8,2055.8,-12.000000000000227,1461.74966138543,1451.5906264003956,10.159034985034396,1501.5031320579862,1504.2559311244352,-2.7527990664489153
1-43227c5c-5fe2-4185-942f-6f332b7fb3d8,1696.2,1722.2,-26.0,1495.8196892418737,1485.285734230662,10.533955011211674,1493.5072414143717,1527.686455455784,-34.17921404141225
1-69c6c345-191d-4ee1-ab4d-91506daf94d7,1644.2,1728.0,-83.79999999999995,1460.4160680245727,1465.406241386108,-4.990173361535199,1509.3684797640497,1498.6167698520142,10.751709912035494
1-7d1b8f59-4404-4246-b35f-6e3b65fd248d,1924.0,1871.0,53.0,1457.625714833653,1521.8373248035768,-64.21160996992376,1496.5205868425585,1499.3741059162717,-2.853519073713187
1-643d496e-3a05-4650-9e02-ee3075a88e30,1875.0,1764.2,110.79999999999995,1449.2832188346508,1539.9674742966185,-90.68425546196772,1507.3052880158168,1496.499001935787,10.80628608002985
1-55280a0f-2d0b-4a36-bbd2-833c8344c8ad,1882.6,1895.2,-12.600000000000136,1487.3693818263325,1524.5104963539272,-37.14111452759471,1503.3777952434507,1500.2852475514642,3.0925476919865105
1-4f04feec-eef8-4aaa-81e8-a7257f09cb98,1880.0,1873.2,6.7999999999999545,1474.4346030527213,1498.8894565747764,-24.454853522055146,1506.7918747977242,1539.9853956344195,-33.19352083669537
1-c5c2684e-ff57-4d7c-9bbc-792977c7b50f,2055.6,2020.4,35.19999999999982,1523.8761487166892,1452.2723026266353,71.60384609005382,1482.3270193707326,1504.5062286334432,-22.17920926271063
1-a616f4d0-678d-427f-9b33-8c31c635a9c2,1719.0,1763.6,-44.59999999999991,1504.7648515208598,1433.4527357640598,71.31211575680004,1482.8825934884633,1495.7416780129402,-12.859084524476884
1-ce708671-f846-4dc9-b8e3-bab2d19128c3,1787.2,1650.0,137.20000000000005,1518.2908106145628,1431.5715996130746,86.71921100148825,1500.426563161026,1501.8388272624138,-1.412264101387791
1-4d0f35eb-62ed-48ac-9403-70d8338026a4,1831.0,1814.0,17.0,1504.5986119299653,1468.8839261563746,35.714685773590645,1499.6211350227632,1511.36153196675,-11.740396943986752
1-cf387f34-c8d6-4a86-9b4a-ed2bd1e5f0ec,1565.0,1571.6,-6.599999999999909,1488.2638128658432,1470.3505832475262,17.91322961831702,1518.5433817869457,1506.437227904175,12.106153882770741
1-89f605fd-4a8f-4e63-9df6-05d29bb43c77,1844.8,1758.8,86.0,1521.70691934791,1533.2048810271717,-11.497961679261834,1510.4934091063415,1503.25515272236,7.238256383981479
1-a2860148-d0a7-493b-833b-9937a78dda0f,1721.8,1763.8,-42.0,1476.0439554154352,1549.6067640993547,-73.56280868391946,1510.808883981623,1508.7525181745818,2.0563658070411748
1-505fdc27-4f91-4d40-bc2d-99af5842c945,1636.2,2023.8,-387.5999999999999,1476.560595088587,1524.4934707807156,-47.93287569212862,1490.0674262806697,1509.8031787572552,-19.735752476585503
1-91d6d4d5-9e36-4d3e-8110-e18c506749f7,1461.4,1512.4,-51.0,1475.1248186496691,1484.7650511346985,-9.6402324850294,1504.8947597395088,1501.797208100253,3.0975516392556983
1-f2b83684-934d-4e84-87ec-c4a2aa4aa335,1516.4,1684.0,-167.5999999999999,1465.6414864988321,1509.7718111880488,-44.13032468921665,1500.9630016226924,1509.8615232005297,-8.8985215778373
1-3489af03-ee9a-4f78-9166-86db899254e8,1673.2,1510.6,162.60000000000014,1496.8,1434.8996443670198,61.90035563298011,1500.0,1500.6178608264438,-0.6178608264438026
1-8dc1cbda-33ae-4ef4-ad66-81c262bb7cb3,1676.6,1660.6,16.0,1473.8153851945885,1481.783910252106,-7.968525057517354,1503.052271797035,1494.2265539650539,8.825717831981137
1-faccbfd3-1b58-4a1f-9758-e3e19dba4be6,1550.6,1487.2,63.399999999999864,1503.9175942588113,1487.0564373183875,16.861156940423825,1518.4836770757904,1508.7449565529946,9.738720522795802
1-a86019ef-75fd-402c-b532-c02d3c526cb0,1488.0,1246.6,241.4000000000001,1520.2212764054668,1457.4686298932122,62.752646512254614,1507.6976614639768,1501.8143175566443,5.8833439073325735
1-2d38311e-4b2e-4a11-8a67-0f666fa8ff51,1179.2,1188.4,-9.200000000000045,1499.963690249941,1493.305801886043,6.65788836389811,1496.8145154252793,1491.951038777813,4.863476647466314
1-2273abda-4af7-424a-acbb-667be6c98922,1344.4,1301.8,42.600000000000136,1490.6559456042003,1499.1970924680772,-8.541146863876975,1489.6836181860058,1498.7357948692306,-9.052176683224843
1-fc3b77f0-1fdb-416c-8745-dbc47c7b1d01,988.2,1024.2,-36.0,1500.0,1476.1160428821765,23.883957117823456,1500.0,1501.71929999258,-1.7192999925800905
1-3e7e6d6a-c36e-4dd7-8835-91c5ee16afbd,1491.6,1553.2,-61.600000000000136,1518.5613186005933,1469.883676898146,48.67764170244732,1502.1415018313526,1505.0454360468768,-2.9039342155242593
1-f4b7d46b-d511-47f0-b109-1ab771f38728,1460.0,1286.2,173.79999999999995,1484.563169200158,1472.582864456719,11.980304743438865,1505.0466823926454,1504.1885734111947,0.8581089814506413
1-da2bc0ee-d313-47a7-bf35-55ba76961687,1536.8,1500.0,36.799999999999955,1502.6569641511096,1439.0931124391177,63.5638517119919,1503.2065307102587,1500.6184640128654,2.5880666973932875
1-332043ce-0c41-4b2a-8f19-5c70dedea065,1504.4,1494.0,10.400000000000091,1483.54129447295,1478.4972155599137,5.044078913036401,1508.3810627837938,1504.2649755989307,4.11608718486309
1-47709d2f-9640-44c6-b0d5-60568abb154e,1757.4,1642.6,114.80000000000018,1506.4595611153113,1472.9370644843518,33.522496630959495,1487.7387474095005,1503.9706251970804,-16.231877787579833
1-c33cf1d4-858d-476b-82e5-a424d87aabff,1702.6,1900.2,-197.60000000000014,1481.957314697056,1490.664368544887,-8.707053847831048,1503.8885780509047,1500.0620815156235,3.826496535281194
1-84b10b4c-7374-453a-b891-387fb1b5eed7,1563.4,1631.0,-67.59999999999991,1481.128233982273,1509.7447590385075,-28.616525056234423,1501.5526541464376,1504.558732049159,-3.006077902721472
1-0b39d807-de17-4743-8e24-6f594a5e294e,1167.8,1095.0,72.79999999999995,1496.9683765635596,1492.036730160556,4.9316464030034695,1514.9506647829191,1500.8699570254184,14.080707757500704
1-d3466550-096a-4722-8cd7-aede1839f2c7,1558.4,1656.4,-98.0,1481.5147769622297,1476.4500920756548,5.064684886574923,1504.8513156459271,1493.567534706902,11.283780939025064
1-53e3bc12-26a5-4f21-aa52-c456196cabf9,1571.6,1710.8,-139.20000000000005,1492.5699425451526,1471.8347978487097,20.73514469644283,1489.8997125414735,1507.864321660921,-17.96460911944746
1-67217255-5510-47d6-aeea-fdc98f383e05,1929.8,1745.6,184.20000000000005,1505.6331025026132,1471.6157061745828,34.01739632803037,1493.0401749673208,1509.292724911086,-16.25254994376519
1-0b4a5266-6616-4a9f-9107-5e50c1c05436,1197.6,1406.0,-208.4000000000001,1500.1225687085262,1520.3212292490011,-20.198660540474975,1499.1521663975248,1493.9109242813304,5.241242116194371
1-204ecd22-e83c-42ec-afa6-778574c5f56f,1764.6,1726.4,38.19999999999982,1485.368368591824,1477.5391700812056,7.829198510618426,1505.7693630355782,1500.162977606925,5.606385428653084
1-8d81a92c-dbf8-47c9-a3aa-f1693633523c,1659.4,1594.4,65.0,1497.3963498092671,1492.8444660916746,4.5518837175925455,1499.44839090053,1503.9661126321048,-4.517721731574738
1-0ee6dde9-6028-497a-a04b-e311a22260bf,1820.6,1737.4,83.19999999999982,1516.6328831085502,1505.6636955257004,10.969187582849827,1497.0900606725827,1497.7922537162585,-0.7021930436758339
1-1c0c9cbe-021b-4704-acd2-40d037d532aa,1386.6,1517.4,-130.80000000000018,1487.3388956486083,1485.0757209554158,2.263174693192468,1502.6920978500432,1498.4504486418036,4.241649208239551
1-fdd77de9-4519-4762-8c66-41c54a1655df,1530.6,1520.6,10.0,1507.7860138492376,1495.6400974590294,12.145916390208185,1516.6886750093831,1502.6247923571086,14.063882652274515
1-59175509-eb1a-414a-869f-0187bbfc697d,1520.4,1585.0,-64.59999999999991,1502.7172367550754,1482.9949375050555,19.722299250019887,1483.158541973131,1498.5020377994938,-15.343495826362869
1-89a379cc-898c-401e-b5b2-e87b3f8e03f6,1500.8,1459.0,41.799999999999955,1489.8376753342568,1519.8769210365022,-30.039245702245353,1498.3463143688093,1503.2333777513363,-4.887063382527003
1-03c207bb-3f22-4849-b77e-f095a6b61136,1686.8,1652.8,34.0,1497.6150935969597,1484.6476309507766,12.967462646183094,1505.6535200992325,1495.2604421513422,10.393077947890333
1-38b6d9f5-45d2-41ec-837d-1a5142e4524d,1608.4,1643.0,-34.59999999999991,1488.9955755130775,1522.810877458112,-33.815301945034435,1487.5968558330965,1500.74868083485,-13.151825001753423
1-833115c0-b2a2-4151-a50a-e6c3ed431277,1526.6,1465.2,61.399999999999864,1480.1035749529347,1500.7553206792395,-20.651745726304853,1498.7581968281436,1493.8540775341846,4.904119293958956
1-dc942a1e-019c-4fd5-b3e1-ec5687f2bdf5,1550.8,1670.4,-119.60000000000014,1504.7527741906772,1493.9713077870776,10.781466403599552,1492.1754969813599,1505.2522903568497,-13.076793375489842
1-20aa6d68-4600-47be-911a-a853a2667bfa,1597.4,1469.4,128.0,1492.9970212962357,1495.1288921170737,-2.131870820838003,1493.6258028738,1486.0735633027675,7.552239571032487
1-24dd8a08-765d-442c-95b6-f84b986aca41,1597.8,1654.8,-57.0,1508.055025344203,1519.1738962015133,-11.118870857310412,1498.5429508394695,1500.8876656754758,-2.344714836006233
1-8beb4fde-ab49-4dea-9667-aee269f0e556,1732.0,1689.4,42.59999999999991,1503.8323853224426,1484.7518040159043,19.080581306538306,1499.654367232557,1497.6047116154664,2.0496556170905933
1-7b2c6e81-85f2-4de3-9306-e7de5ebc3a5c,2094.8,1891.0,203.80000000000018,1498.4653753583766,1523.8906201811235,-25.42524482274689,1498.0225809722617,1504.3707705181066,-6.348189545844889
1-83544f56-54cc-49ac-80c2-85bf743cb5b7,1936.4,2006.6,-70.19999999999982,1498.2838092732593,1499.9993950513744,-1.7155857781151553,1503.7464232724808,1502.9373292879093,0.8090939845715184
1-2655156a-be6f-4abf-aef8-cea4af153040,1862.6,2029.4,-166.80000000000018,1520.704446434687,1508.5720226071567,12.132423827530374,1504.3146627926162,1493.6626278471008,10.652034945515425
1-fe8bcfa4-2cde-4c4e-acf8-523dfa57d49a,1557.8,1442.8,115.0,1508.3358191066916,1511.0984836386256,-2.7626645319339787,1496.0773338633767,1501.6598669602754,-5.582533096898715
1-3b6009a8-7cc7-43fa-8921-0ee32dbc1de4,1746.8,1843.8,-97.0,1521.437187763159,1493.0581017389138,28.379086024245225,1502.9883478820816,1517.2792923350528,-14.290944452971189
1-d54d6986-8c02-43f3-95ba-eb4ec328b416,1343.4,1408.2,-64.79999999999995,1512.6868746571397,1507.2645035989947,5.422371058145018,1497.8223009886087,1498.0895095771145,-0.26720858850580953
1-d17374e2-1c09-4b9f-ac3a-c56a28123c07,1673.6,1491.2,182.39999999999986,1536.934545379814,1515.0464704682897,21.8880749115242,1502.7537527616637,1496.9043229763936,5.849429785270104
1-c6761926-1eba-4379-b963-a4ef2b25f52a,1710.2,1659.0,51.200000000000045,1491.4382553746086,1473.916625277434,17.521630097174693,1513.0779192115074,1491.218227059615,21.859692151892432
1-fd7d7353-f14e-4410-8ea0-34ba0257d50c,1994.8,2032.4,-37.600000000000136,1516.0759203581188,1492.8360603700448,23.23985998807393,1506.9274721443142,1496.1342694375342,10.793202706779994
1-449a6bbd-434b-4a2f-bb90-23a878fbeed1,1857.2,1774.0,83.20000000000005,1509.8252133045767,1500.3946324572103,9.4305808473664,1510.032914952685,1495.2500770631902,14.782837889494658
1-8c302573-bc7e-4d50-89a8-77daf12f8d6b,1494.0,1492.6,1.400000000000091,1506.5470666851618,1499.6146764801792,6.932390204982539,1504.3830521309346,1492.460301392258,11.922750738676541
1-175d3ba4-6bbd-4988-986b-7a4744325939,1504.4,1752.0,-247.5999999999999,1506.1953517614486,1499.6597420003454,6.53560976110316,1499.985400789612,1505.6547862249456,-5.669385435333652
1-f3fbceff-d2e7-4161-9f52-ec9b960c9bf0,1767.8,1728.0,39.799999999999955,1503.1416031584472,1512.6237241343456,-9.482120975898397,1500.0,1497.8666666666668,2.133333333333212
1-294c609e-dc54-4865-ac45-3fab867d748d,1504.4,1584.6,-80.19999999999982,1506.3410604879493,1500.0,6.341060487949335,1498.4,1500.0,-1.599999999999909
1-ff994c0a-348e-4cb2-870c-b93547a1081e,1704.4,1622.6,81.80000000000018,1503.2,1496.8,6.400000000000091,1500.0,1500.0,0.0
1-e09b2c78-1050-465a-a051-1e352d750080,1453.4,1389.6,63.80000000000018,1500.0,1500.0,0.0,1500.0,1500.0,0.0
1-d2f5e70d-2974-4715-bce5-4acc3e85f96b,1799.8,1751.0,48.799999999999955,1489.5313322881632,1487.5887804679871,1.9425518201760497,1499.4030831758898,1504.9987092117556,-5.595626035865735
1-2fcd5f78-abae-48f7-888a-73eacfd6f81e,1535.4,1546.4,-11.0,1500.7434077652063,1482.466305667911,18.277102097295256,1499.2823192953608,1505.3573084429793,-6.074989147618453
1-4df6e988-0d23-4ad2-9e13-90f21b0cca25,1501.2,1492.4,8.799999999999955,1491.4847021845405,1496.2090366830694,-4.724334498528833,1508.9493101338157,1502.9753444808548,5.973965652960942
1-67f4dbe4-55f2-4a9b-a63b-2ff327a3404d,1627.8,1565.8,62.0,1469.1322463080828,1528.9870082286502,-59.8547619205674,1486.495635944669,1503.6704734028601,-17.174837458191178
1-e460a114-4db3-46f5-bb38-f1e5c7104443,1789.6,1806.8,-17.200000000000045,1521.7988832457554,1519.7465615456788,2.052321700076618,1501.4191099676652,1503.547274701497,-2.1281647338316816
1-5dd605af-584d-45ce-a5d8-511a964d809c,1507.0,1599.0,-92.0,1509.8497239043604,1519.3984178158366,-9.54869391147622,1507.0578612069871,1499.853734161098,7.204127045889209
1-5a2e0601-720e-4ad1-9e6b-8175e40539f1,1592.0,1634.4,-42.40000000000009,1519.2006212489791,1522.1218656326757,-2.921244383696603,1498.9033636921197,1510.6442365896544,-11.7408728975347
1-05a4e7c8-99d9-4f1b-a93d-8662bcd21ac0,1671.6,1616.4,55.19999999999982,1511.346463557185,1519.327109036727,-7.9806454795420905,1495.65706449081,1515.859151586667,-20.202087095856996
1-a0a7507f-4a56-4a8d-a820-2399a0f3e1b9,1632.8,1576.8,56.0,1519.621249184478,1503.7682823747439,15.852966809734198,1505.9098035221236,1518.5875845379346,-12.677781015810979
1-1ac8b7ae-80ec-4c7e-b697-ae4bdda2e96c,1448.0,1410.8,37.200000000000045,1500.7381040824237,1528.2715752011918,-27.533471118768148,1508.9849380097012,1506.1515639673194,2.83337404238182
1-ed4bf90e-3f16-4d7b-a853-c9977935c575,1329.0,1410.8,-81.79999999999995,1509.6443352098017,1512.398402007912,-2.754066798110216,1505.74930655607,1503.5476579090873,2.201648646982676
1-8c3feeea-7a5d-4ee1-ba98-bf69fa46c854,1407.0,1519.8,-112.79999999999995,1499.374941947723,1505.441025203712,-6.066083255988815,1500.7791995010452,1474.4319685789637,26.347230922081508
1-eeab3276-4315-4dc8-b18b-092402eaf116,1299.2,1488.0,-188.79999999999995,1521.7733953595477,1481.250701107442,40.522694252105794,1498.735283742513,1499.2312104699001,-0.49592672738708643
1-4f6ad80d-2108-41a4-b8d0-ae43ceefe712,1299.2,1532.0,-232.79999999999995,1506.0520755523423,1500.0,6.05207555234233,1493.5582108097224,1500.0,-6.441789190277632
1-b57143a4-539d-4578-8423-f1e23e54c1cc,1244.0,1222.8,21.200000000000045,1499.7127710804314,1486.8012005451958,12.911570535235569,1496.8799145292135,1493.938647787753,2.9412667414603675
1-587d7e64-3f0f-4090-b295-83c35f4681be,1306.8,1327.4,-20.600000000000136,1490.3300925013768,1500.0007864154986,-9.670693914121784,1501.9201679499738,1505.0433021215981,-3.123134171624315
1-bad89ce2-cb24-4248-b94b-b5be02033bfe,1653.0,1624.6,28.40000000000009,1522.480456968044,1512.2560063559533,10.224450612090777,1506.6258488741732,1498.6057803498525,8.020068524320777
1-d361f85f-be13-4e02-b252-eab3fea3890b,1728.8,1627.0,101.79999999999995,1505.071553348562,1502.690172293727,2.3813810548349466,1499.7467681974692,1500.1616046074375,-0.4148364099683022
1-d4c086ba-288e-47dc-8848-28bacf26402a,1738.0,1635.4,102.59999999999991,1499.734058900232,1500.0,-0.2659410997680425,1498.0722066280287,1500.0,-1.9277933719713474
1-590ba45b-d6e4-4e8d-b074-cd26fbfb149c,1659.4,1458.2,201.20000000000005,1503.2312863165516,1503.427068411174,-0.19578209462247287,1500.0,1507.152854753179,-7.152854753179099
1-e4649861-4573-4e9f-9c90-43cb7a79a420,2054.0,2058.6,-4.599999999999909,1517.5991654599934,1520.6219603049944,-3.0227948450010445,1503.9924002168334,1511.0369688982396,-7.04456868140619
1-a4dcb520-4460-4085-b097-17447118dbab,1988.4,1884.2,104.20000000000005,1458.3171357440758,1509.7860064562649,-51.46887071218907,1498.8029638478267,1508.3230023138585,-9.520038466031792
1-b5e0ca67-0671-4afb-a313-c2bae9b3fa72,1977.0,1944.0,33.0,1490.0051162454702,1532.4685578094352,-42.463441563965034,1499.7814661729092,1502.648449085425,-2.866982912515823
1-8cae3c2e-4fec-4847-9272-887cfeb6d33f,2583.4,2242.8,340.5999999999999,1440.52039110323,1505.1015555396739,-64.58116443644394,1504.958066320288,1486.3709584433902,18.58710787689779
1-30af5b8a-d4ff-4a14-811c-a56b6c7d48c1,1935.6,1739.6,196.0,1534.6149284442176,1453.5746589479586,81.04026949625904,1501.4475253168594,1502.330129329796,-0.8826040129365538
1-00a6031b-f13e-4589-93d6-93909e13bb32,1917.0,1986.0,-69.0,1480.1582526535722,1543.5847825437504,-63.426529890178244,1499.2427559300859,1522.4008174503151,-23.15806152022924
1-3add3321-515a-4fab-8210-24ec1d3e1437,1719.0,1758.2,-39.200000000000045,1473.6164462182771,1518.4827118447702,-44.86626562649303,1488.1989425563788,1500.8110238895645,-12.612081333185643
1-fde84b8e-b6df-46a2-beca-a4537f98ebda,2844.4,2533.8,310.5999999999999,1493.3328220993442,1500.7887683086763,-7.455946209332069,1500.8322128628784,1498.5341574728307,2.2980553900476934
1-c4bc9b89-56ec-41a6-829a-06fe6d291637,1971.8,1991.2,-19.40000000000009,1492.1111660742515,1492.9236216898935,-0.8124556156419658,1510.629697070329,1497.0688166186437,13.560880451685307
1-68ef53c3-935b-491a-ba53-b780961e4b4d,1743.8,1711.4,32.399999999999864,1485.792221523292,1484.7566402005425,1.0355813227495219,1501.865169341956,1494.1497514589166,7.715417883039436
1-5e862d9e-62ab-4019-8c91-53ce1d6e085c,1609.0,1704.2,-95.20000000000005,1506.222648453308,1510.1224121387718,-3.8997636854637676,1490.7611907547878,1500.1340083256587,-9.372817570870893
1-e0a0e3a8-5f05-4dc2-9716-b0247e356671,1918.2,1763.2,155.0,1517.8081829246973,1522.7544701140187,-4.9462871893213105,1498.1780513680542,1504.6330961884573,-6.455044820403145
1-1d0b77ef-18ff-4707-8d5c-066811c19b5e,1568.2,1797.8,-229.5999999999999,1497.8287783961737,1494.5787001278175,3.2500782683562193,1511.9786014079848,1501.7335682541072,10.245033153877557
1-712c768f-7144-4fc5-a8c1-84d0fce9eaf4,2004.8,2124.0,-119.20000000000005,1458.3518736312114,1503.4735164158526,-45.12164278464115,1509.0733034808388,1503.5611323905025,5.512171090336324
1-d0509797-581a-48ad-8444-caa907031b32,1987.2,2165.0,-177.79999999999995,1484.0121259153696,1510.0582837433794,-26.046157828009882,1503.797807225443,1502.9840130517541,0.8137941736888479
1-9947ac7a-2882-4f06-b81e-510715523dbc,2137.2,1910.2,226.99999999999977,1512.6206226318723,1490.9067904256867,21.713832206185543,1508.7538500313724,1499.551457393902,9.202392637470439
1-48c6ef8d-9f76-4d97-b9e7-b9f7c154abce,2166.2,2463.0,-296.8000000000002,1504.550129453024,1530.7893581677913,-26.23922871476725,1503.8266237702683,1517.0529198418435,-13.226296071575234
1-9561fc41-95c9-4eac-99af-ebfd6ae9735e,1822.8,1860.0,-37.200000000000045,1482.5594479006552,1514.8126362288774,-32.25318832822222,1509.1982057021153,1503.574845118022,5.623360584093234
1-e1df44ee-aaef-44d5-b727-c55f3ed42362,2051.6,1930.0,121.59999999999991,1492.4817279469016,1492.559709309974,-0.0779813630724675,1501.6704164862283,1503.3255880250604,-1.6551715388320645
1-2501dd7d-3e38-4680-ad05-f22f3831267e,1743.0,1731.6,11.400000000000091,1502.391229708935,1493.3821937738714,9.009035935063594,1505.7989363113472,1509.0476434779964,-3.248707166649183
1-2e089bfd-4929-42f2-93e2-64b6c821f979,1485.4,1255.4,230.0,1529.800355258772,1500.0,29.800355258772015,1499.75313655992,1500.0,-0.2468634400800056
1-34072bd8-5677-46ad-b40e-aaf1597c402c,1372.6,1430.0,-57.40000000000009,1488.4397258613337,1548.2065406217505,-59.766814760416764,1533.7561979484176,1501.6867062341444,32.06949171427323
1-1c3a30ce-1be6-4dcf-94bb-1b92dc6d3ff8,1430.0,1299.6,130.4000000000001,1533.7561979484176,1500.0,33.756197948417594,1502.1589839797048,1500.0,2.1589839797047716
1-e18a16c2-4e21-4ad4-b867-267be790e4c5,1458.6,1498.0,-39.40000000000009,1518.632096382751,1500.0,18.632096382750888,1504.0480949619464,1500.0,4.04809496194639
1-a4a2bb60-3f87-4d85-b07d-931e1bd168e3,1441.8,1458.6,-16.799999999999955,1510.1202374048662,1502.2706720311955,7.849565373670657,1518.8464828565254,1500.0,18.846482856525427
1-02be8299-a7d5-4351-ba59-fedd4b1bcc45,1283.0,1282.2,0.7999999999999545,1518.8464828565254,1500.0,18.846482856525427,1500.0,1500.0,0.0
1-fd75a7c4-caa9-49d9-b468-d8478da652e3,1101.8,965.4,136.39999999999998,1512.8,1500.0,12.799999999999955,1500.0,1500.0,0.0
1-141f9667-7676-48a0-973a-50e2b6423892,1400.6,1426.6,-26.0,1500.0,1500.0,0.0,1500.0,1500.0,0.0
1-ff9c152a-33f0-4827-9746-ad96df315c84,1823.8,1929.6,-105.79999999999995,1512.6416177009596,1526.7318687389247,-14.090251037965118,1505.9076498202064,1502.4396600215987,3.467989798607732
1-b70d8eee-4f44-4f9b-8ea8-76888439c396,2188.8,2118.0,70.80000000000018,1530.6148236976883,1521.2806664600462,9.334157237642103,1499.8943606501712,1501.1829861356014,-1.2886254854302024
1-1f7a650c-f416-4a11-b30e-52354fbd97bd,2244.8,2259.4,-14.599999999999909,1512.191805965649,1521.4696044648722,-9.277798499223081,1491.661049907756,1497.2701161873651,-5.609066279609124
1-bb2c2ef8-7193-48ee-aa62-e990323163e2,1741.0,1704.4,36.59999999999991,1487.4154614663178,1535.0698433171287,-47.65438185081098,1502.1090826676439,1502.5763300128892,-0.4672473452453687
1-5d571e62-e3e9-4864-a801-f97dc0520e52,1896.2,1665.2,231.0,1508.331153273384,1482.1659235986247,26.165229674759303,1502.6332647810336,1496.2217268210813,6.411537959952284
1-664ce618-3436-40d3-8e9c-4855d02672ea,1850.4,1760.2,90.20000000000005,1490.3360483390636,1518.4585546814424,-28.122506342378756,1504.6537563041916,1496.8813668127827,7.7723894914088305
1-b29026b5-3d84-4732-a00d-bbe911b99223,2012.2,1917.8,94.40000000000009,1527.477070061121,1503.0051571278814,24.471912933239537,1508.2576334648193,1501.3739900563373,6.88364340848193
1-1ade66cf-7e10-4ccc-9498-e7c8c2cf7e98,1873.2,1966.2,-93.0,1533.27510302411,1510.6810432600553,22.59405976405469,1508.2694920767797,1509.2755279948358,-1.0060359180561136
1-c3c6a2f8-273c-435f-8d8d-9e7fad9d1d54,2351.2,2217.0,134.19999999999982,1479.7207754078593,1535.8692582634471,-56.14848285558787,1517.4806087936527,1511.2457557315581,6.234853062094544
1-b7862ef6-ea7d-4d67-8d07-1b94ced1765e,2218.6,2453.2,-234.5999999999999,1518.2887922119885,1548.156045703846,-29.867253491857582,1500.4141736964082,1510.5550278642456,-10.14085416783746
1-8b3fcde4-c2b6-46c0-b79b-f280150c671c,2019.8,2133.2,-113.39999999999986,1489.2188314072816,1488.496392534999,0.7224388722827371,1496.9832988439375,1504.337128099489,-7.353829255551545
1-4e17059d-3b1b-4ff6-88eb-5132294b4b28,1677.2,1975.6,-298.39999999999986,1511.270279111641,1510.5623042344387,0.7079748772023322,1510.9470233464674,1509.645773577221,1.3012497692463967
1-39c84e4c-43c1-45cc-9259-417e3d041bb5,1968.4,1923.0,45.40000000000009,1496.4302925207635,1528.6717028034288,-32.241410282665356,1500.8213024517413,1497.8931661124232,2.9281363393181437
1-3f88e61e-330e-4150-872c-f6a446b11c9d,1898.4,1810.8,87.60000000000014,1508.252533082607,1510.5939803596968,-2.3414472770898556,1499.317455793536,1487.094124609508,12.223331184027984
1-e41638fa-64e3-48d9-bb4f-0a9a970f4428,2247.8,2210.4,37.40000000000009,1498.4673624867946,1511.9683754382622,-13.501012951467601,1508.7563003318828,1501.5986984200983,7.157601911784468
1-69997ed7-d498-42d2-9abb-70b4813068e4,1795.0,1903.6,-108.59999999999991,1500.3776605268158,1490.5959665760686,9.78169395074724,1491.6877644585657,1500.1179542277216,-8.430189769155959
1-49b1cf4d-80bf-4c26-926c-2849025204a2,1916.4,1952.4,-36.0,1487.814058962842,1517.8837445903341,-30.069685627492163,1512.538929227242,1493.0540988964783,19.48483033076377
1-8ac239b1-b3d9-4b77-a087-7429b8187517,1998.2,1975.6,22.600000000000136,1515.4306619157417,1487.6159660933504,27.814695822391286,1506.3445875136872,1520.0337850798653,-13.689197566178109
1-638eda71-7f11-43d5-9664-6c5082594840,1781.2,1717.4,63.799999999999955,1486.618974192427,1534.9223848926342,-48.30341070020722,1510.7257128575848,1507.658825565494,3.066887292090769
1-9758096f-61c8-4c84-87b4-8df411ebad27,1747.6,1690.0,57.59999999999991,1512.896366315199,1522.2583126030684,-9.361946287869387,1514.5372360749611,1505.7310100176708,8.80622605729036
1-7c61b0c3-872c-4b9c-8063-2b4c6c197536,1641.8,1789.4,-147.60000000000014,1502.9800971332816,1502.8872076224184,0.09288951086318775,1497.3704528290386,1504.3182390047175,-6.947786175678857
1-177a5265-d5e1-402b-b13e-06f540b3dbad,1988.0,1980.2,7.7999999999999545,1503.2825416840963,1496.9116365527852,6.370905131311019,1504.9670574864488,1509.1268513798332,-4.159793893384403
1-b28cfc63-88ae-45b6-ac4e-fa5fbe54617a,1980.4,2002.8,-22.399999999999864,1506.9426153900372,1549.626752234863,-42.684136844825844,1501.6440571924327,1512.5634897207003,-10.919432528267635
1-75ba0b23-4ce3-4f3d-9ef4-d391f095ba19,1870.0,1950.2,-80.20000000000005,1493.0880973536705,1530.6580892794861,-37.56999192581566,1503.2262778072177,1504.8823495653025,-1.6560717580848632
1-16b5d226-3dad-49fc-bc46-7bb4ac7f1650,1992.6,1977.8,14.799999999999955,1531.2502692050366,1544.6822617404257,-13.4319925353891,1494.5067458867456,1499.6066980783794,-5.099952191633747
1-a2fca407-9bac-49d3-95d6-7f458c9b31f6,1944.8,1834.0,110.79999999999995,1526.8395159277163,1502.2143364044005,24.625179523315865,1498.7024721587309,1501.1109414696252,-2.408469310894361
1-69f304ad-393b-4e75-abfd-51f5d96c7763,1872.8,1905.8,-33.0,1497.3518249632482,1519.1021874437165,-21.75036248046831,1500.3967059124184,1508.6455444084681,-8.248838496049757
1-672d9876-637d-4800-bceb-2858e294a7da,2130.4,2138.8,-8.400000000000091,1477.9415922311466,1498.4409631655406,-20.499370934393937,1492.9200132100486,1498.0278729940296,-5.1078597839809845
1-47f28df4-711b-4305-a9bd-5040adc40193,1946.4,1779.0,167.4000000000001,1519.7590257256447,1525.706264041592,-5.947238315947288,1505.165657061253,1506.6984872748178,-1.532830213564921
1-96a2706f-ef3e-4241-9465-aeb8c957fea5,1951.0,1927.6,23.40000000000009,1501.3996745263944,1529.546418748334,-28.14674422193957,1502.0873358306355,1505.694269084451,-3.6069332538154413
1-4dab3416-d360-41eb-9a3a-af6d2bf16190,1928.8,1943.0,-14.200000000000045,1496.35396934554,1513.0467626479294,-16.69279330238942,1492.0225022763154,1501.535365921139,-9.512863644823483
1-7f327b85-13ae-4014-bddd-c041a61f912b,2142.8,1785.8,357.0000000000002,1509.5953900699246,1509.4149556463542,0.18043442357043205,1494.8308172600089,1491.2735987850942,3.5572184749146345
1-ccb9e2b5-dc8b-487a-b841-b272e4515bb9,1899.6,2005.0,-105.40000000000009,1500.0,1544.8015582522717,-44.80155825227166,1500.0,1507.1337567683217,-7.133756768321746
1-5c746ecf-05e4-4d50-b54a-db8a5179f5da,2028.6,2040.2,-11.600000000000136,1503.6992469771192,1525.1544096675873,-21.455162690468114,1520.0990361445697,1506.6943651207807,13.404671023788978
1-d1497673-36b3-4965-9829-a30810052c3f,1923.0,1984.4,-61.40000000000009,1515.8834451227985,1550.0783031635801,-34.19485804078158,1508.9866022255053,1504.1823888134197,4.8042134120855735
1-f4b468d7-3c25-4565-b0df-bf35152477eb,1978.0,1984.4,-6.400000000000091,1472.8780568007885,1536.998065130118,-64.1200083293295,1502.1898448800976,1508.5791998819009,-6.389355001803324
1-17976aec-22b7-4bf3-8d8b-2aef436216e5,1984.4,1896.8,87.60000000000014,1537.6058180706182,1505.782125558868,31.823692511750096,1503.2261008693167,1532.8589996773214,-29.63289880800471
1-e7a053c9-4acd-4d80-9441-ed7f7b146c57,1594.6,1815.8,-221.20000000000005,1496.744436064802,1518.8906155579316,-22.146179493129694,1510.4664365250942,1503.1364745957594,7.329961929334786
1-552b1d3f-a7ea-493e-96f6-edc15e146f7f,1601.2,1546.0,55.200000000000045,1493.9446274606094,1519.476790670964,-25.53216321035461,1490.7002261926725,1500.119362942969,-9.419136750296502
1-c49973ef-ba13-4edb-9fae-565ea70a1900,1567.4,1543.0,24.40000000000009,1478.8775744321827,1471.9929309024906,6.8846435296920845,1501.950110466406,1501.0412238561682,0.9088866102376869
1-4e584d3b-37a9-4971-a7b1-c1e6a42ff24d,1737.8,1751.2,-13.400000000000091,1506.2598568435913,1454.5003252358674,51.75953160772383,1497.1702328228675,1501.5535537031715,-4.383320880303927
1-b8687992-9368-416f-9a14-fb965f3c9590,1601.8,1597.6,4.2000000000000455,1465.3852906818063,1504.587999177916,-39.20270849610961,1497.992903487883,1507.245823655698,-9.252920167814864
1-3c55229c-c7db-4cee-8572-41b1a58aa586,1582.8,1648.4,-65.60000000000014,1477.3224311585507,1461.833901432759,15.48852972579175,1495.2963795558671,1504.5606124078467,-9.264232851979614
1-d37e455e-38f6-44d9-bc80-1b188fd8ad4f,1688.4,1648.4,40.0,1513.3890454348177,1442.6191658352723,70.76987959954545,1516.0,1503.0884590436794,12.91154095632055
1-5fe01ae2-0042-4104-9e95-9d03d724be57,1749.2,1796.8,-47.59999999999991,1450.4162094574926,1479.4575109313234,-29.0413014738308,1498.127033236071,1489.6672472256964,8.4597860103745
1-372c3967-6a58-43f5-bd21-068a5922ac0c,2056.2,2089.8,-33.600000000000364,1504.3748047760341,1445.292686911498,59.08211786453603,1508.5947507016244,1499.6589119056246,8.93583879599987
1-a7781d99-57a0-4131-b213-e0739628d620,1579.4,1640.8,-61.399999999999864,1440.2506757983404,1539.5899949982952,-99.33931919995484,1500.6314907567466,1495.6216816446595,5.009809112087169
1-ce65fb0a-728a-4e5e-81b5-ba06fca182f7,1863.2,1977.6,-114.39999999999986,1490.409900439319,1495.590721465249,-5.180821025930072,1496.8452806082746,1492.3056032661257,4.539677342148934
1-da041057-1a35-4f1f-bb3d-e59360e8dab1,2131.6,2002.6,129.0,1523.8418469051717,1474.324693191047,49.51715371412479,1508.838376426614,1499.5414264983488,9.296949928265349
1-4614a162-98e8-49be-8a79-6a259b58d03c,1942.2,1977.0,-34.799999999999955,1500.6043060576435,1525.8400314223904,-25.23572536474694,1501.3738716872083,1506.8786414312726,-5.504769744064333
1-22146a1a-d95b-43a2-b489-0495f4be51ec,1489.8,1915.8,-426.0,1502.527194514342,1522.666160908217,-20.13896639387508,1498.4420846851285,1498.409507330851,0.03257735427746411
1-d995b459-26b4-4a2e-9694-191af0c31fb5,1743.6,1883.6,-140.0,1478.1614517577286,1487.8948660954384,-9.733414337709746,1507.7667535287724,1504.5205415860696,3.2462119427027574
1-584cd7d3-0d94-45c2-8e5a-8363d4304822,1770.2,1853.4,-83.20000000000005,1509.6958488593712,1500.0,9.695848859371154,1501.0787780337528,1500.0,1.0787780337527693
1-e80819fd-c03c-4731-a558-c6ac1cfdda46,1691.8,1865.6,-173.79999999999995,1513.4494084318644,1535.5227073794288,-22.073298947564354,1496.9158106839946,1500.499194748146,-3.58338406415146
1-a1daa87b-a832-403e-9094-fa0ab71f4831,1723.4,1887.4,-164.0,1547.3489475380043,1500.8927828492892,46.456164688715035,1497.3640309735313,1497.7703129646807,-0.4062819911493989
1-9c208c00-847d-4e49-b7f6-8447b29a4dd1,1778.6,1752.0,26.59999999999991,1518.8484827288053,1492.7297735225743,26.11870920623096,1498.8283371635778,1500.7121713069525,-1.88383414337477
1-520ef2a3-c5a7-460d-8c82-1c47f5921d59,1534.4,1455.8,78.60000000000014,1491.3768258515818,1509.727900017205,-18.35107416562323,1500.3807698312612,1486.4918460734964,13.888923757764815
1-fe479904-fdf6-4b2c-8ca4-b4fa7560cc4d,1721.0,1865.6,-144.5999999999999,1465.1180901688176,1498.5392908928336,-33.42120072401599,1510.303740248355,1500.5715495433444,9.73219070501068
1-a3ef1ef3-a551-4573-bba6-12e27f4b5817,1879.8,1886.2,-6.400000000000091,1506.5707877420164,1510.9520148646263,-4.381227122609971,1500.2011826467633,1527.8604787483812,-27.659296101617883
1-4457b22d-c6c8-487d-b579-146c0ea23674,1471.6,1566.4,-94.80000000000018,1490.1474700836704,1490.2570665736398,-0.10959648996936266,1501.6328518260232,1499.8651772457588,1.7676745802643836
1-bc172f69-a26f-4482-b5dd-8e7ec1052ed3,1482.0,1301.6,180.4000000000001,1505.3062573475345,1512.9075758265467,-7.601318479012207,1499.3377800681885,1500.6798708349365,-1.342090766748015
1-c8cb4ec0-38a5-4304-a779-51bfccef6170,1603.4,1726.6,-123.19999999999982,1501.5496155073802,1516.2755592795652,-14.725943772185019,1503.0638930913522,1510.5276773937526,-7.463784302400427
1-674384ce-38f0-4e4a-8a2a-87bcd131e40c,1259.2,1415.4,-156.20000000000005,1540.292220408765,1500.0,40.29222040876493,1501.1803262027997,1500.0,1.1803262027997334
1-1acfb417-7a3d-4f0b-8ddf-b8f32ce80c2e,1284.6,1259.2,25.399999999999864,1500.0,1525.4627274653308,-25.462727465330772,1500.0,1501.2583612898804,-1.2583612898804404
1-76748a41-a84d-4700-8d59-a34c6301b5e7,1332.2,1259.2,73.0,1500.0,1543.4534643675493,-43.45346436754926,1500.0,1501.3507149802103,-1.3507149802103413
1-b2c5b484-e653-47be-9973-38e125fa384f,1329.2,1431.8,-102.59999999999991,1519.0091425453438,1489.0301864596556,29.978956085688196,1504.147017892466,1501.5063267729643,2.640691119501753
1-e21db560-7111-454e-8504-936331e30f61,1330.6,1362.0,-31.40000000000009,1501.9001913999207,1500.0,1.9001913999206863,1501.6064170109598,1500.0,1.6064170109598308
1-95d5536d-720d-44b9-b667-dfabc818a86f,1440.0,1329.8,110.20000000000005,1500.0,1515.2621068054113,-15.26210680541135,1500.0,1501.7220352791326,-1.7220352791325695
1-38a568fa-2efa-4d7e-a1c8-df1d2c96399d,1504.6,1603.0,-98.40000000000009,1527.0840340071984,1504.0713233348815,23.01271067231687,1499.9757356305522,1524.5716838662254,-24.595948235673177
1-d8dd540c-f65a-4c2a-b140-b75c52ebacac,1135.2,1071.8,63.40000000000009,1500.0,1538.1364952301126,-38.13649523011259,1500.0,1501.0677193531035,-1.0677193531034845
1-77c875bd-6e8e-4084-9a1d-b66b9be6f1a4,956.8,1071.8,-115.0,1500.0,1523.203468604444,-23.20346860444397,1500.0,1501.1605018017397,-1.160501801739656
1-f4f70243-51de-4698-b656-2f98084c263c,1071.8,885.8,186.0,1507.5511575153075,1500.0,7.551157515307523,1501.267486157125,1500.0,1.2674861571249494
1-ef81eb41-cbc4-416b-a580-268bad368b9a,1003.6,1071.8,-68.19999999999993,1500.0,1491.1433835778548,8.85661642214518,1500.0,1501.3844385999312,-1.3844385999311726
1-775399c1-c9ad-400e-9cd6-278beb55a355,1372.2,1606.6,-234.39999999999986,1522.2449768214767,1500.376369314878,21.868607506598664,1498.0340099831888,1500.972773840642,-2.9387638574532957
1-5c3fc3c6-df75-448c-b892-711581bf4b85,1266.6,1233.2,33.399999999999864,1490.2110318120892,1498.291206905018,-8.080175092928812,1495.889081733053,1501.551019911314,-5.661938178260925
1-dfa02a47-090a-4e3c-b758-76a0225b2af5,1291.0,1294.0,-3.0,1500.0,1504.65694434585,-4.656944345849979,1500.0,1497.5735554257674,2.426444574232619
1-af644fb3-be58-423c-8aca-99e33e8e1e7a,1201.4,1247.2,-45.799999999999955,1502.8261366058568,1485.1208195476834,17.705317058173478,1496.8581476907175,1501.2853663893845,-4.427218698667048
1-3b8fde1e-9b46-44a2-8ec8-ce08c35cb724,1848.4,1849.6,-1.199999999999818,1513.5345667288016,1497.7779548854364,15.756611843365135,1506.8923527366117,1501.3757837158928,5.516569020718862
1-2b4d29f2-ccd8-43c3-83ca-6d89cdbbbf98,1409.8,1384.0,25.799999999999955,1496.7423905858093,1503.239788687231,-6.4973981014218225,1501.4075142000804,1504.3202244764232,-2.91271027634275
1-30f74aea-f468-4f6d-8703-b41497787b24,1363.0,1231.0,132.0,1500.0,1499.6161129279435,0.3838870720564955,1500.0,1503.604589014722,-3.6045890147220234
1-49978240-80d6-4cc7-9dcd-2c0ca5e1ca17,1662.2,1583.2,79.0,1500.0,1542.1819799422985,-42.18197994229854,1500.0,1499.4339333471225,0.5660666528774527
1-415a7067-7fa4-49df-a516-edcb419590f4,1625.4,1630.2,-4.7999999999999545,1500.0,1542.4674441783266,-42.46744417832656,1500.0,1499.605721971863,0.3942780281370233
1-bc9a5bf0-b5f1-45f9-aa17-a366a795676d,1630.2,1580.0,50.200000000000045,1527.7423167724326,1500.0,27.74231677243256,1499.4113969181037,1500.0,-0.5886030818962809
1-09ef2e7d-3f79-467d-8248-abc29ceac80e,1641.8,1686.0,-44.200000000000045,1502.9361635319942,1522.8746424035785,-19.938478871584266,1496.0720036229711,1494.1216786215784,1.9503250013926845
1-7b98fa98-55a0-437d-bb41-476777865555,1727.6,1485.6,242.0,1514.2087421842748,1487.2,27.00874218427475,1495.8296000534933,1500.0,-4.170399946506677
1-41e04d04-582c-426d-89d1-081d850da9d5,2009.8,2003.4,6.399999999999864,1506.3705277441857,1503.0440008023975,3.326526941788188,1500.0,1493.998492576703,6.001507423296971
1-b56e66db-f523-4be1-a974-f43b27990b02,2238.8,2052.0,186.80000000000018,1503.2,1500.0,3.2000000000000455,1500.0,1500.0,0.0
1-785a008e-c10a-4b14-b703-514212eebb22,1775.4,1809.6,-34.19999999999982,1500.0,1500.0,0.0,1500.0,1500.0,0.0
1-5ef39822-956b-423e-8233-b41b12273e4b,1322.4,1388.2,-65.79999999999995,1516.5847514990498,1500.0,16.584751499049844,1496.2180317034388,1500.0,-3.7819682965612174
1-1308f2ad-44c2-433a-b99d-50e134f7e530,1595.0,1712.0,-117.0,1514.1243790214457,1490.8179003437122,23.306478677733594,1498.5714285714287,1515.1338820389003,-16.56245346747164
1-a9783cce-2e37-4d26-84a7-049ae4e9235d,1341.0,1362.8,-21.799999999999955,1500.0,1514.4468636419972,-14.446863641997197,1499.9410604879495,1497.5238095238096,2.417250964139839
1-f28ad1d6-d3c3-404a-bec4-105c807759dd,1255.2,1161.0,94.20000000000005,1514.6811624344225,1500.0,14.681162434422504,1498.5333333333333,1500.0,-1.466666666666697
1-213d6ceb-2bfb-4ca6-9e65-cc1c4ad364e2,1178.2,1278.2,-100.0,1500.0,1501.9531171722351,-1.9531171722351246,1500.0,1496.4,3.599999999999909
1-6792e984-cfe0-413b-9af4-45167268df90,1565.8,1657.0,-91.20000000000005,1500.0,1524.3240410839967,-24.32404108399669,1500.0,1497.0666666666668,2.9333333333331666
1-8bc44ced-f469-4d79-8295-067ab9078052,1657.0,1634.4,22.59999999999991,1508.7257942955298,1500.0,8.725794295529795,1492.888888888889,1500.0,-7.111111111111086
1-0f062ae6-33c5-44ef-8773-9daf1e6af2f5,1532.0,1419.2,112.79999999999995,1509.1292821297689,1500.0,9.129282129768853,1488.0,1500.0,-12.0
1-67fbc76b-3e1c-46b7-a54b-de97202d072f,1775.4,1555.4,220.0,1484.0,1509.6,-25.59999999999991,1500.0,1500.0,0.0
1-183da7fb-2f61-457e-bccc-67f8673de082,1494.2,1423.4,70.79999999999995,1500.5447331785945,1512.772257064347,-12.22752388575259,1500.535980992519,1516.3237275188583,-15.787746526339333
1-22b314fd-cc1c-4601-af3e-612349358d2a,1494.2,1565.0,-70.79999999999995,1517.482833605243,1497.0888512405736,20.393982364669455,1501.0561095346186,1508.694509609105,-7.638400074486299
1-0e209cb2-6551-4729-bc48-83a8ee33e029,2064.8,2061.8,3.0,1517.878378253541,1500.0,17.878378253541086,1500.2519217220158,1500.0,0.2519217220158225
1-e50c452c-1969-4c80-b8c0-600d24c6169c,1638.2,1782.4,-144.20000000000005,1500.0,1511.6937029208805,-11.693702920880469,1500.0,1500.3736154648293,-0.3736154648292995
1-bf45ad96-0f0a-426e-8db6-4970cd4a205f,1374.6,1385.0,-10.400000000000091,1523.9365444123036,1500.0,23.936544412303647,1499.3600000000001,1500.0,-0.6399999999998727
1-38d6a5ce-580b-4631-9ffb-a77e5b7df08d,1374.6,1293.8,80.79999999999995,1508.319603080666,1500.0,8.319603080665956,1499.0,1500.0,-1.0
1-3af34552-6bf3-4e4d-a9ac-fa1473b0975f,1211.8,1392.8,-181.0,1497.1428113245947,1499.7143542689166,-2.571542944321891,1501.0172789027358,1499.897812521275,1.1194663814608248
1-025fbaed-a24a-4f04-9d2a-01ee147bcd21,1620.0,1245.0,375.0,1503.9325356452143,1525.2918855894645,-21.359349944250198,1517.403275279724,1496.4068829133005,20.996392366423606
1-b3ca0cf9-54f3-4873-bb18-074cdafa72e3,2557.0,2610.2,-53.19999999999982,1500.883970312266,1506.9346204193546,-6.050650107088586,1502.9071140456958,1508.4853029382095,-5.578188892513708
1-f080f5db-eccd-4c5d-a1b8-7546707ef31c,2334.2,2252.8,81.39999999999964,1487.8866446442858,1525.391269441726,-37.50462479744033,1497.7641556122292,1511.943730869033,-14.1795752568039
1-1490f556-3cbc-46f3-8db9-f935ab8dde21,1633.4,1672.8,-39.399999999999864,1487.8928956353939,1522.7598068571422,-34.866911221748296,1499.8848733928858,1500.3564530212825,-0.4715796283967393
1-b34c31b5-b78b-4d23-bd9c-bbf2cab82c0b,2045.8,2093.2,-47.399999999999864,1490.3984743812114,1503.1418523092825,-12.74337792807114,1500.7610016435638,1493.6859996936528,7.075001949910984
1-68690006-f475-42d9-a23c-fbf497fc9c67,2229.6,2134.0,95.59999999999991,1493.6000173155708,1500.0000173155709,-6.400000000000091,1500.0,1500.0,0.0
1-680ded24-686e-47dd-80d1-4181114a2bbe,2032.6,2275.6,-243.0,1499.9981199857923,1500.0,-0.0018800142076997872,1499.8979400137155,1500.0,-0.10205998628453017
1-7488ef0c-86c4-40c8-bd83-d21ce7d1dd9a,1950.0,1942.2,7.7999999999999545,1500.0,1500.0,0.0,1500.0,1500.0,0.0
1-589cb87a-097b-46a9-b80e-4cda23de4f5c,1841.6,1974.6,-133.0,1576.75354680684,1472.0400848309278,104.7134619759122,1501.738575988764,1497.8763965455466,3.8621794432174283
1-ce2d6898-e77a-4041-86c6-9115d44da13d,2153.6,2398.8,-245.20000000000027,1472.4295598736815,1503.2596039033212,-30.830044029639794,1499.5750792137226,1511.4770746606684,-11.901995446945875
1-5f065118-80ba-40d9-9e55-3fa211c46b4c,2208.2,2102.8,105.39999999999964,1475.0804392127475,1501.751530119067,-26.671090906319478,1501.1508136085333,1505.9999073140602,-4.849093705526911
1-c963e7eb-a6be-4191-b3c3-d3cbd1e6e751,2261.6,2249.4,12.199999999999818,1476.172453926471,1520.7412329382905,-44.568779011819515,1496.0657101855566,1491.73718985328,4.328520332276639
1-89c86a3f-ff91-41dd-a4fa-f598a4b2fd00,2199.2,2247.2,-48.0,1499.9053915989568,1480.7289995146414,19.176392084315466,1499.7154013398012,1496.9103592009164,2.805042138884801
1-cebd67db-831f-48ee-9214-3f5733290d18,2364.8,2528.2,-163.39999999999964,1500.0,1500.0,0.0,1500.0,1500.0,0.0
1-a3020ed2-e78d-4c1f-8dec-eb18728dc7ab,2632.2,2630.0,2.199999999999818,1505.8847729547192,1496.2783527299312,9.606420224788053,1505.392853434505,1500.3570303201657,5.035823114339337
1-494c9bc4-4c24-4e10-ae52-84bb0df00653,2590.0,2818.0,-228.0,1487.4935934775638,1505.9990668400549,-18.505473362491102,1500.9981855086403,1497.167286023788,3.8308994848523525
1-70f017c6-84fc-4ec0-8716-abc2b888b72d,2395.0,2342.6,52.40000000000009,1493.332618194569,1502.198125737175,-8.865507542605883,1482.0226145722986,1498.4819639574682,-16.459349385169617
1-0cd6446b-7feb-4746-a9a6-b53b809bfa42,2429.6,2486.0,-56.40000000000009,1493.7852547840732,1496.5657558704345,-2.780501086361255,1506.6159833903516,1512.6904432067636,-6.074459816411945
1-7ce4c6e4-f377-4ce0-9990-cecfb28fd656,2562.2,2380.4,181.79999999999973,1502.6014157903778,1499.1906646222128,3.4107511681650067,1498.4912759375811,1505.5532608501462,-7.061984912565094
1-c3d30848-b19f-4388-8b2c-494c155834a1,2549.0,2550.8,-1.800000000000182,1488.9803467940737,1502.9238148234308,-13.943468029357064,1504.6301837517021,1501.8205467363177,2.8096370153843964
1-45ef2124-5c09-4066-ae22-ed544214775b,2685.2,2871.4,-186.20000000000027,1497.2874252901652,1494.0496925310974,3.2377327590677396,1519.2369533017538,1505.3455463289154,13.891406972838467
1-0ccb23df-4e95-47de-a3f3-d9f8dc535286,2415.2,2482.6,-67.40000000000009,1486.3263973716116,1523.9810760248313,-37.65467865321966,1500.499820567058,1505.4621301341315,-4.962309567073589
1-77ea0025-0492-4719-8d2a-f8bbadc21860,2549.2,2554.8,-5.600000000000364,1500.5905776718218,1497.2502633343843,3.340314337437576,1503.6406465572097,1500.637666248106,3.0029803091038048
1-146049fd-c0b5-442b-bb44-f36da2f4126e,2187.4,2302.4,-115.0,1495.4375996753624,1509.737023361473,-14.299423686110458,1493.7941306166692,1489.3471112777493,4.447019338919972
1-6a3d6558-0c3f-4526-b4cb-560803d660b2,2308.2,2384.0,-75.80000000000018,1499.8251457018248,1506.6729147328579,-6.847769031033067,1501.1127100407575,1516.675018390688,-15.56230834993039
1-a41c2614-ca24-4f06-aa33-f28f0394f1e3,2168.6,2161.4,7.199999999999818,1509.4041085946674,1512.352876188715,-2.9487675940476947,1494.192760911221,1497.9895616564095,-3.7968007451884205
1-84419138-7a39-4cce-99be-2d29cbc25f4c,2527.4,2451.4,76.0,1513.733494548514,1506.2591378901895,7.474356658324496,1504.2764502297302,1501.3775915508973,2.898858678832994
1-e63b10e8-5fd3-4a0d-bfbb-cce0a29d4177,2350.6,2375.0,-24.40000000000009,1503.164936790437,1490.4746876426518,12.690249147785153,1499.3034420313968,1514.341981715471,-15.038539684074294
1-a94afcff-f741-4b2f-873b-efb9f350fa1c,2214.2,2218.2,-4.0,1512.8376404727092,1503.206993560725,9.630646911984059,1504.7647249087775,1502.3046857074696,2.4600392013078363
1-fb4b585f-fbef-4f6b-b010-d0abb25b9ae9,2263.2,2348.2,-85.0,1507.7828972143934,1505.6738654362753,2.109031778118151,1500.0204085638757,1499.2731120109886,0.7472965528870645
1-ad920b0e-fb03-4ce1-b8dc-873f2010911c,2174.8,2235.2,-60.399999999999636,1519.1129907078912,1492.0497836658144,27.063207042076783,1503.5191534846144,1507.0737808984666,-3.554627413852131
1-0ecd1409-7582-49db-8158-b9828ab3ece1,2317.6,2248.6,69.0,1503.1105340056297,1499.3034420313968,3.8070919742328897,1496.9174869061087,1495.4243703840702,1.4931165220384628
1-0cbc3806-8bfa-4969-8c5e-1feaceabf455,2422.8,2482.6,-59.79999999999973,1502.5866714026802,1493.548118739297,9.038552663383143,1495.6924063333238,1503.141205433719,-7.448799100395263
1-a3f5c049-a41b-4838-b888-0a1755e73c79,2483.6,2579.4,-95.80000000000018,1515.7852199613812,1493.2139202468456,22.5712997145356,1500.3691785978658,1496.3293508332172,4.039827764648635
1-da3cece0-b2d5-4c4f-90a8-b11e5341a13a,2575.8,2510.8,65.0,1505.854020591915,1493.7864101113605,12.06761048055455,1489.4429543052322,1505.8761762030158,-16.433221897783596
1-552e0872-e096-4e8d-b63a-ba87e916b87b,2440.8,2505.6,-64.79999999999973,1496.5562818649203,1506.6159833903516,-10.059701525431365,1487.4933438968503,1510.6104356416658,-23.117091744815525
1-e778f5ac-8b02-49eb-98a5-bbeaef56218b,2460.0,2224.4,235.5999999999999,1503.1405309787897,1497.1178948561085,6.022636122681206,1499.208630675314,1508.1589580752427,-8.95032739992871
1-8930433f-f9e4-4754-b181-335dbb25521c,2479.4,2444.2,35.20000000000027,1496.7708456833332,1500.0,-3.229154316666836,1496.8345227012564,1500.0,-3.1654772987435535
1-8cf0ba05-6254-4d9b-9cb7-3aa07c3c8c22,2485.8,2403.2,82.60000000000036,1496.8345227012564,1500.0,-3.1654772987435535,1510.1484000919277,1500.0,10.14840009192767
1-ccdc5001-3a96-4562-b984-9658b3cc1658,1894.2,1744.4,149.79999999999995,1532.4007294110693,1458.2133834285619,74.1873459825074,1491.3284945343723,1489.530802782725,1.797691751647335
1-2575e94a-1694-4de5-b30f-eb9578dbacc1,2145.4,2074.8,70.59999999999991,1500.0265136931685,1464.0012164497514,36.02529724341707,1496.8547084150255,1502.2751692698664,-5.42046085484094
1-cb8ad454-5210-40d8-b2b8-e45655d29c64,2244.4,2252.8,-8.400000000000091,1513.9927299661265,1509.1691496290293,4.823580337097155,1498.5202483024418,1511.5321768625756,-13.01192856013381
1-54295808-feda-48d2-bfec-397fb0c98c8d,2220.2,2261.4,-41.20000000000027,1520.7499374097292,1535.1223503490035,-14.372412939274227,1500.2604371209468,1504.5781104644109,-4.317673343464094
1-b209811f-de1b-4817-8ace-a49bf106db3a,1533.8,1714.8,-181.0,1454.987296840535,1534.2900508659284,-79.30275402539337,1499.3458031638127,1504.1194166539324,-4.773613490119715
1-63b5d5db-9487-4675-b682-cea79b230c95,1727.2,1380.8,346.4000000000001,1545.6101730444525,1501.83881196675,43.77136107770252,1502.4934705369674,1493.0951374651374,9.398333071829938
1-568cbcb3-0ac0-40fc-bb20-8bed91dab341,2189.0,2370.4,-181.4000000000001,1526.9101905672164,1533.0221847897826,-6.111994222566182,1493.9063733766836,1505.2339635609333,-11.32759018424963
1-e67a1954-d2fa-4c33-a488-0ad22c4aa9ac,2252.2,2265.0,-12.800000000000182,1549.2929736935298,1487.444666494389,61.84830719914089,1494.6451039039455,1507.766873084465,-13.12176918051955
1-d170e3e9-ff14-41d4-b621-4015a3161b60,1972.4,1993.0,-20.59999999999991,1505.1619140698895,1551.429453882324,-46.26753981243451,1499.8387643318651,1503.977506170189,-4.138741838323767
1-0f608974-9407-4d7e-a323-78c7ffdcafe8,1954.0,1849.2,104.79999999999995,1520.6210638318069,1488.7526827028682,31.86838112893861,1502.7259576478918,1497.5135503720119,5.212407275879968
1-396564ac-01e3-41d9-a113-4bf26d907563,1882.2,1789.6,92.60000000000014,1526.6783307118806,1486.7721615615815,39.90616915029909,1510.2784414400517,1508.1638273523308,2.114614087720838
1-e9a19070-b439-4b4e-97e6-c5434fb89b6e,1952.8,1881.6,71.20000000000005,1498.078075307339,1521.885413705861,-23.807338398522006,1513.455791655922,1501.0083204674968,12.447471188425197
1-2ff12c98-f644-45b8-bc4c-1ea91d527d23,1898.2,1769.4,128.79999999999995,1509.905554562719,1506.641808103586,3.263746459133017,1509.162688652599,1503.2475165709243,5.915172081674655
1-cccba2a3-d2e6-47a3-93a8-da051bef3a1e,1980.8,2057.8,-77.00000000000023,1495.7744776826055,1435.8066561227977,59.96782155980782,1491.6114896101672,1500.9161568419743,-9.304667231807116
1-16cf0109-5fd4-46dc-b605-9136089d36a7,2110.6,2159.4,-48.80000000000018,1508.6486263703057,1423.6628251320287,84.98580123827696,1506.9240514206213,1502.463834508482,4.460216912139231
1-f4bb1aa3-94d3-4f45-9b72-210748ba521b,1711.6,1683.6,28.0,1465.868330191913,1500.8743751906654,-35.006044998752486,1499.0932621813618,1499.5746163549936,-0.48135417363187116
1-ea46af1a-2924-441d-8df1-1b2fbb9622c5,2172.2,2116.0,56.19999999999982,1496.4551058843517,1451.3676459674484,45.0874599169033,1491.1244370486208,1503.4856847252163,-12.36124767659544
1-79a1692b-bbbf-4cc9-8cac-d3e40f9a6c0a,1967.2,1914.6,52.600000000000136,1479.0273128897345,1431.119490571459,47.90782231827552,1497.9494888730128,1502.081529663038,-4.132040790025258
1-a3bebd32-99d4-4a52-a4c0-c5ec84ca66f1,2015.6,2302.0,-286.4000000000001,1435.7447048881681,1496.9017181811596,-61.15701329299145,1503.3120057144433,1501.5843681143258,1.7276376001175322
1-785f18af-d584-477d-b847-00c5399f41eb,2015.6,2287.0,-271.4000000000001,1450.6897675830849,1473.63072198297,-22.940954399885186,1504.8136211887306,1513.1307752807888,-8.317154092058217
1-72aef2af-1849-4aad-bb58-00c2f7f36f70,2112.2,1849.4,262.7999999999997,1510.39944536499,1441.4444699772346,68.95497538775544,1504.8351679383131,1499.8942390952516,4.940928843061556
1-6faecfb1-de29-43d9-a2a2-2856b91a04cb,2189.2,1991.2,197.99999999999977,1493.025046378924,1458.8114750618129,34.21357131711102,1509.948807551191,1499.84711588563,10.10169166556102
1-94b7ff9e-7498-4b01-a4ae-3160e0be38f0,2100.8,2287.2,-186.39999999999964,1488.4009213382976,1511.1599576359108,-22.759036297613193,1502.316739824048,1495.3768073014805,6.93993252256746
1-9110f29c-5116-4d25-a7dd-2bf94aeaeac6,2256.6,1959.6,297.0,1457.4715997522771,1481.9439200171473,-24.472320264870177,1499.837738643718,1498.8700617059278,0.9676769377902019
1-15c43fcf-ddaa-4e37-90ba-6f7e7f763c56,1960.0,1989.4,-29.40000000000009,1486.0691815184834,1464.6903359814194,21.37884553706408,1498.379446778943,1499.4305616389966,-1.0511148600535307
1-96cb68c2-55e3-4a8a-a2b0-695fe5a3f958,1943.2,1979.2,-36.0,1452.0517296963988,1506.639999636068,-54.58826993966932,1502.0857872603772,1518.075059362886,-15.989272102508721
1-831c6785-7562-440a-877f-26044a043840,1961.0,1925.4,35.59999999999991,1482.563819453612,1499.338661502538,-16.774842048925848,1507.4174249820055,1494.794243381326,12.623181600679573
1-223a83cb-da8d-4197-b04a-e6c84ce5c897,1887.8,1956.8,-69.0,1491.6890126679332,1533.4988110704248,-41.80979840249165,1499.1644357202726,1506.0794803226186,-6.915044602345915
1-380ad61e-a8ff-415f-99f4-0e16894de203,2003.2,2040.8,-37.59999999999991,1503.3055461788974,1492.6615050897296,10.644041089167786,1498.3346874784195,1499.879850372243,-1.5451628938235444
1-842deeb2-71a6-4bc3-b34d-7394f9a11793,1986.4,1930.2,56.200000000000045,1495.5419637836285,1495.0488773991194,0.49308638450906983,1501.2005344832105,1502.0911763342795,-0.8906418510689491
1-6b004c0a-a569-4f3f-ab64-b38c1588e51d,2206.2,1991.0,215.19999999999982,1517.7752656766477,1478.021322561871,39.753943114776575,1512.58299087974,1503.9896940164786,8.593296863261457
1-dba2d234-4b93-4f23-9f2a-4f1028d7e593,2259.0,2024.6,234.4000000000001,1510.1333220479835,1483.3731284920789,26.760193555904607,1506.9459573688655,1500.7170037632,6.228953605665538
1-6d4bf097-7bcc-42c1-b4cf-f5a6c19bcea1,2169.0,2215.4,-46.40000000000009,1475.595738366493,1485.5908484087763,-9.995110042283386,1497.287033933417,1505.5353821229785,-8.248348189561511
1-fbd7313d-3912-4e58-8e4e-e21f1c4fb06e,2159.4,2139.6,19.800000000000182,1495.528272102588,1456.7204793864053,38.8077927161828,1505.7245195193727,1501.630716939653,4.09380257971975
1-ab9d4a73-5720-4944-84cc-4f3525fd1042,2119.0,2084.8,34.19999999999982,1498.7317644753252,1516.2941644439848,-17.56239996865952,1493.452172732438,1532.8445634910383,-39.39239075860041
1-ff24cbe5-9acb-4465-9514-173e68b23c32,2364.6,2330.6,34.0,1496.7595902157009,1509.6152087824132,-12.855618566712337,1500.0,1500.5504246503685,-0.5504246503685408
1-23ba82cb-7c61-4696-a0f6-c0bb347cf9a4,2176.2,2166.2,10.0,1500.5504246503683,1500.0,0.5504246503683135,1533.2928279351247,1500.0,33.292827935124706
1-ef73adac-8d2c-452c-9c0b-d981d30bb023,1882.0,1825.2,56.799999999999955,1500.0,1506.4872515140546,-6.487251514054606,1500.0,1500.6088001604796,-0.6088001604796318
1-32b4d681-9677-4360-a0ad-6ff3abfee9ee,1745.6,1481.8,263.79999999999995,1496.8,1500.0,-3.2000000000000455,1500.0,1500.0,0.0
1-5a84f5df-6e92-4947-95a7-350d84e416d4,1706.8,1713.0,-6.2000000000000455,1500.0,1500.0,0.0,1500.0,1500.0,0.0
1-5c98798f-2995-4e5d-af83-e2ad8efcfed8,1925.2,1965.4,-40.200000000000045,1490.4658665080174,1502.311178623998,-11.845312115980732,1508.3777728412213,1496.9763994670143,11.401373374206969
1-82954278-84a2-4e7b-9992-0cea05022245,1943.8,1965.4,-21.600000000000136,1510.017942607254,1485.1687796371273,24.849162970126827,1499.536858084844,1493.0428161731863,6.494041911657632
1-d1478758-2441-4f5d-abb9-759801c2a3d2,2005.0,2009.4,-4.400000000000091,1501.402081604737,1481.8403008098594,19.561780794877677,1489.8826952694274,1503.2466087199714,-13.363913450544032
1-3ec9c87f-f61c-4935-9eb8-0080ebec8c42,2044.6,2188.6,-144.0,1459.7499393438557,1501.4181692837594,-41.66822993990377,1513.5325098104054,1494.280798359105,19.25171145130048
1-6ca196d9-e707-4d6e-8917-71bb8ac93426,2132.4,1950.0,182.4000000000001,1539.187358941625,1463.95773673342,75.229622208205,1491.9558296429382,1502.7594654251945,-10.803635782256379
1-fd4864fd-070a-47ce-ac85-0f2b87e137e9,2132.4,1950.0,182.4000000000001,1525.3651372248314,1477.7799584502131,47.58517877461827,1505.2882016696706,1500.3596123965126,4.928589273157968
1-bf7a395a-1a79-46dd-aa5b-969647d2cbe1,2248.6,1950.0,298.5999999999999,1497.1598632096163,1493.6168000161629,3.543063193453463,1502.7387209057142,1500.9330480256133,1.8056728801009285
1-e9746d86-462c-476d-873a-d6df4a922ccc,2080.4,2070.2,10.200000000000273,1506.1435954699323,1481.830786643709,24.312808826223318,1504.6331026435946,1497.9769191055652,6.6561835380293815
1-edff35d0-cf6f-4339-9d79-1deea26ac374,2135.8,2070.2,65.60000000000036,1476.318400238794,1465.324675827441,10.993724411353014,1520.9007311061296,1500.0698318939822,20.830899212147415
1-94601493-c6fd-432e-ac73-b0ad79905a1d,2335.2,2050.0,285.1999999999998,1481.1814458522708,1489.6262022181309,-8.44475636586003,1507.749473106848,1501.0134672057618,6.736005901086173
1-7b33a257-1905-40be-bf79-4235d89fefc4,2092.6,2050.0,42.59999999999991,1485.0739642711658,1473.0737935852892,12.000170685876583,1511.3295811592209,1503.4018781688435,7.927702990377384
1-2fa61e30-6859-4c45-8fe4-436841b9cc2a,2050.0,2233.8,-183.80000000000018,1489.0302162515368,1489.9764883705625,-0.9462721190257071,1506.238132998354,1504.2008748120702,2.037258186283907
1-f532fe65-3dc5-4816-99b1-a4e30990173b,2228.6,2274.6,-46.0,1495.8281474114083,1524.567937094845,-28.73978968343681,1502.430407249869,1509.2548654313878,-6.824458181518821
1-0c9823c1-fb23-426f-bdc3-47e0c403af1e,1959.2,1956.8,2.400000000000091,1505.596691185719,1518.7196069797926,-13.122915794073606,1505.8149236249337,1503.1125791584232,2.702344466510567
1-09516206-9fd0-4579-b7ee-cff702ecc43a,1893.0,1811.6,81.40000000000009,1505.4769738336859,1497.3747180410148,8.10225579267103,1506.942922948263,1510.542536078692,-3.5996131304289065
1-9079c444-de56-4327-8056-b55822c38903,1816.0,2170.2,-354.1999999999998,1516.5434826509886,1485.556199204468,30.987283446520678,1508.9874785229765,1498.6220112924595,10.36546723051697
1-ccbbb2b3-7b6e-452f-8479-21b5ea6b6f06,1908.6,1975.4,-66.80000000000018,1502.4148471281776,1471.4217517326474,30.99309539553019,1496.8295820435005,1502.5600937843105,-5.730511740810016
1-dfa620e9-d99b-4aab-b7fe-4ca48c62e69b,1942.8,1962.4,-19.600000000000136,1515.3657427226797,1451.6805099033622,63.685232819317434,1504.967211708472,1501.20346856887,3.7637431396019565
1-d86adf54-5051-4553-b151-f9b915f64c71,1948.6,1962.4,-13.800000000000182,1500.093273276444,1466.120995681203,33.97227759524094,1508.1407304219567,1501.155480856901,6.98524956505571
1-b81d8614-9d31-47dd-a7d4-544c5c635161,1962.4,2145.4,-183.0,1481.4236260003038,1496.5764163560984,-15.15279035579465,1504.3652121590533,1495.4998554941862,8.865356664867022
1-5d406f14-3eb1-4881-8628-1444334c22ff,1533.8,1797.2,-263.4000000000001,1494.0273580859798,1474.9892492051688,19.038108880811023,1506.6735216112647,1504.1160629064009,2.5574587048638477
1-37a8a941-11d0-4046-9b5f-1ea679f32979,1934.0,1844.4,89.59999999999991,1500.0,1497.0981456674645,2.9018543325355495,1500.0,1501.4153643031716,-1.4153643031716001
1-58f5a491-8163-4cd6-b0dd-b99c0353e3a2,1823.8,1920.4,-96.60000000000014,1503.7221962303888,1498.593809581756,5.128386648632841,1512.4079653667638,1502.3088407209048,10.099124645859092
1-59ac2d7f-21dc-44bd-958b-cbd77621641e,1606.6,1683.0,-76.40000000000009,1496.189146406228,1486.409716104401,9.779430301827006,1497.129157254426,1504.6107363052222,-7.481579050796199
1-884e83ea-4a63-423e-b204-6e8c9ad19505,1948.0,1823.4,124.59999999999991,1508.5274375885642,1498.8534035987343,9.674033989829923,1509.3350896087582,1502.2009318602168,7.134157748541384
1-7317f289-3f4a-4689-a434-94bf5ddd6d4a,1676.8,1941.8,-265.0,1508.315783827956,1503.1410604879493,5.174723340006722,1500.6998794515657,1496.8,3.8998794515657664
1-9532affc-b49b-472b-a697-95dfdc7f2e9a,2041.8,1940.0,101.79999999999995,1513.0335873662116,1514.6734714984698,-1.639884132258203,1506.3410604879493,1499.18499496793,7.1560655200194105
1-cbe3fad5-91ba-4f66-b077-db929d6f45c9,1882.0,2118.2,-236.19999999999982,1519.246341374318,1496.7399798717197,22.506361502598338,1499.6916510909555,1502.2682001036328,-2.576549012677333
1-8ce9d39e-e623-4df0-9980-ae6544ddecd2,1920.4,1903.8,16.600000000000136,1519.1697294039764,1500.0,19.169729403976362,1500.0,1500.0,0.0
1-891be7c8-b5ae-4cc7-9cb2-77db80b40d73,1538.2,1903.2,-365.0,1500.0,1500.0,0.0,1500.0,1500.0,0.0
1-edb3ddcb-77dd-4326-9513-734283bbbbd7,2198.6,2337.4,-138.80000000000018,1492.71534794102,1503.1572576501253,-10.441909709105403,1499.7923240299037,1495.489083078114,4.303240951789803
1-e12bd4bb-1150-46b3-94a5-204972a43106,2127.0,2198.6,-71.59999999999991,1489.5674839163353,1509.6386315850436,-20.071147668708363,1498.2286041488844,1501.316594616524,-3.0879904676396563
1-3f7de586-ee0d-4355-a35b-3c6cf3407695,2216.2,2180.8,35.399999999999636,1496.569678033804,1509.2363845661027,-12.666706532298804,1501.2754176383867,1494.326087098835,6.949330539551738
1-5c2d34f0-965e-4103-a3c7-fd1aee3b895c,2169.0,2059.0,110.0,1483.1230156075924,1503.1794121493979,-20.056396541805498,1498.363341483151,1497.7646716799907,0.5986698031604192
1-aa72741c-b7e0-45cf-9855-a7b53bf756ea,2273.8,2208.0,65.80000000000018,1500.0,1515.5658922793887,-15.565892279388663,1500.0,1501.8019213804268,-1.8019213804268475
1-ea90ac98-5f5e-455b-9e67-9871d1a1698a,2105.2,2198.6,-93.40000000000009,1500.0,1512.3989380676287,-12.398938067628706,1500.0,1501.96774447731,-1.9677444773099069
1-eec4bcbe-5485-4cb9-b1e1-fd2668ca8a63,2240.6,2247.0,-6.400000000000091,1509.2163127996039,1509.5532670074194,-0.33695420781555185,1501.89029548537,1499.9359164939572,1.9543789914127956
1-8c06fdaf-f072-4e3e-841b-9c8556a73bfb,2983.6,2823.4,160.19999999999982,1500.0,1512.6492170938068,-12.649217093806783,1500.0,1501.3325042029787,-1.3325042029787255
1-a88de455-96d7-4c09-8c42-fff6626e95c1,1960.6,2139.8,-179.20000000000027,1500.0,1519.576943412499,-19.576943412499077,1500.0,1501.1422631602534,-1.1422631602533784
1-7d580235-0395-491d-81ea-dd83f9f055ee,2208.0,2316.2,-108.19999999999982,1517.74965953462,1500.0,17.749659534619923,1501.7255657568298,1500.0,1.7255657568298375
1-4eaeb1f9-4154-4825-995f-434c7bc5cb62,2153.4,2277.6,-124.19999999999982,1500.0,1511.4908741072243,-11.490874107224272,1500.0,1501.465982342202,-1.4659823422020963
1-32650d13-b8a8-4b94-ada9-225b6ed926fc,2417.4,2208.0,209.4000000000001,1500.0,1488.8600046818647,11.139995318135334,1500.0,1502.1774839844388,-2.1774839844388225
1-ce2eb174-8b8f-4337-9fd2-096f1378bff1,2232.2,2148.8,83.39999999999964,1494.203307530779,1500.0,-5.796692469220943,1501.6499356759216,1500.0,1.649935675921597
1-41c57b61-b043-495f-b0cf-9fca08d35759,2217.6,2226.0,-8.400000000000091,1497.6643321084325,1498.975077190971,-1.3107450825384603,1502.3811515838486,1489.334184245138,13.046967338710601
1-c3e93621-f9af-4c97-a114-f51a2b15c29c,2616.6,2208.0,408.5999999999999,1500.0,1508.2991351376654,-8.299135137665417,1500.0,1503.0236845509185,-3.0236845509184604
1-8111853a-0a01-40bd-946d-4d0d829624f5,2347.6,2111.6,236.0,1497.8337470780386,1500.0,-2.166252921961359,1503.5276319760717,1500.0,3.5276319760716888
1-07bd0352-2b2f-4466-a63f-30c163b94dac,2315.4,2245.4,70.0,1500.0,1510.9403524489112,-10.940352448911199,1500.0,1503.1748687784645,-3.1748687784645426
1-4e9a25fe-5bbc-436b-bc10-8a004ea36a99,2495.8,2591.2,-95.39999999999964,1501.3784399525034,1500.0,1.3784399525034132,1503.9685859730807,1500.0,3.968585973080735
1-4804eaf5-699a-446f-9281-4ef0d292d6b2,2307.2,2208.0,99.19999999999982,1515.8743438923232,1481.397012298976,34.47733159334712,1497.2713561912992,1500.0,-2.728643808700781
1-9a36901a-e57b-4ca3-b7fa-5f0a54c90a47,2208.0,2307.2,-99.19999999999982,1497.2713561912992,1500.0,-2.728643808700781,1500.0,1500.0,0.0
1-9e3fe5a6-a97e-401e-aa60-edcd7b6ff6c3,2277.6,2049.6,228.0,1487.2,1500.0,-12.799999999999955,1500.0,1500.0,0.0
1-7e3660d7-2e63-4eb5-b9a9-b40c4b751037,2564.0,2208.0,356.0,1500.0,1500.0,0.0,1500.0,1500.0,0.0
1-b06d5f7f-6981-43f3-a790-724a43e45c1d,2146.8,2203.6,-56.79999999999973,1490.6902673354975,1496.9141499849075,-6.223882649409916,1501.4873510348546,1512.3989380676287,-10.91158703277415
1-46ad6a9d-c53a-496a-94c9-8e6b782f4c5c,2244.2,2290.8,-46.600000000000364,1480.382870338596,1503.3304908227162,-22.947620484120307,1493.0232869333022,1503.583722508244,-10.560435574941721
1-fbdf6908-0205-4dc6-9140-0a2e0293d587,2265.4,2253.2,12.200000000000273,1464.8223644134475,1509.5020247954394,-44.67966038199188,1496.1083482523215,1498.2823986499252,-2.1740503976036507
1-1c9b3541-ba12-4424-a204-223fd750c61f,2097.0,2168.6,-71.59999999999991,1495.489083078114,1500.1300507616309,-4.640967683516919,1500.7446523231977,1507.0053789301521,-6.260726606954449
1-543a3a43-b318-4f8e-b12b-7a39ed9aa9b8,2349.2,2184.0,165.19999999999982,1496.6871801993625,1492.7042995914367,3.9828806079258356,1500.0,1501.5547944429245,-1.5547944429245035
1-92a58a33-4845-4ba3-a845-2bba4d7320fa,2217.8,2257.6,-39.79999999999973,1490.071855285551,1499.8554499183592,-9.783594632808217,1501.8696072508803,1495.383905325841,6.485701925039393
1-1203fb56-6be5-4c7d-b187-39a749af5bf4,2165.4,2200.6,-35.19999999999982,1506.4653533665921,1496.5645031209028,9.900850245689298,1500.0606263673503,1501.4793543996598,-1.4187280323094456
1-0e0a6e2b-9c2a-4506-a59b-91eb354b6491,2303.0,2183.2,119.80000000000018,1496.5126772337153,1500.0606263673503,-3.5479491336350293,1508.9754418209804,1509.6679127630243,-0.692470942043883
1-2ab92712-ff95-4e6b-a41c-7c5d52be199e,2185.6,2185.4,0.1999999999998181,1512.5560515790453,1503.377681764911,9.178369814134385,1501.2165417887913,1519.3114151088673,-18.094873320075976
1-0861c8ca-fb5a-437e-8245-70a06048dcb5,2255.8,2233.4,22.40000000000009,1519.3114151088673,1500.0,19.311415108867322,1501.3240536618769,1500.0,1.3240536618768601
1-23819d43-ef95-4db8-8aa3-52368f1ffaff,2338.0,2276.4,61.59999999999991,1515.7090652615032,1505.9690407175244,9.740024543978734,1503.2765601396381,1504.7838354937,-1.5072753540619033
1-0ace3348-4767-40b7-8bd1-18eb271f3d17,2185.0,2140.2,44.80000000000018,1496.6840363030637,1502.5240291277134,-5.839992824649698,1500.0,1501.6376887788913,-1.6376887788912882
1-3d54f05e-e85c-4d2b-be6d-90bf8d93d913,2101.0,2136.4,-35.40000000000009,1508.895765461093,1500.0,8.895765461093106,1500.8565954576234,1500.0,0.8565954576233707
1-fd64821d-03b4-4a88-b003-a0da54cba2a5,2210.6,2131.2,79.40000000000009,1493.8579087629173,1518.4960256064182,-24.63811684350094,1512.3899564708722,1501.5440039994737,10.845952471398505
1-184f6759-b6b7-4c9e-b500-0290b18509f1,1963.0,2023.2,-60.200000000000045,1500.0,1540.6282277490857,-40.62822774908568,1500.0,1501.8204131089883,-1.8204131089883049
1-cb9d5d50-4565-4bec-ae8c-c2a2847a18d2,2420.0,2425.2,-5.199999999999818,1511.9937486773408,1520.0683132452518,-8.074564567911011,1497.9594076790843,1500.2171131629734,-2.25770548388914
1-b0f6408f-0e06-449f-b67d-c2f7ea3edc60,2420.0,2450.8,-30.800000000000182,1529.4859689928498,1496.9883742250654,32.49759476778445,1499.2604659274305,1499.0327059294498,0.2277599979806837
1-ce836957-929b-49fa-af40-48c7539a6b84,2072.8,2062.6,10.200000000000273,1502.9585702741706,1535.8435963388013,-32.885026064630665,1500.0,1498.9880650031578,1.0119349968422284
1-30b91174-69b8-4a8c-b6be-61c278789216,2084.0,2201.0,-117.0,1500.0,1520.7536287022272,-20.75362870222716,1500.0,1498.8784360390457,1.1215639609542905
1-9bd4d07e-d9bc-4bc5-8dcd-dc22674ce73d,2094.2,2024.2,69.99999999999977,1508.024849246354,1500.0,8.024849246354052,1497.8888447875324,1500.0,-2.1111552124675654
1-526bdd5f-f430-4f64-ba94-e6b354c671a2,2083.4,2148.2,-64.79999999999973,1500.0,1498.3800897976848,1.6199102023151681,1500.0,1497.4635141841263,2.536485815873675
1-f762ba94-daad-4b6f-a255-7de5aae215d5,2007.4,1896.2,111.20000000000005,1515.0700559039685,1496.5682654984917,18.501790405476868,1498.611123661404,1495.1925682743017,3.4185553871022876
1-f81a911d-a865-49c1-8ef3-4d85305d738c,2007.4,1829.0,178.4000000000001,1499.0251631246288,1500.0,-0.9748368753712384,1494.329889956044,1500.0,-5.670110043955901
1-d8a51d13-f8b0-4d44-bb32-5645d2a101c2,2705.2,2611.4,93.79999999999973,1495.7046525586816,1497.3001274730514,-1.5954749143697882,1499.7801905715203,1554.7493706160406,-54.96918004452027
1-4c955f60-eaed-45dc-920a-8ddedc3d52da,2647.2,2523.0,124.19999999999982,1496.821211982437,1508.4185462518592,-11.597334269422163,1500.557593301549,1499.0966328927855,1.4609604087636399
1-9de09602-1058-49d5-8e5c-8038262b7139,2551.4,2575.6,-24.199999999999818,1508.8922595941087,1510.0973614213374,-1.2051018272286456,1504.2289303084535,1509.1862387056262,-4.95730839717271
1-b88a5def-add0-4144-af76-9de77fc20604,2639.0,2761.0,-122.0,1512.2339025034582,1500.0,12.23390250345824,1500.0296343567884,1500.0,0.029634356788392324
1-dd95bfeb-c4a4-42d5-882c-a9773a976d4a,2547.2,2522.8,24.399999999999636,1505.6158917701005,1503.0599324250647,2.555959345035717,1493.6679865581198,1495.8913882487366,-2.223401690616811
1-6bfaa5cf-5b9d-4a30-b3a1-134ca1d74df0,2570.8,2559.0,11.800000000000182,1501.7354368190652,1500.4576591751916,1.2777776438736055,1492.9648686798362,1505.988602678015,-13.023733998178841
1-51caa3de-d9f6-4b1c-ac3a-d279705b772f,2699.6,2644.6,55.0,1508.2761116548531,1507.1968459807608,1.079265674092312,1490.8891994381027,1506.9488161841907,-16.059616746088068
1-98592d50-3a15-42db-8521-0518edf8eb88,2631.2,2562.0,69.19999999999982,1484.6027061344926,1508.6089161046345,-24.00620997014198,1509.7717956922068,1495.874972687457,13.896823004749649
1-8132dcbb-7d47-41b2-8b65-d25ae8a545f0,2534.0,2611.4,-77.40000000000009,1503.7478304097515,1508.6627220739165,-4.914891664164998,1502.0,1492.9217202305642,9.078279769435767
1-167f45ee-89fe-4ec6-9243-fca4384f13da,2561.6,2457.8,103.79999999999973,1502.5838929539746,1493.0409481114284,9.542944842546149,1486.6154157969881,1487.8149178491367,-1.1995020521485458
1-6d416d14-12e4-4d3d-b087-1a48fbc79784,2619.6,2450.6,169.0,1499.7542962070397,1467.9773262199687,31.77696998707097,1490.8501583914544,1506.449328052564,-15.5991696611095
1-dcbd1b8d-85e8-44bc-89b4-21eaec97d779,2386.8,2349.4,37.40000000000009,1493.4699099220034,1500.0356288524185,-6.565718930415187,1499.7237761872602,1499.05086780422,0.6729083830402942
1-3d9cb0ad-3013-422c-a418-daa53a63d9a8,2232.0,2300.2,-68.19999999999982,1500.0,1493.4115397326948,6.588460267305209,1500.0,1495.2677279135053,4.732272086494731
1-c65d17dd-5383-4373-bfc2-7cab129f4537,2291.8,2274.2,17.600000000000364,1503.2756239470862,1493.715685599091,9.559938347995057,1499.9238548567484,1500.0011827955523,-0.07732793880381905
1-7228569a-f275-4e5a-8d85-a42946fee115,2469.0,2492.6,-23.59999999999991,1499.7715645702456,1491.5231860316637,8.248378538581846,1487.5901565636905,1501.8615968436748,-14.27144027998429
1-69f8514a-70e7-4b0c-898c-ae4e7d2d95d0,2789.4,2821.6,-32.19999999999982,1500.0,1500.0360635000418,-0.036063500041791485,1500.0,1501.9578552747516,-1.957855274751637
1-007fb1a4-7091-45ee-8768-896fc96cc2f8,2204.8,2281.6,-76.79999999999973,1500.0,1500.0,0.0,1500.0,1500.0,0.0
1-c2e9572c-e495-44a3-ad49-a767a208399b,2924.4,3006.6,-82.19999999999982,1540.6993485452683,1503.3125977923485,37.38675075291985,1508.756130718934,1511.8762020592299,-3.120071340295908
1-1d4fcc9f-7d97-411d-9c4c-16a74a6db87d,2976.2,2969.0,7.199999999999818,1515.1819119235026,1525.5174366217657,-10.335524698263043,1502.8577625440016,1501.229654120952,1.6281084230495253
1-ccc5e163-4d43-4758-b99d-b73d2aca16a9,2890.0,3012.8,-122.80000000000018,1522.5933250373732,1503.0859572130244,19.507367824348876,1503.154371660524,1502.9523111822716,0.20206047825240603
1-50b92b26-c66d-439b-ae8d-fbd74bfda9bd,2945.2,2745.6,199.5999999999999,1533.458493400492,1499.5425058001197,33.91598760037232,1503.301363765936,1503.719829807373,-0.41846604143688637
1-7b5e7367-bc27-43e0-aa1c-b501f1070d21,2985.4,2966.6,18.800000000000182,1496.7849201538552,1530.563218484974,-33.778298331118776,1511.6786921804473,1503.8992970667837,7.779395113663668
1-ecd615b1-a277-4bd6-84cd-b1391a22e4fe,2768.0,2728.2,39.80000000000018,1502.0873250628108,1503.0465601770163,-0.9592351142055122,1518.761928457933,1499.7018637807569,19.060064677176115
1-55576ed0-61ad-4b81-88d4-83b1ecca2727,2712.6,2673.0,39.59999999999991,1508.1572471124368,1507.2979079266347,0.8593391858021278,1505.395873520737,1558.041081232369,-52.64520771163188
1-17c60498-1322-4206-8b2c-19ff483990a1,2727.0,2663.6,63.40000000000009,1506.8246744396897,1508.7452615136522,-1.9205870739624515,1505.1933689278737,1521.2479138812703,-16.054544953396544
1-cd5086c6-d3e5-416c-933e-1f1bba94c01a,2918.6,2957.8,-39.20000000000027,1508.4000981343138,1491.1366823249148,17.26341580939902,1504.073918678053,1528.1122275055518,-24.038308827498895
1-38535f06-4591-4f9b-b3e6-7afb77705a75,2794.4,2898.6,-104.19999999999982,1533.2763224008825,1500.0,33.276322400882464,1502.3999437099396,1500.0,2.3999437099396346
1-03071f45-7e17-4c6f-96c2-c74421219fbb,2774.8,2623.0,151.80000000000018,1527.9357314498077,1500.2162647815048,27.719466668302857,1503.5328804235987,1510.180975935892,-6.6480955122933665
1-b2ed357f-c2b5-409b-b96c-fc9896284c85,2713.2,2845.2,-132.0,1496.3499717087288,1496.7695551171437,-0.4195834084148373,1514.1956227257353,1516.0466252994818,-1.8510025737464275
1-5b694867-ab37-45e4-a45f-feaa1b2e93f1,2714.6,2802.6,-88.0,1502.5951654759701,1503.246402503975,-0.6512370280049709,1511.868389578734,1512.028824720287,-0.16043514155308003
1-ac7fd44d-720f-4cc1-8f15-c3543f6a78b2,2810.0,2599.8,210.19999999999982,1506.9903836958995,1512.028824720287,-5.038441024387566,1535.2875394429661,1503.2603660890582,32.02717335390798
1-2dd0ed17-5869-4821-b362-1790ac0db51e,2989.8,2845.0,144.80000000000018,1500.2647469650933,1524.6324835034907,-24.367736538397367,1513.814244463344,1503.7332164654733,10.081027997870706
1-f96200f0-b311-4d46-af39-b240bbd96912,2694.4,2733.0,-38.59999999999991,1503.3164521471015,1512.1581535190055,-8.841701371904037,1512.6492170938068,1504.4239451600258,8.22527193378096
1-1dd46606-0135-415d-8d63-5601aa520e29,2848.2,2765.4,82.79999999999973,1493.3664562171984,1522.40919480161,-29.04273858441161,1514.9334914812248,1509.4405276463324,5.492963834892407
1-a2fb29a1-1368-4622-ad49-e3a7a98f2e39,2834.6,2712.2,122.40000000000009,1516.0466252994818,1519.352236196208,-3.3056108967261935,1503.2382460885137,1519.220093082312,-15.981846993798172
1-6a8d281f-f64a-4531-a606-57c5480b8b94,2852.0,3018.2,-166.19999999999982,1535.2875394429661,1503.1461138185848,32.14142562438133,1501.9345984203385,1500.0,1.9345984203384887
1-4ab8ca86-a32c-4443-adaf-d734b8eed555,2900.2,2924.8,-24.600000000000364,1514.5273873953124,1552.4155991970824,-37.88821180177001,1549.824706235158,1501.4997840690373,48.32492216612059
1-55df0111-873d-433a-9082-1643fa8e0421,3021.8,2838.4,183.4000000000001,1503.3164521471015,1563.6665632676554,-60.35011112055395,1512.6492170938068,1501.3265011723236,11.322715921483223
1-0cfaec04-1c33-481c-822b-4fdd941b85fa,2992.6,3111.0,-118.40000000000009,1497.0476888177284,1542.935606739246,-45.887917921517555,1530.050226895129,1505.911689402806,24.138537492323167
1-7188e776-353e-4236-b211-e805b0c2fd04,2717.8,2661.0,56.80000000000018,1532.0756133503078,1500.0,32.075613350307776,1501.862491288161,1500.0,1.8624912881609816
1-9afe05b3-e3b5-4949-a2c5-373c25cfd586,2985.0,2962.0,23.0,1517.9299321250285,1500.0,17.929932125028472,1503.262426490561,1500.0,3.2624264905609834
1-35060303-e4de-485e-8ae2-edb510b4c9cd,3207.2,3293.8,-86.60000000000036,1500.3011144231536,1539.0021218828492,-38.701007459695575,1516.3950462212244,1501.5784497417183,14.816596479506188
1-25803c66-32b8-482f-bd10-2e678921b3aa,3229.2,3053.0,176.19999999999982,1503.1461138185848,1518.4255527801615,-15.279438961576716,1500.0,1503.775363947125,-3.7753639471250153
1-7bce12ac-0867-43dd-91d4-bbcebe99b3ed,2921.8,2708.0,213.80000000000018,1515.3395955671372,1502.9523111822716,12.387284384865552,1503.939974500096,1503.103855377211,0.8361191228850657
1-d68f53af-2e25-42ba-bae3-68369bae8531,3035.4,3027.8,7.599999999999909,1530.050226895129,1503.103855377211,26.946371517918124,1504.0172898592039,1510.2967482020588,-6.279458342854923
1-995bab89-6068-4bae-ae56-f8a9728f7490,2896.4,2926.2,-29.799999999999727,1520.7386607634958,1510.2967482020588,10.441912561436993,1502.0997563070703,1525.2873871848597,-23.18763087778939
1-d8981fa3-e18b-4ae6-a3c8-3055d8157ebb,2182.0,2139.6,42.40000000000009,1530.0659585186363,1496.9479455081882,33.11801301044807,1498.264209097506,1522.656919081662,-24.392709984156
1-503cfa0c-2211-4f33-ad16-19683e9e78a1,2361.4,2295.8,65.59999999999991,1522.656919081662,1506.5824801175352,16.074438964126784,1497.1086679633697,1508.6715254122814,-11.5628574489117
1-5975735f-bd02-44e2-bed9-bc27ff159a2d,2417.2,2409.0,8.199999999999818,1487.724291650597,1530.6265360847299,-42.902244434132854,1514.6178585360672,1499.3399379970358,15.277920539031356
1-fa2ddda7-7545-4c95-858c-ed1e754cc2c0,2419.0,2374.0,45.0,1515.3563316910172,1502.719959718176,12.636371972841289,1504.2486202610712,1499.9771179165698,4.271502344501414
1-aeb92171-7631-444a-9a83-63a66a00d603,2508.0,2477.2,30.800000000000182,1513.741987971871,1531.7548982554365,-18.01291028356559,1522.4672177899151,1497.1758409107292,25.29137687918592
1-55800a90-28ba-493f-a924-f86eb2eea887,2560.4,2528.2,32.20000000000027,1531.0844348863725,1481.5288079625202,49.55562692385229,1505.576263358173,1510.5914309844616,-5.01516762628853
1-5c59b15d-1f7c-40e3-9488-888c0b3fc64b,2528.6,2452.4,76.19999999999982,1540.4036713507744,1510.600046244185,29.80362510658938,1496.7451588235185,1533.4461721135078,-36.701013289989305
1-3bef0d16-b2e0-4058-bece-be02bb0e2760,2250.0,2473.4,-223.4000000000001,1480.2580302819163,1526.2965445732189,-46.03851429130259,1496.6886665460909,1499.313677074492,-2.6250105284011624
1-a44b84aa-1b51-4286-98f7-0137fe3a690f,2304.0,2204.4,99.59999999999991,1531.0515683081185,1499.5534087592382,31.498159548880267,1499.441866210061,1500.0,-0.5581337899388927
1-d099c193-5cb1-41f1-9833-eb4a5521ba89,2458.2,2356.8,101.39999999999964,1525.1804875552152,1496.4015091423285,28.778978412886772,1499.6308689776638,1487.4382957674993,12.192573210164483
1-46286eea-c556-4440-8d59-981debb6a9ab,2265.4,2220.0,45.40000000000009,1500.0,1532.171419044423,-32.17141904442292,1500.0,1499.56862784585,0.43137215415003993
1-6fc424d0-c732-4a58-a253-722f89095d14,2972.2,2745.8,226.39999999999964,1543.1663630537537,1493.2124105654161,49.95395248833756,1501.0300062174908,1500.0,1.0300062174908362
1-21b2b8a3-1061-4ba5-935d-b20edfa71690,2384.8,2498.8,-114.0,1490.5599600593107,1516.2638713743315,-25.703911315020832,1514.0954947300845,1502.28595669047,11.809538039614608
1-4bcbb1b3-9e19-4075-989a-afc71ef412bc,2454.4,2509.4,-55.0,1533.446172113508,1497.1215145120136,36.32465760149444,1499.4472420860145,1531.8104930260656,-32.3632509400511
1-c154cbdc-e45f-411d-a20a-70a3a448246a,2334.8,2411.0,-76.19999999999982,1496.7843177621528,1531.8104930260656,-35.02617526391282,1497.3897013242743,1516.9422642192906,-19.552562895016308
1-73ecfab9-d72b-4b9b-8279-30141e0278a5,2283.4,2333.8,-50.40000000000009,1518.755876432086,1500.0,18.755876432086097,1501.398404648472,1500.0,1.3984046484720238
1-d77ad59e-0c92-4892-9c3d-0c08806847a4,2160.2,2077.8,82.39999999999964,1525.6270906277575,1500.0,25.627090627757525,1501.6653026106878,1500.0,1.6653026106878315
1-38e444dc-b04b-4545-b34c-c0bdadfc5918,2468.2,2596.0,-127.80000000000018,1499.3890292577812,1516.9039125884385,-17.514883330657312,1501.7905995560973,1509.7876346026628,-7.997035046565543
1-473d704c-927c-4df3-b27e-3b965d468aff,2281.4,2310.4,-29.0,1532.655825939628,1500.0,32.6558259396279,1501.9748720492898,1500.0,1.9748720492898428
1-e18b72cf-75bd-45f9-a766-5c9324616f4f,2704.2,2469.2,235.0,1497.1165142094962,1532.6048193307502,-35.488305121253916,1522.1842149339216,1498.006979960667,24.1772349732546
1-deb23fe6-311d-4559-965b-cc7dfb55b5ff,2464.0,2684.6,-220.5999999999999,1503.2697938533638,1517.8715240723345,-14.601730218970715,1510.3088239178953,1505.20692604023,5.101897877665351
1-fcf917fa-3881-4952-b2cc-608927e539a9,2879.4,2718.2,161.20000000000027,1544.2212886330756,1497.5776819931775,46.64360663989805,1501.86170058452,1524.2979948602854,-22.436294275765476
1-6e1a00a2-3d55-4e8b-9546-0f069b892d5d,2980.2,2814.4,165.79999999999973,1535.6861772147015,1496.9873260861398,38.69885112856173,1502.2555107704693,1520.3619518717844,-18.106441101315113
1-899b492a-03c7-4a6b-931d-5ba95da7aa90,2442.8,2327.2,115.60000000000036,1510.3797022268225,1516.9451121667357,-6.565409939913252,1500.3957038704755,1520.546769526864,-20.151065656388482
1-c07a43b7-c18a-4210-bcf6-e98ed4defb20,2327.2,2477.2,-150.0,1500.0,1520.546769526864,-20.546769526863955,1500.0,1500.6277405949804,-0.6277405949804233
1-991f3dec-2ecf-4f95-8105-bf463158fb2b,2964.6,2811.0,153.5999999999999,1500.0,1520.3619518717844,-20.361951871784413,1500.0,1501.7493867825144,-1.7493867825144207
1-604774b3-f3ab-4130-adaa-5843412e26dc,2656.8,2934.0,-277.1999999999998,1500.0,1535.972059626633,-35.97205962663293,1500.0,1501.2273569013637,-1.2273569013636916
1-ad1c233d-54e8-4e2e-a564-fc93ef96f2ff,2974.0,2841.0,133.0,1518.6765981301328,1496.9146860656838,21.761912064449007,1501.8929983220337,1505.1503903056503,-3.2573919836165715
1-0097a34b-cf60-4152-962b-5f68aa4ea1d2,2823.8,2832.0,-8.199999999999818,1532.790092442449,1500.0,32.790092442448895,1502.4624840625602,1500.0,2.462484062560179
1-7aeac341-1862-4d17-ab57-8a2c27b8de21,2862.0,2954.6,-92.59999999999991,1533.7815132084568,1500.0,33.78151320845677,1502.9396588298985,1500.0,2.9396588298984625
1-177c2436-4eb2-4e27-b31b-dcf10110ee08,2722.6,2993.6,-271.0,1531.1538553088799,1500.0,31.153855308879884,1502.0997563070703,1500.0,2.0997563070702654
1-ea1d6da5-9555-4b6e-95f0-86be325cbf50,2238.8,2777.8,-539.0,1500.0,1525.099092458222,-25.099092458222003,1500.0,1501.399837538047,-1.3998375380469952
1-73b28644-90c0-418e-851c-0411a0a0d912,2411.8,2636.8,-225.0,1500.0,1515.9392001157314,-15.93920011573141,1500.0,1502.0997563070703,-2.0997563070702654
1-a9d49c7a-27e9-4382-868e-690027f1747b,2490.0,2969.2,-479.1999999999998,1506.2992689212108,1509.6,-3.300731078789113,1500.0,1500.0,0.0
1-4bc0af07-392c-44cb-9455-3296831697cf,2914.4,2536.2,378.2000000000003,1500.0,1500.0,0.0,1500.0,1500.0,0.0
1-302340cc-ff51-49de-917f-561a799f6e61,2510.6,2562.4,-51.80000000000018,1506.600985298058,1503.9745511969395,2.626434101118548,1499.402443064547,1524.2532315726025,-24.85078850805553
1-51fc0d1e-32ae-453b-9566-5ed121bfdf8c,2243.2,2303.0,-59.80000000000018,1493.437325708017,1483.9041057021127,9.53322000590424,1499.5684552049152,1497.8720884939544,1.696366710960774
1-34cea9cb-988a-4b53-8fde-a9801cf1ec17,2470.2,2721.4,-251.20000000000027,1486.8866767806937,1496.8008001401156,-9.914123359421865,1499.5347053858873,1496.856335273662,2.678370112225366
1-f1899566-2e44-44ab-99f9-b069db692fde,1896.6,1861.8,34.799999999999955,1500.0,1492.81091826102,7.189081738979894,1500.0,1497.8489677289915,2.1510322710084893
1-39ca6e90-6729-4ad5-8a1a-128ec25a6fd4,1933.8,1853.6,80.20000000000005,1500.0,1495.9738375946768,4.026162405323248,1500.0,1498.6816652600137,1.3183347399863123
1-340c8463-221f-416e-806e-3f4444c0e16e,2125.2,2223.2,-98.0,1496.8,1493.184950610731,3.615049389268961,1500.0,1499.0985702228688,0.9014297771311703
1-40db6de8-06dc-407a-bca0-5c18eb8b51a1,1962.0,2094.6,-132.5999999999999,1499.2162384494864,1496.7466154426681,2.4696230068182103,1499.294399113689,1494.203307530779,5.0910915829099395
1-40420c34-5695-419b-be9e-73a6f3d92be5,1996.2,2080.0,-83.79999999999995,1502.3158738724844,1500.0,2.315873872484417,1499.216206088715,1500.0,-0.7837939112851018
1-d6f84034-c54d-4998-92a7-2e9432c3f16d,2191.2,2087.8,103.39999999999964,1500.0,1512.2543332743974,-12.254333274397368,1500.0,1498.6766273908759,1.3233726091241351
1-73c9c247-4f9c-4169-bc31-405b1b5894f7,2075.4,2178.4,-103.0,1505.9641868661352,1500.0,5.964186866135151,1498.4844490236658,1500.0,-1.5155509763342252
1-6fd9d8f2-06ec-4d22-b507-becf71e498aa,2315.8,2280.2,35.600000000000364,1512.5961142600077,1500.0,12.596114260007653,1498.222968305388,1500.0,-1.7770316946121056
1-d64d6b59-674a-4257-9495-1a329e9ad93d,1945.6,1960.8,-15.200000000000045,1506.4922855688153,1490.4025977976382,16.08968777117707,1499.643269352473,1500.0940174339075,-0.4507480814345399
1-c47b2ab6-a3b0-4dbe-8e87-9f1dada9e0dc,1917.8,2152.0,-234.20000000000005,1500.0,1500.0940174339075,-0.09401743390753836,1500.0,1499.521611876156,0.4783881238440699
1-9461a678-7154-4f3d-a795-e34aa76093ca,2213.4,2084.8,128.5999999999999,1500.0,1496.8123779184473,3.1876220815527176,1500.0,1498.9361043623408,1.0638956376592432
1-843c19a7-8001-4b2f-9ae5-fceb8d6d0f4e,1823.0,1660.6,162.4000000000001,1500.0,1493.5157167224427,6.484283277557324,1500.0,1499.5205129719664,0.4794870280336454
1-29bf3ad3-e3ce-4b97-9083-6e07343118fc,1844.8,1915.0,-70.20000000000005,1503.204250937657,1500.0,3.2042509376569797,1498.5442311749098,1500.0,-1.4557688250902174
1-1cbe45db-40c0-4182-98b4-d590a8f0ddd0,1884.6,1891.4,-6.800000000000182,1496.8,1497.0307698798556,-0.230769879855643,1501.0666666666666,1525.099092458222,-24.032425791555397
1-d48a923e-7c3d-4e54-963d-4a1a0493d084,2077.6,2110.4,-32.80000000000018,1500.0,1500.0,0.0,1501.6,1500.0,1.599999999999909
1-1a5678ac-d04b-4a51-b3e6-09177afef718,2140.8,2102.4,38.40000000000009,1503.2,1503.2,0.0,1500.0,1500.0,0.0
1-f1aa9fd5-d8a7-4019-b724-e471b327b4eb,2160.8,2066.6,94.20000000000027,1500.0,1500.0,0.0,1500.0,1500.0,0.0
1-1405651d-0021-495f-a304-62afa7b90968,2724.8,2662.6,62.20000000000027,1493.680306602851,1511.7832022979117,-18.102895695060624,1505.670974483407,1498.3660822606205,7.3048922227865205
1-60ade150-eb86-448f-9b23-4288b4f717cf,2729.8,2737.8,-8.0,1508.9319873103918,1502.9634039437128,5.968583366679013,1499.7928000907655,1497.3509612522712,2.4418388384942773
1-9ca3d98c-36f9-4703-b2df-c2ce7767ecf4,2654.2,2680.2,-26.0,1530.9296396041311,1487.4382957674993,43.49134383663181,1503.8856206746443,1506.4689059714597,-2.5832852968153475
1-3eb17c9d-08c2-44f5-9ff7-6e478f6e50ff,2750.0,2836.0,-86.0,1521.3502255882245,1520.6051928382262,0.745032749998245,1497.7340141468733,1516.0940312494554,-18.360017102582106
1-a9c1daab-72fa-48ac-98e9-e072e700a071,2578.0,2583.0,-5.0,1496.683245199334,1508.8323746855242,-12.149129486190304,1487.3178790241013,1500.101681294954,-12.783802270852675
1-6d613630-725a-47f4-837e-2a56a62e4d9c,2770.8,2684.6,86.20000000000027,1512.7881455282436,1496.9643181110355,15.823827417208122,1502.51873769298,1522.4671425881922,-19.948404895212207
1-4d565a93-4abe-415a-ac8f-940b0e138ef4,2788.2,2836.6,-48.40000000000009,1499.8354428619332,1499.4015169176046,0.43392594432862097,1509.5378443044292,1507.4627492033408,2.0750951010884364
1-8d620825-602f-401d-9c26-7e72f032a04c,3035.0,3016.6,18.40000000000009,1510.2168386648339,1487.415250086921,22.801588577912753,1506.0673942413273,1513.2923743982715,-7.224980156944184
1-c12e25f1-a326-4639-9aa0-460f3220d93f,2798.8,3062.8,-264.0,1506.138905613306,1493.6564341031274,12.482471510178584,1501.913095466575,1498.400400070058,3.512695396517074
1-d3a88d70-4a68-4e71-98ca-920a8b29b747,2770.8,2903.4,-132.5999999999999,1503.7843281180183,1500.0,3.7843281180182657,1524.89371849074,1500.0,24.893718490739957
1-410e94aa-de05-4448-87c6-f8bf4daf3c4a,2086.0,1986.8,99.20000000000005,1500.0,1500.0,0.0,1500.0,1500.0,0.0
1-ce20257f-a75f-4cc0-bd81-a338dc545fe1,1853.4,2216.8,-363.4000000000001,1506.2909452524268,1500.0,6.290945252426809,1500.0573357226572,1500.0,0.05733572265717157
1-2ab3e2cb-61d7-4a2c-ae29-6db972d435fd,3052.6,2729.4,323.1999999999998,1507.9338100351893,1516.8525189781783,-8.918708942989042,1518.4620435290194,1522.6714733102592,-4.209429781239805
1-90e0e410-668f-456a-b5c3-5eaed6c021c3,2457.6,2392.0,65.59999999999991,1506.3101847787043,1506.0508401093343,0.25934466936996614,1500.490473450493,1504.868899832626,-4.378426382133057
1-096f13e7-9152-495d-bb17-8468d96fc66b,2493.6,2402.4,91.19999999999982,1512.078148148538,1519.3136268789567,-7.235478730418663,1502.1164444931496,1514.5006497165925,-12.384205223442905
1-2f0ad3bc-202a-445c-a54e-cad2c7f153ef,2210.4,2129.6,80.80000000000018,1508.9673341072835,1493.7269346523715,15.240399454911994,1500.2401986669088,1512.9143327944253,-12.674134127516481
1-3d363ffa-5d56-46d6-8c1b-51e2b81093ef,1998.8,2068.2,-69.39999999999986,1506.6799287820972,1490.227962760516,16.451966021581256,1501.5653530816369,1502.022285875968,-0.45693279433112366
1-025f80c4-a735-48a9-9793-9bf448409cdd,2254.4,2274.0,-19.59999999999991,1500.0,1510.0668670901457,-10.066867090145706,1500.0,1508.6183643019378,-8.618364301937845
1-b8585146-a61b-40b0-acbc-425a6ad1341d,2292.6,2292.6,0.0,1503.4777603635923,1512.7757265029582,-9.297966139365826,1508.0008360044321,1498.308225356802,9.69261064763009
1-bc0025ca-1896-48f5-982f-e364783c144c,2639.0,2455.2,183.80000000000018,1500.0558433304727,1522.5545253747537,-22.49868204428094,1503.4096779893503,1502.2343204075523,1.1753575817979254
1-c57d5c0a-d25d-4d58-ac8f-080cde00724d,2384.6,2395.4,-10.800000000000182,1516.790830818211,1493.2404536107588,23.55037720745213,1501.277955367296,1503.8049417372313,-2.52698636993523
1-9f0de14e-2781-4a91-bb21-baa3e3814cab,2676.6,2564.0,112.59999999999991,1503.4873928945321,1519.61748013732,-16.130087242787795,1502.2472346966526,1499.7879709286285,2.4592637680241296
1-11609852-6f69-4ccc-afb4-dad0183057b3,2481.8,2521.4,-39.59999999999991,1529.8830449112331,1500.0,29.883044911233128,1504.0679853479758,1500.0,4.067985347975764
1-9b610532-68ba-4bbb-a4cc-efa59dd9f7d1,2008.8,2094.0,-85.20000000000005,1500.0,1520.5445977650675,-20.544597765067465,1500.0,1499.5313041580212,0.4686958419788425
1-0abc256d-7705-41f8-9af9-9820e6ffcbeb,2614.4,2747.2,-132.79999999999973,1503.2312439695213,1526.9242652267526,-23.693021257231294,1500.0,1497.037492145638,2.962507854362002
1-94ddf90f-b9e2-453f-a3a4-b89f826cf437,2498.4,2690.2,-191.79999999999973,1514.9412828941843,1484.4231102622414,30.51817263194289,1510.4217827066068,1509.8226583765684,0.5991243300384212
1-566bd65e-574e-4f5d-9345-2c18fd441e24,2279.6,2363.0,-83.40000000000009,1503.110001028155,1511.5202894795937,-8.410288451438646,1502.4547998154221,1500.0206514839056,2.4341483315165533
1-43360570-ac5e-4b6f-974f-c1e449a2e9b2,2305.6,2248.6,57.0,1496.9102404350376,1521.1224510083334,-24.212210573295806,1508.5383344957838,1497.7855993416085,10.752735154175298
1-aabe5496-c1b3-4d4a-90de-f6030a8216da,1995.8,2088.2,-92.39999999999986,1496.5643929021644,1508.5383344957838,-11.97394159361943,1500.0,1494.0079925142973,5.992007485702743
1-aad33f90-c96c-484a-afff-065708c49478,2389.6,2444.6,-55.0,1508.881290659274,1503.0821609521752,5.799129707098928,1508.4530573139775,1487.2,21.25305731397748
1-6f7829e0-6ef9-42d9-8678-1b2ed5f85a65,2585.4,2875.4,-290.0,1540.462748339954,1497.5731100166397,42.88963832331433,1500.4326324706162,1522.6556386667853,-22.22300619616908
1-6dadfc57-7d43-4117-8ad2-38ff60eb5437,2876.6,2788.0,88.59999999999991,1506.741594351925,1522.3691976911164,-15.62760333919141,1523.6581820816266,1513.9592376558703,9.698944425756281
1-464e3945-d76d-4bc9-8354-d7d364c5c0d5,2174.0,2206.6,-32.59999999999991,1518.8382818929508,1500.0,18.838281892950818,1499.1080871788668,1500.0,-0.8919128211332463
1-08dcb0b7-f111-4eac-b2bc-52dfd3c8a4c1,2585.8,2605.6,-19.799999999999727,1496.9329513702617,1509.532786661299,-12.59983529103738,1509.035120471479,1502.457295913281,6.577824558198017
1-88debddb-8fc0-4b73-a544-fe28881f7e95,2563.8,2610.2,-46.399999999999636,1499.607612328295,1506.3952955818918,-6.787683253596697,1508.2362356533988,1500.364795173249,7.871440480149886
1-9e28f36b-b61d-4139-a101-4d6e2c0b4c8f,2645.6,2699.4,-53.80000000000018,1509.6573080468613,1502.923547190311,6.7337608565503615,1499.9768606926227,1496.7064527971233,3.2704078954993747
1-f57ad933-d07b-44d1-b232-ebb5641eb920,2572.6,2323.4,249.19999999999982,1496.9344077806386,1502.9969151264181,-6.062507345779522,1517.8715240723345,1495.7507570067337,22.12076706560083
1-c2ed3cbd-5e56-445e-9e60-06abbd104ce6,1841.6,1961.6,-120.0,1500.0,1493.6893872440282,6.310612755971761,1500.0,1502.0003331495848,-2.000333149584776
1-e3963f39-d744-4505-8c88-2499ca568dce,2208.4,2099.8,108.59999999999991,1500.0555351335465,1500.0,0.055535133546527504,1500.7651016037605,1500.0,0.7651016037605132
1-f814064c-ba75-46ec-b0bc-73f2a358aba1,2452.6,2380.6,72.0,1496.856335273662,1496.7694611626146,0.08687411104733656,1502.0969817508092,1500.0,2.0969817508091637
1-58558acf-0684-4a18-885f-7f7210e87a38,2074.2,2089.6,-15.400000000000091,1500.0,1503.3158128064124,-3.3158128064123957,1500.0,1501.5727363131068,-1.572736313106816
1-ea97de33-a3bf-4b49-9969-87ec17421cd8,2316.6,2363.0,-46.40000000000009,1500.0,1496.8579354156823,3.1420645843177226,1500.0,1506.2909452524268,-6.290945252426809
1-cd064ed3-25cc-47cb-970e-57442edc27e3,2244.0,2172.0,72.0,1490.9914462776267,1525.437561339755,-34.44611506212823,1520.1314593008474,1498.6871138013928,21.444345499454585
1-9e1cf994-26e0-4587-aa88-a4bcba92bbb4,2143.8,2135.2,8.600000000000364,1516.3746105027735,1496.9178390478248,19.456771454948694,1499.3054390652167,1500.0,-0.6945609347833397
1-13ab36a3-16b2-4b49-bdb7-5001988c65e4,1785.6,1829.0,-43.40000000000009,1500.0,1506.9607505289155,-6.960750528915469,1500.0,1498.8634457430817,1.1365542569183162
1-d49a74ac-0125-4dd3-9cb0-c9e44d37f8b2,2092.6,2002.2,90.39999999999986,1500.0,1507.212796253661,-7.212796253661054,1500.0,1498.4719659434768,1.528034056523211
1-2ffa4a87-e62e-480a-87c3-ffbf7429e947,1600.0,1749.2,-149.20000000000005,1487.4979031738999,1497.9001346799555,-10.402231506055614,1503.2931515013615,1500.0,3.2931515013615353
1-cfad95c5-8593-4513-b6e4-aa681881cbb2,1853.0,1738.0,115.0,1487.9678057130131,1500.0,-12.03219428698685,1500.0,1500.0,0.0
1-73481d8c-94c3-4a71-8a7f-5a1d2f884418,2122.8,2037.0,85.80000000000018,1494.1559613492568,1500.0,-5.844038650743187,1500.0,1500.0,0.0
1-6f2a2c24-860f-4731-98b5-ff3e977e1199,1981.2,1941.6,39.600000000000136,1487.5262857139314,1500.0,-12.47371428606857,1500.0,1500.0,0.0
1-0effd1b4-891d-4904-a280-3a2a9d354954,1959.6,1910.4,49.19999999999982,1500.0,1497.1517919242754,2.848208075724642,1500.0,1500.0,0.0
1-8ede7238-37c1-4674-af0c-a8af5e05aa24,1809.8,1796.4,13.399999999999864,1506.943625857207,1500.0,6.943625857207053,1500.0,1500.0,0.0
1-13428b06-f6be-40c1-9a46-01c4c1be066b,1980.6,2009.6,-29.0,1500.0,1497.2681434260996,2.731856573900359,1500.0,1500.0,0.0
1-1320de1a-562c-41fc-89c3-cc10ef2e0cbd,1842.8,1849.4,-6.600000000000136,1500.0,1487.3178790241013,12.68212097589867,1500.0,1500.0,0.0
1-35379c96-edfc-469f-9437-7f6f3db106ef,2085.4,1936.6,148.80000000000018,1500.0,1493.6,6.400000000000091,1500.0,1500.0,0.0
1-5105d4ff-bfff-4c6d-bb25-003efe571120,2062.4,1977.0,85.40000000000009,1500.0,1500.0,0.0,1500.0,1500.0,0.0
1-b281be10-aeb0-4887-baea-32bfadf776ec,2176.8,2112.0,64.80000000000018,1500.2924294519198,1493.2466903122152,7.045739139704665,1514.0982059718594,1499.4121622288017,14.68604374305778
1-b053aee4-a774-41ad-94a9-60cd3cb385b5,2337.0,2252.8,84.19999999999982,1496.8912876748486,1532.4160904307598,-35.524802755911196,1496.8008001401156,1499.7649713137598,-2.9641711736442176
1-230f56e8-09af-4ee3-a0fe-ff8f5dbbb328,2309.8,2252.8,57.0,1496.8926933339897,1550.8825956965084,-53.989902362518706,1510.0668670901457,1499.9662393270555,10.100627763090188
1-c3dfb16f-4c31-4165-a655-a16d10ee5c77,2201.4,2252.8,-51.40000000000009,1496.8738679086541,1536.7090784407042,-39.83521053205004,1508.0215312616451,1500.2086869829395,7.812844278705597
1-3b12f8f0-52cd-4421-90bb-413aa2561c9e,1808.0,1957.2,-149.20000000000005,1500.0,1502.7405377535804,-2.7405377535803837,1500.0,1502.333285007876,-2.3332850078759293
1-58ade2f3-5dc1-47dc-b802-0b8a15a881b8,2007.0,1957.2,49.799999999999955,1500.0,1486.10079704922,13.899202950779909,1500.0,1504.0728607591884,-4.072860759188416
1-29070df9-92eb-40fa-b560-c963e153268f,2168.6,2031.2,137.39999999999986,1500.0,1493.6,6.400000000000091,1500.0,1496.8,3.2000000000000455
1-48eeddac-52d6-4ced-bd3a-ff9374742509,2163.6,2156.2,7.400000000000091,1493.6,1493.6,0.0,1500.0,1500.0,0.0
1-7db4a634-7391-48d4-8a1d-e0f22d8398b4,2122.0,2223.4,-101.40000000000009,1500.0,1500.0,0.0,1500.0,1500.0,0.0
1-af9637f6-8a20-4031-b66f-972a9b46b7f5,2123.4,2193.0,-69.59999999999991,1559.052114897704,1499.827074110704,59.225040787000125,1498.8090425326177,1495.2380137184286,3.5710288141890487
1-91553391-ad23-4a55-8f11-fc6812d391a2,2084.8,2123.4,-38.59999999999991,1500.0,1545.1182873127889,-45.11828731278888,1500.0,1498.60220393009,1.3977960699101004
1-77b2ce76-34ca-42ed-8401-21434ba24d10,2114.8,2118.0,-3.199999999999818,1493.7307272354924,1522.7250256698612,-28.99429843436883,1500.0,1499.5751576256241,0.4248423743758849
1-5d0c660b-b648-4cce-abe1-a506b2568785,2118.0,2115.2,2.800000000000182,1507.0739609353855,1499.4957263403535,7.578234595031972,1499.387913712125,1486.8986510637758,12.489262648349268
1-4e4cd66d-67d2-4806-add3-34e4891bd362,2178.6,2175.2,3.400000000000091,1530.9099137092721,1500.0,30.909913709272132,1500.9730430896805,1500.0,0.9730430896804592
1-658b8894-106b-49f0-8da2-236e6383d268,2178.6,2125.6,53.0,1515.6291788941714,1500.0,15.629178894171446,1501.1104967667484,1500.0,1.1104967667483834
1-0be52ce5-f276-48ab-9fbf-e6ad4192da7c,2211.4,2178.6,32.80000000000018,1500.0,1533.1512332819184,-33.151233281918394,1500.0,1501.2931375477435,-1.2931375477435267
1-05a5f445-4038-4592-8030-bdef8152f00c,2388.0,2267.8,120.19999999999982,1496.71221782786,1517.6518807214563,-20.939662893596278,1483.9041057021127,1499.5090289163686,-15.604923214255905
1-636a17af-2374-46ec-8c64-39b3f4e9fa84,2107.8,2293.8,-186.0,1490.3610982397336,1486.069477113662,4.2916211260715045,1490.970572546862,1499.4961535187115,-8.525580971849422
1-1d075075-f886-40c0-aa41-aa3fc9ff2d0f,2206.0,2281.6,-75.59999999999991,1496.9178390478248,1508.394855879818,-11.477016831993069,1500.0,1498.8334420800934,1.1665579199066087
1-f2a54e6c-f37b-4ed6-9144-947d1dec958d,2281.4,2281.6,-0.1999999999998181,1493.4866155958703,1492.3421515535779,1.144464042292384,1490.7918881474986,1499.4434080746546,-8.65151992715596
1-438001c7-8c70-47db-b968-02e6196f6c92,2221.4,2281.2,-59.79999999999973,1505.3422609600434,1490.2100018335877,15.132259126455665,1502.2447974996496,1492.4111182719994,9.833679227650236
1-d861efc9-423f-44a7-b01d-04451792b8af,1907.4,1947.0,-39.59999999999991,1497.054765396646,1522.144967720326,-25.090202323679932,1527.9357314498077,1502.6948084779783,25.240922971829377
1-c5a76258-dff3-43cc-a122-9957e95eba7c,1943.0,1947.0,-4.0,1500.0,1506.4415794302909,-6.441579430290858,1500.0,1503.7148112626624,-3.7148112626623515
1-4c3fb675-7da2-49dd-bcac-1395c3d25362,2267.6,2556.0,-288.4000000000001,1503.2376072322186,1503.45374343518,-0.21613620296147928,1501.4604131213346,1513.4434720161635,-11.9830588948289
1-7e785d72-ab4e-4fcd-8781-86d426b065c8,2450.2,2267.6,182.5999999999999,1500.0,1520.1652080242452,-20.165208024245203,1500.0,1501.6832611905259,-1.6832611905258545
1-5c741c18-4e6a-4837-964e-fa3aa4efb359,2317.2,2267.6,49.59999999999991,1500.0,1504.3662716811955,-4.366271681195485,1500.0,1502.006294506939,-2.006294506938957
1-e10b72fa-588b-411b-9b21-ccaedfd0d7fc,2233.4,2267.6,-34.19999999999982,1500.0,1487.8048969568358,12.195103043164181,1500.0,1502.5355937014263,-2.535593701426251
1-62660b4f-8c6a-4549-803e-23932c4e8b9f,2258.2,2207.2,51.0,1503.9500462458573,1476.4040522502748,27.54599399558242,1503.5969726652188,1501.3100593805002,2.286913284718594
1-7eb423ae-85e0-4091-998f-29c32bebb5db,2030.2,2109.8,-79.60000000000014,1503.0198802729808,1475.6385720164567,27.381308256524107,1500.0,1500.005367032883,-0.005367032882986678
1-3898254c-93de-4d5f-b7ab-47fd5182310c,2109.8,2139.4,-29.59999999999991,1491.235015156514,1500.0,-8.76498484348599,1500.0158946743077,1500.0,0.015894674307673995
1-d134fccb-eb58-4339-b35d-d3f27ecaa3f0,2294.4,2110.8,183.5999999999999,1488.237291753955,1506.404250937657,-18.16695918370192,1501.7699957803484,1497.0307698798556,4.739225900492784
1-2074340a-e0fa-488c-bf74-e00cabc840c8,2200.0,2354.2,-154.19999999999982,1502.9523111822716,1500.9640420102783,1.9882691719933518,1503.103855377211,1501.2672618014872,1.8365935757237821
1-a882abdb-3fad-470b-bb81-44d2b4399ea6,2360.4,2385.2,-24.799999999999727,1497.1301361035664,1484.7274410213354,12.402695082231048,1535.972059626633,1512.0420241387808,23.930035487852138
1-fc5c4dec-3725-48be-b5f9-08408c603682,2349.6,2381.6,-32.0,1500.0,1487.2,12.799999999999955,1500.0,1496.8,3.2000000000000455
1-218d9196-73de-4621-b7cd-ed32424f95ff,1907.2,2010.0,-102.79999999999995,1493.5950972313913,1525.8073973185917,-32.21230008720045,1498.0751268548129,1499.3142402090393,-1.239113354226447
1-d9843a1e-98e3-4bc4-b701-1b94d6ad70b7,1873.8,2010.0,-136.20000000000005,1493.9780050009358,1510.5709502559423,-16.592945255006498,1520.5445977650675,1505.3692211704222,15.175376594645286
1-1a591a32-0565-437f-b5b3-c64aaf6f39ec,2218.0,1981.6,236.4000000000001,1479.1757870945896,1522.107925953433,-42.93213885884347,1507.8640107547012,1497.4631441410945,10.400866613606695
1-1ba769bb-53c0-4173-a40f-c61e69d53dd2,2218.0,1981.6,236.4000000000001,1494.621515032962,1506.6621980150608,-12.040682982098815,1515.0031621208855,1515.9337333439562,-0.9305712230707286
1-5fe8789e-a83d-4d49-b434-bee544f713c4,2482.2,2287.8,194.39999999999964,1497.4659785768258,1490.1115662103748,7.354412366451015,1499.6187090203937,1492.71534794102,6.903361079373781
1-02273572-55ff-4bad-ac64-ad26daedc645,2418.4,2366.0,52.40000000000009,1497.4146803564283,1517.343050824563,-19.928370468134744,1512.7630712310875,1499.1671469475236,13.595924283563818
1-01f656ed-faf0-4fb1-9a48-370ee490e5e6,2807.4,2778.0,29.40000000000009,1506.1168578624379,1542.882487708597,-36.76562984615907,1505.0913980588211,1504.8303785197115,0.2610195391096113
1-f0173cd6-599f-4105-8309-68f7fdadb5de,2410.0,2625.2,-215.19999999999982,1493.4732497662949,1509.1911513650196,-15.717901598724666,1494.148329160071,1499.6721591665812,-5.523830006510252
1-99a620f4-2418-441b-8483-a0ca2999926a,2900.0,2966.4,-66.40000000000009,1540.0206763292183,1494.937901732685,45.08277459653323,1502.403034145035,1521.3638670324876,-18.960832887452625
1-b147ac2e-c42c-420a-aeef-eb9da8805a37,2841.0,2827.0,14.0,1500.3879484429435,1531.279783981427,-30.89183553848352,1506.9207119543087,1502.4489626226577,4.471749331650926
1-880800da-37e3-427e-ab36-7871e1936f63,2654.0,3096.4,-442.4000000000001,1506.0700113378139,1528.2109573375499,-22.140945999736005,1500.0,1499.5182609782678,0.48173902173220995
1-575d3bb9-4d11-452a-86e0-31533d057a07,2739.2,2702.8,36.399999999999636,1516.4170576364627,1500.0,16.417057636462687,1509.147100843659,1500.0,9.147100843659018
1-d7bbb4e2-ccbb-49d7-b886-13226aa1456e,2546.8,2713.6,-166.79999999999973,1503.3164521471015,1512.9297493902395,-9.61329724313805,1512.6492170938068,1499.7784700197835,12.870747074023257
1-34a3dcbe-c64a-40b5-950e-eac0051569b8,2721.0,2653.4,67.59999999999991,1506.4689059714597,1500.0,6.468905971459662,1498.5031873380697,1500.0,-1.4968126619303348
1-ae67c46b-10c3-4383-adfa-547ee979e682,2755.4,2836.0,-80.59999999999991,1520.1609815002673,1500.8126141228975,19.34836737736987,1499.3117631886034,1527.2600869859762,-27.948323797372723
1-b114bc74-2ec1-4d38-adc9-6b6acd5d6258,2556.0,2395.0,161.0,1534.4371749565591,1494.189181684258,40.24799327230107,1500.540521087079,1532.0756133503078,-31.535092263228762
1-d435f0c3-c9f7-44c2-820f-5830c47e1d31,2716.6,2663.4,53.19999999999982,1500.0,1522.4636137976959,-22.46361379769587,1500.0,1500.8123118137808,-0.8123118137807523
1-34ac13a2-0b32-4004-a3e2-9fd1ad8a59a0,2454.6,2418.2,36.40000000000009,1529.5625273137032,1500.0,29.562527313703185,1500.6988724862192,1500.0,0.6988724862192157
1-045f4640-25ad-40e2-a15d-3d361da3b5d7,2463.4,2398.2,65.20000000000027,1523.9389025747532,1500.0,23.93890257475323,1501.0952698190267,1500.0,1.0952698190267256
1-4768bce6-00ed-43ae-993a-2f36e2b8f220,2694.0,2450.8,243.19999999999982,1508.759727334364,1496.914671445314,11.845055889049945,1503.125633280449,1512.4556273780736,-9.329994097624649
1-c552eb30-b679-438a-94f1-4bba159c8f14,2899.6,2765.2,134.4000000000001,1500.0,1505.8511709169507,-5.85117091695065,1500.0,1501.6244615229073,-1.6244615229072679
1-faf4f63a-be13-4752-aac2-edf368184d31,2473.6,2347.8,125.79999999999973,1528.5069746702914,1500.0,28.506974670291356,1510.2200552158586,1500.0,10.220055215858565
1-4ade8cc6-885c-4f95-8da6-f7cb42d60be8,2552.0,2521.8,30.199999999999818,1512.4556273780736,1500.0,12.455627378073586,1502.436692284361,1500.0,2.4366922843610155
1-a3f989be-e6ab-4769-b91f-6ec4cda8bd59,2499.0,2554.4,-55.40000000000009,1506.1064617251104,1503.3467691374449,2.7596925876655405,1502.1333333333332,1508.7705277441855,-6.637194410852317
1-4f15839b-cb06-4957-9f5d-10e22f928e09,2620.4,2693.8,-73.40000000000009,1500.0,1512.7410554883713,-12.74105548837133,1500.0,1503.2,-3.2000000000000455
1-ae549973-ce9b-45cb-bb94-a0723e7ccd89,2445.4,2564.4,-119.0,1506.4,1509.6,-3.199999999999818,1500.0,1500.0,0.0
1-a1062c65-ee71-4c03-b37a-6176d2b2776e,2584.8,2433.6,151.20000000000027,1500.0,1500.0,0.0,1500.0,1500.0,0.0
1-2a9ba04b-e25d-4b34-890f-219d78031709,1943.2,1900.0,43.200000000000045,1481.4879435848866,1521.0915884926533,-39.60364490776669,1500.7905748292444,1486.0382911600473,14.75228366919714
1-f9a6786b-8379-45c2-bd37-cc27602927fa,2075.2,2314.6,-239.4000000000001,1496.1892274185427,1506.034214361503,-9.844986942960304,1498.9944118636233,1494.887616154001,4.106795709622247
1-f6a24af7-73a2-49a9-b91b-10eb458f271d,1905.2,1864.6,40.600000000000136,1493.1689898966015,1503.228938695365,-10.059948798763571,1498.6499454388374,1500.0,-1.3500545611625512
1-26c9744b-7d1e-4ed8-96af-f6fb3c99c51e,1764.2,1803.0,-38.799999999999955,1493.1579900661466,1500.0,-6.842009933853433,1499.3214329663726,1500.0,-0.6785670336273597
1-1d47a4f6-1735-4b55-abe5-675faae369aa,2127.8,2172.2,-44.399999999999636,1499.6364114716303,1493.7477358173087,5.88867565432156,1503.040833377202,1508.0215312616451,-4.980697884443089
1-46c17cf9-79a7-4b52-8b65-764543fff443,2354.0,2565.2,-211.19999999999982,1500.2568282625555,1491.6556694307237,8.601158831831754,1509.1869507682204,1498.8933273998637,10.293623368356748
1-c43deae6-351a-4690-aad9-fc99dea060bd,2167.8,2113.4,54.40000000000009,1490.6693460742708,1493.3489002403483,-2.6795541660774234,1500.8757020897617,1491.3060036683053,9.56969842145645
1-6e957ccb-aa16-42a4-80ba-c50f6829fc45,2068.0,2081.4,-13.400000000000091,1500.0,1508.0215312616451,-8.021531261645123,1500.0,1486.6058033725913,13.394196627408746
1-a2b65003-49ac-4986-8e27-e04778104eff,1940.8,2036.0,-95.20000000000005,1500.0,1489.889108479419,10.110891520580935,1500.0,1499.6199394344903,0.38006056550966605
1-36862b14-b025-422b-b824-6323f892f6f6,2272.2,2373.2,-101.0,1500.0,1488.4450740270545,11.554925972945512,1500.0,1506.936737809261,-6.936737809261103
1-3e5ed482-97b5-49bf-b3bc-033a29bc064a,1988.4,1833.4,155.0,1480.3097015515625,1500.0,-19.69029844843749,1496.5817604009578,1500.0,-3.418239599042181
1-a97cccf6-8d5f-488b-bd96-809c13a49219,2003.8,1963.0,40.799999999999955,1470.6227394722573,1512.1853083910805,-41.56256891882322,1500.4848255242148,1485.1999775637296,15.284847960485195
1-4a4ba0ed-c030-4a07-ad2b-49e9f0d4a1c2,1970.4,2011.4,-41.0,1482.8799730764756,1506.3670901922997,-23.48711711582405,1499.5421629638372,1494.80545913051,4.736703833327283
1-58ee3b59-f040-4ca7-a98a-7ae816f1380e,2038.6,1984.8,53.799999999999955,1500.0,1485.798566937287,14.201433062713022,1500.0,1498.4407230214101,1.5592769785898781
1-82e68095-b2ac-46a4-a2a1-938296974ba8,2232.4,2188.4,44.0,1487.4978901288807,1506.76041627228,-19.262526143399327,1498.416961500979,1496.943838554905,1.4731229460739996
1-ae7098cf-ed24-4c85-ba56-fe71336da3ee,2209.4,2147.8,61.59999999999991,1477.3572657204609,1496.943838554905,-19.58657283444404,1498.9726881997321,1522.3691976911164,-23.396509491384222
1-2a4fb271-71a7-4444-ac66-44d05b853afd,2325.4,2292.8,32.59999999999991,1489.9329643206268,1500.0,-10.067035679373248,1499.7589316372012,1500.0,-0.24106836279884192
1-fd6213ea-0d01-4df9-8cd6-de806aa7325e,1948.4,1969.2,-20.799999999999955,1500.0,1488.462154279064,11.537845720936048,1500.0,1498.6899152043975,1.3100847956025063
1-d2737327-4fce-4b40-94c0-ef6e5316cb5d,2270.6,2133.2,137.4000000000001,1493.6730664981083,1489.6997648951697,3.973301602938591,1507.1937867883996,1498.607349291797,8.586437496602684
1-fdadccc6-a87c-4997-8d60-de5aa8b7aeca,2260.8,2240.4,20.40000000000009,1496.6031444589291,1496.090318294987,0.5128261639422362,1493.170444469472,1498.7245586442984,-5.554114174826509
1-f1a3d27b-275e-4b5f-8518-5f0c541e35eb,2192.8,2141.4,51.40000000000009,1482.9969747635892,1500.0,-17.00302523641085,1496.257366216337,1500.0,-3.7426337836629955
1-dea650b1-9246-49b2-865c-bef578d52d63,2101.8,2089.4,12.400000000000091,1491.41020331965,1500.0,-8.589796680349991,1498.1528957412045,1498.8823358399954,-0.7294400987909739
1-7f588b98-833e-421d-b00f-6cfa3b800a5e,2033.4,2143.8,-110.40000000000009,1500.0,1497.7646716799907,2.23532832000933,1500.0,1498.888250520957,1.1117494790430555
1-e40eacc2-9ec4-46de-910a-43b731bba102,2272.6,2425.0,-152.4000000000001,1495.092899521122,1487.259510636556,7.833388884566148,1496.9964855893093,1504.7418442366816,-7.7453586473723135
1-1f045551-ce61-4b3d-ba21-628a63131076,2258.2,2272.6,-14.400000000000091,1486.7784732214993,1512.26447254548,-25.48599932398065,1495.9971504742498,1500.7893722635813,-4.792221789331506
1-737aa768-89c8-4345-ae97-003ebcfa32e7,2272.6,2258.2,14.400000000000091,1495.9341112912884,1503.108834475691,-7.174723184402637,1498.5664278710865,1496.5645031209028,2.0019247501836617
1-5ce125ea-8517-48a4-89bd-0ec76688a245,2447.0,2384.8,62.19999999999982,1497.0001729098656,1509.182750171421,-12.18257726155548,1518.6765981301328,1500.4176883487994,18.258909781333386
1-841a861e-3a6e-41f0-9bd4-1c23df766333,2176.8,2044.4,132.4000000000001,1500.0,1500.0,0.0,1500.0,1500.0,0.0
1-c182d277-f3dc-4a99-83dc-af4ee961f890,2727.4,2807.2,-79.79999999999973,1494.046274526948,1505.2931949771719,-11.246920450223797,1500.3557030666814,1484.302892245848,16.05281082083343
1-33d6bd19-cf0e-462e-8da2-af3c1b8a9dfe,2623.8,2716.8,-93.0,1500.6029268126274,1497.1768341614197,3.426092651207682,1499.8575708840574,1499.2985575553153,0.5590133287421395
1-561d94e7-18d0-4f4b-90f9-3d288d723acb,2641.0,2655.6,-14.599999999999909,1487.982171505289,1502.910128196298,-14.927956691009058,1499.8944498205706,1500.6351014629272,-0.7406516423566245
1-1b855085-1dfd-447f-b255-07f12ffae1fb,2555.6,2712.0,-156.4000000000001,1500.038503170671,1535.4315748173547,-35.393071646683666,1499.3610998062882,1499.856236646211,-0.4951368399229068
1-4ee4c708-cff3-4c4b-b7a6-63f5ca45fd08,2697.6,2664.0,33.59999999999991,1500.6339011103864,1512.926699939078,-12.292798828691502,1503.3638324845701,1503.9069140916042,-0.5430816070340825
1-587a6df2-687b-45ce-8ec1-e491725d9fbe,2683.4,2717.0,-33.59999999999991,1504.6897004884809,1496.7461104925453,7.943589995935554,1502.7826146046066,1496.7732141435529,6.009400461053701
1-1c56b196-cb96-403b-b71c-0e0409e819f2,2720.8,2665.0,55.80000000000018,1494.5710618256408,1515.4115316798116,-20.840469854170806,1495.4696109711028,1498.3862606958287,-2.9166497247258576
1-3227cfc4-d8f8-4d65-8a7b-dea0d0a45c9a,2553.2,2628.2,-75.0,1499.8323218639034,1503.5902699884034,-3.7579481244999897,1499.538652029092,1512.3280053785331,-12.789353349441171
1-4eb9d2da-7efe-414f-aa0b-8562fb7e5533,2696.4,2679.2,17.200000000000273,1468.7192526168042,1487.28357479108,-18.56432217427573,1500.5434654707344,1501.757916085097,-1.2144506143624767
1-a3a35367-1b95-4626-b816-e63b43a65005,2662.8,2748.6,-85.79999999999973,1500.0295258911185,1490.1616338307574,9.8678920603611,1503.966152962234,1491.1261457281314,12.840007234102586
1-48c50846-8794-4d65-b66e-601d54689208,2660.0,2614.6,45.40000000000009,1493.7988894182224,1506.4175669605925,-12.618677542370051,1499.1993893768465,1503.7140097745332,-4.514620397686713
1-1be4a1c7-c35d-4338-8ffb-28de6fe76990,2752.4,2711.4,41.0,1496.6410307214273,1507.970996289238,-11.329965567810632,1499.1793849556482,1503.217613205839,-4.038228250190741
1-616dc244-cfbc-4e05-bc79-000300fdcfb8,2530.4,2496.0,34.40000000000009,1493.4003316198937,1509.6399609994837,-16.239629379590042,1493.8039047081315,1497.341101571269,-3.537196863137524
1-765701b2-ef74-48a7-88f1-db1f230ae1d6,2645.4,2789.0,-143.5999999999999,1500.0613065838386,1506.563478165345,-6.502171581506445,1503.3808814390545,1498.8622956908557,4.518585748198802
1-81e77320-e4db-46cc-a218-a39502758578,2708.8,2637.4,71.40000000000009,1509.9994713899953,1484.3302286963576,25.66924269363767,1499.8311001571556,1503.4784864818184,-3.6473863246628753
1-4b1a82a6-d41b-45bb-8a0b-01e7ba0b803a,2806.2,2815.2,-9.0,1497.216423888974,1513.701574585015,-16.48515069604082,1499.4869045884286,1501.9333523995715,-2.446447811142889
1-0b998b15-86fb-4e1c-ab36-fa1db1035fd3,2742.6,2669.6,73.0,1497.700257473965,1496.764989659656,0.9352678143088724,1499.1273754818571,1496.6857609449112,2.4416145369459628
1-b94fe797-b0f2-4584-8136-0fd02a2c533d,2660.0,2598.6,61.40000000000009,1500.646126735528,1493.778947383596,6.867179351932009,1496.1407907094774,1499.9870938051208,-3.8463030956434068
1-5b599717-2f82-49e6-9e05-e6d7ec30dbdf,2725.0,2819.2,-94.19999999999982,1512.9332230188145,1497.1948369515037,15.738386067310785,1503.2856936460241,1500.0766250908866,3.209068555137492
1-cd009655-41a8-443d-b632-f685b718d390,2738.2,2612.0,126.19999999999982,1500.5232463266334,1500.0,0.523246326633398,1502.406491385668,1500.0,2.406491385668005
1-65ded10c-9ae2-4f77-8136-f7c4e0cf981c,2742.0,2693.0,49.0,1487.9963941084595,1503.2,-15.20360589154052,1508.9379281633749,1500.0,8.937928163374863
1-19f2d3e7-3de0-4cb5-ade5-3f9c8fb3621a,2529.6,2674.8,-145.20000000000027,1503.2007975621461,1506.7037657769056,-3.5029682147594485,1493.7156802488203,1499.4377398740144,-5.722059625194106
1-5507bd03-5925-4902-b8e7-2ca3b050155c,2640.6,2507.4,133.19999999999982,1493.8245118870332,1500.0311371543994,-6.206625267366235,1497.4820348658486,1498.4587873016615,-0.9767524358128412
1-77e1ad62-3bc1-495c-ae7f-4c6f781cd38e,2653.8,2703.2,-49.399999999999636,1484.2313172538445,1500.0,-15.768682746155491,1499.2571716449413,1500.0,-0.7428283550586912
1-840da2ad-3b7f-4b8b-80f5-c01cb404ce57,2795.8,2752.0,43.80000000000018,1493.6854104308597,1500.0,-6.314589569140253,1497.434098368975,1500.0,-2.565901631025099
1-1541a128-7ab2-4df0-a4e3-1d0eded86827,2562.0,2684.6,-122.59999999999991,1493.7156802488203,1493.629086037256,0.08659421156426106,1499.177974413123,1494.7090984603465,4.468875952776443
1-f8b8e684-38e7-473c-9e5e-af4bd2aefb9a,2752.6,2642.0,110.59999999999991,1496.7118976524914,1496.917574603323,-0.20567695083150284,1490.431991120521,1500.0,-9.568008879479066
1-269fc777-6456-4e73-a94e-42009c5705b7,2614.4,2549.4,65.0,1490.431991120521,1500.0,-9.568008879479066,1500.0,1500.0,0.0
1-456047b4-2137-4f17-81d1-536f916de691,2767.0,2759.4,7.599999999999909,1500.0,1496.8,3.2000000000000455,1500.0,1500.0,0.0
1-a64c6e9a-d3f5-4cf7-8eb8-dd17f11a5647,2549.0,2553.4,-4.400000000000091,1500.0,1500.0,0.0,1500.0,1500.0,0.0
1-aa9e68f7-a916-4517-af56-a293f1d15ec3,3368.6,3257.0,111.59999999999991,1521.6494728767489,1471.245377231468,50.404095645280904,1504.074483672796,1506.965260371309,-2.890776698512809
1-099208b1-3ed0-4f2a-8586-b71329b50c56,3275.6,3233.6,42.0,1494.2396843921274,1516.705861266711,-22.466176874583653,1507.3445332839556,1507.3587521762788,-0.014218892323242471
1-4a3de03e-69aa-46ed-aadb-e8ca211e6442,3510.0,3455.8,54.19999999999982,1510.1580053011453,1482.6595767300153,27.498428571130034,1512.987996887075,1501.5244254625418,11.463571424533257
1-00d376a8-e193-4346-8a0a-b05ca43fc9cf,3289.8,3507.0,-217.19999999999982,1490.07007126722,1517.569827250761,-27.49975598354081,1499.1738558518714,1502.7828209682887,-3.6089651164172665
1-a5170a8d-404d-491c-8728-3d5f0340858f,3403.2,3350.8,52.399999999999636,1499.1794476522532,1525.6278177586414,-26.44837010638821,1502.8956290327478,1512.3705549278645,-9.474925895116712
1-fa4d2669-d41e-4c94-8e96-5cc85d4703c9,3485.8,3396.6,89.20000000000027,1499.75792121478,1521.1403617994033,-21.382440584623282,1505.0865923560914,1501.3811519607573,3.705440395334108
1-7b3d1ccb-09fb-44f4-ac83-180a8015569b,3444.4,3425.2,19.200000000000273,1507.980472380785,1515.7185215302845,-7.738049149499602,1501.23447673333,1497.2904801464174,3.94399658691259
1-30616dd1-27ab-4f5a-9ab1-03fcf04e0bd0,3390.2,3359.2,31.0,1511.883120432775,1499.0728695781036,12.810250854671494,1502.4580014953297,1492.997145705661,9.460855789668585
1-81a96c7f-4fb8-4166-8122-1b71d15ab4a2,3166.6,3379.2,-212.5999999999999,1500.5894160867979,1517.1425852832588,-16.553169196460885,1527.7126973708823,1501.7488750435866,25.963822327295702
1-999dc113-3285-4c47-adc0-c06b38f59dcf,3187.6,3458.8,-271.2000000000003,1497.432038167667,1509.4332443389726,-12.001206171305512,1518.362706506199,1502.7774012913846,15.585305214814298
1-267258f8-f61f-453f-98b5-54b38de4cc33,3213.0,3290.4,-77.40000000000009,1512.206912492517,1501.8630893143195,10.343823178197454,1497.499760333298,1498.457879671519,-0.958119338221195
1-93ecd82f-d49e-4205-b0b8-394685229a9c,3226.0,3372.2,-146.19999999999982,1506.2584439009122,1488.574811056938,17.683632843974237,1499.0884510039962,1500.5736398633717,-1.485188859375512
1-e40d7a0c-f5b6-429a-b6b7-986f1a1d6d60,3435.0,3411.0,24.0,1509.4006060793213,1498.7589723346484,10.641633744672845,1500.04585970484,1500.9861938220301,-0.9403341171901047
1-7c062aad-2853-43b2-9387-b22896b445fb,3292.4,3305.8,-13.400000000000091,1496.9877453943059,1492.189645456684,4.798099937621828,1505.955574106757,1498.290466693641,7.665107413115948
1-de90a149-9e13-42f7-b298-76a350b3c968,3563.0,2895.0,668.0,1506.3376287002877,1482.2476409036803,24.089987796607375,1496.6139538888528,1502.3207064843537,-5.706752595500802
1-65defc64-599b-403a-b09c-39d35bb74d53,3332.6,3496.2,-163.5999999999999,1493.6,1491.9542757354188,1.6457242645810766,1506.1424899896663,1503.1384929977926,3.0039969918736915
1-2c006cdb-2ade-4bd9-ac3e-d849c615de21,3075.6,3170.8,-95.20000000000027,1503.1984363268152,1486.5312855083503,16.66715081846496,1499.8302263275696,1501.536412286318,-1.7061859587483923
1-4d270b60-6770-4063-ad91-1424af9bb80f,3246.6,3151.6,95.0,1492.7986507462253,1500.0,-7.2013492537746515,1501.7574280422618,1500.0,1.7574280422618358
1-d48b6792-7d86-4103-b9eb-ba4ad07f74e8,2898.4,3084.0,-185.5999999999999,1500.6260434980452,1479.7620443579567,20.86399914008848,1507.6531798720448,1503.969734763079,3.6834451089657705
1-1dd211b0-9a2d-45e5-8bd6-eadec8c95596,3081.0,3198.2,-117.19999999999982,1503.0547877525073,1479.175603481978,23.879184270529322,1490.5358519799022,1501.7628946744248,-11.227042694522652
1-55623115-f232-4ab4-9243-3f64c11a18ee,3056.0,3133.6,-77.59999999999991,1509.0237068222802,1475.4171322876682,33.60657453461204,1483.2560828939377,1502.1153895260911,-18.859306632153448
1-2f795447-1bb9-422b-870c-d9c675dca99b,3015.4,3031.6,-16.199999999999818,1471.6992320336633,1506.2826529218096,-34.58342088814629,1495.7373658812025,1503.12636134388,-7.388995462677485
1-e2c4185b-48d1-4d26-bc04-a1d9bde419f5,3028.4,3042.4,-14.0,1484.1478009381124,1493.6892354863585,-9.541434548246116,1499.9928298197765,1501.6594628335133,-1.6666330137368277
1-a9436e10-d4a5-41b8-943a-0a57cef77d68,3589.0,3589.4,-0.40000000000009095,1490.4604887881578,1499.942638558212,-9.482149770054093,1500.0,1496.8007818365925,3.1992181634075223
1-47be01ad-a3fc-422d-9864-ad54442e95a3,3540.6,3451.4,89.19999999999982,1493.601563673185,1500.0,-6.398436326815045,1500.0,1500.0,0.0
1-9241bc22-8fad-472b-bd3d-7099de59a400,3785.2,3643.2,142.0,1500.0,1499.8302263275696,0.16977367243043773,1500.0,1498.4,1.599999999999909
1-b4ee8e71-b609-4b22-96d6-4c2be8fff79d,3187.0,3184.8,2.199999999999818,1510.9566473144073,1549.3090945724462,-38.352447258038865,1506.708419708786,1506.4349043762354,0.27351533255068716
1-98d12f8a-f87b-4010-a3be-3c4522c93803,3129.6,3299.0,-169.4000000000001,1479.7880053213462,1529.9667066188872,-50.17870129754101,1508.5907108853785,1502.6607716433396,5.929939242038927
1-d2667562-5c02-4fc4-902d-d0cb69fda708,3277.8,3190.2,87.60000000000036,1549.3028503854937,1513.4994293421692,35.80342104332453,1505.0695353909382,1502.2924660627841,2.7770693281540844
1-66a69f33-c9df-495c-b31d-5dd42b0c4e40,3280.6,3265.8,14.799999999999727,1529.9568668396882,1539.7029971759002,-9.74613033621199,1503.5405160975536,1500.0574256590153,3.4830904385382837
1-73ea57ae-4184-42fd-b26f-c31ccfc2eddf,3322.2,3388.4,-66.20000000000027,1541.8125043350378,1510.4059820311293,31.40652230390856,1500.7302918299417,1507.713468084886,-6.983176254944283
1-c57dbcba-312f-4230-a3c3-4bbf7c1bf253,3442.6,3401.2,41.40000000000009,1543.3188259481853,1511.8496648806856,31.469161067499726,1503.384202893974,1509.2736980924178,-5.88949519844391
1-37789241-4f24-4252-8406-3ff090d2206f,3263.0,3420.4,-157.4000000000001,1500.4858344092274,1515.9085748232324,-15.42274041400492,1501.68173790044,1506.551587584111,-4.869849683670964
1-9d7039dd-2537-4c14-bd60-bef07078d1b3,3588.2,3609.8,-21.600000000000364,1484.638761347125,1532.6889182675877,-48.05015692046277,1507.8301184825402,1505.8301358360802,1.999982646460012
1-d60270cb-f3a3-4a9c-847f-edc05a47fd44,3469.0,3384.6,84.40000000000009,1525.4691063582254,1511.370307131879,14.0987992263465,1501.575452166595,1509.7110638612228,-8.135611694627869
1-d09099c6-1146-4f51-88a2-e82aacef7488,3336.6,3331.8,4.799999999999727,1523.3500473475317,1512.6643692525627,10.685678094969035,1510.938935215571,1509.1344242945538,1.804510921017254
1-79d40b9b-64fa-470d-bd96-0d5627a3b162,3357.6,3526.6,-169.0,1523.3346158054162,1491.7876341624578,31.54698164295837,1505.3776191653712,1506.8972838129262,-1.5196646475549187
1-9790d5af-f65e-4e31-9fb3-771b16b2d44d,3332.6,3473.6,-141.0,1526.5446326127778,1504.3077764296345,22.236856183143345,1503.2681379546889,1506.4465758131812,-3.178437858492316
1-5358b4f1-e6b6-498c-81d8-1678627d81c1,3050.4,3194.2,-143.79999999999973,1496.2092716807606,1530.5693246595645,-34.36005297880388,1497.5629231252515,1510.0707252386978,-12.50780211344636
1-c8c2e91f-63a4-4555-ab7e-f6f51e0d28fa,3496.4,3401.4,95.0,1504.1500865215298,1487.6431016533793,16.50698486815054,1497.0835289099098,1516.110974892633,-19.027445982723293
1-adb0cafc-7b28-4fb1-bbb2-1fead905a84e,3451.4,3364.6,86.80000000000018,1505.7639427907786,1521.870461857659,-16.10651906688031,1493.3695198089877,1509.5486309873666,-16.17911117837889
1-f9625596-fb97-48a2-b84c-2e9e407d3a39,3279.2,3327.6,-48.40000000000009,1500.041841031307,1518.5274627044714,-18.48562167316436,1497.6457756671568,1500.6752822447506,-3.029506577593793
1-ecfd2b8a-cfdc-48c6-9f22-c6cacce30e36,3450.0,3410.8,39.19999999999982,1495.4668582408083,1517.3798375761107,-21.912979335302452,1516.196609968742,1504.2436003781295,11.95300959061251
1-aa8781f7-c359-4f02-b337-0d160df35594,3498.4,3506.4,-8.0,1510.0398986375328,1521.9583913037163,-11.91849266618351,1512.0027236443748,1513.0093010856638,-1.0065774412889823
1-ea2d07a3-fced-4de1-8156-d6490eb689f9,3175.4,3174.8,0.599999999999909,1483.885882292349,1528.3261077359161,-44.440225443567215,1500.833935450687,1500.6139542612184,0.21998118946862633
1-d696ed10-587f-4ec1-9afc-283566efcdd1,3391.0,3657.2,-266.1999999999998,1528.6289516451595,1497.2388663464608,31.39008529869875,1502.8277166371804,1513.1611572571364,-10.333440619956036
1-22c6b0fe-dc2e-4639-9f82-2105d57ec18b,3263.6,3218.4,45.19999999999982,1496.8989146083968,1517.548209676182,-20.64929506778526,1502.5079033750183,1491.3814081334572,11.126495241561088
1-0329d24b-4d34-488f-ac2b-b339f97d8822,3190.6,3455.4,-264.8000000000002,1491.3090896565604,1522.281041764231,-30.97195210767063,1507.3455645941228,1504.5966670886303,2.7488975054925504
1-38e07c52-c1ce-41df-b260-19864e2aab54,3135.6,2925.0,210.5999999999999,1515.658230733523,1493.9216006191932,21.736630114329728,1498.924400780243,1510.8814578770698,-11.957057096826702
1-db3356be-948f-42d6-9dbe-ee00521910c8,3323.2,3344.4,-21.200000000000273,1503.5350797005724,1478.9631633756658,24.571916324906624,1506.5709426832684,1505.294512662555,1.2764300207134056
1-84e0e2fd-40be-4832-be89-9348481cb2d3,3018.8,3089.2,-70.39999999999964,1509.4000280472324,1497.0886670802217,12.311360967010614,1494.8751014000193,1502.360614234192,-7.485512834172823
1-9b9bff90-1640-4d4a-9bb2-8f9bc5e98eaf,1945.2,1879.2,66.0,1498.0333819814182,1503.1705918326156,-5.13720985119744,1499.791043116885,1500.0,-0.20895688311497906
1-a4904870-4b6f-4871-8662-6f902ac03653,2669.0,2696.2,-27.199999999999818,1491.3933784066376,1505.214832324101,-13.821453917463487,1496.8007362734108,1500.1309836855457,-3.330247412134895
1-a84107c9-d23d-4866-989e-146d028c4921,2625.0,2621.8,3.199999999999818,1496.6793940600378,1494.6584041445567,2.0209899154810955,1503.0797988877919,1498.013009722721,5.066789165070759
1-6b8e3cfd-be4c-49f7-b645-ea17c77d977f,2352.0,2564.6,-212.5999999999999,1490.687710690888,1488.2194859414499,2.46822474943815,1500.0,1498.7868457771724,1.2131542228275976
1-2e616ce2-da85-45d2-a9f8-d9baa1fa89af,2378.8,2135.8,243.0,1491.3854757491997,1500.0,-8.614524250800287,1500.0543325325855,1500.0,0.054332532585476656
1-3be55d65-ba83-42c6-b55e-63ec2e35f6be,2617.6,2625.4,-7.800000000000182,1500.083957451337,1497.7990791903112,2.284878261025824,1501.6229636128426,1501.9031401514287,-0.2801765385861472
1-38440758-8b12-4532-88af-ffd32119f305,2709.0,2748.4,-39.40000000000009,1500.8110899066423,1500.2011498926865,0.6099400139557929,1499.8973860515882,1515.8752584030615,-15.977872351473252
1-f5db04cc-1b7f-4a21-8933-f0acc74a428f,2658.2,2516.6,141.5999999999999,1497.7282049004784,1503.2816423900065,-5.553437489528051,1500.2985263594157,1498.2205224414995,2.0780039179162486
1-f9dbefdb-c392-4fe0-9612-0d954cc27d3c,2578.0,2608.8,-30.800000000000182,1494.3744067362463,1503.622691875385,-9.248285139138716,1496.6342396530372,1513.4736184333608,-16.839378780323614
1-2cb982a8-cc3a-4996-9a49-e8d9c004fdf5,2689.2,2686.2,3.0,1497.7269491409545,1509.320037980718,-11.593088839763595,1507.4503362098742,1488.962865629017,18.487470580857234
1-0d0d70ea-2ff9-4038-9e75-8bc142758bbc,2765.6,2833.0,-67.40000000000009,1481.6839571826968,1500.0,-18.31604281730324,1500.4010654591525,1500.0,0.40106545915250535
1-4276c716-f71b-46c6-9ea3-2a11b6e930c9,2818.0,2742.2,75.80000000000018,1506.7096255381978,1500.3817447135248,6.327880824673002,1500.2522021882137,1498.7559278763617,1.4962743118519484
1-29c183a2-d47e-4da2-a340-11102660ac12,2697.2,2924.8,-227.60000000000036,1510.3483791881067,1497.4822720631787,12.866107124928021,1504.3187576320513,1506.4631506941469,-2.14439306209556
1-16e46f0a-4bd1-473e-acbf-dccaf0660fea,2858.4,2825.4,33.0,1510.0286145357554,1493.4864446521283,16.54216988362714,1496.400496583716,1495.8113161193642,0.5891804643517844
1-ceb7b925-cd52-483d-aa89-4be8d7b14453,2854.2,2757.6,96.59999999999991,1504.0658461917908,1500.0,4.065846191790797,1502.8639288769664,1500.0,2.8639288769663835
1-ef84007e-b15b-47c9-ae23-ecce32d3dace,2862.8,2671.0,191.80000000000018,1487.6364692052598,1493.9841497338612,-6.347680528601359,1494.4658786351777,1508.3994308924819,-13.9335522573042
1-dd08f222-782b-4e5e-b4a8-cfe0ba8cccc0,2592.4,2663.4,-71.0,1500.0,1481.320052780804,18.679947219196038,1500.0,1499.752128768334,0.24787123166606762
1-6e032a27-6f4c-4c54-bcad-2c0992750f08,2581.2,2418.0,163.19999999999982,1477.8990681582493,1500.0,-22.100931841750707,1497.414344787391,1500.0,-2.5856552126090264
1-4e99a783-136a-4089-af31-8982850c18bc,2462.8,2629.8,-167.0,1496.8334763469759,1487.6105637456083,9.222912601367625,1500.080948344317,1506.385738098899,-6.304789754582089
1-a5172051-5f52-4ffb-a923-949f5747365d,2595.8,2431.8,164.0,1496.8488635583967,1484.087148621226,12.76171493717061,1499.4571883993474,1501.589669815066,-2.13248141571853
1-ea8cffae-bd03-4d33-b763-a25a3256cb4c,2611.8,2634.8,-23.0,1487.4207115973009,1500.6253566264609,-13.20464502916002,1507.044109311467,1502.5586191190487,4.4854901924184105
1-208063eb-e238-4dd9-94e8-abf76fb901aa,2653.0,2639.8,13.199999999999818,1506.3389855123423,1496.6199038030015,9.719081709340799,1496.772979934865,1495.7436639522675,1.0293159825973817
1-8ceb8103-8e85-4243-9310-2fec41b83525,2524.8,2554.4,-29.59999999999991,1490.3013264612937,1496.8069589018892,-6.505632440595491,1499.3903858272968,1499.9956063533805,-0.6052205260837127
1-42c7b2f1-49cf-4ea0-a013-d28da31febaa,2859.6,2714.6,145.0,1496.5882746068269,1493.4726310932488,3.1156435135781066,1495.226547812313,1499.8574043640417,-4.630856551728812
1-42f0e905-2c7c-4100-8a75-638c0cc57e14,2760.0,2805.4,-45.40000000000009,1497.3874852316058,1500.0878130526332,-2.7003278210274857,1506.0443271220383,1504.772369740988,1.2719573810502425
1-716c7706-49e4-4dbd-9209-a796534b7523,2977.8,2707.0,270.8000000000002,1499.8540822002756,1506.3507062454332,-6.49662404515766,1501.5411542338625,1498.2558173559628,3.285336877899681
1-2f619fc0-af35-4ac9-8bf1-fae3e1e3518d,2724.4,2724.4,0.0,1499.9624789416494,1496.6024199567796,3.360058984869738,1496.4497501478813,1496.4198426831354,0.02990746474597472
1-c326caf5-8aad-4fd9-9733-d91a101d4c45,2817.2,2811.0,6.199999999999818,1500.0,1509.4470871994995,-9.447087199499492,1500.0,1499.810012997423,0.18998700257702694
1-b2ba53d7-4382-40b8-bef6-d056271cb888,2164.8,2023.4,141.4000000000001,1503.1930410981108,1500.0,3.1930410981108253,1499.2400519896917,1500.0,-0.7599480103083351
1-55d8612f-0447-4f90-a49c-a657c5e41276,2734.2,2647.4,86.79999999999973,1499.9956063533805,1499.2400519896917,0.755554363688816,1496.9207551214295,1502.8852994422348,-5.964544320805317
1-322caeee-042a-478a-8990-d561e3704771,2644.4,2695.0,-50.59999999999991,1471.563474935723,1486.810600155222,-15.247125219498912,1496.6639209400557,1498.2614372399066,-1.597516299850895
1-0d450fbb-a919-47d8-bbff-c0c18d4375fd,2841.6,2853.2,-11.599999999999909,1490.139878334971,1528.7121946099373,-38.5723162749664,1497.3258458944324,1500.7482245542856,-3.422378659853166
1-a0d3994c-3a48-4073-9420-a431752c7eaa,2635.0,2677.2,-42.19999999999982,1493.191527825779,1505.9602021762375,-12.768674350458468,1494.9313090134056,1504.9074201149865,-9.976111101580955
1-cbcf7cb3-f8fa-4b49-b501-1989a5cd766f,2683.8,2767.8,-84.0,1505.0600993107048,1509.1121590566813,-4.052059745976521,1495.8538738756047,1497.5089318547016,-1.6550579790969095
1-58bacc40-5469-4b2b-9ef3-0487d80a0027,2876.2,2808.2,68.0,1493.469562810439,1506.2434233697215,-12.773860559282639,1505.918277033797,1504.551621561442,1.366655472354978
1-f673dbc6-603f-49fb-a11d-54c037d3a717,2765.6,2757.4,8.199999999999818,1497.3917858350583,1478.4132644989386,18.978521336119684,1511.7401925588517,1502.963068757952,8.777123800899744
1-f4e7a4aa-902c-4961-8e3e-b5bf0d407d8a,2681.2,2628.2,53.0,1479.9964322283051,1509.3253534587325,-29.32892123042734,1498.552590112869,1499.4838560850908,-0.9312659722218086
1-e841e82a-766e-4623-b175-bf0a677a223f,2663.4,2549.8,113.59999999999991,1495.8624773401536,1497.6077922364198,-1.745314896266109,1501.9789191519055,1505.5946223756107,-3.615703223705168
1-9dfcdd61-34e7-424f-8936-c82e9396909a,2672.0,2771.8,-99.80000000000018,1503.3448191649952,1492.634080335156,10.710738829839102,1502.0561949159273,1494.0416863678995,8.014508548027834
1-16a4f966-b29a-4a68-8f74-d61a1fcbb3ad,2883.4,2774.4,109.0,1487.8422203891048,1519.0258243914122,-31.183604002307447,1502.0769668684259,1509.758490764599,-7.681523896173076
1-9263b935-1dc4-4079-8d80-eb823f434f0b,2934.6,2856.2,78.40000000000009,1510.0472829350451,1489.6090699139738,20.438213021071306,1498.27588741726,1506.619536700852,-8.343649283591958
1-f27f52d9-7799-4217-9533-089b4e665237,2723.0,2866.8,-143.80000000000018,1496.024471206686,1497.332870840522,-1.3083996338359611,1519.1002098528252,1502.0932742933164,17.006935559508747
1-145c1de8-126c-4735-b2c4-89e8b2416666,2758.2,2750.8,7.399999999999636,1514.2292575327206,1484.8563435043914,29.372914028329205,1498.6301941343547,1510.0345463925496,-11.404352258194876
1-fe634ee2-3df4-40bd-bc88-32ef14687af3,2667.0,2678.8,-11.800000000000182,1503.1675149810128,1499.4086377110812,3.758877269931645,1496.9234337103376,1506.0406225034915,-9.1171887931539
1-a3d6f194-592c-4a77-87eb-4cde4deaa12c,2721.8,2867.6,-145.79999999999973,1507.5930133652614,1486.198205156155,21.394808209106486,1484.6729066661392,1502.741113254679,-18.06820658853985
1-121fb825-9c10-4182-8bdf-80cad0bd5671,2755.6,2733.0,22.59999999999991,1487.4691559691985,1502.2094500623523,-14.740294093153807,1504.4378536416555,1501.7656663838316,2.672187257823907
1-18ff9dde-29d8-4add-b151-dd6d1200ec39,2807.0,2827.8,-20.800000000000182,1493.8201877612994,1506.2351105318244,-12.414922770524981,1497.2287639182282,1499.1768916352282,-1.948127717000034
1-e024b8ec-0e91-4ae3-a856-d8d7684d25e6,2840.4,2820.0,20.40000000000009,1500.6149836078757,1502.7396265958978,-2.1246429880220603,1533.8708623178627,1499.9335273997985,33.93733491806415
1-33e7a1c5-04d4-422c-8311-e8f8f8002a60,2858.2,2801.0,57.19999999999982,1521.6096651473788,1511.2849187714241,10.324746375954646,1500.3395442051483,1498.1790222519112,2.160521953237094
1-b95ffca9-fa2f-411a-a045-c903644d761e,2920.8,2922.8,-2.0,1504.8816170741165,1506.241744567224,-1.360127493107484,1494.9218398551113,1483.826846295922,11.094993559189334
1-c83f1c07-5507-416b-8057-d730dc1c9ac0,2729.8,2852.0,-122.19999999999982,1493.1290891027447,1514.3437891369663,-21.21470003422155,1490.881308708643,1498.2926621092352,-7.411353400592134
1-a9b94b19-618c-4e86-94f7-1b18e3786b45,2849.4,2811.0,38.40000000000009,1488.6621442306794,1515.3927599933804,-26.730615762701063,1501.251031908316,1503.138124640533,-1.88709273221707
1-c1873994-15a1-4f58-83ef-5272adf214e9,2897.6,2960.4,-62.80000000000018,1513.0033770326813,1492.8674961754132,20.13588085726815,1503.538700202116,1498.5954336360323,4.943266566083594
1-08527f63-6657-4cd3-8d78-4dd58aa21912,2938.6,2849.8,88.79999999999973,1512.500721761624,1499.3839714455914,13.116750316032494,1503.9181375668852,1498.185900554494,5.732237012391124
1-f8ca2ee1-1998-4ad7-930a-c692f3a4e525,2829.2,2845.0,-15.800000000000182,1496.4649471953496,1512.1442732090031,-15.679326013653508,1495.890257334693,1500.4055472111518,-4.515289876458837
1-cb990333-fd3d-4474-b753-1fcbdb251bb4,2856.6,2630.6,226.0,1493.2629182338117,1515.8719895947183,-22.609071360906682,1481.6839571826968,1498.2122994962806,-16.528342313583835
1-cf323111-2090-414e-bdd5-b1119bc0cac7,2699.6,2774.6,-75.0,1500.127278556583,1500.3803105100753,-0.25303195349238194,1512.0807778061203,1504.4722799402477,7.60849786587255
1-0e504ebc-5cee-4e03-b23a-04e4177fec7b,2848.4,3013.8,-165.4000000000001,1496.7384683473206,1519.4549925105698,-22.716524163249233,1500.8208730879946,1502.334890234933,-1.5140171469383858
1-94d1f2c4-20ad-453d-a9a8-e1717047333f,2928.0,2976.2,-48.19999999999982,1516.2062184144552,1503.2007891841713,13.00542923028388,1502.103938802827,1493.742116814339,8.361821988488146
1-e39c1f2c-f2ea-4a12-9ab1-62452d671cec,2749.0,2701.0,48.0,1503.0810293287896,1496.720994381693,6.360034947096665,1499.071085320936,1502.4944461812654,-3.423360860329467
1-f53b8a44-4aba-4821-aa0f-0dc76f4f493a,2905.8,2833.6,72.20000000000027,1498.8992297416578,1494.303003082555,4.59622665910274,1495.1346859293842,1502.5533233220908,-7.418637392706614
1-aed414a7-8328-4b13-84f9-22f6ac55fbfd,2884.4,2880.6,3.800000000000182,1521.928850466889,1496.2837513046725,25.64509916221641,1494.981422159572,1501.094121418914,-6.11269925934198
1-c758899a-0f53-432e-aa77-e75a00461f7c,2784.2,2706.4,77.79999999999973,1487.919303478493,1499.7450317463106,-11.825728267817567,1500.5541276332183,1500.9664975843993,-0.4123699511810628
1-38426b32-d897-4ef9-aeb0-145a26ca84b8,3003.4,3028.8,-25.40000000000009,1522.0614812912158,1499.6454657878414,22.41601550337441,1503.1074646461766,1505.6797339490793,-2.5722693029026686
1-920f25a1-4737-411e-ba44-d307e63951bd,3054.8,3066.0,-11.199999999999818,1482.3183214370358,1509.849060340286,-27.530738903250267,1517.0224809694485,1505.8678224849511,11.154658484497304
1-af264f99-64cc-400e-b1dd-15aa8abd37b3,3198.8,3119.2,79.60000000000036,1499.8713563843007,1517.3501168372923,-17.478760452991537,1500.4273776010843,1502.2286248133314,-1.8012472122470626
1-34548249-57cc-4dfe-94d4-dcf489d53a20,2126.2,2189.8,-63.600000000000364,1503.2948016849728,1500.1043270579016,3.1904746270711257,1503.1697560124437,1500.7277518116548,2.442004200788915
1-87457310-b771-4e08-a9e4-3bbabd86789a,2242.6,2200.6,42.0,1493.6041747254908,1490.6458907378726,2.958283987618188,1498.5496929991577,1508.9010294203265,-10.351336421168753
1-77efd2d2-891b-481e-97a2-fb5b54fbe87d,2164.2,2067.6,96.59999999999991,1500.0,1500.0042530699343,-0.004253069934293308,1500.0,1498.491680719124,1.5083192808760941
1-331d962d-95e2-41e5-b470-8ad8d8ec857f,2199.8,2234.8,-35.0,1506.5244232624843,1500.0,6.5244232624843335,1496.8576681648417,1500.0,-3.142331835158302
1-46ca2818-262f-43e2-bada-7fbb4efcde29,2780.2,2862.8,-82.60000000000036,1476.9108394450009,1490.9250783599484,-14.014238914947555,1500.8446147846912,1501.058130675096,-0.21351589040477847
1-bc4d586c-e16a-4518-8cd2-e0b748385362,2783.8,2859.0,-75.19999999999982,1509.9600513202686,1504.2979688359046,5.662082484363964,1505.0128703098924,1506.9548149686404,-1.9419446587480707
1-62c8c5e0-f7bd-4d16-af2c-fecfa31e4e1c,2587.4,2719.8,-132.4000000000001,1491.0096410072294,1507.4266127999706,-16.41697179274115,1502.980369084347,1502.7058895301238,0.2744795542232623
1-05d5be02-b3dc-48ea-8cee-cdde9b36002d,2755.2,2773.4,-18.200000000000273,1493.9679899543269,1507.3456621052476,-13.377672150920716,1495.9576550520085,1504.6064693576673,-8.648814305658789
1-a25b9ca9-bc3a-4d0a-a39c-6133376d50ae,2636.2,2837.6,-201.4000000000001,1497.1178714823707,1500.0,-2.882128517629326,1495.5891090402556,1500.0,-4.410890959744393
1-e60ad912-f3af-4867-aac6-4054c419720b,2764.8,2670.4,94.40000000000009,1487.6672811501874,1497.0507737719622,-9.383492621774849,1499.352560819479,1510.8894740486767,-11.53691322919758
1-00cfccf9-f219-4a11-846e-b25d74dc3526,2742.8,2597.8,145.0,1483.205554366461,1496.6764849734082,-13.47093060694715,1502.434944283186,1495.2745213962667,7.160422886919378
1-049ea6d1-225d-43ee-b48f-a2b248b2d4f1,2821.0,2666.2,154.80000000000018,1493.1849970938074,1496.8521147645765,-3.66711767076913,1487.7704772523823,1498.5140817759916,-10.743604523609292
1-f2e2f211-8b54-4837-af7d-04cea1ff67de,2842.2,2939.8,-97.60000000000036,1503.3122048001228,1513.7533510004164,-10.441146200293588,1518.5327711723244,1505.0240553279723,13.508715844352082
1-8df6c6af-4481-4dff-94b3-a7e641088155,2696.2,2760.4,-64.20000000000027,1499.9080780889803,1490.6159639661157,9.292114122864632,1498.3579212257491,1496.436888334442,1.9210328913070498
1-9e87e26d-3a76-4abd-9dd4-59e9e35b80d5,2812.6,2868.4,-55.80000000000018,1490.6517521472972,1503.2418185777435,-12.590066430446313,1498.9425220713983,1501.3029850923915,-2.3604630209931656
1-020058bf-c12c-4a89-aeb0-8df397130ef3,2870.2,2827.0,43.19999999999982,1485.3960427471297,1481.598370275844,3.7976724712857504,1503.6948350877196,1505.237010654182,-1.542175566462447
1-3bc2dec1-7bde-44f4-9cf6-05a50fdd5c35,2869.2,2836.6,32.59999999999991,1499.6245218997774,1490.5654131653564,9.059108734420988,1494.9334162102455,1500.779810195302,-5.846393985056466
1-dad108fa-c281-4a70-98b6-51c5d6e8dcc6,2855.2,2831.2,24.0,1490.1598468291852,1515.9496845408353,-25.78983771165008,1495.2487463451473,1500.1452458055867,-4.896499460439372
1-5db74d54-130f-4809-a5ec-7c3cf470a821,2654.6,2588.6,66.0,1496.7636216289136,1506.292997999457,-9.529376370543332,1491.908298814116,1503.472726186873,-11.564427372756882
1-519be6e2-37c6-47ac-9d88-810c6abae275,2699.4,2700.0,-0.599999999999909,1480.5567216101047,1494.298802937115,-13.742081327010283,1496.99987034878,1502.0215495484872,-5.0216791997072505
1-042b025c-7317-405c-b385-d436ebcb31a8,2747.6,2815.6,-68.0,1506.2299142661795,1478.2471129044884,27.982801361691145,1495.1880983161923,1502.6240263147454,-7.4359279985530975
1-4472ce71-176c-4f4b-93be-649c5dc7e239,2760.2,2827.4,-67.20000000000027,1499.98944559058,1493.546152082016,6.443293508564011,1500.8520038381578,1498.014055756028,2.837948082129742
1-04823454-2b74-447b-9873-414782a6bd01,2888.6,2817.2,71.40000000000009,1496.3967110590693,1503.1668364774764,-6.770125418407133,1499.1508095121208,1507.4209228917837,-8.270113379662916
1-f741f159-d7f2-4205-b889-1ee82772a31a,2116.2,2050.4,65.79999999999973,1500.0,1494.3196121568185,5.6803878431815065,1500.0,1499.76133192437,0.2386680756299029
1-bba02863-1b1b-4c4a-b009-be07e5f44722,2169.0,2063.6,105.40000000000009,1494.2091508389717,1496.831818471566,-2.622667632594357,1500.0231038228826,1500.0,0.02310382288260371
1-a0c96f54-4c29-4e4e-bc7f-eea1e61b38bb,2128.0,2010.0,118.0,1500.7020894800232,1500.0,0.7020894800232327,1500.016072224614,1500.0,0.01607222461393576
1-f23ec22e-067e-42cc-b26c-668f337a2b34,2065.2,2246.0,-180.80000000000018,1500.0,1490.8493048777677,9.150695122232264,1500.0,1500.016802780278,-0.01680278027811255
1-717162b1-e5a5-4c68-a18a-fd8e3e3e4849,2123.0,2239.2,-116.19999999999982,1500.4620724025522,1500.0,0.46207240255216675,1500.0264043690086,1500.0,0.026404369008560025
1-a882aa10-0e35-49b4-849f-f6a723bb1516,2057.8,2083.2,-25.399999999999636,1500.0,1521.664524142146,-21.664524142146092,1500.0,1495.2473774760285,4.752622523971468
1-c9d04d6e-fc9e-482a-88a2-31a8bde444f8,1996.6,2083.2,-86.59999999999991,1500.0,1505.9379502343606,-5.937950234360642,1500.0,1488.677283567622,11.322716432378002
1-290b4d3f-9487-4009-9040-8b8e4138737e,1885.8,1850.4,35.399999999999864,1500.0,1484.716001134891,15.28399886510897,1500.0,1500.0308050971767,-0.030805097176653362
1-d290168e-4fe5-4245-95ba-b8a288b23757,1970.4,1996.8,-26.399999999999864,1484.776412984988,1500.0,-15.223587015012072,1500.0326171617162,1500.0,0.032617161716189
1-016146f1-088b-450f-ba5a-b2506d953c44,2162.0,2182.8,-20.800000000000182,1500.0,1491.8769576546208,8.12304234537919,1500.0,1500.0138622937295,-0.01386229372951675
1-88fb5787-e38e-423d-9c7e-10c987adc6b3,2091.2,2182.8,-91.60000000000036,1500.0,1474.714572151646,25.285427848353947,1500.0,1500.018483058306,-0.018483058305946543
1-79117499-c4c3-4976-8bc1-a9204c3e8a6e,2088.8,2039.8,49.00000000000023,1487.0372274330853,1500.0,-12.962772566914737,1500.0264043690083,1500.0,0.02640436900833265
1-c96a5959-f237-4c89-87a2-cd5b0dc4d83a,2300.0,2418.6,-118.59999999999991,1500.0,1502.858144171347,-2.8581441713470213,1500.0,1490.549699913846,9.450300086153902
1-6e16d618-8ff4-43f2-84ae-2f8258281e29,2530.8,2603.8,-73.0,1493.7874361938775,1503.085102275423,-9.297666081545458,1510.1782237862494,1489.6169598525487,20.56126393370073
1-6ad0ce3e-2dc5-4df7-8720-cdf52012d739,2307.2,2167.8,139.39999999999964,1489.7015517201487,1500.0,-10.2984482798513,1500.1663988023745,1500.0,0.1663988023744878
1-38384962-be7b-4122-8464-55e33b9f1655,1982.0,2087.0,-105.0,1500.0,1505.7235406857726,-5.723540685772605,1500.0,1500.1464309460894,-0.14643094608936735
1-e1e73144-79da-44ea-a9ff-24af5604300f,2194.0,2087.0,107.0,1500.0,1522.770669940562,-22.770669940561902,1500.0,1500.1627010512107,-0.1627010512106608
1-6f72f3ab-88a9-4756-8064-c3a6d644b0e8,2123.8,2087.0,36.80000000000018,1500.0,1507.0974752984741,-7.097475298474137,1500.0,1500.1830386826118,-0.18303868261182288
1-a22e2cbe-8cb5-4c44-8d4f-078912612284,1976.4,2087.0,-110.59999999999991,1500.0,1490.6678156509483,9.332184349051659,1500.0,1501.0459353292113,-1.045935329211261
1-c7312aeb-4f4b-411b-9ee8-570b5c26faac,2492.0,2414.6,77.40000000000009,1500.7082464782277,1500.0,0.7082464782276929,1500.30506447102,1500.0,0.30506447101993217
1-13e2056c-ef21-482d-a0e4-4082a6e4b3d7,2460.2,2428.6,31.59999999999991,1484.285651762863,1500.0,-15.714348237137074,1502.9286189217917,1500.0,2.928618921791667
1-bbef4e0c-dd45-4d26-9a6f-ee61267f5b7b,2258.2,2284.8,-26.600000000000364,1507.3215473044788,1490.3761966323848,16.945350672094037,1550.3779826687392,1500.0,50.37798266873915
1-d5946058-d61d-4740-9840-0068a5436d8f,2030.4,1917.6,112.80000000000018,1500.0,1493.5164882127044,6.483511787295583,1500.0,1500.0,0.0
1-d09a6c62-77a6-4441-b4fe-0b768de09c14,2034.4,2174.0,-139.5999999999999,1500.0,1499.7348096824303,0.26519031756970435,1500.0,1500.0,0.0
1-88fc2731-9fe2-4587-b167-d66135afbcb0,2144.8,2159.2,-14.399999999999636,1500.0,1509.6,-9.599999999999909,1500.0,1500.0,0.0
1-aa7a437e-3cd2-4204-8db1-bd157707c230,2082.4,2113.2,-30.799999999999727,1500.0,1500.0,0.0,1500.0,1500.0,0.0
1-734c5a0e-0b7f-4838-bfba-f4b876836cdc,2199.8,2234.4,-34.59999999999991,1491.3300641749083,1488.203863849327,3.1262003255812942,1500.3868987919643,1527.3043562284522,-26.917457436487894
1-cf692e19-1a50-4821-a239-02fbe9c5c65d,2272.8,2199.8,73.0,1500.0,1474.1414268307922,25.85857316920783,1500.0,1500.6795678008032,-0.67956780080317
1-c660a588-a75b-41c5-92fe-947df206355e,2266.6,2262.2,4.400000000000091,1496.7705277441858,1483.3713780863905,13.399149657795306,1496.8,1501.5322595627815,-4.7322595627815645
1-39daefad-4062-41d5-a1ea-a07b80cc5d45,2357.0,2199.6,157.4000000000001,1503.1966966026916,1499.641338066978,3.5553585357135944,1499.641338066978,1500.9531724377193,-1.3118343707412805
1-687984a2-13cd-4ba0-a3e6-7177f9cda67a,2128.4,2155.0,-26.59999999999991,1499.641338066978,1500.0,-0.35866193302194915,1502.4065697339895,1500.0,2.4065697339894996
1-150ff492-7277-417e-a112-baee0f175305,2527.2,2655.4,-128.20000000000027,1507.8476166893333,1509.5067497496088,-1.6591330602755079,1503.6992633569166,1500.0,3.6992633569166173
1-a3b71103-2e68-426a-98b6-f999c946ce12,2604.6,2527.2,77.40000000000009,1506.4844967434283,1524.685015699697,-18.200518956268752,1507.9174942299185,1500.816530542438,7.100963687480544
1-d8b822ed-6e92-47ca-b565-c5ffe33ed510,2664.6,2629.2,35.40000000000009,1502.2212339872228,1516.3778473243947,-14.156613337171848,1503.1568382136454,1509.276048811314,-6.119210597668598
1-41cdb784-f027-42ca-aa88-2aaa384abcde,2653.2,2737.8,-84.60000000000036,1506.1664189522628,1515.834988459837,-9.668569507574148,1497.3924642331713,1507.0590744939702,-9.666610260798961
1-a590763d-6724-4ce3-9580-31e323459c9e,2295.8,2541.4,-245.5999999999999,1496.7124439230513,1489.4599125752252,7.252531347826107,1500.0,1500.2903499676431,-0.2903499676431238
1-aefe5588-c204-46b5-b795-a08f580078e5,2403.6,2253.4,150.19999999999982,1503.2571590510863,1502.5601948374126,0.6969642136737093,1500.0311371543994,1500.0,0.03113715439940279
1-298ebb7c-74b9-43d5-b048-677a50682753,2381.2,2474.2,-93.0,1512.5055878524681,1500.0,12.505587852468125,1500.0,1500.0,0.0
1-c02c1bed-d696-4395-a103-9656dd217ee2,2465.4,2422.4,43.0,1500.0,1502.923396230909,-2.9233962309090202,1500.0,1500.0,0.0
1-56475350-27d7-48fb-933a-9be786b776aa,2149.0,2304.2,-155.19999999999982,1509.50865359352,1500.0,9.508653593519966,1500.0,1500.0,0.0
1-508d2b4e-2c1c-48c8-a083-16ca30fde7d7,2528.4,2487.2,41.20000000000027,1506.3672919550204,1500.0,6.3672919550203915,1500.0,1500.0,0.0
1-29a11012-005c-494a-ab8c-b40bd8a8f52f,2179.0,2375.2,-196.19999999999982,1500.0,1503.1364816882112,-3.1364816882112336,1500.0,1500.0,0.0
1-cc9192d0-e8ad-4337-ac36-005f4581fe2c,2247.6,2133.8,113.79999999999973,1500.0,1503.2258899246513,-3.2258899246512556,1500.0,1500.813969195052,-0.8139691950520955
1-ea2aacef-ce62-4c53-809b-fc1ee2222fbc,2127.6,2112.2,15.400000000000091,1503.2558767802084,1500.0,3.255876780208382,1500.0,1500.0,0.0
1-8bb77aac-e21f-41c6-838b-5755c34acf8e,2348.4,2352.2,-3.799999999999727,1500.0,1500.0563962084796,-0.056396208479554844,1500.0,1500.0,0.0
1-a6b3d1b4-a121-41c1-8a51-cacff97543b9,2475.6,2617.4,-141.80000000000018,1500.0,1493.8762253992631,6.123774600736851,1500.0,1500.0,0.0
1-692d6e76-4f7f-41f1-86bb-a7d519da351b,2181.8,2351.4,-169.5999999999999,1500.0,1500.0,0.0,1500.0,1500.0,0.0
1-e3030c2e-3f82-4b51-b869-793db0fe363b,2228.4,2286.4,-58.0,1487.1277547772468,1499.7049546482872,-12.57719987104042,1500.2835443991535,1495.1705100089239,5.113034390229586
1-e7765d97-2b9b-49f6-a2ce-ddbf4d002d91,2254.2,2252.8,1.3999999999996362,1500.0,1496.6347730274367,3.3652269725632777,1500.0,1500.3087405422502,-0.3087405422502343
1-a7c296a5-3ab9-4a80-a630-044883c25267,2267.0,2272.8,-5.800000000000182,1506.411920836524,1500.0,6.411920836523905,1500.3388980671934,1500.0,0.3388980671934405
1-068ed84e-8f68-4e00-a983-18388ab09e6b,2371.0,2313.8,57.19999999999982,1506.633665924266,1496.9174869061087,9.71617901815739,1504.4105416044995,1496.8488635583967,7.56167804610277
1-7f1e7df2-2308-4631-8dd9-ace1528fa6b0,2397.8,2408.8,-11.0,1500.0,1503.089970086363,-3.0899700863631097,1500.0,1500.4682672662711,-0.4682672662711411
1-43d98869-5e64-45df-a5ea-f7331f5980c5,2027.6,2050.6,-23.0,1503.6352896784917,1500.0,3.635289678491745,1500.8988811171926,1500.0,0.898881117192559
1-b3d410d1-2133-4cd1-8062-a11d60bed0be,2201.2,2056.4,144.79999999999973,1503.1126425163086,1490.3658926451549,12.746749871153725,1500.0,1500.261483832303,-0.26148383230292893
1-d610c43c-5729-44f0-a5c0-429e3b55a87c,2087.2,2081.6,5.599999999999909,1500.0,1503.286986074533,-3.2869860745329333,1500.0,1500.4067526280267,-0.406752628026652
1-4c560deb-411f-4c44-929a-2fc9159410cf,2477.0,2339.4,137.5999999999999,1500.0,1513.2530025604135,-13.253002560413506,1500.0,1500.4881031536318,-0.48810315363175505
1-0298ca90-0c67-4512-b06e-be6511139b60,2160.6,2270.8,-110.20000000000027,1500.0,1503.7568028128594,-3.756802812859405,1500.0,1500.6101289420396,-0.610128942039637
1-fa57020f-15bf-4ce7-9acd-f9e028a52363,2308.6,2246.0,62.59999999999991,1493.9907784400689,1500.0,-6.00922155993112,1500.813505256053,1500.0,0.8135052560530767
1-64baff1d-62cc-4b52-b369-7b3322811755,2434.4,2319.8,114.59999999999991,1500.0,1497.0214482772037,2.9785517227962828,1500.0,1501.8303868261196,-1.830386826119593
1-f2165141-1de2-41d8-a83b-f1d3abf79a48,2019.6,1959.0,60.59999999999991,1500.0,1496.8,3.2000000000000455,1500.0,1498.4,1.599999999999909
1-4902b7d7-78de-4675-a3eb-c36205767209,1904.8,1858.0,46.799999999999955,1496.8,1500.0,-3.2000000000000455,1500.0,1500.0,0.0
1-f2607c05-e040-40e6-b736-259daa85b555,1872.8,2046.8,-174.0,1500.0,1500.0,0.0,1500.0,1500.0,0.0
1-c3253792-d72b-43d8-81b4-46c60ba6ebf3,2648.6,2731.8,-83.20000000000027,1528.293264899015,1500.0,28.293264899014957,1501.9189510781325,1500.0,1.9189510781325225
1-b302282c-bacb-4c7f-b131-0eb84ab82d4b,2557.8,2725.8,-168.0,1546.0166185861383,1500.0,46.01661858613829,1502.0219388848232,1500.0,2.0219388848231574
1-15cd18ed-69be-456b-9b9d-ffdb2b3efaa5,2640.0,2677.2,-37.19999999999982,1537.4322171063293,1500.0,37.43221710632929,1502.6725035768807,1500.0,2.672503576880672
1-e7c76d72-956b-4125-89c7-313c54ebccaf,2681.8,2827.6,-145.79999999999973,1525.7296197790424,1503.2,22.529619779042378,1502.357928261416,1500.0,2.357928261415964
1-f9d47fb4-60b8-4e88-8062-0653b166fcc3,2651.6,2648.6,3.0,1500.0,1538.0297888864652,-38.02978888646521,1500.0,1501.790476190476,-1.7904761904760562
1-ca4fbe7b-208c-47c7-aa0b-fa2985f1f9c1,2640.0,2574.6,65.40000000000009,1526.4240429899633,1500.0,26.424042989963255,1502.727619047619,1500.0,2.7276190476191005
1-c2bdeeb8-900d-47e5-8b13-aba36d796755,2648.6,2569.8,78.79999999999973,1510.6937226147459,1500.0,10.693722614745866,1503.1333333333334,1500.0,3.1333333333334394
1-9eaae984-4026-48be-a33e-3069a955239c,2876.8,2861.0,15.800000000000182,1500.0,1503.915710549503,-3.9157105495030464,1500.0,1503.6,-3.599999999999909
1-5a6e496e-c1a3-4494-8112-dfc5322b2c39,2599.2,2552.6,46.59999999999991,1494.7968450230014,1500.0,-5.203154976998576,1505.6666666666665,1500.0,5.666666666666515
1-70ea6fff-2ff4-4c91-8f66-a28413a713f3,2647.4,2461.0,186.4000000000001,1501.1756012231804,1500.0,1.1756012231803652,1508.0,1500.0,8.0
1-bbfcd355-3e6f-40d3-be80-865925ebe73c,2640.0,2426.6,213.4000000000001,1484.0,1516.0,-32.0,1500.0,1500.0,0.0
1-94eb1ec5-3a72-47f1-9ae2-614bfd30715a,2640.0,2426.6,213.4000000000001,1500.0,1500.0,0.0,1500.0,1500.0,0.0
1-39deb4f8-c984-426a-ba81-8490c12b2ec9,2726.4,2867.6,-141.19999999999982,1512.7565484548684,1525.173451434608,-12.416902979739689,1500.8079252030611,1503.7767536570777,-2.9688284540166023
1-8372efde-aecf-4146-b50d-3de81fb6ae0d,2920.8,3069.2,-148.39999999999964,1493.3384965023054,1513.6220687312857,-20.283572228980347,1496.1710418450411,1510.0851483723882,-13.91410652734703
1-30b992af-7a5c-4291-b097-4a8f482f24ae,2948.0,2803.2,144.80000000000018,1516.146751067187,1525.6243970302473,-9.47764596306024,1500.2337596143302,1500.1172284306015,0.11653118372873905
1-0c27ff97-9ea1-49e5-aa51-f3445c82771e,2900.8,2864.2,36.600000000000364,1503.628556798907,1506.4400844514644,-2.811527652557288,1501.5705954883244,1502.8496501862085,-1.2790546978840212
1-6ffddaaf-8e4c-42f9-936e-b9ec57260b07,2619.4,2627.0,-7.599999999999909,1500.0,1526.1168905826148,-26.116890582614815,1500.0,1501.331106056717,-1.3311060567170898
1-a8fe1ce5-9887-41bc-b163-c7512967c03b,2539.0,2627.0,-88.0,1492.3565563799116,1510.9734087275167,-18.616852347605118,1499.5297217336802,1501.9074025493574,-2.377680815677195
1-c3501115-74ef-4eef-8408-705444900d0c,2627.0,2622.0,5.0,1528.103459110358,1503.5238017988377,24.57965731152035,1501.8013768655615,1511.7263873050324,-9.925010439470952
1-3d869574-3592-43e1-b968-0097ffbca66a,2542.0,2431.2,110.80000000000018,1500.8168007118245,1500.0,0.8168007118244986,1501.4381425754275,1500.0,1.4381425754274915
1-fc58b360-388c-476a-81fa-21c3da8e75c2,2546.0,2703.8,-157.80000000000018,1510.7127100605599,1500.0,10.712710060559857,1501.5574726617067,1500.0,1.5574726617066972
1-ec8d9d3c-1c31-490c-8df1-27532656d058,2365.4,2342.8,22.59999999999991,1529.741805871793,1500.0,29.741805871793076,1501.9929599952145,1500.0,1.9929599952145054
1-0964a192-b1bd-4ae1-8920-d97542a4c469,3019.6,2895.4,124.19999999999982,1521.7632667256391,1506.2527226877598,15.5105440378793,1502.412977629639,1500.296714104022,2.1162635256171143
1-bbfff644-09a4-4dc4-a439-e4229d3cf048,2867.6,2945.8,-78.20000000000027,1539.6427831029828,1515.263693206478,24.379089896504865,1501.1200000000001,1484.0,17.12000000000012
1-bcd98922-1a43-423d-8287-4914a94c230c,2867.6,2644.0,223.5999999999999,1524.782109880682,1500.0,24.7821098806819,1501.5873015873017,1500.0,1.5873015873016811
1-5ad405d8-1174-4dc2-a8df-1359411fb269,2768.4,2895.0,-126.59999999999991,1500.0,1494.1661453194204,5.833854680579634,1500.0,1505.3333333333333,-5.3333333333332575
1-b7386804-a8d2-49bc-acd0-a357282de3e7,2282.6,2195.6,87.0,1501.4479267077156,1503.2485157574943,-1.8005890497786368,1501.0666666666666,1505.2679350973053,-4.20126843063872
1-5409e3fd-6e47-46d3-a452-58dfd69b0bcf,2267.6,2333.4,-65.80000000000018,1500.0,1504.7982771119084,-4.798277111908419,1500.0,1501.3333333333333,-1.3333333333332575
1-4699ccee-e003-4b2f-b89c-460df00dde7e,2504.0,2640.8,-136.80000000000018,1516.5240051871363,1500.0,16.524005187136254,1502.3999999999999,1500.0,2.3999999999998636
1-7d710a7b-c14a-4308-a41f-a46ecae99c9e,2365.2,2514.2,-149.0,1507.1207307035154,1500.0,7.120730703515392,1503.111111111111,1500.0,3.111111111111086
1-ca221281-a491-42dd-8791-9e8e699c26d4,2731.2,2804.4,-73.20000000000027,1515.6694273809421,1488.4889377074164,27.1804896735257,1504.9898894036555,1511.7596246406385,-6.769735236983024
1-8e59998c-59e3-47b5-bff6-1d5d8fc2f258,2378.6,2326.2,52.40000000000009,1481.7599472975623,1503.1625373525553,-21.40259005499297,1500.3293765014662,1499.5449651047163,0.7844113967498743
1-29394a47-8377-44c0-b86b-3cad7feccd2e,2756.8,2718.6,38.20000000000027,1506.1868172309887,1500.5272463944782,5.659570836510511,1496.2440996636221,1496.6725697616214,-0.4284700979992522
1-c8764403-10a9-45dc-9675-ab6ba78574e4,2430.2,2479.8,-49.600000000000364,1492.332712973765,1489.1706975086097,3.162015465155264,1498.1909831014855,1504.0863880534207,-5.895404951935234
1-888f9a41-ca52-49a1-9824-2176281e4cb3,2354.8,2402.6,-47.79999999999973,1496.5463739355837,1482.0226145722986,14.52375936328508,1475.4928110781384,1492.2988053121314,-16.805994233993033
1-7bd6f7f1-4082-4edc-a7ef-a953b7bcbba3,2432.0,2291.2,140.80000000000018,1475.4928110781384,1503.0877907943109,-27.594979716172475,1501.2993530286597,1487.8120432900628,13.487309738596878
1-f42f89f2-9372-4822-89bb-e60d5e64e9e5,2620.4,2454.8,165.5999999999999,1464.9453221632325,1493.9522221136147,-29.00689995038215,1502.198396925559,1509.1474878957738,-6.949090970214684
1-2868a45b-7932-485c-a391-9daad9c95f12,2339.8,2474.8,-135.0,1474.3581491910743,1503.3812222917638,-29.023073100689544,1500.545680490425,1525.6759712088078,-25.130290718382867
1-1a9a660c-3c5d-4236-ba14-f846909f643d,2525.2,2457.6,67.59999999999991,1503.5030460367238,1456.1441891642496,47.358856872474234,1498.4187703489013,1504.2098234315301,-5.791053082628878
1-2a5c65e7-cf76-4fdf-91d1-f6d5d0b1dbc6,2272.8,2362.2,-89.39999999999964,1500.0,1473.3889867508592,26.611013249140797,1500.0,1500.287828325737,-0.2878283257371095
1-c600414e-8c13-4fe8-b040-8cd29d21ccd9,2402.8,2427.4,-24.59999999999991,1500.0,1479.6004870888169,20.399512911183137,1500.0,1500.5043489411148,-0.504348941114813
1-31a2a3f3-32c3-4ba9-b838-ccb05e6c50b3,2631.2,2681.8,-50.600000000000364,1500.0,1491.521118612321,8.478881387678939,1500.0,1502.0720888755916,-2.0720888755915894
1-17c75424-148f-45b1-a0c3-558e54675f1b,2609.2,2559.2,50.0,1484.9663218568446,1498.3979694692352,-13.431647612390634,1498.001392731588,1503.6691186237304,-5.6677258921422435
1-c8f1eb0e-b2ec-45c5-8693-ad7e2c68b7ec,2550.2,2497.0,53.19999999999982,1503.1602133283563,1489.1054235960205,14.054789732335848,1499.5618717221057,1501.0233368827999,-1.4614651606941607
1-81304e9e-2cb4-49f7-b044-cc7b69285756,2447.4,2566.0,-118.59999999999991,1494.5086936880964,1503.3788416922014,-8.870148004104976,1499.771350370417,1522.697495417845,-22.926145047428008
1-ff913434-17ed-4bba-a8f6-95554d88f768,2400.2,2273.6,126.59999999999991,1502.8332043472212,1473.1761624313444,29.65704191587679,1504.605246291427,1500.2216866529825,4.383559638444467
1-1ebecda6-3c14-4bd7-9874-350e61a7e1c3,2266.4,2335.2,-68.79999999999973,1488.8398860151722,1500.0,-11.16011398482783,1499.496470949679,1505.9021315922218,-6.405660642542898
1-0f969c89-dd49-401c-8b4d-93aa2cabb501,2242.8,2190.0,52.80000000000018,1500.0,1501.7661369548607,-1.7661369548607126,1500.0,1500.2159614527725,-0.2159614527724898
1-af05b081-f002-4ece-9cdc-9ea51a7d23e2,2213.6,2090.8,122.79999999999973,1485.2337197342808,1500.0,-14.76628026571916,1501.418283616191,1500.0,1.4182836161910473
1-754ab0b2-a904-4724-9e41-a6e98293cc92,2569.2,2636.2,-67.0,1501.0947424845722,1509.4898619683659,-8.395119483793678,1506.0291835969208,1499.2601034758802,6.769080121040588
1-a5e39091-e17d-4071-b037-677edd6b0872,2622.4,2479.2,143.20000000000027,1487.896830672983,1499.7552104172412,-11.858379744258173,1494.430660974931,1492.9745482070489,1.4561127678821322
1-ba49ce00-97da-4fbe-adfc-10d43289aba5,2660.8,2689.4,-28.59999999999991,1486.8550583635383,1497.441353491685,-10.58629512814673,1495.3573095198954,1495.0985169991698,0.2587925207255921
1-fe135da3-2a47-4a3d-8049-b09d9a9504b6,2174.8,2263.6,-88.79999999999973,1497.1406613560873,1508.0320384271367,-10.891377071049419,1500.0,1502.9289608438062,-2.9289608438061805
1-88e1e7d3-7aac-4c1d-957a-2ea5e906ce3f,2100.8,2250.8,-150.0,1500.0,1498.4496581294084,1.5503418705916374,1500.0,1503.392438200011,-3.392438200010929
1-c0f2e30a-ef33-40ba-9d3f-37ddcfee5ca0,2312.4,2283.2,29.200000000000273,1496.4987239375682,1488.382886920712,8.115837016856176,1496.510397222392,1508.9116233547538,-12.401226132361899
1-bd64b093-f777-4ce2-b9e6-e2b8786158f7,2424.2,2776.4,-352.2000000000003,1498.284639834879,1516.522969410411,-18.238329575531907,1500.4,1512.8739805634455,-12.473980563445366
1-1ddf7507-4aff-414e-b7b3-9379efbb8620,1800.4,1775.0,25.40000000000009,1500.0,1540.61714504544,-40.61714504544011,1500.0,1500.2631091385017,-0.26310913850170436
1-a55b8e67-3ed0-454a-9acc-13fb70f1bc71,2704.0,2611.6,92.40000000000009,1530.6188394853234,1504.1500652294094,26.468774255914013,1503.9296304749794,1505.1576256600056,-1.2279951850262023
1-bf5a5508-33b1-4a45-b7b7-74a6685fe812,2302.2,2255.0,47.19999999999982,1490.6297909673435,1496.5296878422628,-5.89989687491925,1513.1392195530755,1500.215542812071,12.923676741004556
1-acebff37-42f6-4a9a-80aa-6fc44ceb54d6,2251.0,2255.0,-4.0,1500.0,1479.590893310813,20.409106689186956,1500.0,1499.9647845234638,0.03521547653622292
1-b8c6650a-8dda-432f-bc3a-15475a2e35a0,1761.4,1787.4,-26.0,1500.0,1522.1379032439659,-22.137903243965866,1500.0,1500.3794626588526,-0.3794626588526171
1-c59b86e1-96fe-44ef-b603-ad1777e0beae,1745.6,1773.0,-27.40000000000009,1500.0,1512.8940145570807,-12.894014557080709,1500.0,1500.3959610353247,-0.39596103532471716
1-a8b2f670-1832-4458-ab2a-8ac6cc33a16a,2688.2,2679.0,9.199999999999818,1500.0,1494.025826418681,5.974173581319064,1500.0,1500.4606326399028,-0.46063263990276937
1-15da9a95-b06f-48e1-8b9e-b1cee82ce31c,2636.8,2631.4,5.400000000000091,1496.8,1517.990017913909,-21.19001791390906,1500.0,1501.483853457501,-1.4838534575010272
1-53bbbb15-4644-4f96-a405-0252cb1e8f17,2735.8,2607.6,128.20000000000027,1500.0,1510.6110802813387,-10.611080281338673,1500.0,1501.1487897735492,-1.148789773549197
1-fadee6c4-a943-4a4d-8dd9-f4ef2f2f1031,2534.0,2567.4,-33.40000000000009,1500.0,1504.2901028806891,-4.290102880689119,1500.0,1501.2308461859457,-1.2308461859456656
1-a8cf2ce0-49d0-4126-af58-c9194f23871a,2676.6,2693.8,-17.200000000000273,1510.8906503957091,1500.0,10.890650395709145,1501.3255266617875,1500.0,1.325526661787535
1-2e02b608-0aaa-4d51-ae64-b0eb20394478,2513.2,2489.0,24.199999999999818,1515.0985872433878,1500.0,15.098587243387783,1501.723184660324,1500.0,1.7231846603240228
1-a7a9f691-b4fa-4dba-b740-e1df8e25e9b0,1693.0,1738.6,-45.59999999999991,1500.0,1506.2812610498072,-6.281261049807199,1500.0,1502.6666666666667,-2.6666666666667425
1-c206caf5-4ea6-46e6-8168-c7c8eecf64b8,2238.4,2264.2,-25.799999999999727,1454.8567044559854,1500.0,-45.14329554401456,1501.4391406263821,1500.0,1.439140626382141
1-987fe91d-597b-4bdd-b4b4-f79a4d438e60,2254.0,2425.4,-171.4000000000001,1466.7486836061767,1500.0,-33.251316393823345,1500.6085448488543,1500.0,0.6085448488543079
1-c74dd0c5-a1a3-4f50-8ad5-00aee2b79086,2297.6,2254.0,43.59999999999991,1496.6273981238962,1448.5485987215152,48.07879940238104,1481.2417840761132,1502.113014167923,-20.87123009180982
1-b19617b0-9c68-4ad0-9ae4-115865f8ac64,2287.8,2532.0,-244.19999999999982,1459.1681797803844,1518.9348096824303,-59.766629902045906,1500.1852309394244,1500.0,0.18523093942440028
1-a2fddd3b-5fd5-4d27-bceb-6cd345f2eb23,2256.8,2519.8,-263.0,1468.2407506156064,1500.0,-31.75924938439357,1500.1616560925886,1500.0,0.1616560925886006
1-ce6568a2-603a-401b-a005-01719d3fd028,2256.8,2373.0,-116.19999999999982,1483.480575769908,1500.0,-16.519424230092,1500.1778217018473,1500.0,0.17782170184727875
1-1a11907f-0cd8-4e20-b6a2-8794bb2ae33b,2451.2,2256.8,194.39999999999964,1500.0,1465.9159639350662,34.0840360649338,1500.0,1500.1975796687193,-0.19757966871929966
1-468b6159-d327-44b9-9e53-5653a5411a53,2256.8,2355.8,-99.0,1481.043866930097,1500.0,-18.95613306990299,1500.2778464091366,1500.0,0.2778464091366004
1-a6425093-78d1-450e-b701-e93efd9c6318,2145.6,2224.0,-78.40000000000009,1500.0,1514.423121688189,-14.423121688188985,1500.0,1502.9213565303494,-2.921356530349385
1-6b9132a3-470a-4363-a8cb-d230ca016d36,2063.4,2224.0,-160.5999999999999,1508.8910850923676,1497.9179584886815,10.973126603686069,1474.2967247314693,1500.0,-25.70327526853066
1-3525d72e-4a03-4243-9158-4e0705d40274,2224.0,2057.0,167.0,1481.045957470677,1500.0,-18.954042529323033,1500.0,1500.0,0.0
1-85d1f125-85c5-4245-ad15-3638b8c9c079,2120.0,1792.6,327.4000000000001,1493.6105894189557,1500.0,-6.389410581044331,1500.0,1500.0,0.0
1-7991809f-4fbd-423b-ad61-fe231661e1cd,2397.2,2280.0,117.19999999999982,1500.0,1483.4380810839375,16.561918916062496,1500.0,1500.0,0.0
1-bfbf4186-4e91-416d-a014-121643c31aa1,2504.0,2280.0,224.0,1500.0,1499.4109545651822,0.5890454348177627,1500.0,1500.0,0.0
1-d3230ceb-962e-419b-8fd2-db9c5d0539d5,2239.2,2199.4,39.79999999999973,1448.8786313247833,1497.000194724579,-48.121563399795605,1501.2352139807888,1512.5991147643103,-11.363900783521558
1-fd74e218-1992-4202-b6d2-ee8acbe49a4f,2123.8,2271.8,-148.0,1500.0,1437.5720092764243,62.427990723575704,1500.0,1501.3088374679858,-1.308837467985768
1-d719876d-5141-4598-a44a-cfe5728e0512,2029.6,2153.4,-123.80000000000018,1468.4217274184455,1500.0,-31.57827258155453,1501.25440828901,1500.0,1.2544082890099162
1-e7bbf270-a39e-4eec-a4ef-1fa95cff230b,2079.2,2177.6,-98.40000000000009,1474.3500952513282,1500.0,-25.649904748671815,1501.3448972288325,1500.0,1.3448972288324512
1-141cf63d-a08a-4e97-99aa-6154161dc112,2118.6,2094.4,24.199999999999818,1503.1702893095585,1467.2915233325223,35.87876597703621,1500.0,1501.2042184612037,-1.204218461203709
1-21f9eab3-8749-4bcc-bcdd-3f4f024e7c5d,2328.0,2621.4,-293.4000000000001,1516.0,1500.0,16.0,1500.0,1500.0,0.0
1-839f35fc-cabd-4ef3-bce9-fc775901f77f,2328.0,2529.2,-201.19999999999982,1500.0,1500.0,0.0,1500.0,1500.0,0.0
1-d27919da-902a-4ecb-98df-19426746bdb2,2144.4,2257.6,-113.19999999999982,1503.1929791288815,1500.0,3.1929791288814613,1498.7391142566842,1500.0,-1.2608857433158391
1-1b39c23c-9026-4e8f-a5fd-81bc4fbd884c,2172.0,2144.4,27.59999999999991,1500.0,1520.1184330783465,-20.11843307834647,1500.0,1498.4182016904535,1.581798309546457
1-7c0979a2-7261-4f5c-b07e-f0eb82d93186,2144.4,2176.0,-31.59999999999991,1504.3172390518612,1500.0,4.317239051861179,1496.368051759846,1500.0,-3.631948240154088
1-1e263a94-f50c-4950-9ad2-b4959cfea627,2272.4,2276.4,-4.0,1500.7117361376409,1484.402142814933,16.30959332270777,1501.4777281029196,1491.1551267606665,10.322601342253165
1-7c96458b-8ca7-4acb-9267-c29eedf2f199,2272.4,2276.4,-4.0,1483.916585736665,1501.1972932159092,-17.280707479244256,1501.3730694201631,1500.3704618788488,1.002607541314319
1-6384d960-e573-40a9-80db-239848e62c6d,1954.2,1994.0,-39.799999999999955,1519.047909294524,1500.0,19.04790929452406,1500.5080620052781,1500.0,0.5080620052781342
1-867aaacd-255a-4a9d-8142-7c2c3b6bcf3a,2090.2,2067.6,22.59999999999991,1549.2919588050638,1500.0,49.291958805063814,1500.8891085092368,1500.0,0.8891085092368485
1-24475a04-a60a-4d2c-a73a-743c3b59e538,2086.6,2090.2,-3.599999999999909,1500.0,1534.8934820733102,-34.893482073310224,1500.0,1501.0669302110841,-1.0669302110841272
1-ebdb7e82-5314-4aaf-bb86-a621d500965e,2090.2,2010.2,79.99999999999977,1519.804527762822,1500.0,19.80452776282209,1502.222771273092,1500.0,2.222771273091894
1-f1cec65e-7832-4295-ab1c-4d0c96c68cbd,1996.8,1589.0,407.79999999999995,1490.5225384853275,1503.0065368914316,-12.483998406104092,1500.656852604507,1478.9693619945976,21.687490609909446
1-7a2dba43-1519-4a9b-bc83-14e2b33b16a2,2113.8,2020.8,93.00000000000023,1476.2959706365684,1500.0,-23.704029363431573,1500.4419243401967,1500.0,0.44192434019669236
1-7140a4f2-6445-44df-b068-a87d70d7e422,2262.0,2252.4,9.599999999999909,1500.0,1474.8132590550097,25.186740944990333,1500.0,1500.5689186339669,-0.5689186339668595
1-56c567d4-118d-4dbe-93a7-a0cd209e2272,2230.4,2239.6,-9.199999999999818,1500.0,1464.6054234293626,35.394576570637355,1500.0,1501.9081003381068,-1.9081003381068058
1-bd039859-0159-4574-9b65-d6f5977eb412,2431.8,2184.6,247.20000000000027,1460.7058799944807,1496.5331335179349,-35.82725352345415,1500.716690154219,1470.9578866337683,29.758803520450556
1-17c94099-6c31-499c-a3a2-fc2a13578eb7,2478.6,2455.4,23.199999999999818,1455.8126609139294,1503.5351562915082,-47.72249537757875,1498.9383935304963,1507.6715340563528,-8.73314052585647
1-51bc56da-ce85-4b73-b800-4d8875a7ae1e,2361.0,2354.2,6.800000000000182,1503.3174484272104,1455.5302427484642,47.787205678746204,1512.757531506581,1500.5387735303918,12.218757976189181
1-338bcffc-85f0-41a0-bab9-9b3bc5f29ae5,2328.4,2251.2,77.20000000000027,1450.9107873392281,1500.0,-49.089212660771864,1500.6434414268583,1500.0,0.6434414268583168
1-7c4a1c0d-bebc-4d3c-87c9-4268831ac1e3,2323.6,2418.4,-94.80000000000018,1456.5139007344942,1500.0,-43.4860992655058,1500.6687308590938,1500.0,0.6687308590937846
1-b7747ec8-3e3a-407f-8fa3-a6deb4a322f0,2051.0,2000.0,51.0,1500.0,1508.2105966770214,-8.210596677021385,1500.0,1500.484358526837,-0.4843585268370134
1-95f969f1-5a2f-4ef5-a0a9-ac35f968ad00,2000.0,1775.2,224.79999999999995,1491.8346370320232,1500.0,-8.165362967976762,1500.6015868409843,1500.0,0.6015868409842824
1-f1e1b45e-f618-43aa-8f65-23b88251d833,2000.0,1819.6,180.4000000000001,1474.6702198280086,1500.0,-25.329780171991388,1501.3833547530105,1500.0,1.383354753010508
1-22a3776a-a274-49fe-a352-dda354ad903f,2779.2,2750.8,28.399999999999636,1470.4101270193653,1484.376171844333,-13.96604482496764,1503.03818695445,1504.026355998562,-0.988169044111828
1-23899256-1d3f-4c51-b3b8-5aca314c56e8,2782.0,2763.2,18.800000000000182,1503.2602122340234,1469.6718290635067,33.588383170516636,1502.270140268463,1495.8782524578558,6.391887810607159
1-14d86ae8-c6a9-4f61-928e-5f37e3db7076,1905.8,2095.6,-189.79999999999995,1503.3178390478247,1463.9366775374397,39.38116151038503,1512.8,1500.2879445423198,12.512055457680162
1-eec461a4-58bc-4a07-b1ce-e4fca0deadce,2095.6,1999.2,96.39999999999986,1478.9693619945976,1500.0,-21.030638005402352,1501.5197073066875,1500.0,1.519707306687451
1-fb09b7e5-5d28-4120-a976-55ebc5f6909f,2360.4,2387.4,-27.0,1495.712203493565,1500.0,-4.2877965064349155,1502.5862591993127,1500.0,2.5862591993127353
1-64c30dae-3e98-434f-a701-dd93991ab50e,2388.4,2360.4,28.0,1514.7923289894711,1478.0253121027142,36.76701688675689,1554.5217764292256,1500.7633118167312,53.758464612494436
1-7600400c-33df-458a-858f-bb2198ffc878,2289.0,2391.6,-102.59999999999991,1471.2703787319192,1500.0,-28.72962126808079,1501.0408743327096,1500.0,1.0408743327095635
1-c770651b-3479-48d6-9fe8-403e91302c97,2411.8,2344.8,67.0,1500.0,1470.2178898420086,29.782110157991383,1500.0,1501.2469717793529,-1.2469717793528616
1-5bf3f037-c749-4000-b351-7a31a158b239,2063.2,2106.0,-42.80000000000018,1475.2817771083153,1500.0,-24.718222891684718,1495.8588459653529,1500.0,-4.141154034647116
1-c2b7790c-d839-4b6e-aca5-85211fbc4f54,2348.0,2267.6,80.40000000000009,1500.0,1482.2584191058572,17.74158089414277,1500.0,1502.0306107622084,-2.0306107622084255
1-4f0c6c1a-02ca-43d8-b22b-9695fda50a70,2116.2,2226.2,-110.0,1477.3784965631116,1493.401358914371,-16.02286235125939,1500.6545243999294,1489.1343953982787,11.52012900165073
1-70755bff-7659-43a8-80a9-1096bafcede4,2158.6,2166.6,-8.0,1503.2485157574943,1480.3680639352988,22.880451822195482,1505.2679350973053,1500.561881851445,4.706053245860403
1-ee9203ea-59f4-4068-82d7-aefa00ae4b86,2086.4,2083.8,2.599999999999909,1481.541348949488,1500.0,-18.45865105051189,1500.8144563963426,1500.0,0.8144563963426208
1-16b1253b-8b5e-4f6b-83f4-d5bd2ed45bc1,2252.8,2311.0,-58.19999999999982,1510.1968602882232,1500.0,10.196860288223206,1500.9357971217341,1500.0,0.9357971217341401
1-ff7a16d8-08d8-4053-954d-2fab153ecf81,2415.4,2252.8,162.5999999999999,1500.0,1527.4587565146485,-27.458756514648485,1500.0,1501.1340654552803,-1.134065455280279
1-8a4b03ae-e01f-4fc0-9a19-9cdc6ffde97e,2348.6,2252.8,95.79999999999973,1500.0,1512.0116952395615,-12.011695239561504,1500.0,1501.4595048256626,-1.4595048256626342
1-5ceb475a-8f58-4314-843c-d22e77dffc19,2252.8,2218.2,34.600000000000364,1495.8191702049314,1500.0,-4.1808297950685755,1502.1016198250861,1500.0,2.101619825086118
1-d114bb79-c738-444b-ba4e-663f1bdecad0,2267.8,2252.8,15.0,1500.0,1478.8462038725872,21.15379612741276,1500.0,1510.0183606387411,-10.018360638741115
1-108790a9-f8be-42a9-9403-439d84b23e48,2304.8,2221.8,83.0,1500.0,1486.2321136540181,13.767886345981879,1500.0,1501.4147461642112,-1.4147461642112376
1-fc23d5b6-05a5-4714-9653-d354d28e2b8c,3116.2,2875.2,241.0,1509.6537592265304,1451.13679861448,58.5169606120503,1501.945631624051,1506.6865007497308,-4.740869125679865
1-3f0dc9ad-98ed-4e54-b88c-bef825f3983a,3033.0,2945.6,87.40000000000009,1509.2222044764724,1455.8529681072132,53.36923636925917,1504.6933978618126,1501.7421878610319,2.9512100007807476
1-a497a955-b9cd-45ff-a64a-d2d31a497163,2892.0,3074.6,-182.5999999999999,1497.125851016653,1468.3939093563486,28.73194166030453,1506.6687915236191,1508.9720009498396,-2.303209426220519
1-e90ae04f-8876-473f-abfb-b087c8dc9d22,3544.0,3367.4,176.5999999999999,1480.7359646156237,1488.6032070581705,-7.86724244254674,1499.1432544820175,1507.8086202317204,-8.665365749702914
1-ab5b0206-1d4d-476f-ba20-efed938a6581,3007.6,3139.0,-131.4000000000001,1502.9725578382502,1522.3570329489469,-19.384475110696712,1509.8791670373962,1500.8087988549132,9.07036818248298
1-b5a89501-225d-497c-bb26-326f2880845d,3234.4,2902.4,332.0,1501.1231634197775,1478.842446434141,22.280716985636445,1494.1297224613943,1507.3546820554968,-13.224959594102529
1-29ddf2a5-58dd-4185-b299-e695687caed1,3125.4,2902.4,223.0,1496.7693360702874,1494.7494272430547,2.0199088272327117,1490.5739163570565,1508.5700184715934,-17.996102114536825
1-c344d3c5-e6a5-43c3-9e26-f0363ea25fc6,2747.4,2852.2,-104.79999999999973,1499.2216065119082,1504.0337983838585,-4.81219187195029,1502.852877499862,1504.6835529819477,-1.8306754820857805
1-d5708dea-7a90-4e72-bd5b-f9959682f8be,3241.2,3509.6,-268.4000000000001,1496.6346901274512,1497.3496940565615,-0.715003929110253,1506.3039281938895,1505.4778355192534,0.8260926746361292
1-2d0100a2-b075-4770-8904-7d867f6c7531,3256.2,3207.2,49.0,1525.2529046782715,1518.4800709916506,6.77283368662097,1499.560613350789,1508.3933141481418,-8.8327007973528
1-ea12b989-09fa-450f-9ff0-3984773da720,3235.4,3280.2,-44.79999999999973,1525.661461356337,1511.6161705641034,14.045290792233573,1505.0105795523043,1505.311475114714,-0.300895562409778
1-265d8c59-0cb3-45a5-9b62-6ba14ee11a1b,3320.8,3333.2,-12.399999999999636,1518.3532538866589,1508.4977839472872,9.855469939371687,1505.8807619771833,1500.2841108458833,5.59665113129995
1-9eff1abd-4789-44a0-88e7-e459d39d2f5d,3440.2,3350.6,89.59999999999991,1482.8376382302154,1477.0665177429316,5.771120487283724,1501.1716534805958,1508.7201433034238,-7.54848982282806
1-b1080df0-f056-4568-bd11-dd717c1ec115,3286.0,3120.6,165.4000000000001,1492.9267896508004,1527.2320876912393,-34.305298040438856,1491.9542286745873,1504.5964298655454,-12.642201190958076
1-92f35c67-1ccb-49b1-bdee-8417dee33ef9,3260.4,3432.0,-171.5999999999999,1527.3763198743977,1491.9468085528038,35.429511321593964,1501.7857982133148,1502.9751401574983,-1.189341944183525
1-bf837c50-4243-4c02-aab3-8f14f726b158,2951.6,2970.2,-18.59999999999991,1520.098378845571,1477.9456084068108,42.15277043876017,1509.5232625251979,1503.4231140225215,6.100148502676348
1-ddb8cb6f-0a72-4197-abf0-62e905a13d5a,3180.4,2951.6,228.80000000000018,1549.4581544322696,1535.4538037072034,14.00435072506616,1500.4787152899312,1504.986943633287,-4.508228343355768
1-f4acebf5-b431-440c-afef-28b7dd27914e,2953.4,3080.2,-126.79999999999973,1486.8497336343,1531.3255381059182,-44.475804471618176,1499.5097820569179,1519.4143550856177,-19.904573028699815
1-3791821f-f7e1-4527-999b-3414d9202eb5,3006.4,2951.6,54.80000000000018,1496.8213211428908,1572.6594846665575,-75.83816352366671,1505.2760016060824,1507.3151478885923,-2.0391462825098188
1-9eb9d706-c516-4503-af94-62ab668e5318,3003.8,2951.6,52.20000000000027,1506.2995643192107,1559.0711900871306,-52.771625767919886,1496.869192844987,1507.5726961888065,-10.70350334381942
1-b8b57cb1-8c56-468c-a06f-7ed068aea9f5,2887.0,2951.6,-64.59999999999991,1506.4716972293263,1544.830537293358,-38.35884006403171,1501.2213641700075,1508.0196096758227,-6.798245505815203
1-3f2887b6-7943-436f-9e95-66717ac76af2,3115.6,3015.0,100.59999999999991,1529.8871341949302,1522.2165909603104,7.6705432346197995,1523.3206735575482,1510.9203305296492,12.400343027898998
1-ab046e80-f52a-477f-9170-c096a1e6bbab,3293.2,3015.0,278.1999999999998,1525.2066898348432,1505.3008970408296,19.905792794013678,1504.3738990587003,1503.0530602970753,1.3208387616250548
1-325c48c5-0cb1-4943-9cf2-d160d1cf535e,3293.2,3038.4,254.79999999999973,1508.9242715516007,1515.057543671132,-6.133272119531284,1501.3279031717836,1498.894659874609,2.433243297174613
1-384f64c0-cf48-4ecd-aa71-1855faffdf91,3153.2,3018.4,134.79999999999973,1491.3456646034635,1505.6868758540563,-14.341211250592778,1505.9873778578258,1497.192856123675,8.794521734150749
1-36da4a48-2f2c-4e07-9f4f-a52020f5a5f9,3181.0,3445.0,-264.0,1519.4321831523555,1493.7143823296296,25.71780082272585,1503.4219026669023,1506.3605187336018,-2.938616066699524
1-1dc2d119-eeb9-40cf-adc4-3f7ee3a1da65,3009.8,2911.0,98.80000000000018,1503.0171746909573,1510.0258127137745,-7.008638022817195,1497.6691820434044,1503.5568119922173,-5.887629948812901
1-ada2946d-666d-423d-b7f9-fbc76f0bd688,3092.2,3017.0,75.19999999999982,1505.4670739443895,1500.529560208818,4.937513735571429,1503.1549131012957,1503.4986609599432,-0.34374785864747537
1-c73f125e-9c72-489a-a525-3e501cd3db2b,3010.0,3042.6,-32.59999999999991,1503.397469405389,1478.1147042333469,25.282765172042218,1514.8212815623938,1504.8225212180585,9.998760344335324
1-6fd2c435-239b-4db2-b86c-60bf053a2b3d,3096.0,2813.2,282.8000000000002,1500.0,1501.9456316240507,-1.9456316240507476,1500.0,1513.4235624947241,-13.423562494724138
1-42372dd9-64c9-41a1-92ee-55ac3a24c8a8,3014.8,3212.0,-197.19999999999982,1495.1601559771232,1503.0280602215057,-7.867904244382544,1507.6897593151775,1500.3668351246488,7.322924190528738
1-4459a73f-cdbc-4ce4-82e0-af193ca83281,2946.4,2919.4,27.0,1506.1834928641147,1500.5134676275434,5.670025236571291,1504.0375536570966,1511.945735699107,-7.908182042010367
1-46f73f5c-17e2-45f4-bfde-ad56784de57e,3172.0,3261.8,-89.80000000000018,1506.8080238849004,1506.6696571926118,0.13836669228862775,1498.5689615218603,1509.5885953851875,-11.019633863327272
1-ec9ed79f-fbfe-46b4-853b-5e4d0a886163,3131.2,3260.0,-128.80000000000018,1521.123683918449,1503.8053630882373,17.318320830211633,1501.8183325331631,1501.4066408412025,0.41169169196064104
1-abc56184-bc81-4e12-9e71-1bad7d62d3d1,2770.2,2898.6,-128.4000000000001,1504.2736225934582,1509.0743781041965,-4.800755510738327,1502.1692941568488,1492.9790160047212,9.190278152127576
1-f2cf1fa0-d2f0-4588-acb0-89ce30f7c2a5,3237.8,3381.6,-143.79999999999973,1503.9797155999047,1512.0889105977699,-8.109194997865188,1516.2326710808593,1510.9758566164269,5.256814464432409
1-56999417-d1ef-43ff-bbb3-ac830440d1b1,3172.6,3196.4,-23.800000000000182,1504.0152904920778,1516.6884730590414,-12.673182566963533,1506.7085699909048,1501.1502899316024,5.558280059302433
1-34fdf1f4-7d2a-471a-ada2-457e0a9efbed,3546.8,3480.0,66.80000000000018,1500.5047619320899,1530.1843404115468,-29.67957847945695,1503.1152181073924,1505.4757186670493,-2.3605005596568844
1-48fc8d2e-225a-4a27-8fbe-f3b3989e23df,3264.0,3022.0,242.0,1525.040083442763,1486.8708351566793,38.16924828608376,1501.3108745216443,1491.2428595563142,10.068014965330121
1-c832a840-1316-40c4-bcf3-6927aae0a73e,3601.6,2967.2,634.4000000000001,1538.4360551717632,1502.4231153213082,36.01293985045504,1513.1477708487241,1506.188792594613,6.958978254111116
1-cd843245-ebac-4629-8b02-71305ec6fece,3170.0,2967.2,202.80000000000018,1534.4048814457126,1484.1236085438481,50.28127290186444,1506.3357964162592,1504.9915153104869,1.3442811057723247
1-20ecce90-a024-43bc-a9cb-8af70968258f,2967.2,2744.8,222.39999999999964,1467.3129955719578,1484.9303161451146,-17.617320573156803,1505.8991488907982,1520.1688074840881,-14.269658593289932
1-1e5ac7b1-3190-4bab-81ff-a480058dfc00,2919.0,3161.6,-242.5999999999999,1453.0761052228693,1503.0119217588133,-49.935816535944014,1505.4469957319866,1479.5561019844747,25.890893747511882
1-34d36bfd-5969-4b29-858a-4a303620cbf9,2894.8,2821.4,73.40000000000009,1516.4632390019829,1511.5570991552192,4.906139846763608,1507.7561860432263,1499.934570237567,7.8216158056593486
1-b6453e6f-d3ff-44f9-bb7a-82571f332a9e,2969.2,3073.6,-104.40000000000009,1495.7312318231482,1493.5362934231525,2.1949383999956353,1508.740959001586,1500.8067081875051,7.9342508140807695
1-d653ffdc-9f85-4652-b319-e85c251cc875,3108.4,2977.6,130.80000000000018,1493.5617269872234,1495.5127969621972,-1.9510699749737341,1497.086690911275,1508.6716908605376,-11.584999949262738
1-d718e248-591f-4bba-916f-f4b7ab7cdf0b,3073.2,2842.8,230.39999999999964,1514.1597227663685,1507.409174659874,6.750548106494534,1519.3913842046882,1513.1247394522027,6.26664475248549
1-030725b1-50a0-426b-9cde-22192de00531,2842.8,3017.0,-174.19999999999982,1523.646922396178,1518.4839158839,5.163006512278116,1511.297117530178,1496.144693613925,15.152423916252928
1-b3bb6441-1849-4ade-b115-1110677be744,2919.0,3026.6,-107.59999999999991,1532.1646859770663,1552.4027142359134,-20.23802825884718,1507.270617307653,1494.8945134077262,12.376103899926875
1-7393125f-4925-48db-b9e4-adc71c4eb387,2919.0,3235.8,-316.8000000000002,1518.3269702035388,1471.0845454725006,47.24242473103823,1510.391629502994,1506.411296016385,3.98033348660897
1-7a5546d3-1e03-4add-bd4c-f976ad1cd2ad,2899.0,3122.2,-223.19999999999982,1508.3152676942511,1500.0014330439287,8.313834650322406,1511.9118619185483,1498.3589261629686,13.55293575557971
1-e8bbab32-76a3-4d6f-acc9-12a540ad4ba5,2899.0,3252.6,-353.5999999999999,1490.8805194428428,1522.1195935693097,-31.239074126466903,1510.8485078434453,1497.0066062109638,13.841901632481495
1-245e3ddf-c7ac-46c3-ada2-798b6d3b6fea,2919.0,2996.4,-77.40000000000009,1474.1248228438121,1512.510833049477,-38.38601020566489,1509.877806892738,1492.149688635885,17.728118256852895
1-f058fa29-1a3e-403c-bd5e-31f4476a5a4f,3079.4,3292.4,-213.0,1480.7305985669022,1495.816919930097,-15.086321363194656,1507.8329764670657,1489.1637921580434,18.669184309022285
1-1efe524d-81e9-4342-aeff-9eb7bdea8d59,2919.0,3206.2,-287.1999999999998,1465.0935855998432,1513.4947673154097,-48.40118171556651,1510.628241735836,1519.1324304923635,-8.504188756527583
1-90d64061-7b6b-4526-84e7-e387a4d5db5c,3003.8,2824.2,179.60000000000036,1500.0,1500.0469020000387,-0.04690200003869904,1500.0,1512.8133475160237,-12.813347516023669
1-d2f512c4-9252-4a2c-bc6e-83330328b085,2824.2,2776.2,48.0,1482.846006320748,1508.9722584589742,-26.126252138226164,1514.629985625511,1508.8113311414168,5.818654484094168
1-a75c0c62-ac34-4e2e-9b69-68eba43e03b1,3448.6,2967.2,481.4000000000001,1503.1151079115202,1470.3367097507344,32.778398160785855,1487.2661686882693,1522.0569205893337,-34.79075190106437
1-875cea88-00e1-4eb4-bff8-2eabdc4f4469,3024.0,2984.2,39.80000000000018,1476.7160673079288,1500.0,-23.283932692071176,1506.8704262787708,1500.0,6.870426278770765
1-66689789-ebb4-418a-a47c-7ae16205325a,2964.2,2967.2,-3.0,1553.9770288509621,1475.9755003465732,78.00152850438894,1497.6153386526635,1501.9053251991725,-4.289986546508999
1-dc474d78-de71-4e9c-abc6-36b1c9faef21,2746.2,2806.6,-60.40000000000009,1475.3712764494992,1496.8082644654787,-21.436988015979523,1502.6032166931811,1504.050325699477,-1.447109006295932
1-f27dfc15-43af-4422-a329-3d0e29d3f10b,3234.6,2912.8,321.7999999999997,1500.0,1481.4295209778675,18.57047902213253,1500.0,1503.3469928912334,-3.3469928912334126
1-8c28b31c-2ed5-4a6d-bf0e-8b486561e1aa,2919.0,3200.0,-281.0,1483.8636650161818,1509.6545339935274,-25.790868977345554,1497.0394517889392,1500.0,-2.960548211060768
1-cfbf8a47-f3bb-4490-bf37-5120102d7b6b,3187.4,2919.0,268.4000000000001,1497.0394517889392,1500.0,-2.960548211060768,1519.3942059439642,1500.0,19.394205943964153
1-9937311b-d1f6-4745-af4a-4e78ba9b6cc1,3054.2,2873.8,180.39999999999964,1496.6512957935088,1470.5918896519513,26.059406141557474,1501.2835626941612,1506.7687279504776,-5.48516525631635
1-ab80ac30-77fe-4205-97b7-caed1aaa1cbb,2873.8,3163.6,-289.7999999999997,1486.5017187324083,1488.4597761017726,-1.958057369364269,1507.6949627001454,1468.712220488145,38.9827422120004
1-dfdbc5fd-4fd2-4391-8377-d849ba9fc713,2732.8,2657.0,75.80000000000018,1496.8990588071788,1499.8627739695696,-2.9637151623908267,1502.5521099386706,1500.3329148209723,2.219195117698291
1-568a9316-1317-4c87-bf1c-f2118a174eae,2809.4,2765.2,44.20000000000027,1473.4820065706208,1501.230766345429,-27.74875977480815,1502.5661813479414,1507.4386341364448,-4.872452788503324
1-b1230287-7613-4a28-a988-ecd193e51dbc,2765.2,2867.8,-102.60000000000036,1518.1562281401875,1498.0376241315917,20.118604008595867,1507.998674005569,1520.0748902172559,-12.07621621168687
1-c62d2488-5c22-4b64-9d40-1557baefc6fe,2765.2,2752.0,13.199999999999818,1502.4212761005372,1496.665306221506,5.755969879031227,1508.7978093082118,1488.3952119834348,20.402597324776934
1-4e0d4fea-2896-4769-8cad-d0a74188cdcc,2626.0,2731.2,-105.19999999999982,1506.3891894108979,1493.6261525220812,12.763036888816714,1501.4692126617495,1503.0384748751355,-1.5692622133860823
1-cb60fe70-7715-4880-97d7-0b11898aad43,2802.0,2725.8,76.19999999999982,1490.6612250762973,1504.380309010144,-13.719083933846605,1499.925253569185,1504.1436090414109,-4.218355472225767
1-f568d225-e493-45db-9755-d7a6d4380486,2746.4,2740.6,5.800000000000182,1484.1985065575025,1504.6192149491021,-20.420708391599646,1500.68183417666,1525.898726877125,-25.216892700464996
1-433c1f7b-dc43-4b95-9fbf-c65aa24e5a6b,2862.0,2986.0,-124.0,1497.351270775544,1488.0701122167009,9.281158558843117,1505.3775726137005,1517.4985183707659,-12.120945757065329
1-b448b279-e78d-4aa8-a32a-e3eba5e01e17,2870.8,2861.2,9.600000000000364,1473.5191058708835,1522.0160181129781,-48.496912242094595,1510.11098332,1498.8166389037601,11.294344416239937
1-123dcfbc-4843-4342-b82c-a1f600434170,2871.6,2824.8,46.79999999999973,1468.6663357188677,1521.4981401009136,-52.8318043820459,1514.7031667903839,1497.7501015399907,16.953065250393138
1-3f1d09de-b1f0-4eae-9f60-c2896412dede,2869.4,2694.2,175.20000000000027,1515.8469730341988,1477.2029432958248,38.644029738374,1500.7159068172755,1515.1227205264884,-14.406813709212884
1-2c611388-1b0a-498d-b20d-5e40cbf4ee0c,3491.2,3427.6,63.59999999999991,1488.0960893072295,1509.9460250970571,-21.84993578982767,1504.7404119080315,1508.6057068178593,-3.865294909827753
1-a0c795e0-c844-4e09-805e-dddeb6140b1c,3522.0,3472.2,49.80000000000018,1485.6823614806285,1513.887545170214,-28.20518368958551,1499.789123857216,1502.504857511225,-2.715733654009
1-8f15a0b4-313b-44cc-9537-a039dcf7cd9b,3356.6,3391.8,-35.20000000000027,1545.9187433683778,1507.4318613523412,38.48688201603659,1508.5530942294056,1502.082313301217,6.47078092818856
1-72bd1dea-f7e8-44ff-b6d6-15fe7897f161,3247.2,3175.2,72.0,1540.6267128731702,1457.622737572805,83.00397530036525,1510.1358712959511,1511.6517973290615,-1.5159260331104178
1-34011ea1-6a60-494b-a3e9-d6af3ded2e53,3248.2,3336.8,-88.60000000000036,1518.2962998784064,1513.1998789238314,5.096420954575024,1508.1823538457309,1514.523601738892,-6.341247893161153
1-5d073d70-276b-4d17-a28b-51ef9575233b,3272.4,3243.0,29.40000000000009,1532.2100980340324,1510.1866303894246,22.023467644607763,1508.667512356692,1506.145280704522,2.5222316521699213
1-3f2855f5-1370-48ce-bc52-d9248d878a16,3389.8,3105.0,284.8000000000002,1495.4764850106774,1539.4874556980358,-44.010970687358395,1506.7604006129388,1505.550364841553,1.2100357713859466
1-844c892e-5789-4b58-94c4-fac0e0ef5b2f,3070.4,3059.6,10.800000000000182,1495.7967006286776,1500.3892252406242,-4.592524611946601,1503.3157793488801,1509.5588351980368,-6.24305584915669
1-11dbd6a6-1830-4a6b-ad7e-0575d292ddde,3494.6,3423.4,71.19999999999982,1496.9358893647682,1520.4553074325258,-23.51941806775767,1508.7904671142917,1497.6823320233325,11.108135090959195
1-c7a67363-c285-4960-8751-863e905ebc4b,3359.6,3274.2,85.40000000000009,1505.5277820084948,1516.5293798743564,-11.00159786586164,1506.5441222971203,1505.5007301340136,1.0433921631067733
1-8edacf94-2de7-42a7-819f-09e442fb2b9c,3345.4,3255.0,90.40000000000009,1517.418798028176,1543.8090718749586,-26.39027384678252,1510.9094695855251,1510.6456449369289,0.26382464859625543
1-6ceefc63-2992-403e-83b8-a3b67ab9fc61,3528.4,3288.8,239.5999999999999,1517.8953868881897,1500.0,17.895386888189705,1506.8338482005893,1500.0,6.833848200589273
1-32e04920-b3fb-4b58-ad4b-0f49c541ee75,3444.4,3445.4,-1.0,1500.0,1527.7400580902918,-27.740058090291768,1500.0,1506.9691482511494,-6.969148251149363
1-f8c865d5-5a8d-4b2a-ad68-2d510b81e795,3542.2,3426.6,115.59999999999991,1524.447896605444,1532.2398720825113,-7.7919754770673535,1501.6695212879931,1511.2656488974442,-9.59612760945106
1-5ed0c11e-d8f4-4805-a235-6807cb8fc155,3182.8,3243.4,-60.59999999999991,1505.806514187764,1530.7574521856884,-24.950937997924484,1516.998577250229,1501.5850920082455,15.41348524198338
1-7b9b321a-e345-4558-bb3d-c1bc2fb84058,3350.8,3330.2,20.600000000000364,1492.2171629659038,1516.4787048277033,-24.261541861799515,1497.9449514758942,1507.0046394435205,-9.05968796762636
1-ec7eca95-cddc-418c-8c1c-13882f1d4406,3413.2,3454.2,-41.0,1506.1120648033263,1521.697997011447,-15.58593220812054,1503.0885826199083,1500.451016927545,2.637565692363296
1-890150de-cb1e-4591-bb77-e6dbf2a7d526,3202.2,3126.6,75.59999999999991,1518.6015511289393,1519.6374107570532,-1.0358596281139398,1499.6825783158588,1505.3909907266777,-5.708412410818937
1-6f860d4b-0dd3-42dd-890c-59fe20c6e7e6,3348.6,3086.4,262.1999999999998,1509.763814242512,1519.2632543412044,-9.499440098692503,1505.7774981899838,1501.4804332365609,4.297064953422932
1-333c123c-419e-467f-abe4-2de4e8c42c08,3304.8,3379.6,-74.79999999999973,1490.4792936489382,1512.979534092021,-22.500240443082703,1498.1102590801734,1508.149167242147,-10.038908161973723
1-7f5d6dec-72c6-4a45-9ca8-88e09015aac5,3468.4,3207.4,261.0,1512.194067906061,1518.9504404918766,-6.756372585815598,1500.1521846317544,1498.7701088736287,1.3820757581256657
1-cf4e65bf-a031-4d43-88f4-650b5a3981ce,3563.6,3521.2,42.40000000000009,1506.2901637470377,1512.6451876548865,-6.3550239078488175,1505.839287209397,1502.4204457128437,3.418841496553341
1-05d7eec5-2f08-4171-a8ec-ef295be8864c,3199.0,3278.0,-79.0,1518.11996543077,1502.9544859067437,15.165479524026296,1490.1322640184208,1499.4532277224814,-9.32096370406066
1-7cdc8b5f-1bed-4cf8-9a40-2472ead67036,3304.0,3211.2,92.80000000000018,1513.0478936029049,1506.1664477877343,6.881445815170537,1504.6084633215441,1490.4407366445016,14.167726677042538
1-9af83406-4c84-42f6-bd68-8a1832c1ac75,3203.2,3195.0,8.199999999999818,1506.9903976310611,1500.2221780811828,6.768219549878268,1510.2025420819145,1502.2461317973557,7.956410284558842
1-fd243a8e-fee2-4755-b914-8215924cc201,3379.4,3380.0,-0.599999999999909,1499.304562817546,1500.005969143896,-0.7014063263500248,1491.9127952876925,1506.9284943220664,-15.015699034373938
1-07049574-e8c7-4a6d-ae6c-24992d37586d,3291.6,3388.0,-96.40000000000009,1503.4199875563622,1509.605593212791,-6.185605656428834,1504.6757801464016,1499.4239159629178,5.251864183483804
1-17097c8c-d58a-465a-9312-6bf7656afda4,3241.0,3422.4,-181.4000000000001,1517.1688329746255,1500.214467033768,16.954365940857542,1518.17404118136,1497.7045070691006,20.469534112259453
1-822ff96b-b5b6-4a67-8c0e-e0c6f6152dd1,3198.0,3175.6,22.40000000000009,1500.2502786355076,1496.887597287662,3.362681347845637,1513.595962705237,1500.0,13.59596270523707
1-db9faa38-d55c-426d-b52e-09d002e45c11,2918.0,2888.2,29.800000000000182,1478.5746958138996,1505.634928758061,-27.0602329441615,1500.852167771008,1495.1376633955642,5.7145043754437665
1-f9782d84-21eb-4403-a2e1-eef6cd703814,3166.6,3003.8,162.79999999999973,1500.7878730251566,1503.4067374867827,-2.618864461626117,1506.2938882711649,1508.7955109315951,-2.5016226604302574
1-b4806ba9-8f57-4037-a7d4-0aefcf02f0bb,3359.8,3138.4,221.4000000000001,1496.7845127686176,1509.9169790672054,-13.132466298587815,1501.9543310378588,1502.2675566756316,-0.31322563777280266
1-88ed9fb9-bdac-4bae-a849-3aeceba3fad0,3020.4,2987.2,33.20000000000027,1481.4017372806582,1464.3362134565573,17.065523824100865,1495.2011069489206,1507.268749005729,-12.067642056808381
1-28d8d887-397c-43e1-a684-e947768bd122,3208.4,3251.2,-42.79999999999973,1542.3433334344065,1501.0097382705828,41.3335951638237,1505.8336557722898,1500.3785918742776,5.455063898012213
1-2c2a62bb-a588-4d92-a14e-f1c60118c1c6,3403.8,3181.4,222.4000000000001,1486.6605312564086,1511.2164887093961,-24.555957452987514,1503.0637071172525,1508.632929230138,-5.569222112885427
1-2ab293fc-9ea2-44a7-811a-0c9c8100d167,2551.8,2381.8,170.0,1507.145763356746,1506.6475332552639,0.49823010148224967,1523.276771974604,1503.963972946689,19.312799027914934
1-4a550639-94b2-49a4-ac71-be0d622fabbc,1352.2,1983.8,-631.5999999999999,1500.0,1480.6754243093533,19.324575690646725,1500.0,1500.0,0.0
1-9dd54f11-91f2-4a25-81e1-98799caf6f36,1856.8,2023.2,-166.4000000000001,1500.0,1472.9186149728996,27.081385027100396,1500.0,1500.0,0.0
1-0f7a2c8b-e44e-405c-89f8-6d279ac61f33,2294.0,2492.2,-198.19999999999982,1476.5690826451366,1500.0,-23.430917354863368,1500.0,1500.0,0.0
1-17a267ef-5a0e-4753-aef3-5dcc9bd47dd4,2344.8,2452.4,-107.59999999999991,1500.0,1481.7184028579038,18.28159714209619,1500.0,1498.473314536522,1.5266854634780884
1-9fd517de-bb95-4970-a534-cdbab644becf,2152.2,2145.6,6.599999999999909,1500.0,1475.385418736068,24.614581263931996,1500.0,1500.0,0.0
1-ad2e0f13-1352-4891-97d1-cb0643ed92c1,1776.0,1692.0,84.0,1500.0,1474.898215937873,25.10178406212708,1500.0,1500.0,0.0
1-21cf4cec-9420-44ef-8018-8669baca37a4,1762.6,1692.0,70.59999999999991,1500.0,1490.4589445116285,9.541055488371512,1500.0,1500.0,0.0
1-2eff0354-97ec-4628-afce-af9b6652a31f,2027.8,1972.8,55.0,1496.8,1500.0,-3.2000000000000455,1500.0,1500.0,0.0
1-aa48d495-9c19-4be2-a9e4-7c3ffc16124f,2043.8,2031.0,12.799999999999955,1500.0,1500.0,0.0,1500.0,1500.0,0.0
1-3aeb21cf-9ee4-4238-8e6c-4f420283bf8c,3253.0,2962.2,290.8000000000002,1510.9539281623224,1496.7288223942542,14.22510576806826,1500.1852566697066,1489.5080932782046,10.677163391502063
1-8109eb58-3fa7-410a-8baf-4df0b2e92a21,3079.2,3062.6,16.59999999999991,1510.2712199558864,1503.2851849893748,6.986034966511625,1499.1520961542794,1509.2510283386177,-10.09893218433831
1-17db6152-d498-455f-b9f4-762152347b47,3018.2,3093.6,-75.40000000000009,1506.7087438982282,1516.8581253079699,-10.149381409741636,1516.9895324172644,1497.9553805059286,19.03415191133581
1-a02ec52b-d1e5-4890-8c70-e773cd4cccf3,2733.0,2810.0,-77.0,1488.0247990581295,1523.916941011376,-35.89214195324644,1518.3463723119883,1499.5613015734943,18.785070738493914
1-96878c4e-1390-466e-a54b-ffe76a2714ec,3101.4,3079.8,21.59999999999991,1502.9298588130255,1517.8327801888588,-14.90292137583333,1503.4393740522776,1500.6502536691175,2.789120383160025
1-8c4d24f5-d1b0-41d9-a195-ec8abee1e8cf,3224.4,3183.8,40.59999999999991,1508.4961073225736,1496.684306664094,11.81180065847957,1502.2304989427932,1500.0,2.230498942793247
1-8046c8d8-0985-45f1-b692-85bed2599324,2832.8,2869.2,-36.399999999999636,1496.8669554247185,1505.3653065481926,-8.498351123474094,1499.18750997543,1500.5158412282403,-1.328331252810358
1-d58a90c0-f5e8-452a-aba0-1ec9f2136a73,3058.4,3514.2,-455.7999999999997,1506.6782633816697,1500.178310634459,6.4999527472107275,1499.6323190471933,1509.6853565247739,-10.053037477580574
1-7e95ff81-b453-4ebd-b913-2d2d12ce0529,3058.4,2833.0,225.4000000000001,1490.2283823746106,1500.0,-9.771617625389354,1499.5525167577314,1500.0,-0.4474832422686177
1-554b843b-9c42-4fb0-a6a9-dde871354c9c,3510.8,3428.6,82.20000000000027,1503.2351817432616,1508.584454874039,-5.349273130777419,1506.3116032274768,1500.406078363946,5.9055248635306725
1-7038fb00-efc1-4993-8305-1c063641d610,2980.2,3058.4,-78.20000000000027,1500.0,1513.5489609216734,-13.54896092167337,1500.0,1499.7687808654523,0.23121913454770038
1-d3ed511f-658a-4d23-9670-69b1f1502d83,3058.4,3048.4,10.0,1531.1218139364953,1496.8570859309386,34.26472800555666,1500.4835035578762,1506.198683817653,-5.715180259776844
1-0f8cdd83-b96a-4b74-8b6e-93aa70692898,3247.4,3072.0,175.4000000000001,1506.9910721558886,1515.3286447822807,-8.337572626392102,1520.4588662985834,1500.1091133607233,20.349752937860103
1-6613a395-622a-405b-a222-09dc95f6fe0d,2801.6,2724.0,77.59999999999991,1500.0,1509.0961640431929,-9.096164043192857,1500.0,1500.1175066961637,-0.11750669616367304
1-3a3c8963-b4f5-4732-9138-63295b796f0c,2857.8,2836.8,21.0,1506.198683817653,1500.0,6.198683817653091,1500.0509195683376,1500.0,0.05091956833757649
1-e6d31481-dac1-4751-8e51-9aa4e3a37ae4,2857.8,2594.2,263.60000000000036,1489.725671373549,1500.0,-10.274328626451052,1500.0555486200046,1500.0,0.0555486200046289
1-20d57fe0-b92d-46cb-8b74-3fef92fcd7e4,2980.6,2857.8,122.79999999999973,1500.0,1506.0020484251504,-6.002048425150406,1500.0,1500.3055174100255,-0.30551741002545896
1-f572b099-d7c7-41a3-b3c4-fbfb09ec01a5,2884.4,2911.0,-26.59999999999991,1502.8280955727032,1500.0,2.828095572703205,1500.339463788917,1500.0,0.33946378891710083
1-08bd8550-72b9-4db7-9313-9a8e13ac5b40,2869.8,3065.4,-195.5999999999999,1503.055174100255,1506.0557310363238,-3.000556936068733,1500.0,1500.0,0.0
1-553d2cbc-a444-4850-a309-f4175a12a044,2928.0,3194.2,-266.1999999999998,1500.0,1502.882277181232,-2.8822771812319843,1500.0,1500.0,0.0
1-9e0e6652-c4f2-4e44-97a2-99d8375a1334,3019.2,3118.6,-99.40000000000009,1506.1388118447242,1500.0,6.1388118447241595,1500.0,1500.0,0.0
1-93936581-4a04-4ccd-bff1-1469a98540de,2732.6,2947.4,-214.80000000000018,1500.0,1512.6593913459815,-12.659391345981476,1500.0,1500.0,0.0
1-2fa2053c-f367-4e62-9be1-3cd8653d765c,2891.0,2657.6,233.4000000000001,1499.8540129859407,1500.0,-0.14598701405930115,1500.0,1500.0,0.0
1-6b3a60d6-18d7-40b4-838f-30702bd749a6,2684.6,2676.4,8.199999999999818,1503.082402214666,1500.0,3.08240221466599,1500.0,1500.0,0.0
1-28131438-dee1-4856-a056-9d2ace16cbe3,2752.8,2946.8,-194.0,1500.0,1509.5705277441857,-9.57052774418571,1500.0,1500.0,0.0
1-83ac6783-b521-494e-8be5-bc61f617200c,2758.8,2668.6,90.20000000000027,1503.2,1500.0,3.2000000000000455,1500.0,1500.0,0.0
1-c446fe26-5e45-46b0-8b09-0a87c230a5b0,3215.0,2980.8,234.19999999999982,1500.0,1500.0,0.0,1500.0,1500.0,0.0
1-eeaf76f7-4977-4854-991d-5e61bb9e24e6,2818.8,2748.0,70.80000000000018,1507.4186860346738,1524.5616542449948,-17.142968210320987,1525.7819494262828,1499.39278035949,26.389169066792874
1-35950516-9c5b-4645-9f9a-5a7249392a2d,2714.6,2563.6,151.0,1496.971907766443,1531.9786083719512,-35.00670060550806,1518.6826349189887,1503.4579457385503,15.224689180438418
1-39d00079-5fa0-42e5-8c7e-6527ca4a8b90,2555.0,2733.6,-178.5999999999999,1559.2202253324085,1505.5736915783198,53.64653375408875,1502.8889078966822,1499.5874890945952,3.301418802087028
1-606202e9-9091-4b74-b32d-90cdff190b51,3235.8,2711.4,524.4000000000001,1480.6185006862395,1591.1530556871949,-110.53455500095538,1520.5674421984136,1502.6202738054549,17.9471683929587
1-fecbff37-8e1e-4cdb-8969-93615d0023f1,2485.0,2711.4,-226.4000000000001,1496.937176858158,1578.8572225219912,-81.9200456638332,1517.8327801888588,1503.086666914591,14.746113274267827
1-7ece7bb8-982d-4da1-82c8-f1f18780856a,2579.8,2711.4,-131.5999999999999,1503.5269912275794,1565.6897632210816,-62.16277199350225,1520.8147081272134,1502.9683728484993,17.84633527871415
1-4218776e-1537-43fe-aeb8-78a9bd39840e,2617.8,2695.4,-77.59999999999991,1536.714843670579,1493.4733389928049,43.241504677774174,1514.1904520862076,1499.7318724952884,14.458579590919271
1-7f854c26-3b9d-4830-bdf2-1ece63703e9b,2571.8,2591.8,-20.0,1506.5764137511446,1527.7143695366099,-21.137955785465238,1506.424169342042,1514.5984181868357,-8.174248844793738
1-f959ff99-f4fe-4140-8464-ad3509d1c652,2890.8,2646.6,244.20000000000027,1531.1028069712188,1514.2929668365994,16.809840134619435,1497.304502766515,1503.4257186658629,-6.121215899347817
1-34a8d412-d6ea-405b-ae13-36dab06458ab,2395.8,2590.6,-194.79999999999973,1517.071120388141,1507.9453942630619,9.125726125079154,1521.8022950475913,1504.3358458588193,17.466449188772003
1-ab07e28e-53b6-4ade-b89e-b14c6260aa09,3046.4,2957.4,89.0,1499.320888886459,1518.2223088733588,-18.901419986899782,1501.4355902143766,1500.7604037015687,0.6751865128078407
1-17700351-e03a-4981-9e88-ae80c0f4c957,2542.4,2615.4,-73.0,1496.7912518492153,1508.50425723271,-11.713005383494647,1506.2883695626592,1509.1747776982352,-2.886408135575948
1-d86f3571-c9fd-43b2-bba1-043d9f3c4156,2679.6,2615.6,64.0,1500.0,1505.3588982441331,-5.358898244133115,1500.0,1509.5446297247756,-9.544629724775632
1-b1fe6b9c-92ff-46f8-892f-5986f1419cd5,2725.2,2745.6,-20.40000000000009,1509.9389754189388,1492.7450815804625,17.193893838476242,1512.7298146606136,1507.7703346904443,4.959479970169241
1-f73424de-e938-48b6-b723-999514ae43eb,2565.4,2529.2,36.20000000000027,1497.3825890745688,1522.4720850198732,-25.089495945304407,1500.1091928545952,1500.3377670710092,-0.22857421641401743
1-a4ff2c63-275a-4548-b032-469952ca7765,2580.6,2704.6,-124.0,1511.061739897002,1499.7031533069826,11.358586590019513,1500.5833020606417,1500.3302362448842,0.25306581575750897
1-0dc55365-366d-4fb4-9108-15027708c912,2945.6,3047.6,-102.0,1497.9237520329489,1497.0669094565249,0.8568425764240146,1497.96254696279,1505.6318430258716,-7.669296063081674
1-21dcc387-38d2-4863-a741-d8806dab7b41,3126.2,2907.8,218.39999999999964,1510.1967522909877,1488.2330565515363,21.963695739451396,1504.9086900223513,1500.4550382325158,4.453651789835476
1-56a79cbb-2a80-4086-8e85-53a70c94d10e,2796.4,2868.8,-72.40000000000009,1510.5809490084896,1497.0487368042184,13.532212204271218,1500.143259743257,1500.1716722123429,-0.02841246908587891
1-b93a6204-8ff3-4e52-a6f8-17bde5b32eec,2775.8,2971.2,-195.39999999999964,1503.2872706992264,1501.3198702864877,1.967400412738698,1525.6243970302473,1502.3114616746363,23.31293535561099
1-40772135-347d-4c55-b749-86fe53715014,3054.4,2950.2,104.20000000000027,1509.5721649578697,1510.6553105580988,-1.0831456002290452,1500.4698632741042,1498.8586609832075,1.6112022908966992
1-e87caebc-b9f5-416b-9144-644caa3ac66f,3014.8,2711.4,303.4000000000001,1482.406718909753,1517.0090076267002,-34.602288716947214,1517.498684163044,1505.1645392295454,12.334144933498465
1-1d41a665-1113-4c5c-b945-85fdae85be95,2711.4,1819.8,891.6000000000001,1501.057717151114,1500.0,1.0577171511140477,1506.2963087847183,1500.0,6.296308784718349
1-bba3c1f2-62b6-4c67-a9d7-281472f583ec,2309.0,2711.4,-402.4000000000001,1500.0,1484.336892668307,15.663107331693027,1500.0,1508.2250560813293,-8.225056081329285
1-1c8cadf9-de97-4dec-a898-385a4d4eeee8,2711.4,1104.8,1606.6000000000001,1466.8132159378893,1500.0,-33.186784062110746,1515.8975065063278,1500.0,15.897506506327773
1-70bb576a-396c-4c61-a03a-fc1ad3095d2e,2715.8,2788.2,-72.39999999999964,1526.4755636265668,1474.3150601761613,52.160503450405486,1517.6257298434175,1500.1346481957448,17.491081647672672
1-5d0ac10f-37da-4a22-a7db-e1c8e3618921,3205.2,3222.4,-17.200000000000273,1519.9797211362304,1496.290524938296,23.689196197934507,1502.7566571111106,1502.754947404825,0.0017097062855100376
1-23bd12f6-82e6-4d71-a934-ee13e751da32,2957.4,3134.2,-176.79999999999973,1499.9303661575527,1479.1898866229799,20.74047953457284,1502.2770400743818,1503.4484717881583,-1.1714317137764283
1-dcc0275e-ee63-431d-87d9-9708f1d7f17d,2932.4,2856.2,76.20000000000027,1477.8804772490523,1496.565467258715,-18.68499000966267,1500.1340614914448,1493.6056145031189,6.528446988325868
1-352660b3-77ba-4303-a51f-276ff9853823,2929.8,2867.8,62.0,1489.9099418434014,1506.6508997211745,-16.7409578777731,1499.8373378630688,1497.1744907863435,2.6628470767252566
1-20bc2c70-6fea-4014-913e-61ec47ed9eca,3085.2,3041.6,43.59999999999991,1490.3815652915018,1503.905621440074,-13.524056148572072,1497.3908659566346,1504.4559358411534,-7.065069884518834
1-a54d596a-70b9-45bd-84cf-298ef884a3d6,3114.4,3003.6,110.80000000000018,1485.039859722478,1500.7869313067456,-15.747071584267587,1505.7169316717493,1500.2815085116556,5.4354231600937055
1-3e01b60a-c5d5-4c87-92ef-cd5e1fd2d677,3087.8,2939.6,148.20000000000027,1510.8657446816128,1496.8204263270686,14.045318354544179,1505.3779262594253,1500.1009760198353,5.276950239589951
1-7931fe25-d27c-427e-8bab-0bd13b66eeb7,3049.6,2960.4,89.19999999999982,1500.5174520642606,1509.653383661371,-9.135931597110357,1499.0014039128514,1497.8859883408775,1.1154155719739265
1-84d926f9-0a4e-4bf4-8293-8a9e5efde5a6,2307.8,2370.0,-62.19999999999982,1514.0245749411101,1500.0,14.024574941110131,1500.0,1500.0,0.0
1-88517c03-8f3b-46f7-9ee9-42703b236d9f,2307.8,2277.6,30.200000000000273,1497.9292127953602,1500.0,-2.070787204639828,1500.0,1500.0,0.0
1-cf66effe-7102-407b-8dd8-97e0e96e6940,2341.2,2307.8,33.399999999999636,1500.0,1514.601228640772,-14.601228640771978,1500.0,1500.0,0.0
1-d42eb892-e66d-46b0-b1dd-6745247a438e,2260.8,2307.8,-47.0,1500.0,1532.0741144075423,-32.07411440754231,1500.0,1500.0,0.0
1-197415b2-2307-48d2-8769-d426590b5135,2307.8,2360.0,-52.19999999999982,1550.3779826687392,1500.0,50.37798266873915,1500.0,1500.0,0.0
1-79d35009-a04c-457d-8ab0-def6ae23c239,2371.6,2307.8,63.79999999999973,1500.0,1536.0313651923866,-36.0313651923866,1500.0,1500.0,0.0
1-cdc126ef-8475-43d5-8e08-4a9f783ea15a,2307.8,2373.6,-65.79999999999973,1554.5217764292256,1500.0,54.52177642922561,1500.0,1500.0,0.0
1-7f60836d-0f23-43fd-ba63-fab46856816c,2405.4,2307.8,97.59999999999991,1500.0,1540.3726838542825,-40.37268385428251,1500.0,1500.0,0.0
1-bb1d2c1e-e8d7-487f-ab95-b484a8186e51,2255.6,2307.8,-52.20000000000027,1500.0,1525.5470534122321,-25.547053412232117,1500.0,1500.0,0.0
1-20a92df0-3df3-4fad-aed2-1c0ef763bc80,2270.8,1192.8,1078.0000000000002,1516.7023986633528,1500.0,16.702398663352824,1500.0,1500.0,0.0
1-4618aede-af1d-4271-9847-3df217874575,2214.6,2270.8,-56.20000000000027,1500.0,1500.736306793522,-0.7363067935220897,1500.0,1500.0,0.0
1-8a9527c6-9d29-4082-bd1a-6dba2bfdb849,2270.8,2049.2,221.60000000000036,1484.0,1500.0,-16.0,1500.0,1500.0,0.0
1-428f6f85-d8cc-4b83-af45-9ff92be27802,1739.0,2270.8,-531.8000000000002,1500.0,1500.0,0.0,1500.0,1500.0,0.0
1-72b68a91-08cf-473a-9730-42ca10f78647,3231.0,3349.0,-118.0,1500.0180243760879,1508.5906818622846,-8.572657486196704,1501.3231344088829,1509.820812687909,-8.497678279026104
1-3391c461-575e-4ed7-93ec-5afcebffd4a3,3204.0,3185.0,19.0,1489.779089382551,1515.036911530642,-25.25782214809101,1496.844211587375,1506.557078790718,-9.712867203342967
1-0a0c2146-33bd-4456-9b0a-98ed8c1961f4,3160.6,3199.2,-38.59999999999991,1521.3119328375492,1496.8663173810623,24.44561545648685,1497.0941076639488,1500.0,-2.905892336051238
1-4272d5d0-43b9-406e-b56e-0640c9cb5fac,3017.0,3379.8,-362.8000000000002,1503.1437237790446,1515.0804926159494,-11.936768836904776,1499.2151221970394,1496.8138936244704,2.4012285725689253
1-8807f053-476e-4385-9fb6-00410557374e,3512.0,3460.4,51.59999999999991,1515.2502662883799,1496.8,18.450266288379908,1498.9385434425096,1500.0,-1.0614565574903736
1-a721f420-70f4-4813-921a-ee9ddd01550e,3322.0,3122.8,199.19999999999982,1496.8,1515.4216136448254,-18.621613644825402,1500.0,1496.8178632314623,3.1821367685377027
1-f637c8e0-0c81-4673-a944-b4cf346ea022,3158.8,3190.6,-31.799999999999727,1490.7058541002627,1512.4213608145208,-21.715506714258026,1507.0408276737214,1497.8365314199955,9.204296253725943
1-8587cfae-87e7-46a8-bd0c-21a92ac32b18,3176.6,3283.6,-107.0,1506.046819424495,1496.8,9.246819424495015,1500.2817707258323,1500.0,0.28177072583230256
1-05cb4057-cc95-4fb7-aba9-611ba0fc2958,2976.4,3080.6,-104.19999999999982,1490.3946046326703,1506.252461990426,-15.85785735775562,1498.0627657319822,1499.956145971826,-1.8933802398437365
1-44f52858-aabe-4d2f-a8ff-346a15a06518,3298.2,3029.8,268.39999999999964,1503.1111233024562,1496.7413386879696,6.369784614486662,1501.027748399778,1500.0,1.02774839977792
1-ca0b77da-0dff-4296-bf0e-03556c286884,3048.0,3363.6,-315.5999999999999,1506.3697846144867,1500.0,6.369784614486662,1501.5416225996669,1500.0,1.54162259966688
1-0c22f233-fdab-486c-8428-e7741f28cee9,2826.8,2831.2,-4.399999999999636,1506.3639364999583,1503.083245199334,3.280691300624312,1500.0,1487.3178790241013,12.68212097589867
1-88ceb8d0-0dfb-4887-91d9-202698ad8427,2895.8,3067.8,-172.0,1500.0,1500.0,0.0,1500.0,1500.0,0.0
1-4e5ad76d-4b1b-4903-84bc-a77d8260f525,3030.6,3045.6,-15.0,1530.8364383566936,1498.1913541912872,32.64508416540639,1507.6976529785904,1502.3272917894847,5.370361189105779
1-56c79598-f7f1-4a8e-8e1a-897e30a01202,3130.0,3310.0,-180.0,1511.246730640367,1501.2088442484333,10.037886391933853,1506.0831545552555,1515.6474860398243,-9.564331484568811
1-d3294f88-525b-4624-9d67-f1ba274f729a,3221.4,3283.6,-62.19999999999982,1485.4245657168972,1514.8170755023816,-29.392509785484435,1504.8116597398293,1506.4319058385995,-1.620246098770167
1-1fa7ff9b-73b6-434c-801f-6cfc6cd27e4e,3090.0,2955.6,134.4000000000001,1511.5033995390081,1514.2448866037132,-2.7414870647050975,1508.0494310044119,1500.011798140382,8.037632864029774
1-c246bdea-ac93-47b4-84b6-75bd10932616,3161.2,3257.6,-96.40000000000009,1497.0728569434755,1511.0570142626602,-13.98415731918476,1498.299570256814,1504.1089235197664,-5.809353262952527
1-ea4f8fea-6562-4979-ba2f-d21af4db3c90,3395.6,3282.2,113.40000000000009,1494.2307191060495,1531.4085754567036,-37.17785635065411,1507.836457855044,1503.3198731802331,4.516584674810929
1-82f9b9f1-9046-4d69-95dc-9513457d9fd3,3089.0,3034.0,55.0,1494.6586586126043,1528.5768503238876,-33.91819171128327,1505.2371499953706,1501.1614319813846,4.075718013986034
1-054d1087-3e35-4961-9460-0918624ae9f4,3332.6,3337.6,-5.0,1490.098540081452,1536.2992227607892,-46.200682679337206,1498.3551855920362,1503.8666622137628,-5.511476621726615
1-a696b469-7bda-4ab2-b7a4-9c88a4cc8bbf,3332.0,3237.8,94.19999999999982,1505.7608505627845,1549.6541676971772,-43.893317134392646,1492.7544260644759,1500.5986848534812,-7.84425878900538
1-d608f2bc-c9f7-4ebd-b1a8-4cb998e416a8,3107.2,3181.2,-74.0,1541.0804891512967,1510.3286847365348,30.751804414761864,1501.4793314546673,1505.8623390813561,-4.383007626688823
1-da193b24-3696-4ea6-9fff-935a94462cdc,3227.4,2946.0,281.4000000000001,1500.0,1548.438650249127,-48.43865024912702,1500.0,1499.2747505898533,0.7252494101467164
1-334ff1e3-d86d-4f4d-8675-6eb538e03e20,3094.4,3089.0,5.400000000000091,1494.2210977165316,1555.5114299242055,-61.29033220767383,1500.2147492018921,1501.529344923591,-1.314595721698879
1-f64374b3-ce46-467b-8a16-2ce60fffc080,3251.2,3073.4,177.79999999999973,1542.6035281122372,1495.934146617074,46.66938149516318,1500.6494016642944,1498.2284429880197,2.420958676274722
1-1ecebf63-8e85-440b-aa30-d96470c9edea,2889.6,2846.6,43.0,1498.3249052938568,1548.9380641026953,-50.613158808838534,1513.1616224105148,1499.9884413215277,13.173181088987121
1-77a71c1d-bc03-4c6d-ad79-d1d40271f4ff,2566.2,2557.0,9.199999999999818,1546.4610135688642,1497.4703246310214,48.99068893784283,1498.947485404707,1521.298104714024,-22.350619309316926
1-c984ba99-d3ee-4ed0-a6ff-0aacc3f4cc77,2599.8,2697.6,-97.79999999999973,1531.9471570710361,1493.759904967583,38.18725210345315,1500.1417934736082,1505.1927834462879,-5.050989972679645
1-6ca6620b-daf8-4fcf-8297-6ff846b1d4f7,2981.0,2863.2,117.80000000000018,1504.4398944354919,1527.1392626122956,-22.699368176803773,1509.053781794329,1505.992978724803,3.060803069526173
1-dcc4993b-f489-4158-9202-315181e8d124,2878.4,2933.2,-54.79999999999973,1526.9083742599737,1499.1085578937818,27.799816366191862,1503.7116715258508,1491.6500625946576,12.061608931193177
1-cf09eabd-6616-4609-a6d1-b9d3070aef80,2805.6,2733.6,72.0,1507.4021888794882,1504.5036308361916,2.898558043296589,1503.1950472070275,1498.014160502495,5.1808867045324405
1-c2195409-ebd3-4be8-991b-368f36f622ef,2876.0,2775.2,100.80000000000018,1530.7417794527266,1505.7627258917782,24.979053560948387,1498.44766365578,1485.514683166466,12.932980489313877
1-9564b0e2-2cc2-4ef9-a628-dd352c9b3fa0,2797.2,2605.4,191.79999999999973,1500.0,1502.0234423958962,-2.0234423958961543,1500.0,1498.4627135663632,1.5372864336368366
1-fb8e09b2-d298-4fc5-969b-adbaafa6a8bd,2609.2,2556.6,52.59999999999991,1497.2428100288246,1515.495269922411,-18.25245989358632,1503.8531042160075,1499.0657698969835,4.787334319024012
1-a4de3023-7963-4419-862d-6d5116854edf,2894.8,2844.6,50.20000000000027,1503.3000296031184,1512.7783615399767,-9.47833193685824,1499.6060813344038,1500.4445349931295,-0.8384536587257116
1-f94ec8d1-6233-480b-ae74-e5c5ef3de6f3,2778.6,2823.8,-45.20000000000027,1509.6733403799383,1493.8075255685312,15.865814811407063,1497.8573882724886,1507.7341886649174,-9.876800392428777
1-ee544417-5dd5-4333-bfdd-228d999faf39,2876.8,2893.6,-16.799999999999727,1495.2302095572236,1503.4544683094525,-8.224258752228934,1497.6308317293142,1496.3464989551592,1.2843327741550183
1-8615c529-81d1-4766-9629-a86c0392335e,2778.6,2910.0,-131.4000000000001,1493.9025069606234,1500.0,-6.097493039376559,1500.3224730432694,1500.0,0.3224730432693832
1-c9fe31c8-19d0-43e4-9ba1-d5d5dbb12444,3332.8,3442.6,-109.79999999999973,1496.9390478093708,1487.1996271323974,9.739420676973396,1501.0687199383926,1501.6005821476285,-0.5318622092358964
1-7377d22b-b7fe-4878-89ab-9990acccf6e5,3394.6,3497.2,-102.59999999999991,1503.1421595075958,1499.9057625015673,3.236397006028483,1500.8155131153358,1496.133227821643,4.6822852936927575
1-5d89cfef-1604-4a58-9f93-6b83eaaa3c60,3383.2,3382.4,0.7999999999997272,1503.3086246953112,1500.1431026905352,3.165522004775994,1504.5990580784085,1506.30742354856,-1.708365470151648
1-0011c691-91d3-470e-8c7d-cee3e084ad31,3244.0,3200.0,44.0,1512.8780626518924,1496.5496857586443,16.328376893248105,1501.4025611090735,1494.3108573673808,7.091703741692754
1-5997f809-c79f-4e56-a890-b28aa48eee00,2832.2,2881.0,-48.80000000000018,1526.8888468558512,1521.8968589625997,4.991987893251462,1493.7042479639015,1500.51722958417,-6.8129816202686015
1-7a7c3956-1b72-4736-8906-b9a30ca92715,2976.4,2986.8,-10.400000000000091,1505.9277929293435,1503.196995155627,2.7307977737164038,1501.8387748088383,1506.1196913456533,-4.280916536815084
1-85bdd1a3-a42f-43cf-87a2-78da2f68678c,2576.8,2769.6,-192.79999999999973,1510.4053132396673,1502.880748992313,7.524564247354192,1502.8967574579046,1494.2267258050651,8.670031652839498
1-56e36e73-7645-4bb5-9250-34d9a1b9f221,3258.2,3336.4,-78.20000000000027,1518.6289917053484,1524.9734352790672,-6.344443573718763,1510.0244249205666,1508.6837817618393,1.3406431587272891
1-f457da88-b426-4f1a-95ab-a14175e405b3,3015.2,3186.8,-171.60000000000036,1499.2531832644443,1511.7433347055407,-12.490151441096486,1492.757390023859,1509.011141940662,-16.253751916802912
1-74e2792a-5f96-4010-af01-24ba76efce9c,3447.8,3247.8,200.0,1522.5601058227744,1519.7406913580865,2.819414464687952,1502.4745570008313,1501.9930820879904,0.48147491284089483
1-640565f8-67c8-495b-b030-b7269d813b32,3381.4,3580.2,-198.79999999999973,1537.5046884414987,1509.6015904353906,27.903098006108166,1504.0524760135518,1496.1126733219987,7.939802691553041
1-7ecab0c8-a0f7-4bb8-88f5-44ccc7799d23,3134.0,3084.6,49.40000000000009,1484.5983442277795,1534.781703558592,-50.183359330812436,1517.0884296129018,1507.1279323633032,9.960497249598575
1-7fdedcd4-ebe7-4ab2-a4d8-ea0daa33188d,3084.6,3251.2,-166.5999999999999,1519.5296338433163,1503.2766887598161,16.252945083500208,1508.0344623253993,1500.0,8.034462325399318
1-78a6a396-12de-4fe1-9e53-10ce2ef010a2,3084.6,3361.0,-276.4000000000001,1503.5707199085398,1502.6785453770528,0.892174531486944,1509.7324543589214,1516.8559173433418,-7.123462984420485
1-e5990a12-8431-4539-90e6-aae5ad5fee31,3115.6,3026.6,89.0,1511.323697393413,1567.4717712602696,-56.14807386685652,1467.7077534173634,1498.7580673163402,-31.05031389897681
1-4d12cefa-4f03-4b97-b29e-2f096dd0cd72,3100.4,3391.0,-290.5999999999999,1499.8864362875852,1462.7563512401211,37.130085047464036,1492.4647643035746,1510.8311794909316,-18.366415187357006
1-f3c4ede0-0726-4293-9153-7b04cd5abf66,3048.2,3120.6,-72.40000000000009,1490.1380606462408,1477.633907021203,12.504153625037816,1502.4816590456824,1499.7243526771472,2.7573063685351826
1-80eeaac6-e8c5-4b57-a1a1-98e709972d13,3338.0,3113.0,225.0,1507.1268873114618,1507.2956215859463,-0.16873427448445,1497.9130194109025,1503.2022762919348,-5.2892568810323155
1-94fe1c99-f822-4628-91eb-ed358431cbdf,3715.4,3705.6,9.800000000000182,1517.9936733184759,1509.7386615898426,8.255011728633235,1521.5915782602913,1505.9656867422214,15.62589151806992
1-2f598de5-499d-4d8a-9550-7a3931d08321,3249.4,3103.4,146.0,1496.4195982280607,1491.7212193602275,4.6983788678332985,1497.4432983977497,1504.859555754459,-7.416257356709366
1-43ac215e-a9a1-467a-9ec0-d2dd2436111c,3424.4,3335.4,89.0,1488.297561542278,1493.7043915609859,-5.4068300187079785,1503.4494407773523,1502.958489620522,0.490951156830306
1-20e7fe9c-b0a5-40dc-93d5-58ee996aa9e4,3581.6,3514.8,66.79999999999973,1526.6198609053997,1510.5496044236284,16.070256481771366,1510.8959171104038,1503.451780793157,7.44413631724683
1-fc93205c-8708-4cd4-a830-084caa1a29c0,3010.6,3238.8,-228.20000000000027,1488.4492965489185,1469.8001979576734,18.649098591245092,1502.964028388898,1502.7044713142755,0.25955707462253486
1-9ae194f9-4a76-4074-87e0-d752c4d4d82c,3489.8,3575.6,-85.79999999999973,1503.2912191584792,1500.458808749256,2.8324104092232574,1504.2375982454673,1505.9212893696463,-1.6836911241789494
1-4ae229fa-afed-427e-9fcf-ce6ad5bfc709,3295.6,3555.0,-259.4000000000001,1500.3045541416777,1484.707799198261,15.596754943416727,1502.621791908019,1507.0410901025737,-4.419298194554585
1-657637cf-1291-4985-86d5-b58ab717716e,3404.0,3179.4,224.5999999999999,1514.0654906171685,1510.3805725462723,3.684918070896174,1511.768250916351,1507.0380952574083,4.730155658942749
1-a9dd1c5f-7b61-4ecd-b3f4-29cee008481b,3314.6,3185.6,129.0,1508.9758678568223,1491.454319712325,17.521548144497274,1512.431836078595,1503.0563462086363,9.375489869958756
1-786ad3c6-0837-42e7-a884-14873492bdad,3375.4,3354.4,21.0,1501.7542344287972,1483.5586651257431,18.19556930305407,1507.4328281641979,1502.9492560763213,4.48357208787661
1-050b3572-b096-4c2c-bdda-ad52cd6d65dc,3285.2,3489.8,-204.60000000000036,1484.1819672888641,1472.3821500884353,11.799817200428834,1503.4448659679856,1504.3833494586083,-0.9384834906227297
1-48ae3d84-17e9-4477-8bfc-0a938dd01f54,3279.6,3266.2,13.400000000000091,1498.0153225286008,1507.4812295738516,-9.465907045250788,1504.9229627556613,1508.735930418333,-3.812967662671781
1-5cfbbcea-ec06-4167-bea6-bebd551f60b2,3355.0,3375.0,-20.0,1519.7418255336847,1493.8586678458107,25.883157687874018,1506.5744464583393,1501.9252330061634,4.6492134521759
1-bb9b42fb-35b9-49f8-8211-324c813c0d56,3379.6,3466.2,-86.59999999999991,1516.6613772266778,1515.6389117065235,1.0224655201543555,1504.7788605175385,1503.229718968763,1.5491415487754239
1-ef50583d-10db-4be2-b505-4c4587c7a18d,3367.2,3249.8,117.39999999999964,1481.3519175413885,1500.1178475149386,-18.7659299735501,1500.915546351749,1509.3698200677748,-8.454273716025682
1-3f358cf5-a6a5-4390-9324-e60fe49c98ad,3441.8,3448.0,-6.199999999999818,1490.379039126139,1512.9688306695143,-22.589791543375213,1502.4600850179622,1503.653807706899,-1.1937226889367594
1-c9330640-cadc-4302-bc15-175cc250659b,3404.0,3388.6,15.400000000000091,1493.3937572826167,1499.7337207107498,-6.33996342813316,1497.9508768586275,1503.4429713660088,-5.492094507381353
1-ebf1378c-a07a-45cb-ad2f-0a9cef360d12,3120.4,3287.2,-166.79999999999973,1494.0296188050274,1494.888904750801,-0.8592859457735358,1504.9459922576948,1506.9047563492772,-1.9587640915824522
1-8a8740fa-5427-4947-b269-bc87aeb18837,3392.4,3311.4,81.0,1502.8164370462007,1502.7081788055796,0.10825824062112588,1508.5939165178488,1498.6153331752876,9.978583342561251
1-6fe2fc45-c0c6-4c6e-80b3-b61385198ee2,3372.4,3382.6,-10.199999999999818,1515.5482751510117,1486.9369850747034,28.61129007630825,1501.2314593386664,1504.4825628979736,-3.2511035593072393
1-c74b6f87-4b0d-49e3-bfa3-f4cd76e56d18,3214.8,3198.0,16.800000000000182,1504.267881538258,1503.424305075483,0.8435764627749904,1497.1417077331578,1508.7035979262246,-11.561890193066802
1-9c331a91-d4f8-4d43-b162-87718457c888,3337.6,3370.4,-32.80000000000018,1494.193231913598,1496.6493442750605,-2.456112361462374,1504.4141706378211,1499.5685539465987,4.8456166912224035
1-b227f7c3-d2ce-4ff2-b7f6-73ef5ea81498,3588.8,3473.8,115.0,1480.5142809832096,1522.8169198237078,-42.302638840498275,1499.4354180807163,1501.7245010430574,-2.2890829623411264
1-ad8618ff-0174-4431-beeb-61fb352e1756,3360.0,3364.6,-4.599999999999909,1502.8398429907113,1512.9275468172762,-10.087703826564848,1497.7712344794604,1506.0631851982862,-8.291950718825774
1-e31b4f88-8953-4b83-b61e-9cde8f585930,3175.4,3420.0,-244.5999999999999,1499.8450777962487,1506.3078329751147,-6.4627551788660185,1501.623512421255,1494.0787489436618,7.544763477593278
1-f5c68a38-3b84-4d8b-adb3-7aa1d5f75798,3261.2,3366.2,-105.0,1509.623508807505,1499.4512141713026,10.172294636202423,1505.7050626727691,1502.7817497997928,2.9233128729763393
1-28619c13-9d28-4b09-a3f5-ebd5a6e2557b,3386.4,3415.0,-28.59999999999991,1506.924536386285,1497.1708955262075,9.75364086007744,1503.8360087500785,1505.6752431907526,-1.8392344406740904
1-a7fb44e3-6aa5-4b36-9855-4ce51fb9524d,3805.8,3623.8,182.0,1512.925224793706,1490.4290069392928,22.496217854413317,1504.7490541968848,1500.1547182097354,4.594335987149407
1-cf403d5b-968a-4d3c-ac03-3c47c8460683,3316.8,3164.6,152.20000000000027,1503.7629399534749,1503.4197384163601,0.3432015371147372,1510.9083030552852,1504.0651749337626,6.843128121522568
1-e669921f-fb02-497c-b4fe-3088e71047a1,3312.4,3258.2,54.20000000000027,1490.3986037348336,1490.117955742674,0.2806479921596292,1496.5961564503946,1501.307848296573,-4.7116918461783825
1-66d03fb9-b2dc-44c7-a33d-f5a8d2434f3b,2450.6,2343.0,107.59999999999991,1496.9536927671008,1477.4246989518845,19.52899381521638,1501.0648737194977,1499.7899649702235,1.2749087492741182
1-7a9fc872-368f-4f35-84e1-3f2c72428a37,2076.4,1926.4,150.0,1500.0,1497.9978015611673,2.0021984388326928,1500.0,1499.722669998203,0.27733000179705414
1-cb220e44-62f1-4d99-a5f1-18cc931a5bab,2315.2,2575.8,-260.60000000000036,1490.405580436477,1503.1413318457924,-12.735751409315299,1504.2017246212167,1493.6294722558143,10.572252365402392
1-ea3dbb06-e0ff-4091-8be8-97466c67c5d0,2337.2,2574.6,-237.4000000000001,1496.2597082702255,1497.0433720957249,-0.7836638254993886,1499.6453643845423,1526.6903112601508,-27.044946875608503
1-ed59d15f-0d46-4eda-abc1-b1b8dc8f47eb,2790.6,2719.2,71.40000000000009,1493.7004459776817,1485.7094491025123,7.990996875169458,1498.2423887743553,1501.0446256386142,-2.80223686425893
1-79f80994-72d7-497d-9953-72436dfc4357,2794.8,3003.6,-208.79999999999973,1513.8120587699343,1514.0350458962912,-0.2229871263568839,1501.0206587294506,1504.2540880826327,-3.233429353182146
1-87c07a55-9789-4244-8757-460040a99d8d,2469.6,2476.6,-7.0,1492.9518723246513,1500.0,-7.048127675348724,1499.487126979097,1500.0,-0.5128730209030437
1-6d0b5fc0-5a62-412e-84bb-c5bbf0e59f24,2329.2,2472.2,-143.0,1502.7263621670922,1500.0,2.7263621670922475,1499.638976863216,1500.0,-0.3610231367840697
1-42509d40-23c0-4728-890e-9fc81fe753d8,2735.2,2846.4,-111.20000000000027,1482.5715536497812,1496.8522611628118,-14.28070751303062,1498.8841186062568,1495.8268391064262,3.0572794998306563
1-4d2e48dd-e633-4d16-8845-10a60281831f,2438.4,2463.8,-25.40000000000009,1519.1309098323904,1483.3607143065767,35.77019552581373,1502.7626916195031,1498.0140099951398,4.748681624363371
1-c6f3d377-345f-4328-a657-e4f0f10aa13a,2550.0,2491.8,58.19999999999982,1515.87754601326,1510.0719378659585,5.805608147301427,1500.1580319465274,1520.352719633572,-20.194687687044507
1-8a0af32d-79fc-44c1-8894-a56cbc1b5eb3,2885.8,2895.0,-9.199999999999818,1523.8714780323646,1497.0434673627574,26.828010669607238,1500.42061244112,1497.8038139383407,2.6167985027793748
1-4ec9dafd-1957-45c2-ae98-32433a9c5bc0,2574.2,2298.4,275.7999999999997,1518.2402597629512,1534.2556521272577,-16.015392364306535,1493.6578588961038,1495.324029726612,-1.6661708305082357
1-79d94ee9-ba78-4f69-8796-33449c2de382,2298.4,2567.4,-269.0,1519.5959670647774,1490.423030831506,29.172936233271457,1499.7903810991802,1500.8335151854646,-1.0431340862844536
1-6340720d-3d1b-4ecd-9a83-ddf7ad9e7e28,2416.6,2373.4,43.19999999999982,1507.080520362996,1496.7697066357882,10.310813727207687,1500.2696656435235,1500.0,0.2696656435234672
1-7eaefcee-3547-4ae8-845f-4ae3ec2c92b6,2508.4,2418.0,90.40000000000009,1503.2589395120508,1520.3527196335722,-17.093780121521377,1506.4,1499.8353200826732,6.564679917326885
1-f5518317-a956-4cef-bc94-fa86372f61bb,2490.6,2324.4,166.19999999999982,1500.0,1511.0581648874456,-11.058164887445628,1500.0,1499.9411906689936,0.058809331006386856
1-a806420d-3018-4f12-9f2a-6f0dc98975a6,2617.4,2454.4,163.0,1502.510511473716,1521.173342564304,-18.662831090588043,1483.2643472362452,1499.0977236110405,-15.833376374795307
1-0f53a130-b326-460b-87ec-219d08bd0c77,2762.2,2334.8,427.39999999999964,1503.3163088366596,1518.0716415510728,-14.75533271441327,1512.6336367521988,1492.3655961839354,20.26804056826336
1-5e11d5da-2308-4dce-8b6e-d63188ccdc3d,2576.2,2501.8,74.39999999999964,1518.6466213241652,1500.0,18.646621324165153,1496.1451943548038,1500.0,-3.8548056451961656
1-f5b971d9-dff6-44e0-946b-d74b744cd191,2557.4,2491.2,66.20000000000027,1496.7952914393945,1509.2840976023867,-12.488806162992205,1502.9711127315995,1497.9934247198712,4.977688011728333
1-e8b1fb67-af9a-46b8-9654-42e4948c545a,2843.4,2739.8,103.59999999999991,1487.0258076991431,1506.3338848604405,-19.308077161297433,1497.2933891307173,1504.8677321212458,-7.574342990528521
1-346e53cb-64da-4907-ad48-fc532374ea8c,2086.2,2040.8,45.399999999999864,1500.0,1506.3123582919195,-6.312358291919509,1500.0,1496.8271936062642,3.1728063937357547
1-0f10c547-2db9-4b3a-83bd-f16e8b646be1,2625.0,2627.6,-2.599999999999909,1503.1707572001033,1496.8294722558144,6.341284944288873,1496.8249149567139,1500.0,-3.175085043286117
1-4a213e8b-b33e-4155-8594-cfcdace45f54,2718.8,2784.4,-65.59999999999991,1496.8249149567139,1500.0,-3.175085043286117,1500.0,1500.0,0.0
1-f7067739-6bcb-40eb-b1f0-90ae2114ecd4,2667.8,2575.4,92.40000000000009,1469.298987656827,1500.0,-30.701012343173034,1502.6181059598725,1500.0,2.618105959872537
1-8ebd5fc3-7bb0-47e2-8270-4ed064a4ebf6,2667.8,2688.2,-20.399999999999636,1484.4283799526906,1503.352077066047,-18.92369711335641,1499.2744598095217,1516.5240051871363,-17.249545377614595
1-5a10a682-4c1f-4389-a9d8-b39810a130e3,2713.2,2715.6,-2.400000000000091,1500.0,1484.4845900240484,15.51540997595157,1500.0,1498.769272626271,1.230727373728996
1-8f2d11a8-70cc-44b8-98b9-624309d76fbb,2687.8,2707.2,-19.399999999999636,1500.0,1490.565283676801,9.434716323198927,1500.0,1499.1729440239255,0.8270559760744618
1-a2a5c2e6-518c-45bd-b107-21b2002cd8a3,2708.2,2667.0,41.19999999999982,1500.0,1500.1410062841894,-0.14100628418941596,1500.0,1497.5022682430183,2.4977317569816933
1-c1e03ddf-cdc2-4130-b52d-4a8004d256a2,3046.6,3041.8,4.799999999999727,1493.742116814339,1493.6564322299073,0.08568458443164673,1496.795207336736,1503.0636051552735,-6.268397818537551
1-1f52dbbe-c7af-4ab3-92ee-25088f63a38d,2955.4,2894.4,61.0,1490.6043820799975,1496.6137060557887,-6.009323975791176,1500.4,1479.7504947339426,20.64950526605753
1-90b53a2b-190e-4d7e-804f-92bc4f2045cc,2889.0,2913.2,-24.199999999999818,1490.5768131687694,1500.0,-9.423186831230623,1503.5752037260984,1500.0,3.5752037260983798
1-ae195990-66b4-4c37-adda-59f19eea6992,2797.0,2724.0,73.0,1500.0294722558142,1503.2,-3.170527744185847,1500.0,1500.0,0.0
1-4107038f-8c28-4411-b7bc-ba7550ff281f,3252.2,3040.2,212.0,1500.0,1496.8,3.2000000000000455,1500.0,1500.0,0.0
1-be374e88-ce5e-4f06-bebe-ca0c6e83aa1a,2810.8,2709.8,101.0,1500.0,1500.0,0.0,1500.0,1500.0,0.0
1-8c409451-0da7-4378-a216-b759cb5c3d37,2917.0,3126.4,-209.4000000000001,1509.574336301357,1493.3399564974902,16.234379803866887,1484.3673404721358,1497.5730031634916,-13.205662691355883
1-d3358c25-db31-48b8-baeb-347f128e3d49,3075.8,3290.6,-214.79999999999973,1493.3737513114518,1496.399686693563,-3.025935382111129,1500.9001112356052,1499.668541516744,1.2315697188612376
1-31915233-3581-4afc-8505-6a50709d28bd,3418.6,3273.4,145.19999999999982,1503.1694411131564,1502.717826207917,0.4516149052394667,1503.0525378971167,1501.9052566546036,1.1472812425131451
1-4c9c5074-0858-4f6f-9511-78326d1c6cd4,3041.0,3250.6,-209.5999999999999,1487.2661686882693,1496.4853732420622,-9.219204553792906,1496.0045169802954,1495.7252493166507,0.2792676636447595
1-faebe686-964f-4494-8ff7-5be5eb35b8ba,3230.8,3136.2,94.60000000000036,1500.1414527639033,1499.7635450971486,0.37790766675470877,1514.1798006419815,1500.2382980234192,13.941502618562254
1-96462ee5-b667-4a8a-ae38-a27e40aa197e,3102.0,3094.4,7.599999999999909,1503.0892515195212,1506.104711314257,-3.0154597947357615,1491.4683340972724,1499.950752708338,-8.482418611065668
1-ad6dfefc-a1ef-4d2c-a730-d4434f84621d,3088.4,2844.0,244.4000000000001,1502.9921844156302,1493.492546523848,9.499637891782186,1501.242393945236,1494.1661453194204,7.076248625815651
1-da20fcfa-4ece-45f5-9324-db8510fa0915,2994.4,2916.0,78.40000000000009,1500.112824311565,1506.2486919706303,-6.135867659065298,1506.391647735606,1501.5247863536538,4.866861381952276
1-2995ccba-43ac-4bfa-aeba-cdf84965cab9,3244.2,3232.8,11.399999999999636,1503.0466075174986,1512.9595586159794,-9.91295109848079,1486.5312855083503,1502.03615019244,-15.504864684089625
1-df7f3909-aefe-4f55-a7ce-1574afc406d7,3557.2,3348.2,209.0,1506.3705277441857,1503.0525378971167,3.3179898470689295,1500.0,1502.4043992123175,-2.4043992123174576
1-d26e9dea-a110-49e3-b0bb-ccc0a1006044,2939.4,2802.8,136.5999999999999,1503.2,1500.0,3.2000000000000455,1500.0,1500.0,0.0
1-2cad381c-0e31-497f-9737-c33e4cb26dfd,3379.8,3185.6,194.20000000000027,1500.0,1500.0,0.0,1500.0,1500.0,0.0
1-e34b8af7-eed6-4718-8e10-e540f6626f97,2496.2,2381.4,114.79999999999973,1475.9076690386712,1503.1813636175145,-27.273694578843333,1499.070333840858,1500.0,-0.9296661591420161
1-1f18e4a5-3650-4eef-bd6c-12a6c106c006,2500.4,2303.0,197.4000000000001,1477.5110676119325,1503.2249245690268,-25.713856957094322,1500.2189947023562,1509.4112917004875,-9.192296998131269
1-1428321e-cb36-45eb-9b30-f21583b0eea7,2519.8,2463.0,56.80000000000018,1487.3268669456772,1500.0,-12.673133054322761,1500.151009736869,1500.0,0.1510097368689003
1-8fead5ff-0173-4ab5-869f-21d6c7126dc5,2280.6,2424.0,-143.4000000000001,1502.880535785685,1489.837575957755,13.042959827929963,1499.956122081767,1500.1011229599876,-0.1450008782205714
1-0e7f5d2f-0e30-4330-908e-276663244758,2313.6,2387.6,-74.0,1500.0,1476.579804656205,23.420195343795058,1500.0,1499.5850744775355,0.4149255224645003
1-d8755983-3518-4f1c-83c7-6cc499e09fdb,2381.4,2415.4,-34.0,1482.6227301956476,1500.0,-17.37726980435241,1500.052467614589,1500.0,0.052467614588977085
1-ac172c7c-3f0c-4a48-a1d0-4facf527d299,2304.8,2558.6,-253.79999999999973,1496.7145818185545,1482.9109829248268,13.803598893727667,1487.6135270096736,1504.0304385852874,-16.416911575613767
1-ee3feb37-9e74-4dad-91c5-0493bd64fec1,2501.0,2564.8,-63.80000000000018,1492.3361326044947,1500.0585824053112,-7.722449800816548,1508.6961194282133,1504.7804303377955,3.9156890904178
1-7cd08515-84f5-46a1-a2d9-1e21a46def5f,2452.4,2480.4,-28.0,1496.7860097927073,1488.636524688461,8.149485104246423,1511.1653415523451,1503.4784083678376,7.686933184507552
1-2586d70c-92c0-4488-8868-62fdf2afc9f2,2427.6,2492.6,-65.0,1501.244513115207,1506.4567520240732,-5.212238908866311,1500.1083700210004,1495.6824344359563,4.425935585044044
1-883a6745-bd04-41f9-82b0-915a32681c51,2548.8,2566.4,-17.59999999999991,1504.6204562657445,1493.5092433108669,11.111212954877601,1499.3349705692733,1503.2,-3.865029430726736
1-a2950c1e-0750-405c-9acf-e0d4347a034a,2658.8,2614.8,44.0,1511.1653415523451,1512.6843186871833,-1.5189771348382237,1501.8530784370175,1502.7735783133146,-0.9204998762970718
1-211eb153-1227-463c-bf33-d8a955f1775e,2472.6,2449.2,23.40000000000009,1500.0,1507.9678872383179,-7.967887238317871,1500.0,1499.5987079391002,0.4012920608997774
1-923053f1-1084-4f10-ba2e-ccf3ad34a341,2550.4,2376.0,174.4000000000001,1501.5973105792466,1500.0,1.5973105792465958,1499.5444510563111,1500.0,-0.455548943688882
1-0e7e6ae9-81c9-40b6-9762-28960b1bf7d3,2701.2,2699.0,2.199999999999818,1495.2270674505824,1493.6116501823703,1.6154172682120134,1500.102503240552,1500.632451938158,-0.5299486976059598
1-eadcb3b7-588d-4791-9f4b-54d8b042950c,2457.4,2424.2,33.20000000000027,1488.7345243632426,1493.758743571108,-5.024219207865372,1500.7715626347149,1508.6194500383967,-7.8478874036818524
1-68234e04-a35f-412a-acb3-22b3e2b3eec2,2351.6,2585.2,-233.5999999999999,1493.610443595608,1495.1631256329435,-1.552682037335444,1500.0,1501.6360586596943,-1.6360586596942994
1-cf3e0e1a-d7e9-4f34-a070-1094ccb7edca,2458.0,2351.0,107.0,1488.364281983491,1510.044326868704,-21.680044885212965,1500.3841830589704,1503.1726605387933,-2.788477479822859
1-6125deec-dddd-4fd0-a775-661440d9da5d,2572.4,2387.8,184.5999999999999,1494.6660344252637,1500.0,-5.3339655747363395,1500.3715713701772,1500.0,0.3715713701772074
1-4dad0f60-e8aa-4775-b674-79726085df43,2401.4,2501.8,-100.40000000000009,1500.0,1484.7037305965418,15.296269403458155,1500.0,1497.2903348530353,2.709665146964653
1-5350acdb-a8d4-4c73-ac25-c013a83e4c0f,2399.8,2372.6,27.200000000000273,1504.5003775236576,1500.0,4.500377523657562,1506.25705125279,1500.0,6.257051252790006
1-a5e5c15f-ab0d-46fc-ae42-7a8e329759c6,2411.6,2502.2,-90.59999999999991,1491.0169852779798,1509.58423323171,-18.567247953730202,1501.6730022085294,1501.3492898259913,0.32371238253813317
1-c2a34647-bf15-402b-88ff-7a0390d7b92c,2388.4,2526.8,-138.4000000000001,1497.2471629257896,1506.4684413509715,-9.221278425181936,1500.5379379249766,1503.715604276761,-3.17766635178441
1-b7d17ec8-87a0-4df6-9984-079f4908cd01,2588.8,2418.6,170.20000000000027,1500.0,1503.715604276761,-3.7156042767610415,1500.0,1500.8098130890673,-0.8098130890673474
1-83420f5f-fd9e-4581-ac8d-0f54cb07fb16,2357.2,2370.4,-13.200000000000273,1503.2857515819105,1497.2035779414043,6.082173640506198,1500.0,1499.5747500442483,0.425249955751724
1-0953c91a-325d-456a-b999-17ce1ceffaa4,2300.6,2260.4,40.19999999999982,1490.631037086681,1500.0,-9.36896291331891,1498.8660001179953,1500.0,-1.133999882004673
1-3dbebb89-6619-434d-9363-6c19fc03652b,2500.4,2526.0,-25.59999999999991,1496.598000353986,1477.8946975602535,18.70330279373252,1500.0,1500.0,0.0
1-132b8c6d-9c4b-41fd-a71b-46b862e8b1f4,2401.6,2526.0,-124.40000000000009,1500.0,1493.6,6.400000000000091,1500.0,1500.0,0.0
1-348a1aab-4090-4dc3-921c-1b6de8bbe2c5,2479.2,2416.6,62.59999999999991,1500.0,1500.0,0.0,1500.0,1500.0,0.0
1-16e4b71a-1211-4d13-8e13-2af790f2dfdf,2559.0,2838.4,-279.4000000000001,1493.7378052955853,1487.4621416831726,6.2756636124127,1501.8805445687262,1499.533131474125,2.3474130946012792
1-416776e8-6804-47cc-938c-829e9f417d40,2912.2,2702.4,209.79999999999973,1489.887855273159,1490.5696044447373,-0.6817491715783035,1501.6894287616904,1498.8304115485184,2.85901721317191
1-d1ccdc6d-c6a7-4e63-9cad-22d795be82a0,2509.4,2607.8,-98.40000000000009,1494.1040550115808,1503.1327857869976,-9.028730775416761,1501.623686055081,1492.800284589398,8.823401465682991
1-dba621c3-604c-4413-8b5a-af4230d2c5f5,2781.6,2701.8,79.79999999999973,1509.7888160922453,1498.7017892158838,11.087026876361506,1498.1701623931096,1506.6704432171252,-8.50028082401559
1-e898a925-38d4-4530-9cfb-51bb7194dd16,2713.8,2689.4,24.40000000000009,1497.0279614559317,1478.1751431047621,18.852818351169617,1494.374682811228,1495.0294139901396,-0.6547311789115611
1-d6de6100-2da2-41a8-9745-c3acc1167c37,2491.2,2736.4,-245.20000000000027,1484.2482329917118,1483.8060055286555,0.4422274630562697,1494.2375109999755,1498.8858960419475,-4.648385041972006
1-9766ddb1-ad76-4c86-8944-8886ff23921b,2784.0,2792.6,-8.599999999999909,1505.9382648109881,1493.7403709108396,12.197893900148529,1504.2855689164003,1494.645876268716,9.639692647684342
1-62fc10e1-4576-409f-9043-9eedbe986b19,2473.0,2763.0,-290.0,1496.7705277441858,1499.7407827494303,-2.970255005244553,1496.8,1494.9562473165176,1.8437526834823075
1-d0827b0f-42ca-4a84-8ba7-afe1d8d80f2f,2574.6,2760.8,-186.20000000000027,1503.2,1500.4634655943655,2.7365344056345293,1500.0,1509.5757784327932,-9.575778432793186
1-10d3d346-0d0c-4292-b870-e6124a0bff01,2826.6,2762.2,64.40000000000009,1506.5438634502593,1499.98723088534,6.556632564919255,1500.5801943865808,1497.6246474678198,2.9555469187610015
1-fe75c488-e391-45b7-80ca-bf2bcd3cacb9,2721.2,2801.8,-80.60000000000036,1503.4057544982652,1496.8294722558144,6.576282242450816,1501.6117158030947,1500.0,1.6117158030947394
1-796bd217-0e41-45d6-8594-ac578415a5a6,2913.6,2885.2,28.40000000000009,1503.348349040892,1512.783295471212,-9.434946430320224,1504.3034769845153,1500.371905476786,3.931571507729359
1-fc088dc3-18f6-4e06-bfe4-60afb5eb64da,2878.2,2822.2,56.0,1500.0885982704197,1506.576709839101,-6.488111568681461,1503.1668605572224,1509.6084452277626,-6.441584670540124
1-833b4468-ba30-49e9-b84e-6ba1cb2d4206,2722.6,2774.6,-52.0,1506.3337211144449,1499.8545100470578,6.479211067387041,1501.5416225996669,1490.5219334650485,11.019689134618375
1-8178510e-4a9f-4805-86d5-c18a2ae0c2fb,3036.8,2814.8,222.0,1500.0,1496.8589395120507,3.1410604879492894,1500.0,1506.4,-6.400000000000091
1-66a9c6a1-7bd9-4554-bdf1-580720954f21,3163.2,3127.4,35.79999999999973,1500.0,1493.6,6.400000000000091,1500.0,1500.0,0.0
1-0652488d-2466-4538-955a-ce4654b7e956,3106.8,3118.8,-12.0,1500.0,1500.0,0.0,1500.0,1500.0,0.0
1-bd1892e7-3c9a-4af5-a7dc-660908d759bb,2473.4,2401.2,72.20000000000027,1507.9458160814158,1484.4431616241989,23.502654457216977,1503.2026690974878,1501.661475077107,1.5411940203807717
1-e6f9f0bb-aa5f-4e4d-adb5-bfead660983a,2419.6,2427.6,-8.0,1490.4418486746638,1504.8615298193367,-14.41968114467295,1500.2071781587317,1496.5836075127952,3.6235706459365247
1-bb7c8d65-7dc4-47e5-8bf7-b6b9f2f99535,2467.2,2473.2,-6.0,1508.3716364875122,1483.5244199617755,24.847216525736712,1499.1105024848796,1490.584815588491,8.525686896388606
1-6600f63a-4d44-432e-85d8-3888024409b5,2495.8,2550.8,-55.0,1496.4856527022075,1492.1090156245045,4.376637077702981,1486.2273462760809,1499.2469788958501,-13.019632619769254
1-840efe15-6b8a-49bc-b593-f0d7c3751851,2450.8,2506.0,-55.19999999999982,1499.9433184714821,1495.407471474447,4.535846997035151,1502.368859053896,1499.2054378831292,3.1634211707666964
1-72631337-e8e2-491b-86c0-6569d3a15296,2839.6,2702.2,137.4000000000001,1493.4352612714993,1493.6774642242844,-0.24220295278519188,1495.6877923513641,1500.1784888706159,-4.490696519251742
1-676edcfc-c0d3-435d-82ce-32fed41733d1,2860.4,2884.2,-23.799999999999727,1497.4573402841445,1475.4585722669356,21.99876801720893,1500.4512433008153,1502.46243319951,-2.011189898694738
1-f0dd78cf-65e6-46cb-a0d4-624993005a76,2818.8,2801.4,17.40000000000009,1494.1373700493455,1499.4626567791431,-5.325286729797654,1501.9134140967114,1494.587441188722,7.325972907989353
1-52054b21-18cf-436b-a613-8adfbb5f4252,2474.8,2624.8,-150.0,1500.0,1480.691246565442,19.308753434557957,1500.0,1502.3012301667502,-2.3012301667502015
1-1d713115-3ecb-4f63-902b-60d7e86edc92,2665.4,2535.4,130.0,1491.8383864255334,1494.015185565918,-2.1767991403846736,1502.1387559534567,1498.6447802645116,3.4939756889450564
1-697a49ef-5318-4866-9d9f-b0879afa38f3,2630.0,2665.4,-35.40000000000009,1496.8607196579792,1508.368128491527,-11.507408833547743,1503.4566260672539,1502.7300472955235,0.7265787717303738
1-76c6ee02-4621-4d72-8caa-4a17493434d6,2494.0,2665.4,-171.4000000000001,1500.0,1491.999769356669,8.000230643330951,1500.0,1503.0604750163925,-3.060475016392502
1-63a4aaa5-0b0b-44b1-8abe-59d925646cd0,2665.4,2520.6,144.80000000000018,1474.843279941698,1500.0,-25.15672005830197,1503.4980406795032,1500.0,3.4980406795032195
1-68efc84e-235b-4035-a244-857e1c66d0f5,2794.4,2813.0,-18.59999999999991,1487.163092062177,1521.6442154693425,-34.48112340716557,1501.8808299469338,1496.9899704355796,4.890859511354165
1-aecf12c0-ca93-4b20-a677-e98280b3f4c2,2794.4,2813.0,-18.59999999999991,1503.037243633481,1505.7700638980384,-2.732820264557404,1501.433695143049,1489.7453582147505,11.68833692829844
1-d8967f03-a7ec-47ab-a9d6-4cb22a72e2c7,2825.8,2716.8,109.0,1502.3915644371748,1509.8614009806522,-7.469836543477413,1504.5770260318443,1512.4996910110544,-7.92266497921014
1-f4995439-dce9-46cf-be37-9f7f3c63e891,3006.2,2885.4,120.79999999999973,1496.850907719344,1489.4102693649468,7.4406383543971515,1505.7994776251905,1500.4262030013815,5.3732746238090385
1-f31a8411-9d4e-4e51-8937-6d27de14746e,2812.6,2913.0,-100.40000000000009,1505.3934613293854,1497.8125724325266,7.5808888968588235,1500.220030077809,1508.8296718545535,-8.609641776744411
1-244866de-8889-43b7-8802-7f2768f42f1b,3066.0,2940.8,125.19999999999982,1485.8934389997187,1499.939519547383,-14.04608054766436,1501.090340429283,1508.2471309113007,-7.156790482017641
1-a8826cc8-e82f-45eb-b0da-558bfd200a78,3026.2,2909.4,116.79999999999973,1506.5166461464325,1485.0374730177282,21.47917312870436,1512.361612232979,1499.3185359882516,13.043076244727445
1-baffdb9c-bb85-4c76-9901-16eb7d02f5a0,2947.2,2917.8,29.399999999999636,1487.8644639991362,1490.4340126864786,-2.569548687342376,1500.0401813992844,1499.3165758768027,0.7236055224816482
1-212d0ccb-1835-456d-9ba5-d1dcc448be41,2788.4,2810.8,-22.40000000000009,1491.3116191991455,1494.390731858808,-3.0791126596625418,1500.8472456193524,1514.3312330443362,-13.483987424983752
1-be4128dc-a4a0-4271-87f9-154f7e99f2c5,2988.8,3152.8,-164.0,1500.690870953368,1506.991415980295,-6.300545026927011,1498.8337811019583,1514.8389660624005,-16.005184960442193
1-1247fa41-6a45-45ac-8eb7-e5a408ed5740,2808.8,2963.6,-154.79999999999973,1487.2602865235929,1494.892008462737,-7.6317219391441995,1500.0042338485337,1511.1150321221353,-11.110798273601631
1-8012571b-4716-4c20-ba14-686b6d5bef11,2674.0,2619.8,54.19999999999982,1504.748359300284,1500.0,4.748359300283937,1502.3426225737896,1500.0,2.3426225737896402
1-4cd5e7b1-7756-4957-a06a-bb17baa4f2ab,2618.6,2674.0,-55.40000000000009,1500.0340960373685,1488.2037627781083,11.830333259260215,1503.1558016137383,1503.881640264737,-0.7258386509986394
1-4bb15d65-895d-4219-8865-8d7dfbdbee81,2963.8,2771.6,192.20000000000027,1509.3937242033755,1497.2097494014288,12.18397480194676,1492.5333333333335,1498.3352346731106,-5.801901339777032
1-6bdb2f95-ff92-480f-a35e-44c98df2d15b,2811.8,2811.8,0.0,1502.9628926772807,1487.173780183883,15.789112493397624,1483.8636650161818,1499.2883039135545,-15.424638897372688
1-834c78dc-1144-4692-874d-661af4bc833f,3639.8,3048.2,591.6000000000004,1499.8504176684642,1524.868894930753,-25.018477262288798,1495.1459781239132,1503.937354768504,-8.791376644590855
1-a156994c-af22-49b3-a33f-e1ed31f6de6f,3018.8,3048.2,-29.399999999999636,1506.48487677398,1508.9839809461942,-2.4991041722141745,1505.3336081930606,1503.7262937236558,1.6073144694048551
1-43ae17ab-1a9b-4d9a-a1e0-3b4a25d3138a,2931.2,2737.6,193.5999999999999,1493.3861153547905,1515.1436411462805,-21.757525791490025,1487.3138270758293,1506.389911983592,-19.076084907762606
1-6a11bc05-cebc-462a-be36-8eec138906df,2932.6,3093.4,-160.80000000000018,1510.172783178634,1503.0876993820355,7.08508379659861,1502.8415316438934,1493.7403709108396,9.101160733053803
1-494cec12-fe94-44fd-ab03-0f56c1f5194a,2979.0,2890.0,89.0,1495.373226156659,1494.1743868268736,1.1988393297854145,1508.7707215199148,1507.8423300894742,0.9283914304405698
1-53722cc2-2ce5-45d6-9283-165fd37dd781,3048.2,3402.8,-354.60000000000036,1534.7085117381791,1517.397274142913,17.31123759526622,1501.1305786787386,1533.562798280491,-32.43221960175242
1-20c72e50-bb45-4e6b-9a28-e0f6a5d2b126,3048.2,1974.6,1073.6,1519.6106580627225,1500.0,19.61065806272245,1501.286640626675,1500.0,1.28664062667508
1-8ec31986-babe-4de2-bf41-8fe04b63d865,2975.6,2853.6,122.0,1524.1488578450121,1499.8513409945085,24.297516850503598,1502.3057498780308,1490.6962371966347,11.609512681396154
1-b1b0c90d-8e65-44e8-82a1-8514d8279295,2782.8,2900.4,-117.59999999999991,1503.199728550493,1509.304684434058,-6.104955883564799,1499.9705277441858,1498.9195507792138,1.050976964972051
1-13085b2f-583a-4c4f-9b0c-6500dea6cede,3048.2,2881.0,167.19999999999982,1519.3942059439642,1493.3473705267654,26.046835417198736,1508.2373092390908,1498.6218242434154,9.615484995675388
1-4ba9642a-ada3-4f90-94ce-6064208a3f2e,3024.4,3048.2,-23.799999999999727,1509.870226322504,1503.0816187927553,6.788607529748788,1509.7873802023216,1493.5410554883715,16.246324713950116
1-e1be3336-999f-404d-9343-555f80921308,3055.0,3376.8,-321.8000000000002,1506.4,1493.5410554883715,12.858944511628579,1500.0,1496.8,3.2000000000000455
1-4a623a9e-9444-4d67-8105-d51cb881ec2b,2843.6,2919.8,-76.20000000000027,1504.270976205773,1522.5318913968226,-18.260915191049662,1496.430355080498,1504.347142352401,-7.916787271903104
1-7fa597f6-595a-4945-af2b-db1060803e61,2950.4,2842.0,108.40000000000009,1485.861994468017,1490.3120915826078,-4.45009711459079,1504.0275109013196,1497.5338342308623,6.493676670457262
1-eccc5aff-5aa0-4201-82ab-329d1ef0ff49,2799.8,2825.4,-25.59999999999991,1490.6138070145253,1478.6413096130532,11.972497401472083,1503.9087513908717,1501.0351084138779,2.8736429769937786
1-8bdfb5b9-595d-46b1-b999-f00c5100b6cb,2772.2,2941.6,-169.4000000000001,1504.4127175392625,1503.432612400932,0.9801051383306003,1502.922256922826,1504.262055620674,-1.3397986978479821
1-77db6f26-f842-4352-b250-56b480e028f9,3443.2,3239.8,203.39999999999964,1505.9300265169318,1492.9835539854307,12.946472531501058,1503.1804669107612,1506.8653872021662,-3.6849202914049783
1-9a6d4968-921a-4dcd-985c-f20fd42e5642,2537.2,2456.6,80.59999999999991,1488.4029801314023,1500.0,-11.597019868597727,1503.9078467129023,1500.0,3.9078467129022556
1-a9239c34-f051-44bf-acd5-5a9176edf303,2849.4,2605.8,243.5999999999999,1500.7523663307304,1516.0319754847521,-15.279609154021728,1500.0698373833884,1499.100523924202,0.9693134591864236
1-29cdc119-78fd-4800-b50a-557642f00a14,2885.2,2825.6,59.59999999999991,1511.0272989538676,1503.0574375414762,7.96986141239131,1508.772902232542,1506.3646688296935,2.4082334028485093
1-498d546d-ab5e-405b-83e9-e69d1eabb925,3060.2,3081.6,-21.40000000000009,1494.371006575756,1517.4773008758543,-23.106294300098398,1509.2000607072941,1504.0190883203366,5.180972386957592
1-fa1dc85f-beba-46e5-8229-cc33294b0b31,3159.0,3162.2,-3.199999999999818,1512.3480981510825,1498.7620645873662,13.586033563716228,1496.8598193285588,1496.9902580351095,-0.13043870655064893
1-c6c8e43f-ecf2-426b-80ae-b61687e5af24,3265.8,3227.0,38.80000000000018,1511.9618477049958,1486.8193211249713,25.142526580024423,1505.1927201938197,1487.4879803076115,17.704739886208245
1-b4367fc7-5f5c-45e6-8723-5658bae2c54b,3352.0,3266.6,85.40000000000009,1502.2633479024971,1500.0137460401902,2.2496018623069176,1500.3783862075406,1501.0283530146369,-0.6499668070962343
1-19d39cd7-800e-42fc-a754-dd5a6fb525b1,3020.4,3091.4,-71.0,1508.4511233405935,1490.8578605097505,17.59326283084306,1492.8495089312994,1518.6980666902518,-25.84855775895244
1-abb8724d-98a6-4e0f-92e9-9688b86e62ba,3024.0,3298.8,-274.8000000000002,1524.4541570467013,1506.5544216762123,17.899735370488997,1501.4209555439006,1514.9022952819437,-13.481339738043062
1-164704e1-9160-4505-9ffb-4c54043bb8e4,2769.6,3061.8,-292.2000000000003,1509.6,1504.5013222643383,5.098677735661568,1500.0,1500.8117023395628,-0.8117023395627712
1-a9ef8231-acda-4916-9bd2-441d90c3ef11,2979.6,3092.0,-112.40000000000009,1514.9022952819437,1506.517607666258,8.384687615685607,1501.235557406336,1504.7852638720929,-3.549706465756799
1-fd0a500c-f9c5-4245-bc3f-461d30728827,2701.0,2818.8,-117.80000000000018,1490.033926135321,1505.5622535233608,-15.52832738803977,1490.2079396424103,1500.2915420715403,-10.083602429129996
1-4dac0be6-4b24-40aa-9d9a-507e207084fe,2889.4,2822.6,66.80000000000018,1518.6417121769541,1500.0,18.641712176954115,1500.7305888173796,1500.0,0.730588817379612
1-d475a1ad-88f6-4e97-b708-aecab5e20cbf,2814.8,2741.0,73.80000000000018,1496.6240630310551,1506.2230656413026,-9.599002610247453,1493.7051811978351,1501.6087984246346,-7.903617226799497
1-4aa91df0-8b1a-411f-ba7c-bfbe36bd144a,3583.6,3352.8,230.79999999999973,1500.3202187514942,1473.2324974538765,27.08772129761769,1509.8866551562967,1504.339625915058,5.547029241238761
1-de837866-9200-4e82-935f-1c1b661e8925,3151.8,3138.0,13.800000000000182,1482.5265439562868,1506.475968594085,-23.9494246377983,1502.895710661322,1504.124867687858,-1.229157026536086
1-d10c8349-0dee-4229-be48-650e7cf1ef14,2969.2,3151.8,-182.60000000000036,1503.8325459789196,1464.7335304882577,39.09901549066194,1513.118730079559,1502.2172783939452,10.901451685613893
1-b047bc19-58ce-4ce9-a21c-16e2d0bfc4fc,3151.8,3016.4,135.4000000000001,1446.1260717623359,1503.2557001022042,-57.129628339868304,1500.2263370748465,1500.2573592208687,-0.03102214602222375
1-f092e9c4-623b-442e-b74d-0c3a6dffe942,3151.8,3004.8,147.0,1460.6847878516544,1492.066937740623,-31.38214988896857,1507.8957135622095,1507.090095681422,0.8056178807873948
1-11994c17-9095-47a3-9f4a-b53763a9b38c,3196.2,3062.0,134.19999999999982,1489.6881091738492,1458.7028940652945,30.985215108554712,1500.4882686587434,1502.1502379796889,-1.6619693209454454
1-a6596a1b-4af9-448d-987b-9e73c6abd607,3285.4,3278.6,6.800000000000182,1521.3032000968499,1480.172562027623,41.13063806922696,1506.9912084749878,1499.010039451342,7.981169023645862
1-45c32e12-ac9a-4062-ae7b-33ea0415b2f5,3170.6,3443.4,-272.8000000000002,1492.9897889896324,1508.1287892113894,-15.139000221756987,1505.6196608534271,1502.862355022034,2.7573058313930687
1-cc05e2b0-a025-4a76-8d82-5bf294dcc651,3678.0,3505.2,172.80000000000018,1506.7538526070216,1474.2049454913179,32.54890711570374,1504.8848733223977,1507.3152209623386,-2.430347639940919
1-7912b0da-7263-463b-94da-70d421325e18,3327.8,3247.0,80.80000000000018,1492.7756048166455,1473.8311497408363,18.944455075809174,1490.1569287169252,1506.4204790697654,-16.263550352840184
1-bbb113cf-6335-40b8-8c7f-519bf3e76ed3,3222.8,3241.4,-18.59999999999991,1467.092444530455,1542.9164076553382,-75.82396312488322,1504.7673708115526,1497.0419291583157,7.725441653236885
1-8d44b13e-fa96-4afc-af2e-08fcb8a6117d,3222.8,3175.2,47.600000000000364,1481.4666463909793,1516.8926674152503,-35.426021024270995,1502.042402378143,1520.0599462425218,-18.017543864378922
1-426ffb8b-91a1-48d9-b455-1ee1c306d151,3321.2,3138.6,182.5999999999999,1506.2829491870425,1494.245465606502,12.037483580540538,1506.2901637470377,1507.1972434497243,-0.9070797026865876
1-6030735f-2bfa-4b87-87da-bead8e640c4e,3455.0,3475.0,-20.0,1491.1230426730253,1496.614386003112,-5.491343330086693,1500.6150413091293,1499.7342094026947,0.8808319064346506
1-98d40a4f-ec71-4e02-b97f-2fdfbb44e007,3475.2,3708.4,-233.20000000000027,1497.7263616637624,1500.2828181731786,-2.5564565094161935,1500.8721996879435,1503.0799638494682,-2.207764161524665
1-ff5fda71-1766-4772-9dae-d3737a8c095e,3620.6,3798.0,-177.4000000000001,1491.529066387208,1493.8901887195632,-2.3611223323550803,1508.5623116987688,1509.3993734769429,-0.8370617781740748
1-296f8144-6415-435a-849a-82e869432523,3677.0,3397.2,279.8000000000002,1500.9264379083809,1499.8080719573727,1.1183659510081725,1505.3351337516795,1497.1152488849798,8.219884866699658
1-470b26ed-321e-4019-89d8-9d6ae740887d,3356.8,3337.2,19.600000000000364,1494.599609352521,1506.597935276896,-11.998325924374967,1505.4827014743614,1506.3515429868748,-0.868841512513427
1-3932ded5-3567-4c72-a67a-2faa411be44f,3452.6,3474.0,-21.40000000000009,1503.5060248792483,1490.7215418875774,12.784482991670984,1500.226523152325,1500.081824164273,0.14469898805191406
1-93b4252b-a26a-4ca0-9801-cced7f85be95,3651.6,3458.8,192.79999999999973,1500.2731825833039,1497.4913414771177,2.7818411061862207,1505.4411518959832,1497.1693734722633,8.27177842371998
1-4fcbd144-94c8-46df-89c6-2b2dd66a80f3,3281.4,3316.6,-35.19999999999982,1496.91119576872,1491.2071972511549,5.703998517565196,1503.2628175672796,1499.8334093890044,3.429408178275253
1-b64ab117-fcee-4485-abbe-66b78645b699,3101.4,3233.0,-131.5999999999999,1503.2305621564615,1500.7869884718116,2.443573684649891,1496.9777931797726,1504.758505027617,-7.780711847844486
1-971df35d-205f-4e1a-b8cd-e14132bc4598,3087.8,2982.6,105.20000000000027,1506.9450475988372,1488.1806130500365,18.764434548800637,1503.7348881234884,1508.9129940832142,-5.178105959725826
1-a1101979-b6f7-434e-87cd-662bd29e0bce,3461.0,3336.4,124.59999999999991,1487.41177369367,1485.5661087461442,1.8456649475258473,1498.735157935781,1507.677625893893,-8.942467958112047
1-3d13d6de-75c8-4fc5-904f-85187571e2d1,3163.0,2949.8,213.19999999999982,1487.5009176971214,1503.414403533355,-15.913485836233576,1495.550657204571,1497.9383929254927,-2.3877357209216825
1-02f094de-16d0-48cc-8ee4-88ed507277ae,2998.8,3054.4,-55.59999999999991,1490.2305274272153,1500.6533576731858,-10.422830245970545,1493.8659458039535,1508.8504972196386,-14.984551415685019
1-aed1bb67-eddd-432b-b564-2b888cca065e,3450.8,3377.2,73.60000000000036,1484.2547486530916,1500.0211779250435,-15.766429271951893,1501.1463951321111,1505.0892584460817,-3.94286331397052
1-19a4e4f5-b996-4c39-95e2-1af4b6338127,3193.8,3419.0,-225.19999999999982,1497.2725382162412,1499.9469020053043,-2.674363789063136,1505.227974679551,1503.7678917674184,1.4600829121325205
1-e01121cd-faa3-4f6b-bd75-1967b2e49930,3604.4,3490.6,113.80000000000018,1519.1471466155067,1496.8340038450956,22.313142770411105,1501.853351226241,1504.7394285922624,-2.8860773660212544
1-5a1152d4-8b1b-4927-80ef-fd288b1a0a9b,3571.8,3249.0,322.8000000000002,1493.5404622945684,1502.9997609576665,-9.459298663098025,1493.5926984563534,1503.1648550867408,-9.572156630387326
1-698dd5eb-40d9-4817-96c8-7fc9a0938895,2591.4,2758.2,-166.79999999999973,1500.9457066351656,1479.1742234774338,21.771483157731836,1509.6429594486808,1499.659800209715,9.983159238965754
1-5034cada-adf1-4043-9e28-9f060726fea1,2778.6,2817.4,-38.80000000000018,1503.3926928457536,1485.2110618108843,18.18163103486927,1498.3639901950985,1497.9877104198047,0.37627977529382406
1-55154ea3-d401-4680-a5e4-2a209bc475c4,2710.2,2751.6,-41.40000000000009,1475.6458869366454,1503.2,-27.554113063354635,1502.4978195925682,1500.0,2.4978195925682485
1-98c9db25-0282-4858-b37c-09b6e9af93e2,2919.6,2706.8,212.79999999999973,1512.7982443886394,1494.0265690217198,18.77167536691968,1499.172936240694,1495.9753286403081,3.197607600385936
1-adecce3a-0843-450e-97df-91cc637cb4b3,2923.8,2989.0,-65.19999999999982,1505.9776724449487,1491.0497041103417,14.92796833460693,1501.477571319156,1505.0524147088388,-3.574843389682883
1-be47672a-58db-4be2-9a29-0106f8a955cf,2844.8,2736.4,108.40000000000009,1493.9538210464193,1505.6810749160263,-11.727253869607011,1499.3030700228462,1497.353786344816,1.9492836780302696
1-e35a1303-01e0-49a5-b28a-6ec0d56581e8,2653.8,2812.0,-158.19999999999982,1481.56644184784,1500.0787513792952,-18.51230953145523,1501.2316272382031,1507.4288548240925,-6.197227585889323
1-8b0c26ea-3ed5-4fde-8779-3ceaaf80168d,2754.8,2772.4,-17.59999999999991,1500.3337397727794,1477.5337934497634,22.799946323016,1510.909838319036,1499.2260740651684,11.683764253867594
1-6b492c9e-61ad-4047-a33c-1b0713f59bec,2966.4,2881.4,85.0,1500.2171314354132,1499.6848560475435,0.5322753878697313,1500.5388933736162,1501.0474857642985,-0.5085923906822245
1-54ed7720-d8e1-47d5-9d63-b7261c0f6ac8,2677.4,2826.0,-148.5999999999999,1500.4486638450212,1496.4188860662803,4.029777778740936,1498.227347722896,1499.3558791619746,-1.1285314390786425
1-962b8171-7550-468b-bc95-229a25a2c33d,3160.2,2846.0,314.1999999999998,1494.7619080050308,1493.2573522085218,1.5045557965090666,1503.7843387010482,1492.0715331375668,11.712805563481425
1-257d79d4-1260-423b-876b-2492af7d98f6,2922.4,3013.4,-91.0,1484.5100907364704,1493.7975468176392,-9.287456081168784,1500.305393031433,1501.24757612162,-0.9421830901871999
1-dc661333-a960-4c50-a276-83a1127b0afe,2714.2,2841.2,-127.0,1477.7158258340323,1487.656972615979,-9.9411467819466,1495.8957859125524,1504.364726473795,-8.468940561242562
1-282b6675-54eb-4ac5-82b6-6c5a72831480,2890.0,2934.8,-44.80000000000018,1493.252977944942,1487.169420741648,6.083557203293822,1489.1780751319172,1495.0547894024658,-5.8767142705485185
1-acabd829-3d44-481c-99b5-78534bd99606,2626.2,2768.4,-142.20000000000027,1490.4077769388311,1496.7270626093718,-6.319285670540694,1496.614304243335,1502.0567886230915,-5.442484379756479
1-2727b965-fc37-40ff-86f5-7909e3584890,2743.6,3194.8,-451.2000000000003,1506.150418245955,1503.280515012736,2.86990323321902,1501.6969385424866,1495.8361438867967,5.860794655689915
1-3c571b0b-a7f4-43ff-a11a-5f43ed4648d4,2693.6,2687.0,6.599999999999909,1496.751752185726,1503.3202633520941,-6.5685111663681255,1496.5209116175295,1509.8348913196014,-13.313979702071947
1-fe28da24-ccff-42dd-bee3-541371f04815,2889.0,3196.6,-307.5999999999999,1484.7557344115826,1497.4153715568298,-12.659637145247189,1499.0993732473983,1503.9682557544372,-4.868882507038961
1-4c5291d8-0fc0-43be-8424-4ec948113019,2893.4,2913.2,-19.799999999999727,1493.3865853779137,1493.3526517480814,0.033933629832290535,1493.8521055595484,1497.1956166193925,-3.3435110598441042
1-dd3a680b-2f67-4ed7-a46c-407c2289946d,2730.0,2833.6,-103.59999999999991,1497.2215300870148,1503.0290298413495,-5.807499754334685,1499.0016498786094,1498.3886688761122,0.6129810024972357
1-70c1c189-0a07-4828-8fa6-d2f88243dd6f,2970.6,2894.6,76.0,1496.9412924403819,1483.7361996203413,13.20509282004059,1504.7972482076711,1492.4457555271536,12.351492680517595
1-ed9547b0-38a3-4695-a633-1f7286f69afa,2811.0,2753.6,57.40000000000009,1477.644444582123,1497.4031605269292,-19.758715944806227,1507.6448485638484,1502.1510484822804,5.493800081567997
1-ec76a99d-140b-498f-9d13-4cd4636e363c,2900.4,2677.0,223.4000000000001,1497.4007211115681,1493.7434088542507,3.6573122573174714,1495.087353050577,1498.063601020231,-2.976247969654196
1-8763e7c8-e943-4c25-b762-a1787e7ada47,2883.6,2902.4,-18.800000000000182,1496.5901494328505,1493.395428333114,3.194721099736398,1501.1016975989571,1499.0355972455968,2.066100353360298
1-6a1e102c-5fb6-4c8b-bab0-e421b2e6b6b0,3022.6,2817.0,205.5999999999999,1493.6474015996262,1499.8652715925618,-6.217869992935675,1504.2576887154128,1501.5344426497422,2.723246065670537
1-1c5c62c3-3bcb-4425-b243-81e4593a77bb,2846.4,2812.0,34.40000000000009,1496.3529009782355,1500.0,-3.647099021764461,1500.1678724988333,1500.0,0.16787249883327604
1-a6b4a9e0-3a85-48de-a109-faa4f1878264,3073.8,3585.8,-512.0,1515.2518009635965,1494.061822212173,21.189978751423496,1498.3773820369345,1509.492629798464,-11.115247761529417
1-92ba4133-ab4d-4157-a600-1fcd73cc1937,3097.4,3202.8,-105.40000000000009,1506.2030351931824,1496.7694572078492,9.433577985333159,1501.4721843511113,1500.3419642326096,1.1302201185017111
1-8f7c2c29-e81d-460b-a5f0-3ef0c3160851,2977.6,3114.4,-136.80000000000018,1505.9621082800943,1493.6218468362617,12.34026144383256,1501.9034145715177,1509.4646578911168,-7.561243319599043
1-9910b9c1-cc91-4e2d-a8bc-904e86738a56,2849.2,2982.2,-133.0,1500.370450320784,1512.3930460706706,-12.022595749886705,1499.4383321267742,1496.8937331610293,2.5445989657448536
1-2c8f7020-67a8-4b41-9306-cf5359ffc6f5,3196.6,3245.4,-48.80000000000018,1514.0204361067313,1524.9469674462255,-10.926531339494204,1511.13628261774,1499.4330976901172,11.703184927622942
1-c16a1d0e-95fb-4549-b977-63ed2b061b14,3305.0,3405.2,-100.19999999999982,1535.4151109797754,1498.0555075846485,37.359603395126896,1498.9008358869207,1515.6569180699955,-16.756082183074795
1-1e340cd5-808d-4775-b79c-360736fce224,3208.4,3405.4,-197.0,1524.45076147187,1506.5364667704475,17.914294701422477,1501.8437708072272,1507.2900486740295,-5.4462778668023475
1-60eb8a26-3180-4251-b82c-17f58e4b1c87,3365.0,3186.2,178.80000000000018,1487.4656670072056,1540.2493826667367,-52.783715659531026,1509.5162417445272,1498.3834253439484,11.132816400578804
1-2878c8c0-6666-4bad-a221-265be71ba6eb,3520.2,3448.2,72.0,1525.0309669035837,1500.0131808643941,25.01778603918956,1500.958761831943,1502.0947243048793,-1.1359624729361713
1-59fe6961-b942-4c24-b7ac-584957c9f022,3183.6,3228.2,-44.59999999999991,1519.4821840240097,1506.2988634586568,13.183320565352915,1508.84075197592,1502.3967929902328,6.443958985687232
1-22fdbbe0-b7ab-4d72-9952-dc680e1fec89,3326.2,3459.6,-133.4000000000001,1493.7919643325627,1514.3660017942877,-20.574037461725084,1509.3485964016577,1502.9370909543013,6.411505447356376
1-a5b81f7e-6f9c-4050-be28-128fbf0cdc10,2729.2,2855.6,-126.40000000000009,1495.1631651669354,1528.4536383595503,-33.290473192614854,1485.6980950450645,1496.6000502612164,-10.901955216151919
1-7480ba6b-21b3-45bd-9063-831b820e80b1,3448.4,3300.0,148.4000000000001,1509.2672288940994,1534.9056294540144,-25.638400559915,1506.2147914720904,1501.6126837518211,4.6021077202692595
1-14fd8d37-39c6-4c73-b31a-8eab62844a38,3403.4,3356.6,46.80000000000018,1525.1427958299178,1499.7362350774008,25.406560752516953,1493.552239555999,1507.36253724339,-13.810297687391085
1-809cea37-c42c-4120-99e5-9983dfcf1d88,3405.8,3297.8,108.0,1493.7989981067547,1532.6182465351344,-38.81924842837975,1501.5972288846074,1502.6997643579152,-1.102535473307853
1-236fa3e9-5ff6-4124-b4c8-cb14f1bb12d2,3154.6,3042.4,112.19999999999982,1526.0156572625979,1496.7787620965137,29.236895166084196,1496.6394374385477,1500.2818736476993,-3.642436209151583
1-27ba4bf9-3cd3-4e9a-8193-d40c3cc9b8bf,2931.6,2895.0,36.59999999999991,1496.7511669661828,1519.9467944714374,-23.195627505254606,1498.8744976505131,1493.896168904221,4.9783287462921635
1-f39ee5a1-7a18-47e0-93c9-ed52cc1dc667,2951.6,2927.4,24.199999999999818,1513.7433086927044,1499.6723274649157,14.070981227788707,1495.6699943100589,1487.361074765735,8.308919544323771
1-3877fd4a-04b9-4fbd-9b1d-92e5edb16403,2857.0,2887.0,-30.0,1490.4004468633054,1510.7871999908652,-20.386753127559814,1499.4030051972686,1489.8889519107538,9.514053286514809
1-97f05d6a-db50-4b32-b952-471ab3c15b3e,3076.6,2880.6,196.0,1499.9211939629226,1510.7868819309085,-10.865687967985878,1497.0513187070546,1494.5784041120805,2.4729145949740996
1-c5d13b05-c590-4c4d-9963-73e9e1fa55ed,2898.8,2895.8,3.0,1507.77293471146,1490.0699583380979,17.702976373362162,1495.9082087485192,1505.2632664170821,-9.35505766856295
1-cad06472-6585-4106-b18e-34e78cf19217,3000.8,3114.8,-114.0,1514.1015264921955,1487.5390699714142,26.562456520781325,1501.4490395759267,1502.6900992974752,-1.2410597215484813
1-1c27b3aa-2841-4ddf-8d4b-9784783aefc1,2997.8,3182.0,-184.19999999999982,1489.4000973928728,1524.918826901432,-35.51872950855932,1495.6230364707012,1497.7367964907473,-2.1137600200461293
1-da069f4c-6e74-4227-86ce-4d88fcf5d6c8,3072.8,3155.0,-82.19999999999982,1511.50704669602,1503.260688426244,8.24635826977601,1501.2862259948656,1495.4133021457772,5.872923849088465
1-6ff73d07-4c95-4962-85b1-75092c3bd280,2854.8,2912.2,-57.399999999999636,1508.6575736732464,1499.6082432857147,9.049330387531654,1498.390478845441,1498.3472057157833,0.04327312965779129
1-e7f82fb9-aada-4fbc-9c0b-a33d8afe9429,2885.0,2748.6,136.4000000000001,1511.8854816290861,1497.0056536389789,14.879827990107287,1502.383384044854,1499.2578361558121,3.1255478890418544
1-56a121ba-6e8b-4132-a692-fb5ecdc3de15,3264.2,3266.2,-2.0,1506.2517408920605,1496.2221501216952,10.029590770365303,1505.4945835485216,1501.0872583531698,4.407325195351859
1-bf3aea93-df34-4b06-be86-bef19ac1a8b1,2039.4,2356.2,-316.7999999999997,1487.3157177922074,1518.99641324769,-31.68069545548269,1503.1410604879493,1499.3600000000001,3.781060487949162
1-742b9c44-df59-4b55-9e25-841d3bf3ca51,2099.8,2356.2,-256.39999999999964,1500.0,1503.1410604879493,-3.1410604879492894,1500.0,1493.6,6.400000000000091
1-618f252d-cde4-4a38-975e-52d869f47b5d,2921.4,2591.6,329.8000000000002,1493.7376575544017,1484.772875025105,8.964782529296826,1507.331564586475,1501.0889368785406,6.242627707934389
1-f26c304a-43a0-40ad-bf6c-8869b3256dfd,2666.2,2714.6,-48.40000000000009,1507.2180975940478,1486.974787384909,20.243310209138826,1497.7091709146662,1500.4438159358847,-2.734645021218512
1-826a3c68-d452-4ad6-a040-2fd47befe05c,2591.6,2568.0,23.59999999999991,1479.9009877652918,1500.0517755087835,-20.15078774349172,1500.493967240781,1501.814761757572,-1.3207945167907837
1-227dbc80-4778-4fc8-bd4e-d854b9d71e5e,2529.0,2442.4,86.59999999999991,1500.0,1489.5447128786261,10.455287121373885,1500.0,1500.6804639263923,-0.6804639263923491
1-923cd81d-e775-4e3f-b40c-ebeb55d99299,2591.6,2221.2,370.4000000000001,1475.1746070713427,1500.0,-24.825392928657266,1500.816897949028,1500.0,0.816897949028089
1-03343cdd-695e-48d3-b0e0-1bad9108fa97,2609.4,2831.2,-221.79999999999973,1504.3280217067581,1493.7717597042965,10.556262002461608,1501.5309718445149,1507.7446668484376,-6.213695003922794
1-743a29e6-71ad-4cc8-86d3-aad84ebfa110,2548.6,2656.8,-108.20000000000027,1513.8745857535173,1515.808517362374,-1.9339316088567102,1500.1571051063268,1499.563586028086,0.5935190782406607
1-d9680f7f-82e5-48e1-98c4-c6020a7ba482,2643.6,2614.4,29.199999999999818,1496.82687550525,1504.4861860471315,-7.659310541881496,1511.9818734221767,1500.494666119285,11.487207302891647
1-22c858a7-7613-4379-981e-eddd86e895eb,2498.0,2504.8,-6.800000000000182,1494.6495820519729,1503.2143006348504,-8.564718582877504,1500.1084332093697,1495.1631256329435,4.945307576426103
1-7302956e-dc68-4baa-9e2b-980bf4cecdf5,2494.4,2703.8,-209.4000000000001,1501.0873021668613,1500.0,1.0873021668612637,1500.2423284244421,1500.0,0.2423284244421211
1-c36f6765-f645-46ac-a7d5-851a3a1d146f,2649.4,2517.8,131.5999999999999,1479.4467052992943,1503.4428083691473,-23.996103069853007,1494.5675340290652,1509.9834664388495,-15.415932409784318
1-697c3ac3-0778-488d-95c1-1c7d52eb2f4b,2558.8,2515.0,43.80000000000018,1492.4691513714192,1499.735609833881,-7.266458462461742,1498.7035740434185,1492.1651143481788,6.5384596952396805
1-e18253fe-69d5-4e66-bb88-2d1ee24bb7d4,2533.0,2511.6,21.40000000000009,1487.7462838967208,1496.642687378014,-8.896403481293191,1500.6020609711513,1503.2589395120508,-2.65687854089947
1-7c727f1b-cf0e-4184-b84c-4c220f7f1e9f,2454.0,2539.0,-85.0,1496.4150359379175,1475.3894737321139,21.02556220580368,1491.7288251633358,1500.536744558307,-8.807919394971123
1-643fb626-7b12-47b2-b04e-9415bafc7b8c,2629.0,2717.8,-88.80000000000018,1457.9100054110029,1503.30027375751,-45.39026834650713,1499.4044643982274,1510.8906503957091,-11.486185997481698
1-c5b89357-3260-43c4-9fe9-8e4d35796b45,2587.0,2712.6,-125.59999999999991,1498.770852015575,1478.8451375117659,19.925714503809104,1491.8421477949953,1500.0030307605448,-8.16088296554949
1-acaf5dc8-bde2-4665-9d2d-23508c9aa324,3168.6,2714.6,454.0,1500.0,1475.2789425061494,24.721057493850594,1500.0,1500.0013638422452,-0.0013638422451549559
1-a846fce6-f5a2-474c-a6cd-e854b07d6a67,2652.0,2429.8,222.19999999999982,1503.3131637469237,1485.1585178092093,18.15464593771435,1502.192772324747,1499.4956913006843,2.6970810240627543
1-0cf313b6-9eba-4897-bdd1-6723cee132b6,2449.6,2444.8,4.799999999999727,1491.461261740676,1496.741389942883,-5.2801282022069245,1500.0,1493.6357821861234,6.364217813876621
1-e2b24d7c-fefc-4d21-a342-578f90731d6a,2509.8,2512.6,-2.799999999999727,1491.2342903834908,1500.0,-8.765709616509184,1500.0,1500.0,0.0
1-3e0c3475-1f43-4144-9f32-e1ee4aaf8092,2431.6,2447.8,-16.200000000000273,1500.0,1478.0968890996244,21.903110900375623,1500.0,1500.0,0.0
1-7a2ce14d-3fe2-415f-8338-7a20282764d2,2419.8,2362.8,57.0,1480.9757283286247,1500.0,-19.024271671375345,1501.0470201626497,1500.0,1.0470201626496873
1-037044f2-47b6-4e01-94e2-3c10f7a5e7f0,2343.6,2343.0,0.599999999999909,1493.6299981273935,1500.0,-6.370001872606508,1500.019031927257,1500.0,0.0190319272569468
1-06684983-6975-4c88-a43e-64865ce299a8,3317.0,2714.6,602.4000000000001,1500.0,1496.8,3.2000000000000455,1500.0,1500.0,0.0
1-d2721a3e-8673-46f5-9a52-e8ccb40eb73d,2511.8,2647.6,-135.79999999999973,1500.0,1500.0,0.0,1500.0,1500.0,0.0
1-895aa47b-394a-4766-b5ed-116be90ace78,2890.8,2757.8,133.0,1492.0440969356837,1492.9254960952917,-0.8813991596080086,1500.260094445896,1497.6471687463272,2.6129256995686774
1-02399ef4-3447-4780-8988-9186cf292a38,2671.0,2579.0,92.0,1501.8196404518599,1493.8730847913819,7.946555660477998,1500.6975681586384,1501.4074597577028,-0.7098915990643491
1-8aa305a6-5c0a-4a6b-8ce5-eca4e6ef9051,2572.6,2722.8,-150.20000000000027,1493.8740286293155,1498.023338868602,-4.1493102392864785,1499.1632735929852,1494.3674959193695,4.795777673615703
1-d428a082-8bcc-49e1-8e43-8691b44f4766,2690.0,2661.6,28.40000000000009,1476.0534491068454,1509.480459528328,-33.42701042148269,1500.9093138612195,1491.2613981866316,9.64791567458792
1-e6d55b98-aab4-433a-bc9a-bbdcd48367e4,2595.4,2728.2,-132.79999999999973,1500.2577837109652,1479.298164003816,20.95961970714916,1498.997551448222,1498.0715076401482,0.9260438080739277
1-fe64924e-04d4-421c-a1f4-aa138b835c39,2875.4,2822.2,53.20000000000027,1488.9251446550284,1495.8808426884475,-6.955698033419139,1499.824178646006,1487.0945909469096,12.729587699096328
1-abedc339-2652-4aaa-9064-c4cae9d26ad7,2740.0,2762.8,-22.800000000000182,1503.4825606287889,1511.86988718368,-8.38732655489116,1505.1610817598896,1503.5596323291186,1.6014494307710265
1-41c90270-53de-4559-a536-3842e02d7307,2781.4,2709.2,72.20000000000027,1481.5663616124511,1517.9278582110176,-36.36149659856642,1496.7326942913487,1498.1559304448692,-1.42323615352052
1-638208b5-b85d-4531-ad78-5bd435011522,2689.4,2700.0,-10.599999999999909,1475.4873741272224,1503.374721017313,-27.887346890090612,1498.8345814466165,1506.5284038428738,-7.6938223962572465
1-da00f154-a8f3-4156-9f60-28d12b482932,2850.4,2931.8,-81.40000000000009,1503.6896222318805,1478.7662746151352,24.923347616745332,1498.9621495446759,1505.94906684943,-6.986917304754115
1-bf5d8a2a-0d26-45af-91d5-279178519eef,2921.2,2863.4,57.79999999999973,1500.4013274401707,1499.1778462777697,1.223481162400958,1498.7923673031162,1487.0265099197948,11.765857383321418
1-9adc1a3f-958f-4619-9470-7ada2cce753b,2699.2,2807.8,-108.60000000000036,1480.9098254180349,1509.7706645996218,-28.860839181586925,1496.3201661649446,1501.3416835447956,-5.021517379851048
1-f44428b4-2438-483e-ad98-9bd32ae7b89a,2716.0,2405.0,311.0,1478.1014797247644,1503.0629096065989,-24.96142988183442,1505.4538786547873,1504.6904270418433,0.7634516129439817
1-be5eeb9e-2ba3-43a0-ac31-23320b94287c,2664.8,2602.2,62.600000000000364,1487.4933438968503,1514.006047264537,-26.512703367686754,1499.7454021508406,1501.6255056880964,-1.8801035372557635
1-10e7328f-9e13-4d05-a708-cd181e317ece,2716.8,2668.4,48.40000000000009,1510.8894740486767,1483.6061136662636,27.283360382413093,1504.2666297669268,1496.2778461551768,7.988783611750023
1-76b636ef-2b4e-47e5-aaa0-25d0a49eb8d4,2510.4,2624.0,-113.59999999999991,1500.0313138237248,1496.5949097932144,3.4364040305104027,1501.699975397909,1499.862453519117,1.8375218787919039
1-2dfd1c85-9835-4fa3-8b07-8228e7a817a5,2718.2,2893.0,-174.80000000000018,1490.5495141278063,1475.0145715248177,15.534942602988622,1496.843763440526,1503.4575209898126,-6.6137575492866745
1-18cf89b9-2370-4d07-919c-11c09388ccde,2696.8,2837.8,-141.0,1487.015395602842,1506.5238575350616,-19.50846193221946,1500.273218312556,1505.0051012291788,-4.731882916622681
1-2cebc2b2-1904-4a0a-9d14-43567eb1ccd8,2734.0,2851.6,-117.59999999999991,1493.343672864211,1493.5725369876182,-0.22886412340722018,1496.5313170671309,1498.7037347246812,-2.1724176575503407
1-d8ba9ba0-7651-4d32-ae93-08296db43248,2848.0,2674.2,173.80000000000018,1499.4402184311405,1496.7338679924505,2.706350438689924,1494.9348834044918,1498.7380961881063,-3.8032127836145264
1-6a0ad60c-f880-4b65-8d8f-da10630924cc,2799.4,2854.6,-55.19999999999982,1493.2986201723568,1503.1729014022617,-9.87428122990491,1492.5391972335128,1502.0693704400398,-9.530173206527024
1-94080d25-480b-4fc2-b9e5-d2f127917996,2910.0,2954.0,-44.0,1503.0257875423204,1496.3122976955824,6.713489846737957,1493.6960232312379,1496.190801529109,-2.4947782978711075
1-d5879658-29c9-4c34-8b17-fc8c43bbce12,3011.2,3042.8,-31.600000000000364,1487.865379748843,1490.3483571826462,-2.482977433803171,1515.788477244242,1496.3125361031946,19.475941141047315
1-e37b79df-9065-4b6f-a18b-69c5acdf4f35,3041.0,2978.6,62.40000000000009,1499.289707573898,1490.6061692300204,8.683538343877672,1497.7514185886237,1499.2134053858845,-1.4619867972608063
1-c1bb7feb-27a5-461e-8028-2985ce281cf9,2899.0,2792.8,106.19999999999982,1499.6538320643472,1506.360954996052,-6.707122931704816,1501.7803474445093,1497.7078575801117,4.072489864397539
1-12745262-fdaa-4d02-87ad-60fad59cd639,2711.2,2789.8,-78.60000000000036,1503.3060544438138,1489.8554739688284,13.450580474985372,1502.7141957112528,1488.033621068182,14.68057464307094
1-e9df5ea0-c5c4-4300-b7ad-b3397c6445ae,2818.4,2679.8,138.5999999999999,1496.8850472528252,1500.0,-3.1149527471748115,1498.5803446480322,1500.0,-1.4196553519677764
1-2cf15b26-4d5e-447b-b557-419135f9e019,2775.6,2872.8,-97.20000000000027,1493.7163499690018,1493.929794247491,-0.213444278489078,1506.391647735606,1507.6803267729956,-1.2886790373895565
1-c1b7831d-e3b2-4ef7-9556-913276597610,3039.8,2823.2,216.60000000000036,1493.543868415229,1490.3155447607103,3.2283236545188174,1492.1304071549525,1497.989739952717,-5.859332797764409
1-1272652d-db43-420c-8410-8c00d4693881,2966.4,2955.0,11.400000000000091,1499.9628834480586,1500.0,-0.03711655194138075,1497.9993253731127,1500.0,-2.000674626887303
1-e985268c-1a9d-4482-8961-afe592035698,3156.6,3125.0,31.59999999999991,1500.377768383766,1525.8373598448998,-25.45959146113387,1500.0076064817852,1513.714910267203,-13.707303785417935
1-cbbf1946-21c6-46ea-ad34-76bb9d83d98c,3125.0,3160.0,-35.0,1509.6866594948106,1512.959172792111,-3.27251329730052,1514.5625465364847,1525.6750184837333,-11.11247194724865
1-6635ff1b-6b01-4828-9854-5af72fb9bbd9,3300.2,3125.0,175.19999999999982,1515.278374166112,1492.64586572507,22.632508441041864,1498.3879182360956,1515.4450758564742,-17.057157620378575
1-4b48c82f-a0c5-4760-8062-36e42042ec31,3414.6,3517.2,-102.59999999999991,1520.5043130302124,1503.04839026353,17.455922766682306,1504.9215275651893,1504.2825535608758,0.638974004313468
1-26845ec0-0cdf-47b3-9da9-4b4a8e634772,3753.8,3689.6,64.20000000000027,1493.263579230865,1517.0415903478695,-23.778011117004553,1501.1801222180343,1503.0173431143508,-1.8372208963164667
1-e0fda695-9fda-4aaf-94e2-a1031702ae6d,3484.2,3496.8,-12.600000000000364,1499.5013172948536,1509.8096256676017,-10.308308372748115,1508.8148399220665,1512.0038470132486,-3.1890070911820203
1-eb36efc5-f20d-4a94-a275-bb1503024541,3687.4,3759.8,-72.40000000000009,1507.9922196457378,1506.3281416140348,1.6640780317029567,1504.7624351873467,1511.4529267331466,-6.690491545799887
1-124b39fa-ccd6-4a79-ab45-3fa9b0bee6d7,3540.4,3685.4,-145.0,1521.3351607994791,1525.1399633847282,-3.8048025852490355,1510.4035302492641,1505.6800981821104,4.723432067153681
1-9d1364f9-9034-48b5-b6c8-b7495ed097e5,3493.8,3346.2,147.60000000000036,1480.3622536413484,1536.8074164829911,-56.44516284164274,1508.230924276941,1507.8873997848484,0.34352449209268343
1-95464f64-a4de-495f-a23c-e84ace28af8f,3372.6,3443.4,-70.80000000000018,1512.0376976041903,1501.5104797631786,10.527217841011634,1505.952725843547,1512.5141118652414,-6.561386021694489
1-15434a2d-6f4f-4982-990e-d5916075831e,3217.8,3355.8,-138.0,1515.3036231634828,1480.1674501647944,35.13617299868838,1509.70004994102,1508.2938036306625,1.4062463103575737
1-da6f91fd-e4c7-44c8-a2a7-b6b4458e7776,3101.4,3046.2,55.20000000000027,1518.3935745975193,1512.5742691458968,5.81930545162254,1507.9157217334493,1485.476801057668,22.438920675781446
1-3948166a-9e9f-4ca5-839f-87dcd079f464,3344.0,3270.2,73.80000000000018,1520.2200791006958,1498.976640846832,21.243438253863815,1513.7457097559436,1498.1432291811734,15.602480574770198
1-45850ef4-d60d-4522-a6d2-99e4ff5c0d32,3544.8,3431.8,113.0,1503.6715293487312,1508.9258171892277,-5.254287840496545,1505.014833053981,1501.0274112270058,3.987421826975151
1-78c68fef-8356-42c7-a312-1e887c953538,3278.4,3338.4,-60.0,1507.5346608955388,1517.024777459776,-9.490116564237269,1510.9926904848417,1510.1094125397478,0.8832779450938233
1-7744f952-8be7-4ebe-a222-212574047fe9,3284.6,3292.4,-7.800000000000182,1487.9768190157924,1488.116637917422,-0.1398189016294964,1508.6505950176581,1503.4238941873962,5.2267008302619615
1-d380a59e-20f7-4f86-9c0e-7a959987ff58,3512.6,3273.0,239.5999999999999,1497.6478949303203,1511.5639953845682,-13.916100454247953,1508.9105551197026,1506.3992361692592,2.5113189504434104
1-59fe6bd8-da85-4e3b-aeb6-20a82146c697,3373.8,3880.6,-506.7999999999997,1518.5755452963108,1502.5048752045798,16.070670091731017,1504.9022860445364,1495.7824566330555,9.11982941148085
1-c7b8bc9c-d4e9-4d2d-9196-9c6fd49490ad,3373.8,3329.8,44.0,1502.7304333209543,1499.366977532037,3.3634557889172356,1509.7985286844196,1516.0563233617017,-6.257794677282163
1-97756b12-3459-4b27-8bbe-ce0998de28a2,3399.0,3404.6,-5.599999999999909,1512.6231814638481,1519.0218448803425,-6.398663416494401,1497.8666666666668,1506.3799481724564,-8.513281505789564
1-90722963-55f3-46d7-8059-0578768eeddb,3438.2,3473.6,-35.40000000000009,1516.1115189635368,1537.0425749903472,-20.931056026810438,1504.3292429651058,1500.7633115999683,3.5659313651374305
1-8654eb4b-9eda-42fa-84c8-2391c9d6c51c,3254.2,3404.2,-150.0,1528.667789586559,1510.7711040141544,17.89668557240452,1505.214847232263,1522.3428321321537,-17.127984899890635
1-e7c0bcd7-1e0c-4234-988f-482ffe32200f,3607.2,3569.4,37.79999999999973,1525.5045925613372,1499.6182244235215,25.88636813781568,1507.5130574304696,1503.3136515205958,4.1994059098738035
1-08d741d0-7ff8-4a7e-8545-0c1d70932e08,3439.8,3535.8,-96.0,1517.121963052866,1494.3884354542429,22.73352759862314,1510.8389075696405,1515.062831931554,-4.223924361913532
1-0fded859-8fa6-4726-beb0-0431beed84dd,3280.8,3398.4,-117.59999999999991,1497.7125703786348,1505.650249211424,-7.937678832789061,1508.6089843749562,1496.6844705813337,11.92451379362251
1-7951ee7a-02c9-4ad4-89a3-8d1771296f07,3327.8,3345.2,-17.399999999999636,1503.4828157454108,1509.1161886684379,-5.633372923027082,1504.6687683652788,1505.6838910475633,-1.0151226822845274
1-0a7fb5b3-8876-44c1-8371-7fda898e8a7b,3359.4,3341.6,17.800000000000182,1512.3536517566758,1494.308626384094,18.045025372581904,1502.156629423008,1509.0351896302361,-6.87856020722802
1-1b810ab2-3127-4684-8848-0ef7613ce456,3446.0,3280.8,165.19999999999982,1512.3119186559165,1500.1128831339952,12.19903552192136,1503.390779968921,1506.329032688604,-2.938252719683078
1-67f9118d-953b-43c5-a2d3-e58358806580,3299.0,3752.4,-453.4000000000001,1500.0,1506.048458680733,-6.048458680732892,1500.0,1490.5636270212674,9.436372978732606
1-4bccfcea-4d18-4e8d-9269-ffa59bd94c3e,3525.4,3408.6,116.80000000000018,1523.9260127042674,1546.366102124719,-22.440089420451613,1510.669722399672,1509.1040560705565,1.5656663291156292
1-ebe0345a-48d2-4799-b0d5-a470c7a25f58,3408.6,2945.4,463.1999999999998,1531.827737219014,1500.0,31.827737219013898,1511.5176529100625,1500.0,11.517652910062452
1-1a39a6c2-13b9-4908-b636-edef0999ef89,3408.6,1207.2,2201.3999999999996,1516.5912104474478,1500.0,16.591210447447793,1521.0146473438258,1500.0,21.0146473438258
1-a1d70c24-203b-42ce-97dd-f98744de6a08,2941.4,3062.8,-121.40000000000009,1518.180530713579,1494.3983140914504,23.782216622128544,1502.8008011945767,1505.3470986424043,-2.5462974478275555
1-a70a527c-5d47-4846-a26c-bed08a980a09,3054.8,3004.4,50.40000000000009,1525.2989054075292,1500.0,25.29890540752922,1503.5774875288407,1500.0,3.57748752884072
1-63f5e327-b042-4184-ae1a-ca6544fd6b8c,3118.6,3201.2,-82.59999999999991,1487.457634818734,1509.1354497944617,-21.677814975727642,1508.7801618223766,1503.948501960898,4.831659861478556
1-54a75549-a58f-45f2-b74c-1c6df61e1a1d,3404.0,3201.2,202.80000000000018,1507.3310929027748,1525.9940867285418,-18.66299382576699,1518.1624084323669,1503.5755639019899,14.586844530376993
1-4f940380-e4b4-40f7-8243-25eddb2419d6,3264.4,3133.4,131.0,1510.6920270024966,1500.0215162343127,10.67051076818393,1504.0927474785306,1541.3288926388693,-37.236145160338765
1-dfa51e1e-ebf8-4ad8-8af8-fa1bd73e0853,3238.2,3201.2,37.0,1509.7175167764574,1530.5450766211025,-20.827559844645066,1501.0084372402375,1503.0965706814338,-2.0881334411963053
1-7e6a3dc9-a924-4d25-b7ad-fef8a9a96a78,3146.4,3027.0,119.40000000000009,1525.1454638101463,1495.0659720900208,30.07949172012559,1504.313435094948,1532.0144978253056,-27.701062730357535
1-4de33374-d5c3-4ec9-81b5-68427d4f0b39,2850.8,3146.4,-295.5999999999999,1522.753441818703,1508.4889275033622,14.264514315340875,1495.3948865936263,1501.3124018809456,-5.917515287319247
1-cd683cc9-95ad-4529-81db-07c7409e0ad7,3026.2,3317.6,-291.4000000000001,1507.7115183064245,1509.36818784452,-1.656669538095457,1572.220670987545,1504.463221871247,67.75744911629795
1-ad563a33-ef0e-41c0-8bf4-2138e2742e5f,3422.6,3317.6,105.0,1496.8305588868436,1526.7422802816059,-29.911721394762253,1506.3705277441857,1506.2816326562765,0.0888950879091226
1-1fc04627-8b86-475d-a3b2-a4f8940d594c,3317.6,3186.0,131.5999999999999,1510.0107099431812,1525.9076422555422,-15.89693231236106,1500.1157477304046,1511.8213915514914,-11.705643821086824
1-66d58f52-dce7-4d66-97bc-3711e6f3525d,3088.4,3218.4,-130.0,1493.6229421691648,1504.1515015950795,-10.528559425914636,1499.8117177279707,1507.4008739195745,-7.589156191603706
1-d27a8d8c-4380-4f86-90d0-7a129c43fb2d,3177.0,2890.6,286.4000000000001,1499.934754820587,1509.6,-9.665245179412977,1495.073842381087,1500.0,-4.9261576189130665
1-c73b5894-33f2-4b96-9359-8d78c21e47af,3244.0,3146.4,97.59999999999991,1490.1476847621739,1506.8419838626162,-16.694299100442322,1490.8663035072104,1500.0,-9.133696492789568
1-00f8c262-28d9-445c-9d70-79a65c628be4,2907.6,3146.4,-238.80000000000018,1500.0,1490.4,9.599999999999909,1500.0,1500.0,0.0
1-6b26f32e-fe17-48f0-9ed3-1fcaba8af81c,3402.2,3402.8,-0.6000000000003638,1493.2451030108743,1502.8278115959085,-9.582708585034197,1497.7100690252269,1501.6215271269314,-3.911458101704511
1-b2424b50-da64-4b76-8f60-c8ae1154b5c1,2788.6,2954.2,-165.5999999999999,1464.7431222972618,1486.679849399579,-21.936727102317263,1507.4033396802395,1498.243182619291,9.16015706094845
1-84c1c0b5-5a31-49b9-a340-3e920cc65aa2,2800.8,2788.6,12.200000000000273,1512.210466571028,1479.2288067463207,32.98165982470732,1497.9692394136553,1506.7187011277026,-8.749461714047357
1-cc7c8df0-c556-4706-a3f8-f1407abe203c,2835.4,2927.4,-92.0,1497.3508677512796,1499.6567299565024,-2.3058622052228657,1504.8332109481353,1492.0098229778334,12.823387970301837
1-9e35475c-5ef9-4439-a2f3-40aab0a10520,2904.8,2937.6,-32.79999999999973,1503.2584577940538,1494.5714020304592,8.687055763594572,1493.9841497338612,1511.1933228113953,-17.20917307753416
1-d5d48e20-adb6-432e-aee4-1a16f7f170c8,2849.6,2835.8,13.799999999999727,1528.9439621134352,1496.9196463146461,32.024315798789075,1506.6896126149836,1507.2806873974891,-0.5910747825055296
1-95e7e2fd-ab5f-4f60-a124-6a06f2871e05,2890.0,2835.8,54.19999999999982,1531.3416286857343,1512.0312867596194,19.310341926114916,1501.0544490714924,1498.47682192787,2.577627143622294
1-14477e9a-2b6a-4cb0-a9ff-da0fe4ae6598,2944.8,2835.8,109.0,1495.2333364912042,1496.0698076034694,-0.8364711122651443,1503.0993535385596,1502.1910872463689,0.908266292190774
1-46383966-9714-4c75-a9fe-7336f07ab80c,2647.4,2673.6,-26.199999999999818,1509.567061600563,1492.3593557920426,17.20770580852036,1496.7982015442233,1496.225853678433,0.5723478657903343
1-8db56950-17e2-4ece-87b1-c4241d583b93,2842.4,3046.4,-204.0,1503.1858033653261,1483.3053751329414,19.880428232384702,1497.7908890185975,1499.454018590786,-1.663129572188609
1-bc7b41c0-e695-4647-96a2-cc0e01a42437,3199.6,3164.8,34.79999999999973,1495.3546997517399,1503.3188401080085,-7.964140356268672,1498.2542170145164,1499.2756130160597,-1.0213960015432804
1-ba9cfb8e-4e6a-4ea0-9e1e-cc27805cf4db,3084.8,3010.6,74.20000000000027,1492.0480639121397,1515.772856071778,-23.724792159638355,1505.3364793236783,1498.4159784463482,6.9205008773301415
1-57439f3d-9b55-4058-83a4-ed8ba68a9d39,3051.6,3096.2,-44.59999999999991,1495.0238533405432,1499.76212460123,-4.738271260686815,1499.6650471002097,1495.1263193604645,4.538727739745127
1-5832f06f-16ba-46c1-9fb7-0b9e1e70a778,3076.2,3008.8,67.39999999999964,1485.1562588713457,1506.6938118296828,-21.537552958337074,1497.470289892011,1503.1616027335206,-5.691312841509671
1-69ad4d6e-6a20-4b92-8dee-94bbe1896f38,3077.2,3093.8,-16.600000000000364,1481.9898078172323,1487.0203564052676,-5.030548588035344,1495.9223922304311,1504.5860985606491,-8.66370633021802
1-ad0bbaed-3813-4140-b1ff-2f0e8edde1d6,3327.8,3206.8,121.0,1491.0054812076169,1509.7948827129856,-18.789401505368687,1484.8378187980734,1496.4892053458216,-11.651386547748189
1-4e8d4305-f7a4-46da-9616-ba671d183c14,3153.0,2795.4,357.5999999999999,1496.6905608493562,1481.9499188110146,14.740642038341548,1499.3089675991084,1504.9288873060848,-5.619919706976361
1-a74be1c7-2811-47dd-98ae-1c1924ddded1,3202.8,3101.8,101.0,1478.233467623959,1503.1842558218761,-24.950788197917063,1487.2222025254273,1504.6786466320557,-17.456444106628396
1-05488441-7265-4cc6-8189-c9a1d6acc454,2970.6,3161.2,-190.5999999999999,1486.7468716647404,1481.4084037489943,5.3384679157461505,1500.3392444691467,1492.9768218216075,7.362422647539233
1-fdb6e3a1-67b4-4046-afb8-9e7eab8d5e80,3006.2,3241.2,-235.0,1475.4044960175695,1478.446081368978,-3.0415853514084574,1504.5806619979203,1498.7755269073327,5.805135090587555
1-ea92a3ee-9bb3-4d04-9317-4e45dbd2ba33,3292.0,3116.4,175.5999999999999,1462.3088036431845,1490.4463171520117,-28.13751350882717,1499.8935481334456,1495.4281533722863,4.465394761159359
1-631cd7e4-2945-4238-b389-089181fe9b24,3158.8,3280.4,-121.59999999999991,1487.5828678273094,1487.42198345944,0.16088436786935745,1500.018048425929,1500.8802964057631,-0.8622479798341374
1-0d31d91c-a374-4349-ace0-01f15b13d172,3057.8,2984.8,73.0,1477.8686889928163,1505.9943509213902,-28.12566192857389,1500.5678079312129,1485.8496160168315,14.71819191438135
1-08aecd75-59e2-40f1-9ef6-c76aaff3c9e0,3144.0,2977.2,166.80000000000018,1500.0,1483.8531492326945,16.146850767305523,1500.0,1492.4973631482408,7.502636851759235
1-a3338da3-55ae-4e45-a1a9-821b68aef956,3325.8,3196.4,129.4000000000001,1489.8843260321055,1493.5639968709504,-3.6796708388449133,1497.6219183851154,1498.4944198124867,-0.8725014273713896
1-c019ce04-d39f-4095-8103-031fb7f93883,3471.8,3336.8,135.0,1496.610114146259,1496.7289752570123,-0.11886111075318695,1495.621889386365,1495.0444201802857,0.5774692060792859
1-de14160f-45eb-409e-95b5-cfc2e5c5425c,2734.6,2855.0,-120.40000000000009,1496.6106427547243,1502.7255207686235,-6.114878013899215,1495.1557018872215,1500.5852614982412,-5.429559611019613
1-b25b47be-fa88-461c-8f94-ed35361c9300,2649.0,2950.0,-301.0,1487.0688850159793,1496.880788651038,-9.811903635058798,1504.213186101289,1502.943985523106,1.2692005781830176
1-e2e7f271-617b-4b1a-a11b-8e38cf44b256,2824.0,2763.4,60.59999999999991,1496.6866160229195,1496.5394306815083,0.14718534141115924,1497.3076829688705,1493.0402563863622,4.267426582508278
1-61372c36-986d-4a27-8755-f2bd9fce4273,2886.8,2996.8,-110.0,1471.8654191244427,1510.2806936744564,-38.41527455001369,1499.7236882898032,1503.8689785658503,-4.145290276047035
1-1a67d737-7340-4d90-8eb3-f0d66f75a7ba,2854.2,2876.8,-22.600000000000364,1484.6630723977014,1509.7096264926713,-25.046554094969906,1503.2461507133537,1499.8074013395483,3.438749373805422
1-549e634c-b191-4929-b2e7-c5cdb790e7a6,2869.0,2813.6,55.40000000000009,1478.0243142933136,1500.1008910012843,-22.076576707970617,1506.3816899018811,1503.011751079505,3.3699388223760707
1-40b57d91-18d6-48e9-a67b-48a2ef0b1ba8,2767.6,2702.2,65.40000000000009,1496.6530227109465,1493.495197651234,3.1578250597124224,1501.982634847619,1493.2869550396076,8.695679808011391
1-e8b3cc7c-5a58-425e-b39d-24dcd85f9c4f,2970.8,3111.6,-140.79999999999973,1489.5080932782046,1497.2373784899132,-7.729285211708657,1495.8865684439304,1500.076821272649,-4.190252828718712
1-e0658a88-ef16-4289-9fe5-9649b1c43da2,3067.2,3125.8,-58.600000000000364,1509.254985407315,1498.2889502950263,10.966035112288637,1494.8119935680716,1505.950375014381,-11.138381446309495
1-66b6d53b-da37-46ef-a769-75b1c02af9d9,3152.8,2962.0,190.80000000000018,1493.5650281831097,1499.9489307980887,-6.383902614978979,1502.2111686522392,1503.1596827544477,-0.9485141022084917
1-e1ab32d0-1d80-42a9-8097-60b5c34c19c3,3073.8,3038.8,35.0,1471.6992190312665,1513.2665236982082,-41.56730466694171,1506.0326264943733,1505.725099390238,0.30752710413526074
1-126c5ffe-8414-401c-9246-f14b9d24d307,2942.6,2841.8,100.79999999999973,1506.8741470384757,1497.412086161311,9.462060877164731,1509.3931445696678,1502.9416153406273,6.451529229040489
1-5e4b83de-03a8-4a6d-812a-f63a5ec5c62b,2843.4,2963.2,-119.79999999999973,1497.1550328544488,1503.1415984942778,-5.986565639828996,1500.5279836146724,1503.40943418389,-2.881450569217577
1-11da7dd7-3c88-457d-8cf1-f882728c49f3,2728.2,2734.2,-6.0,1502.585345799252,1512.9702156982494,-10.384869898997295,1504.932392753266,1499.1169072931186,5.815485460147329
1-992da035-613c-4c7f-9d6e-d0bb36faf0eb,2913.6,2845.0,68.59999999999991,1496.9142164857171,1503.7064769527487,-6.7922604670316105,1499.8682768443155,1502.3249096355917,-2.4566327912762063
1-85e3b1cf-f387-4398-8c66-b4f9cf4f357c,2774.8,2945.2,-170.39999999999964,1499.2243535942005,1492.904338636998,6.320014957202375,1496.3028195809504,1490.9758741481369,5.326945432813545
1-b09bb1fc-b461-4571-be0f-dc503a78683c,2830.4,2844.8,-14.400000000000091,1506.585383984183,1510.7705376373922,-4.185153653209227,1503.268205637832,1503.3693590307903,-0.10115339295839476
1-5f58e003-ee32-4522-bd08-589d5be91ddd,3054.0,2982.6,71.40000000000009,1496.878941073931,1507.3456362873726,-10.466695213441653,1508.5906818622846,1505.5531723452605,3.037509517024091
1-ef1464fe-50f7-449e-bafe-3364fd9cfb03,2982.6,2794.8,187.79999999999973,1490.6191774034555,1506.4048849852277,-15.785707581772158,1501.5379556139865,1500.2651903175697,1.2727652964167646
1-f3284913-be9b-47e6-bb06-0f8b13814482,2797.0,2831.4,-34.40000000000009,1497.066049281281,1506.5029877337352,-9.436938452454115,1497.3881323267444,1503.4769054596793,-6.088773132934875
1-dfd32116-1cde-4ee1-bd98-ee606e9d3431,2932.8,2945.6,-12.799999999999727,1500.0234085658792,1512.9751030419652,-12.951694476086004,1494.6070381181796,1508.0726564310448,-13.465618312865217
1-bfcf128e-0c50-405e-af64-0a3999ad77b9,2934.0,2911.8,22.199999999999818,1493.167741781145,1503.250412835771,-10.082671054625962,1490.5464505754437,1496.6230036286527,-6.076553053208954
1-129d877b-229c-4c66-80e7-1ce27442a68a,2835.0,3025.0,-190.0,1500.0631298281432,1500.4963309591164,-0.43320113097320245,1498.0370006401695,1525.4134300594671,-27.376429419297665
1-6693c1b7-e3c0-41e9-ad38-61e6d86a1164,3010.4,2822.6,187.80000000000018,1493.6594483060712,1496.9777931797726,-3.318344873701335,1500.0,1506.5083052316231,-6.508305231623126
1-3054159f-ff30-4339-b7ad-228cbf1453f3,2908.2,2679.6,228.5999999999999,1493.5447394819762,1500.0,-6.455260518023806,1500.0572563701508,1500.0,0.057256370150753355
1-99632c72-5d2f-45cf-977e-f5e66a5a6629,2530.2,2695.8,-165.60000000000036,1487.8783053004813,1485.9529875957614,1.9253177047198733,1499.8167295951114,1500.5145299865444,-0.6978003914330202
1-786f8ff9-eee7-44df-9ccb-e92e9f87ed47,2773.6,2559.0,214.5999999999999,1496.5540083882597,1476.0067624415235,20.54724594673621,1501.2087571705767,1486.5738448968873,14.634912273689451
1-609a7427-0c80-4aea-9ded-97c5ce60f2ba,2679.0,2714.6,-35.59999999999991,1503.2711951452127,1482.6287978609816,20.642397284231038,1492.9805493903018,1500.9573146965297,-7.97676530622789
1-24f8a2b1-6aeb-4a1f-8daa-e3662063d26b,2814.4,2648.2,166.20000000000027,1496.6636112337867,1488.9228958431909,7.740715390595824,1500.344055497751,1500.2763175834302,0.06773791432078724
1-063b9931-f5ad-4b0d-87db-95822a6be772,2659.6,2663.4,-3.800000000000182,1489.0942921344727,1497.4331498342665,-8.338857699793834,1503.5820524394755,1505.4302527409827,-1.8482003015071768
1-94365d3c-467c-46e4-99e7-f824e3400d5d,2665.2,2609.8,55.399999999999636,1483.5578725971043,1503.3029880049621,-19.74511540785784,1500.0883746647298,1495.7032813718122,4.385093292917645
1-8287a93a-cb09-437e-add0-8e5632cd417e,2632.6,2651.8,-19.200000000000273,1500.6525509505382,1479.582174115391,21.070376835147272,1507.1494028229858,1509.246966906566,-2.0975640835802096
1-0b0e2b84-b588-42af-a32f-1fc4ab3ea57e,2527.6,2669.0,-141.4000000000001,1503.7798418421262,1487.9313462688485,15.84849557327766,1518.3852120333252,1495.3570690136294,23.02814301969579
1-67b64683-921d-4d56-a158-9d9035aad322,2526.8,2726.8,-200.0,1488.2722919929402,1503.2596688223678,-14.987376829427603,1504.4045356416927,1506.3337211144449,-1.929185472752124
1-aff4ebb7-61c1-480b-bef7-79ba92697d41,2701.2,2586.2,115.0,1484.9661471508732,1484.521180555353,0.4449665955200999,1496.341043708023,1503.9041157489173,-7.5630720408942125
1-9a97452a-0a93-4664-8590-e50f9b4787e8,2742.6,2718.4,24.199999999999818,1508.833804698038,1491.3447121487666,17.48909254927139,1505.2468431494508,1500.4133237261115,4.8335194233393395
1-ae73e21b-c289-4125-8def-423d9200a91f,2546.2,2683.2,-137.0,1490.1522158552898,1481.072918544131,9.079297311158825,1485.4204507713287,1494.998649918055,-9.57819914672632
1-a5fad0d2-b031-47cc-9b67-9b925fdae155,2593.6,2565.0,28.59999999999991,1500.6860561613416,1521.5693591480851,-20.8833029867435,1498.3377012989831,1499.0961620186235,-0.7584607196404249
1-e6f59614-9881-4154-ae9c-87ba9087d867,2543.0,2823.8,-280.8000000000002,1497.2457104961027,1506.26808125081,-9.022370754707254,1499.8371337581193,1507.008351309306,-7.171217551186601
1-d1202119-3021-443f-a3ee-eb17bb9cccaf,2763.6,2880.6,-117.0,1500.2657806391537,1491.2971756729817,8.968604966172052,1500.2110194946547,1529.5567011984788,-29.345681703824084
1-ea67bfd9-38af-43e7-a64f-238ef879f59c,2750.2,2759.6,-9.400000000000091,1507.123384506012,1487.1053233888276,20.01806111718429,1503.1420256060867,1493.9333477268028,9.208677879283869
1-4318e2d0-43b4-4372-819c-9a3b2f58e086,2689.2,2733.2,-44.0,1499.6845762602222,1491.0673199402518,8.617256319970465,1484.400327903356,1505.0584559130937,-20.658128009737766
1-0afd67cb-c913-4fc0-94a7-434a76149488,2764.8,2869.2,-104.39999999999964,1497.3347029277732,1496.6072161597162,0.7274867680569059,1502.541800452574,1495.0301106158945,7.5116898366795795
1-2d1aa939-9ddf-4dc1-873e-f824663c7476,2898.2,2967.8,-69.60000000000036,1503.729081750499,1500.2269942147543,3.5020875357447494,1501.8133717257922,1507.792727909478,-5.979356183685695
1-016b761d-870c-4f46-af49-e2f9067fd7c2,2889.2,2930.0,-40.80000000000018,1500.1820619367877,1497.3407887437793,2.841273193008419,1500.4030167111396,1503.209592560232,-2.8065758490924964
1-2f50240c-31c8-40ca-8e0c-42dad8d23a73,2929.0,2741.2,187.80000000000018,1497.3076829688705,1509.6233475388613,-12.315664569990759,1507.0288644169052,1500.6818643738784,6.34700004302681
1-83555bd7-3828-4dbb-b80f-90826dac29a9,2947.2,2880.0,67.19999999999982,1509.6945690659254,1500.4274902331958,9.267078832729567,1499.2450094881672,1498.7598690613565,0.48514042681063074
1-de3306b4-dc37-404e-b0ec-62e1e69635fb,2813.4,2806.0,7.400000000000091,1487.6135270096736,1496.8898918593454,-9.276364849671836,1501.6349079850306,1509.7624530631913,-8.127545078160665
1-57f4caba-1e3f-4249-ac08-b00827306408,2840.4,2847.6,-7.199999999999818,1500.1488937246563,1503.2,-3.0511062753437272,1502.1098899095823,1500.0,2.109889909582307
1-096837fe-d546-4941-bba7-d3650c91afa0,2915.4,2649.8,265.5999999999999,1493.7711895466023,1500.0,-6.2288104533977275,1501.529669728747,1500.0,1.529669728746967
1-8028bdf4-7f87-4e18-a0d1-c639810dfa6c,2830.4,2845.8,-15.400000000000091,1490.4868686563332,1500.0,-9.513131343666828,1503.2323969305155,1500.0,3.232396930515506
1-37ebc1d8-7344-4cd7-8815-3954cde44650,2670.4,2771.6,-101.19999999999982,1503.059339457494,1493.9813599795693,9.0779794779246,1490.529304878893,1524.099974008567,-33.57066912967389
1-dfc0db0d-68d6-4087-bb17-f46c80dd16c1,2791.2,2553.4,237.79999999999973,1520.9027362217516,1489.6913830610454,31.211353160706267,1497.9006826676764,1497.6870631976972,0.21361946997922132
1-5169b822-478c-44f7-9264-ff1d782bccd1,2698.8,2555.2,143.60000000000036,1517.216721493039,1490.4023998784414,26.814321614597475,1497.878715437119,1499.5391692562146,-1.6604538190956646
1-cd4f8591-b21a-48df-bded-8e49a4f5490f,2797.2,2808.8,-11.600000000000364,1505.174615761234,1500.2215122363098,4.953103524924245,1504.5449621655875,1502.4981717730254,2.046790392562116
1-fa95ccc6-9d36-450c-bfc8-d483475ad506,2681.6,2685.2,-3.599999999999909,1505.9967504067056,1487.3260920232785,18.670658383427053,1499.3632921978194,1500.7868541578205,-1.4235619600010523
1-8347a89d-b622-49c5-bbb2-d87d2564dc40,2452.8,2824.2,-371.39999999999964,1499.559255878601,1503.5340940628917,-3.9748381842905474,1498.8344531169523,1508.9395702005406,-10.105117083588311
1-ae4e353b-203f-4ef8-8660-2fa6dedbe5a7,2573.4,2562.0,11.400000000000091,1494.9590558700022,1505.9893829979032,-11.030327127901046,1532.5174846696705,1500.633212079573,31.884272590097453
1-58740cd1-1c4c-4207-bc83-eaff497fb2c5,2635.6,2723.4,-87.80000000000018,1495.2439657929494,1474.7352169864246,20.508748806524864,1522.6272051830354,1498.0051192619337,24.622085921101643
1-d16ffea5-75ff-41af-81c5-ed2c817f59f0,2556.6,2626.6,-70.0,1500.0,1505.6296838277635,-5.629683827763529,1500.0,1499.2210871614152,0.7789128385848016
1-c4bad783-8a12-42c7-8fe2-32392b23ee32,2753.4,2526.2,227.20000000000027,1516.0568413921887,1498.5149085372764,17.541932854912375,1498.8016846310034,1501.5990353906498,-2.797350759646406
1-a585532a-16a2-46b5-8e4f-47e02634a185,2649.4,2503.6,145.80000000000018,1486.500829745562,1500.0,-13.499170254438013,1501.8266101946053,1500.0,1.8266101946053368
1-33af8d73-8b8c-449a-b809-dd7e1f3562ef,2728.6,2805.0,-76.40000000000009,1482.9006429511205,1503.2048147790815,-20.304171827961,1494.0585991528937,1502.7447626173773,-8.68616346448357
1-52999a0d-6091-4378-8721-15e10ee8f509,2704.8,2595.4,109.40000000000009,1492.637105844697,1509.7026620264573,-17.065556181760257,1500.5526438539844,1503.715604276761,-3.1629604227766777
1-87ba1a5a-5d98-4c1e-ae45-a54a699ebe6d,2628.8,2742.8,-114.0,1492.5706788653406,1500.0,-7.4293211346594035,1501.4038377827874,1500.0,1.4038377827873774
1-5fc5abbd-e3a6-4435-b658-a114dd455848,2603.2,2446.2,157.0,1500.0,1495.7313652645964,4.268634735403566,1500.0,1501.4974269683066,-1.4974269683066268
1-0b6a98b0-d55c-43fa-a0e5-2ad3d4c1e0b4,2651.4,2770.4,-119.0,1512.7497591717997,1508.3106845202947,4.439074651505052,1504.925436193717,1498.2214702359604,6.703965957756509
1-bcd9bc07-6c21-41a0-ac95-e47dc2bbe14c,2787.6,2704.0,83.59999999999991,1506.2564564106572,1502.0517572811264,4.204699129530809,1498.4151076927567,1500.26578376478,-1.8506760720233615
1-e5820ce7-fed5-4dc6-8da5-32627cbdafdd,2610.2,2638.2,-28.0,1505.4387831287193,1490.4985420182916,14.940241110427678,1500.138433994193,1502.1981411874365,-2.059707193243412
1-6e0a9d01-28d0-4820-978e-8b4525e825c4,2624.6,2801.4,-176.80000000000018,1500.243817346853,1505.4057871581,-5.161969811247218,1511.6581894686556,1503.438857445754,8.219332022901654
1-4874ed01-cb3f-48d4-bc3f-3fb80615a3b9,2543.2,2843.2,-300.0,1511.9170954366832,1503.1991711863493,8.717924250333908,1500.9513658390647,1500.0,0.9513658390646924
1-11f452a6-e76f-4cb9-b223-b023efe5b5ac,2764.6,2585.2,179.4000000000001,1515.2267546632727,1503.3159915614947,11.910763101778002,1500.6886296476835,1515.6244453654065,-14.935815717723017
1-6448621e-d04a-40c2-b812-1ad9fba8cc77,2741.8,2779.6,-37.79999999999973,1503.1496743323107,1512.10925718345,-8.959582851139203,1494.535509513154,1500.380999062105,-5.845489548951036
1-c619c6ea-c30f-4a0f-8f33-efd1f70fb73e,2963.8,2983.2,-19.399999999999636,1518.6771244149068,1500.0,18.677124414906757,1500.2492786638459,1500.0,0.24927866384587105
1-f0e72be4-4abb-4044-9c24-eb95df5f2419,2958.4,2682.4,276.0,1506.0512995146833,1503.082883003856,2.9684165108271827,1502.2769899384944,1493.6506578247986,8.626332113695753
1-652453d0-2874-41f0-87e8-5c716665a119,2750.0,2988.4,-238.4000000000001,1503.0253017701996,1515.6244453654065,-12.599143595206897,1496.9012728458413,1499.3879615445571,-2.4866886987158523
1-282f56ad-cd59-4c62-8559-3add6008b521,2931.4,2741.0,190.4000000000001,1512.4257285416018,1496.8302153855134,15.595513156088373,1498.002919354629,1506.3639364999583,-8.361017145329242
1-8bcfedd2-ee37-45fe-8605-1b764cf7b081,2675.0,2933.0,-258.0,1500.0,1512.6550222425922,-12.655022242592167,1500.0,1498.4182653895452,1.5817346104547596
1-95f6e09a-74db-4330-97a4-5e394d874ee5,2701.0,2567.2,133.80000000000018,1506.2839687097492,1506.3410554883715,-0.057086778622306156,1496.88426842445,1496.8,0.08426842445010152
1-616a8532-5acb-4970-9994-63201be04d11,2747.2,2507.6,239.5999999999999,1506.3721562578412,1493.6506578247986,12.721498433042598,1500.0589395120508,1500.0180317500208,0.04090776202997404
1-53d752c9-bcc6-4c49-8f77-2708b130105f,3180.8,3295.2,-114.39999999999964,1543.3147668681881,1500.5620747911344,42.75269207705378,1503.11251129204,1500.0764625769586,3.0360487150812787
1-acfcd07a-bc3a-4754-a046-470b63224252,3324.0,3096.8,227.19999999999982,1500.248104166551,1518.9079749276666,-18.6598707611156,1501.3554878473526,1502.4575913220363,-1.102103474683645
1-2e8ea527-e8e6-45b9-a79f-4dec615e6754,3367.6,3425.6,-58.0,1507.1623898029814,1531.6255932164954,-24.463203413514066,1501.725042499882,1505.2503200785798,-3.5252775786977963
1-73692c3e-6c66-4511-be5a-269dbf14c530,3335.4,3223.4,112.0,1497.9091192900983,1505.3867905766244,-7.477671286526174,1511.878284842873,1510.2349081425657,1.6433767003072717
1-640017fc-6d2a-4bc2-9be5-dc8a914d88e8,3279.6,3458.0,-178.4000000000001,1518.194358005609,1483.970338292567,34.224019713042026,1506.0014397718337,1508.1350131191145,-2.1335733472808442
1-e655c6a1-7849-4c0e-9493-da91a13c63b3,3423.8,3389.2,34.600000000000364,1516.915838896474,1496.2470071072617,20.66883178921239,1504.2844034249483,1503.9062637329257,0.3781396920226143
1-b64248ef-06a1-457d-9301-0a421004ab92,3430.8,3470.6,-39.79999999999973,1491.8900074231683,1503.915771189326,-12.025763766157752,1500.423044750081,1503.2824517420486,-2.8594069919674894
1-795429a0-69a0-4935-89d4-a7738d835160,3350.4,3329.0,21.40000000000009,1491.6955436243027,1508.579326854428,-16.883783230125346,1498.3029675112189,1503.4585587335641,-5.155591222345265
1-904df7ae-6c91-44f1-b0ee-99c09894ed30,3399.2,3422.4,-23.200000000000273,1529.0085900076892,1503.2207534046836,25.787836603005644,1504.7918097420138,1495.8884624678822,8.903347274131647
1-ad1bad1d-f2dc-423b-9993-86e3f52de45e,3016.8,3278.6,-261.7999999999997,1543.1359349203437,1504.4862825458954,38.64965237444835,1499.677741318032,1501.6375604950902,-1.9598191770580797
1-2c8545c5-d42d-4aa5-9d14-675e957acde8,3257.8,3431.8,-174.0,1500.044748955586,1534.9049348312333,-34.860185875647176,1500.218703441335,1506.3658998007063,-6.147196359371264
1-e6b6d5c8-86e8-4f4a-8c1c-7a531d8c6cba,3493.0,3311.4,181.5999999999999,1518.78597954772,1525.6284594293597,-6.842479881639747,1508.8200494047696,1506.624818286124,2.1952311186455518
1-9634308c-13aa-4cfd-8c4e-b2587b18afbf,3417.0,3308.2,108.80000000000018,1495.5960885377367,1478.7284582558561,16.867630281880565,1503.2095786183468,1510.2557153526243,-7.046136734277525
1-d3c22f60-4b0f-47cf-a76e-0f52677da66b,3193.8,3259.6,-65.79999999999973,1499.4224020043487,1504.5275069630973,-5.105104958748598,1500.7716139594052,1501.9435205363895,-1.1719065769843837
1-d777a927-c5c8-416f-967a-e2a9e3c90095,3432.8,3525.8,-93.0,1503.4181007739414,1515.4464259373417,-12.028325163400268,1506.9514403836001,1508.5508743585076,-1.5994339749074697
1-900e39f6-f159-41d0-9252-90d66fe741b8,3372.4,3387.4,-15.0,1506.3234529949393,1508.790503662876,-2.4670506679367463,1507.0593718770929,1509.3688771523061,-2.3095052752132688
1-11543957-3018-4dcf-ba08-b76bd52b2886,3458.6,3311.0,147.5999999999999,1508.3716305222147,1494.9235668563576,13.448063665857035,1507.9288704585147,1502.50944321702,5.419427241494759
1-ddac910b-69b4-4c4c-b02d-1583a4d7d1b3,3211.0,3278.8,-67.80000000000018,1510.023997403111,1513.2408873013517,-3.2168898982406517,1506.5968000882497,1499.9307825498763,6.666017538373353
1-63e56a12-05be-406b-883f-39e7d7c03537,3345.0,3376.4,-31.40000000000009,1513.3159463267718,1512.4092356134502,0.9067107133216723,1512.6871155480696,1506.345332852408,6.34178269566155
1-8232484e-ca78-40b0-9382-a2344c42ab82,3138.0,3151.2,-13.199999999999818,1519.9293653893342,1520.9686178982738,-1.0392525089396258,1509.6155371591121,1499.3788853676406,10.236651791471559
1-8a5924fa-3e25-4474-961a-719aa657951e,2993.6,3213.0,-219.4000000000001,1493.8718349857968,1510.2522285372393,-16.380393551442467,1499.0284158723002,1500.3161445292305,-1.2877286569303124
1-00fb8019-e37c-40de-8d40-4d02c394c6e0,3624.2,3303.6,320.5999999999999,1514.8933814888762,1506.4854592750896,8.407922213786605,1499.6567974419222,1505.0472589380217,-5.390461496099533
1-ad528317-1cb9-4e76-91db-38b9acc6456d,3392.2,3511.6,-119.40000000000009,1518.4541512999178,1494.5502414139005,23.903909886017345,1501.130114282722,1506.0591271605385,-4.929012877816604
1-dcc8fb29-f409-4e53-ae55-644fc0c3da0b,3178.2,3154.8,23.399999999999636,1488.878140173249,1499.0368230673969,-10.158682894147887,1494.0939941124,1500.0951184583141,-6.00112434591415
1-18cc5b8c-ca77-409e-a20c-787f96101ad9,3245.0,3319.6,-74.59999999999991,1490.152150893165,1495.8268391064262,-5.674688213261106,1500.7907018249266,1492.1718929392644,8.618808885662247
1-b58536fc-9a69-436e-93eb-163840792bbd,3450.4,3052.6,397.8000000000002,1512.2112458581269,1490.3612017801368,21.850044077990106,1498.8471678249284,1497.417601484137,1.4295663407913253
1-b91d5119-0a12-4352-9950-079e42aa7f0c,3224.4,3313.8,-89.40000000000009,1509.169891696886,1497.0183178416314,12.151573855254583,1498.7938257914814,1509.3547089248673,-10.560883133385914
1-d289eb91-102f-4b66-ae04-3cc550969e13,3039.0,3147.0,-108.0,1496.7985182003172,1515.6979407834165,-18.899422583099295,1487.42198345944,1493.440088048159,-6.01810458871887
1-1a3ed339-b9b7-4d7b-b8c4-3feb9923b47d,3147.0,3080.2,66.80000000000018,1500.0,1493.440088048159,6.559911951841059,1500.0,1497.9838163542852,2.0161836457148183
1-40c322cf-7233-4417-a60f-2fde28cd7ab0,3090.8,3512.8,-422.0,1535.2553293889523,1503.4279802453932,31.827349143559104,1496.8570144924718,1521.7150805212627,-24.858066028790972
1-7c5dc3df-a936-4622-9174-36571d2d527f,3090.8,2227.6,863.2000000000003,1520.1837826986282,1500.0,20.183782698628193,1495.2694715856865,1500.0,-4.7305284143135395
1-dedcad78-e288-43d1-bcbf-3c04b521fdf0,3122.6,3296.0,-173.4000000000001,1524.2957038224035,1497.0595893595769,27.236114462826663,1486.8502062221453,1505.1387202394637,-18.288514017318448
1-ef25a070-4b66-4105-9577-484d35bb603a,3122.6,3370.4,-247.80000000000018,1509.6,1481.2145803173503,28.385419682649626,1500.0,1503.52,-3.519999999999982
1-b36f77f8-ab45-43b7-a94e-1fcfaf3b50e4,3068.2,3447.6,-379.4000000000001,1500.0,1500.0,0.0,1500.0,1500.0,0.0
1-67f9151b-e735-4d9f-bffe-7580e038f2ed,3299.6,3170.0,129.5999999999999,1525.2159443151354,1518.0761269834697,7.139817331665654,1502.2836915738326,1496.9347186339078,5.348972939924806
1-f47f895d-832b-4047-b0e4-b9c98c7ed291,3601.6,3299.6,302.0,1521.4847107618575,1542.167288725041,-20.682577963183576,1492.0637322327964,1494.1274677131325,-2.063735480336163
1-1c58f5db-d315-454e-b3f2-1ed1b5faad12,2912.4,3299.6,-387.1999999999998,1483.9987906364936,1528.1915347576983,-44.19274412120467,1498.835616628046,1501.2548809086527,-2.4192642806067397
1-66df5cba-5d3b-4df9-ad90-7d7de047c96b,3360.4,3474.6,-114.19999999999982,1517.2009904112297,1510.730366269186,6.470624142043562,1503.0627707132462,1514.6525798858445,-11.58980917259828
1-8d860122-59ed-4dc8-b497-22872cfc225e,3226.6,3360.4,-133.80000000000018,1480.3687912521523,1535.7290661963173,-55.360274944164985,1503.3837656781086,1505.7989788298673,-2.415213151758735
1-140c1088-3e71-4a60-9a8a-3cda8702d175,3066.4,3360.4,-294.0,1506.634741625767,1520.3608480993184,-13.726106473551454,1509.1331380882712,1506.000728988393,3.1324090998782594
1-41618f93-52d2-4371-944f-d8c6a1ba0876,3437.6,3360.4,77.19999999999982,1500.0,1538.1088197613244,-38.10881976132441,1500.0,1507.7315737697186,-7.73157376971858
1-ff769691-a77c-45e2-9ef8-eaf30af88577,3062.8,3360.4,-297.5999999999999,1503.213154391851,1523.0199704909053,-19.80681609905423,1505.9547981992014,1511.37444200057,-5.419643801368693
1-6fb85036-8611-4a4a-a1f3-3603e2f9cd61,3138.8,3283.4,-144.5999999999999,1494.6314823555483,1530.5048531529444,-35.87337079739609,1511.184292867222,1505.0859803694916,6.098312497730376
1-65173edc-f932-4620-8e43-2d7c3d43d46f,3117.6,3198.8,-81.20000000000027,1509.969559292247,1544.1554825973249,-34.18592330507795,1503.310899767368,1499.7680514452736,3.5428483220944145
1-91bff7b3-bf48-40b9-84b9-d25d3d3e3216,3334.4,3289.8,44.59999999999991,1530.615825302224,1490.3729748514604,40.242850450763626,1500.471556205769,1498.442179666404,2.029376539365103
1-bdfa3e80-5200-48bc-b6ad-69a9a950de2a,3167.4,3319.4,-152.0,1521.3516414887986,1503.5373081026569,17.814333386141698,1502.1189148376816,1503.1423273634446,-1.0234125257629785
1-71d16786-7982-4ad9-bc1e-d180816b72a8,3086.2,3120.4,-34.20000000000027,1515.2903764479888,1502.0788078320968,13.21156861589202,1500.496038904388,1505.0314736839891,-4.535434779601246
1-a68530cb-2881-4a6d-b15a-155ef51155f8,2950.2,2890.0,60.19999999999982,1499.325119400915,1546.453269130708,-47.128149729792995,1488.0428732706605,1505.798137424199,-17.75526415353852
1-b687ce46-d246-4b82-b5d3-8d2d64a09fef,3221.8,3499.0,-277.1999999999998,1489.8264024996552,1523.901934199724,-34.07553170006895,1488.1088512164263,1512.0507190651801,-23.941867848753873
1-9cfaa7b5-26de-4961-bc14-8b535de77ec7,3499.0,3041.2,457.8000000000002,1508.283323065101,1500.0,8.283323065101058,1518.6716368855089,1500.0,18.67163688550886
1-3f9cf7f9-1515-4e14-aeff-da06db4db888,2853.4,2673.0,180.4000000000001,1516.3287068605862,1500.0,16.32870686058618,1501.49575886743,1500.0,1.4957588674299132
1-5ebce523-e61b-44cc-ba55-030ee7e31a1b,2853.4,2710.4,143.0,1500.3445751263712,1500.0,0.3445751263711827,1508.7252600600075,1500.0,8.725260060007486
1-a1932523-d3c4-436f-99e4-22e902283c3b,3288.4,3426.6,-138.19999999999982,1493.9056023681935,1485.08563095051,8.819971417683519,1507.1628415995242,1509.6863166820972,-2.523475082572986
1-649e34cd-f831-4830-a60a-19db98ea1791,3246.6,3453.6,-207.0,1500.5191135430373,1513.4755994622717,-12.95648591923441,1511.4197194164828,1511.754257256209,-0.3345378397261811
1-da696482-e52f-43ee-ac52-25e2a2b9e518,3548.2,3429.8,118.39999999999964,1492.7707334506376,1520.228713856465,-27.457980405827357,1501.7562734761607,1509.1600308795619,-7.403757403401187
1-323acec6-883f-4df8-8f7c-742160460415,3166.8,3015.0,151.80000000000018,1501.5349068192913,1500.0,1.5349068192913364,1518.2962050400267,1500.0,18.296205040026734
1-a45d58cf-4e96-4466-b333-6cf4a1be9d22,3515.4,3298.4,217.0,1491.0565605806082,1538.0595377105415,-47.00297712993324,1527.096573287634,1489.5818592027124,37.51471408492171
1-a6b54a32-7588-4ab6-8840-ed87f3f02e72,3026.8,3128.6,-101.79999999999973,1509.1483066479934,1486.865824911782,22.282481736211366,1503.8035495268807,1496.276677037259,7.52687248962161
1-1f30467b-a6af-4495-b42e-a6ccb8c2c663,2993.0,3002.6,-9.599999999999909,1489.1589072607978,1494.4127670060436,-5.253859745245791,1489.7023836546907,1518.9253748281221,-29.22299117343141
1-7e87b7e7-9558-4b26-8d36-cd7ce5240309,2950.4,3019.8,-69.40000000000009,1462.3775116681106,1485.88674097413,-23.50922930601928,1501.9533240250464,1498.920976609745,3.0323474153015013
1-914dfb82-ee72-4c12-b04c-2cd3e33f7c87,3016.2,2977.8,38.399999999999636,1485.239947912918,1525.822158558597,-40.58221064567897,1498.5238576098316,1499.7902011752053,-1.2663435653737452
1-fa5dca1c-1e48-4729-b1b1-c1a4af2f032a,2966.8,2929.6,37.20000000000027,1501.8071011849438,1494.179714528616,7.627386656327872,1514.879857353679,1503.967509159355,10.912348194324068
1-b2f2e3bd-6ac8-4324-ab66-ecc6b9af3fdf,2917.6,2852.8,64.79999999999973,1484.993761167461,1475.5052669100885,9.488494257372395,1507.3661711052823,1503.4429803313815,3.923190773900842
1-5725be04-c8e6-4850-91f6-0321ec3aebea,3126.4,3041.4,85.0,1507.548548733976,1515.550462734256,-8.00191400027984,1502.8485747512148,1500.6815241824233,2.16705056879141
1-e01a5d12-faf4-42d8-9eb6-d7aef0c05bc9,3028.8,3011.4,17.40000000000009,1509.0224808510798,1482.6458355064185,26.376645344661256,1500.3251298980124,1504.9449799379636,-4.619850039951189
1-f428e77f-a386-41d8-8217-66962e062e98,3211.6,3196.4,15.199999999999818,1487.4080735906578,1492.3298842162683,-4.921810625610533,1513.3538796680812,1507.6680409725843,5.685838695496841
1-10b7249d-593d-4304-a46f-74bc96cebede,2957.6,2924.8,32.79999999999973,1506.3379877674947,1502.7190900264038,3.6188977410909047,1503.2454571603373,1499.8520684950388,3.3933886652985166
1-0220fbef-deaf-4b6c-a62a-2cce10695ed5,3139.2,3104.0,35.19999999999982,1515.7080363836017,1512.4505063521278,3.2575300314738342,1497.357860148767,1502.7557147091588,-5.3978545603918064
1-978f5f33-e907-4c5a-8d5b-60868ccd04b8,3313.0,3272.6,40.40000000000009,1499.7072635345319,1500.5219028824429,-0.8146393479109975,1498.2436637551002,1507.0171759925638,-8.773512237463592
1-efa00f82-1d8d-4743-ad51-33ff0cf479ff,3399.2,3298.0,101.19999999999982,1478.4323844703138,1496.5699008902113,-18.137516419897565,1503.6710481229877,1499.6008463137935,4.070201809194259
1-68d3e341-a035-4bbf-8b76-9fcfecb50f50,3385.0,3217.2,167.80000000000018,1494.7402100430045,1493.8090910781514,0.9311189648531126,1501.2666017312856,1500.0569345273248,1.209667203960862
1-7909467b-19bf-428b-b8f6-9ed0f64d495a,3099.8,3106.4,-6.599999999999909,1496.5976808029448,1485.298379057964,11.299301744980767,1498.746750085049,1506.384249989876,-7.637499904827109
1-bd8e2828-f9d8-447e-9f4e-9506458d3dce,3041.4,3086.8,-45.40000000000009,1509.6555205329992,1485.18402375281,24.471496780189227,1500.7998842105903,1503.8195248976413,-3.0196406870509236
1-72a87e49-17db-4943-8543-5c5fae64e2fe,3153.0,3008.4,144.5999999999999,1496.2048106980856,1503.72883528927,-7.524024591184343,1493.8817254957287,1509.8628966216856,-15.981171125956962
1-f21703d5-5bb6-4f48-b640-18ef495c30a7,3134.2,3246.2,-112.0,1512.3479335563613,1499.647578158636,12.700355397725389,1496.4557445618993,1490.7431246610051,5.712619900894197
1-2bed37f3-519d-4b20-83bc-0a6ea0ac703d,3083.0,2994.2,88.80000000000018,1500.0,1493.3961574514526,6.603842548547391,1500.0,1501.0308207921494,-1.0308207921493704
1-b79c7525-7f7c-4ac3-9088-ef5c5370e814,3025.0,2994.2,30.800000000000182,1499.5492769955351,1509.871367479066,-10.322090483530928,1489.0872511140487,1504.7333018032618,-15.646050689213098
1-d1a95bbb-907e-4cb7-b233-43e6ee565560,3346.0,3223.4,122.59999999999991,1497.2896003095293,1506.1988013677424,-8.909201058213057,1498.6996699806054,1494.872667027115,3.8270029534903642
1-27330423-0a9d-408c-99d4-815eae91df93,3406.8,3351.4,55.40000000000009,1497.046574520451,1493.5064505710227,3.5401239494283345,1500.6028683311908,1493.306643802996,7.296224528194898
1-28106768-0932-4e2c-b1d1-288940471112,3115.4,3128.2,-12.799999999999727,1506.6767343453707,1500.0558261214908,6.620908223879951,1505.8743400282704,1502.8577082257598,3.016631802510574
1-0273be59-ce0a-492d-b746-7cdb05547f38,3077.6,3011.2,66.40000000000009,1506.8433334253914,1500.3182368274975,6.525096597893935,1500.6419543373054,1501.978480026001,-1.3365256886957013
1-9b44db12-8a28-4249-9f3b-595c0b061c70,3319.2,3243.8,75.39999999999964,1496.5626740473708,1490.5711912438896,5.991482803481176,1492.9114164074467,1499.2981542495936,-6.386737842146886
1-eca75d25-90d8-4940-84c2-234f613c8d6f,3545.8,4054.4,-508.5999999999999,1493.708183782783,1503.0509819460533,-9.342798163270345,1499.0889815149512,1501.0714054947314,-1.982423979780151
1-79119ba6-04e9-40a5-a3c7-0164a18affa4,3225.4,2919.0,306.4000000000001,1490.4939224955951,1503.2558063528086,-12.761883857213434,1501.7999135997068,1503.8849403832855,-2.085026783578769
1-dfaf8d15-b738-477d-b9f8-7077f51b67a4,3179.8,3106.4,73.40000000000009,1522.10779129488,1492.9833637989873,29.124427495892633,1500.819896992092,1503.8987128660144,-3.0788158739223945
1-28af10c3-e122-4043-9c9f-f284d6ed493b,3431.4,3380.2,51.20000000000027,1517.558208334926,1533.2588707253449,-15.700662390418984,1507.4842528437819,1502.798764006754,4.685488837027833
1-ba586441-8d0f-4fc8-9cfe-6a8549d746fe,3379.4,3620.2,-240.79999999999973,1514.0136816265626,1558.1390406334824,-44.12535900691978,1510.8661511896112,1502.3317960574016,8.534355132209612
1-c443e251-43e8-4a5c-be60-87205539ca13,3620.2,2554.8,1065.3999999999996,1543.8479472758322,1506.597430418844,37.25051685698827,1500.8966042966942,1526.9847195745106,-26.088115277816314
1-49dfeb8a-c675-4815-92a1-864685a8f2f3,3620.2,1815.4,1804.7999999999997,1529.188996628962,1500.0,29.18899662896206,1501.7174792887643,1500.0,1.7174792887642525
1-ba04d788-1f35-4730-b31b-b153b69e3b35,3133.0,3056.2,76.80000000000018,1538.0566322132443,1489.6025012745097,48.45413093873458,1500.457821339009,1505.6756269113018,-5.217805572292946
1-0050ec4e-3239-4120-a401-b2711e19bcbe,3141.8,3261.0,-119.19999999999982,1515.7330150288356,1507.4309870704196,8.30202795841592,1504.1752467563226,1502.8474043936515,1.3278423626711628
1-52c062a2-1b75-489c-a19d-62950bdb4a13,3362.0,3528.0,-166.0,1500.353073787158,1503.9532158470533,-3.6001420598952336,1505.1168656058928,1502.1342072775983,2.9826583282945194
1-42915d7a-f388-4ae5-bfe7-6f9a2cf7bc3a,3113.4,2922.8,190.5999999999999,1507.3266769122342,1510.4326828625547,-3.106005950320423,1495.2855990067123,1514.4129018366625,-19.127302829950168
1-31f4579e-6de0-4f26-a4da-554c87c119ae,3116.0,3288.4,-172.4000000000001,1497.041300334669,1497.883509641008,-0.8422093063391003,1496.4422658776243,1500.5007411988067,-4.058475321182414
1-64304df3-ae6d-4266-8d30-0dd782609d52,3069.2,2896.2,173.0,1510.5444103238824,1500.24349643007,10.300913893812321,1500.6365489839002,1507.8847041697595,-7.248155185859332
1-136fb124-c7c3-46a1-9687-5c6651cf60e8,3330.6,3554.4,-223.80000000000018,1517.9470732792167,1501.8713657921114,16.07570748710532,1506.6406340879626,1496.5681577697133,10.0724763182493
1-396b9461-f9a1-4cf9-92db-1318ef3829f9,3052.8,3097.6,-44.79999999999973,1501.2540891478243,1487.0626663129792,14.19142283484507,1501.1043524227894,1499.9460994767644,1.1582529460249589
1-8c25dc0c-9ec6-4bca-af61-38801ec9ebf7,3157.0,3107.6,49.40000000000009,1500.505069978983,1512.9926667406464,-12.487596761663326,1506.5793950379941,1504.1330249318833,2.4463701061108623
1-ded0fc75-b145-4637-a01b-5c20ae2f3839,3072.0,3195.0,-123.0,1495.4869278520584,1522.654287653538,-27.167359801479506,1534.2358341211268,1495.2665561595704,38.96927796155637
1-6d63d71a-1bea-44a2-acb2-311807e6263e,3063.8,3317.6,-253.79999999999973,1509.2792698730652,1501.5743051640475,7.704964709017759,1497.3873185507307,1497.7881571328057,-0.4008385820750391
1-e3ab5bdb-a5f8-4ec3-a529-3196e93d6f6c,3232.0,3149.4,82.59999999999991,1503.0783673722194,1518.1252806452278,-15.046913273008386,1495.5974383009682,1498.6219329902426,-3.0244946892744338
1-ba1e5cea-4eb6-4525-8749-bfff44427a37,3203.4,3384.6,-181.19999999999982,1512.6480400675148,1499.7086314413932,12.939408626121576,1493.927315188494,1500.0,-6.072684811505951
1-f438714d-d6c7-418f-ab15-851030f4d3dc,3247.8,3203.4,44.40000000000009,1481.937721328292,1497.3576899754094,-15.419968647117457,1508.0,1496.2397048437997,11.7602951562003
1-6f981073-029f-4a3c-a719-4326df96f531,3511.4,3275.0,236.4000000000001,1487.3658281558196,1516.3310484543715,-28.965220298551912,1500.284542460648,1496.0519871283836,4.232555332264383
1-742cbc2f-1ff7-449a-b2ef-22f63e27e064,3322.2,3210.0,112.19999999999982,1496.9204330283612,1521.7150805212627,-24.794647492901504,1500.3144658419933,1500.197823652883,0.11664218911028001
1-85f849ff-4cc9-4fe7-91e8-17176a2f2986,3298.4,2953.4,345.0,1524.0056516442796,1481.536054769797,42.469596874482704,1494.3865660433726,1511.4619848124419,-17.0754187690693
1-9e9db08c-c1e1-4cfe-91c7-67fa03567f03,3235.0,3543.0,-308.0,1550.749722544646,1490.9879947275,59.76172781714581,1496.010543025826,1518.2074375063557,-22.196894480529636
1-ec94dc76-de36-47e0-944d-38f78726b98e,3167.2,3133.0,34.19999999999982,1503.4419175268745,1508.267257462195,-4.825339935320471,1501.6483604728285,1501.5744790151116,0.0738814577168796
1-d1174184-9053-4fd3-b79a-a85fd08b47c5,3212.2,3344.4,-132.20000000000027,1513.6947623518456,1487.6702347183823,26.02452763346332,1505.7744514369958,1508.5541406889138,-2.7796892519179437
1-4754372f-f300-44ce-937c-eec09a5eb071,3621.0,3416.2,204.80000000000018,1525.4397509228022,1505.665813232743,19.773937690059256,1500.8938860207452,1498.477908547916,2.415977472829127
1-13babeb3-0548-48e2-b83b-4bbd8894f4a2,3039.0,2999.6,39.40000000000009,1500.236137303167,1491.0378203907496,9.19831691241734,1501.5565561108197,1509.798941146091,-8.242385035271354
1-ef5e63f5-bb50-4915-8c25-1c53fc4a30eb,3040.0,3153.2,-113.19999999999982,1482.4623064176396,1499.9146106636374,-17.452304245997766,1494.6695468879811,1503.9237361877736,-9.254189299792415
1-4c1263cf-192a-4214-a55f-4e14fe350104,3149.4,3003.2,146.20000000000027,1462.5463640589355,1506.4425191035027,-43.896155044567195,1498.142646528549,1495.6607052709558,2.4819412575932347
1-0fe7635c-3c98-4d66-b1d7-e01f065fbc52,3287.8,3365.0,-77.19999999999982,1478.0288453829694,1510.1199718640962,-32.09112648112682,1501.6090146868369,1490.3580582918373,11.250956394999548
1-8aa8473f-d38f-49f5-87fd-0cd4a38a58b5,3167.6,2982.4,185.19999999999982,1492.3236719681863,1487.4343686150837,4.889303353102605,1497.6608613755006,1507.0042140854587,-9.343352709958026
1-39cfd467-8dce-425d-acbe-b212a37941e5,3326.6,3424.4,-97.80000000000018,1489.725438915505,1496.7713367937595,-7.045897878254436,1497.763945818322,1496.8878486904869,0.8760971278352372
1-182d7ac8-cf41-469f-b3df-e43831621f4d,3116.8,3370.2,-253.39999999999964,1502.324081389073,1493.351180404427,8.972900984646003,1497.064656927458,1496.6793539531986,0.3853029742592753
1-aa78d479-7ab9-41a7-8599-2353cf33d642,3248.2,3352.2,-104.0,1506.6167267694796,1502.9113300194936,3.7053967499859937,1498.5140362449033,1496.7608924586464,1.753143786256942
1-668681e6-0e26-4157-b7e8-f3b7b3d3a97e,3228.8,3183.2,45.600000000000364,1496.730979840432,1516.5486336025663,-19.81765376213434,1501.5003217926758,1496.5567777830952,4.943544009580592
1-b8b7dfa9-dc13-4d35-b7d7-75973852ec0e,2957.2,3085.0,-127.80000000000018,1532.9145429108562,1503.053664774689,29.86087813616723,1493.9650471324796,1498.9809643722822,-5.0159172398025476
1-17d56cd0-f3aa-427b-81c2-6286b975abcb,3235.8,3233.6,2.200000000000273,1500.0,1527.266398427124,-27.26639842712393,1500.0,1493.6632994891038,6.336700510896208
1-5c9b9674-bf6e-48f6-ab52-9c669267e1db,3279.6,3245.6,34.0,1514.4921342301334,1508.8032812893857,5.688852940747665,1494.3355415785722,1493.7054093950646,0.6301321835076124
1-16d8beeb-5f9b-42b6-a513-0eb51b5b41b7,3424.4,3499.0,-74.59999999999991,1515.007184937927,1524.8692572008702,-9.86207226294323,1507.6357420511408,1501.530814936721,6.104927114419752
1-a9c5a742-6510-4d39-b41b-acc8ff581fd3,3247.6,3332.6,-85.0,1516.0005929696085,1506.8727404058416,9.127852563766965,1504.1351008985184,1511.6063087155658,-7.471207817047343
1-990861c8-6814-4613-ab7f-c15d133637fe,3337.0,3387.8,-50.80000000000018,1500.3029784898106,1500.142459398414,0.16051909139650888,1506.5407703095223,1506.4019669684396,0.13880334108262105
1-c5871a3f-cd33-43af-9de1-fff83899f136,3370.0,3188.0,182.0,1500.1467027690057,1517.0208075632413,-16.874104794235564,1497.5155085980903,1508.047509358902,-10.532000760811798
1-0f4fc186-7244-4767-88eb-27357b702ad1,3382.2,3222.0,160.19999999999982,1498.4541686217497,1500.6848181311702,-2.230649509420573,1505.861694614876,1503.2902765889633,2.571418025912635
1-ba2dd8f2-08bf-4485-ab44-2f35a3ab106b,3402.2,3544.8,-142.60000000000036,1513.0934132167752,1516.4690621915456,-3.3756489747704563,1504.942435899151,1503.887572446924,1.0548634522269822
1-787efe76-132e-46fb-9d55-173d1798ee87,3524.4,3246.8,277.5999999999999,1504.6210996170628,1497.0334262956853,7.587673321377451,1510.371236444722,1503.2482263744553,7.123010070266673
1-395241c6-70fe-4329-b294-290f76473f33,3288.2,3457.0,-168.80000000000018,1509.2880707515073,1503.584751617147,5.703319134360299,1503.2615216401855,1500.5380000024045,2.7235216377810048
1-0e6e7892-fc5d-4a24-863a-8eb8766d5bc8,3309.2,3525.8,-216.60000000000036,1509.2538674409357,1509.6358109706173,-0.38194352968162093,1502.5723688775308,1501.1362179630883,1.4361509144425781
1-dc3c72ba-1e83-4352-a85b-3ab9e4c914bd,3096.6,2898.0,198.5999999999999,1503.2311137890636,1507.2407672909947,-4.009653501931098,1496.5133755763538,1508.0708971218912,-11.557521545537384
1-10828cac-23b6-4a7c-ae04-de3d76aace4a,3139.6,3564.4,-424.8000000000002,1490.4230197833817,1493.7267362842904,-3.3037165009086493,1498.266481255977,1498.4516173072586,-0.1851360512816882
1-25437369-90b1-4435-9a83-a872e697d8e9,3125.8,3261.4,-135.5999999999999,1500.0633994007487,1477.5830241070375,22.480375293711177,1501.6718624892533,1502.248094344943,-0.5762318556896844
1-dd50d2a2-f511-478e-9631-b4a724e7e72b,3026.6,3164.8,-138.20000000000027,1500.0,1497.081403553748,2.918596446251968,1500.0,1504.4874609590036,-4.487460959003556
1-0c1880e1-6e76-4d06-93ee-421c6cbb6ce2,3413.4,3550.8,-137.4000000000001,1503.2,1500.0,3.2000000000000455,1500.0,1500.0,0.0
1-aa95078a-baa2-458b-acf9-63f05e450532,3387.4,3305.2,82.20000000000027,1500.0,1500.0,0.0,1500.0,1500.0,0.0
1-d54d93e4-3528-470b-baf2-26a55f173f4f,3341.8,3114.8,227.0,1500.0,1500.0,0.0,1500.0,1500.0,0.0
1-a129422a-2ccf-467f-887c-dc3f95cba606,1595.4,1888.4,-293.0,1500.0,1507.7902680654486,-7.790268065448572,1500.0,1500.0,0.0
1-00091630-f3bc-4e1e-9bf2-b09629ab1631,1733.6,1736.4,-2.800000000000182,1500.0,1508.4438746726576,-8.443874672657557,1500.0,1500.0,0.0
1-1d0cdacc-ea12-4bde-88c4-00d63699367f,1854.2,1955.0,-100.79999999999995,1492.2593524888857,1500.0,-7.740647511114275,1500.0,1500.0,0.0
1-522b9de0-5274-41f4-8487-9d870e015a19,1818.4,1765.6,52.80000000000018,1499.1860688570162,1500.0,-0.8139311429838472,1500.0,1500.0,0.0
1-e50dbaa2-e687-4f7a-9de8-b0a37ad2a1f1,1585.8,1446.8,139.0,1498.8742023674488,1500.0,-1.1257976325512118,1500.0,1500.0,0.0
1-db6aa3c2-5e2c-4112-a6ee-4584e909f8b4,1850.4,1798.2,52.200000000000045,1500.0,1515.0293886419954,-15.02938864199541,1500.0,1500.0,0.0
1-510a0c47-d683-491d-939e-e818bf97bdff,1832.0,1866.0,-34.0,1500.0,1501.785696281916,-1.785696281915989,1500.0,1500.0,0.0
1-b5b73304-53fb-4eb1-9bdd-4a32e131b79f,1741.4,1856.4,-115.0,1500.0,1518.461517693392,-18.461517693391897,1500.0,1500.0,0.0
1-324ac91e-cd45-449d-a653-6fbcceedd717,1914.6,1858.8,55.799999999999955,1502.4211650018435,1500.0,2.4211650018435193,1500.0,1500.0,0.0
1-419fe112-ec1c-4bb0-bdce-698320d16966,1871.8,1825.4,46.399999999999864,1500.0,1499.0620723765423,0.9379276234576537,1500.0,1500.0,0.0
1-c5065cdf-36ce-47b3-bb23-0dd9c16878c4,1986.8,1905.8,81.0,1500.0,1512.3156061347333,-12.315606134733343,1500.0,1500.0,0.0
1-c0014f9a-0885-4dcb-aeb0-22e25d612b08,1543.4,1732.2,-188.79999999999995,1505.0350397612078,1500.0,5.035039761207827,1500.0,1500.0,0.0
1-0adc34fd-6f0e-44e7-b35b-5ff287e9fb6d,1481.0,1543.4,-62.40000000000009,1500.0,1522.0490762801849,-22.049076280184863,1500.0,1500.0,0.0
1-507141d7-a9c3-47f9-a69e-f8937a8e6d15,1543.4,1619.0,-75.59999999999991,1506.3410604879493,1500.0,6.341060487949335,1500.0,1500.0,0.0
1-3c6c1bc7-5810-4fa3-938d-325e361f59ff,1767.6,1886.8,-119.20000000000005,1500.0,1506.4,-6.400000000000091,1500.0,1500.0,0.0
1-104497f2-52a1-4b25-a7cc-ae55c02f3337,2193.0,2264.0,-71.0,1500.0,1500.0,0.0,1500.0,1500.0,0.0
1-bbdac21a-c973-4ae9-9935-62d02a3a481f,2486.8,2552.8,-66.0,1493.6606467618549,1499.3638179034838,-5.7031711416289,1504.742005143288,1502.5737293046684,2.168275838619593
1-f7c9f1aa-d71a-42cd-ba36-4ecb387d3776,2510.0,2754.4,-244.4000000000001,1502.8943943276781,1496.8289880439838,6.065406283694301,1509.241533873579,1500.0,9.241533873579101
1-f940fa90-92ee-4d00-ab02-34a6bebdad36,2516.4,2374.2,142.20000000000027,1496.8525770184997,1500.0,-3.1474229815003127,1500.0,1500.0,0.0
1-0cff933d-fa83-4a4a-b242-3c8db4758450,2665.6,2771.4,-105.80000000000018,1521.4500781798924,1500.0,21.450078179892444,1494.7659319823135,1500.0,-5.234068017686468
1-0fcabc30-3fd8-418f-aece-60c20920a01c,2530.8,2665.6,-134.79999999999973,1493.1236341013773,1506.0448478782293,-12.921213776852028,1493.996486051021,1498.3754397868215,-4.378953735800451
1-38772f18-b1e7-400b-b9f7-dce49914da08,3408.6,3139.8,268.7999999999997,1516.1473612790712,1487.0526387209288,29.094722558142394,1503.2,1500.0,3.2000000000000455
1-efcb748d-2232-4a75-87b2-8b81744ca3b3,3408.6,3139.8,268.7999999999997,1500.0,1503.2,-3.2000000000000455,1500.0,1500.0,0.0
1-40da14fd-c03d-4b65-a096-a727cf43fc06,3196.4,3441.0,-244.5999999999999,1496.1019674863865,1501.4768075437482,-5.37484005736178,1498.970824087188,1504.3915616806496,-5.420737593461581
1-9a271158-28b0-4e72-8ea0-18f35a02fe0e,2673.4,2668.2,5.200000000000273,1509.5788381788327,1502.7503982908893,6.828439887943432,1500.1437014258636,1501.7825668473663,-1.6388654215027145
1-f3ae3eb6-83c5-4e58-ad99-3e2f8ec30884,2715.8,2799.0,-83.19999999999982,1505.811176688469,1490.529304878893,15.281871809575932,1500.0,1504.6817497036307,-4.681749703630658
1-3c5a77ff-9389-40ed-a784-a21cc65a7cfc,2716.8,2879.6,-162.79999999999973,1531.185806511221,1500.0,31.185806511221017,1500.00200352778,1500.0,0.0020035277800616313
1-0de6fed7-dc8f-440b-81fa-24a2309fc7e5,2784.2,2888.4,-104.20000000000027,1500.0,1522.1983359418016,-22.198335941801588,1500.0,1500.0024042333362,-0.002404233336164907
1-5dbc42ac-4ea1-450d-b425-ae894291bce9,2675.8,2818.0,-142.19999999999982,1500.0,1519.2857895432232,-19.285789543223245,1500.0,1500.0045079375052,-0.004507937505195514
1-f57f5975-b2ec-4b11-a266-2ac247c11d9e,2706.2,2773.2,-67.0,1500.0,1510.1782237862494,-10.178223786249418,1500.0,1500.0060105833404,-0.006010583340412268
1-f1ff7752-f19d-4fa8-aecc-be3b20b89515,2554.2,2867.2,-313.0,1500.0,1497.1828221358458,2.817177864154246,1500.0,1500.0120211666806,-0.012021166680597162
1-2298541b-b28b-4b12-bbc1-235c8565b8e7,2799.0,2808.0,-9.0,1487.2301365700328,1500.0,-12.769863429967245,1500.024042333361,1500.0,0.02404233336096695
1-0e7fcfc8-fb3d-45ba-a914-c46a0a2e746c,3163.8,3382.2,-218.39999999999964,1496.8,1500.0,-3.2000000000000455,1500.0,1500.0,0.0
1-88162240-654f-4b83-9393-aa54a5c29516,3027.6,3070.2,-42.59999999999991,1500.0,1500.0,0.0,1500.0,1500.0,0.0
1-958b2f5d-1df6-4343-b85f-e29a5c023127,2511.4,2542.4,-31.0,1503.1710119560162,1491.7159853760845,11.455026579931655,1496.8525770184997,1514.1293208909588,-17.276743872459065
1-94c9783c-49bc-4ba1-a0a3-04c51c4fcb26,2957.6,3028.4,-70.80000000000018,1515.672909462232,1511.4336757832148,4.239233679017161,1500.6365728681958,1502.6333035313298,-1.9967306631340307
1-02fc84da-91cb-43aa-bf75-927db9462eb7,2849.6,2795.2,54.40000000000009,1490.6850718664264,1533.7346636184288,-43.04959175200247,1500.731917656198,1496.4466511966639,4.285266459534114
1-66ce2048-3a6e-4551-a20a-358747c79808,3219.0,3190.2,28.800000000000182,1511.7022817876186,1521.967767812226,-10.265486024607299,1492.4711218483342,1502.7002220227369,-10.229100174402674
1-a45a90ec-f3bd-4cb4-83e7-3c22c7d23a68,2925.8,2903.6,22.200000000000273,1515.6235159645046,1489.8845850919151,25.738930872589435,1506.378572054074,1499.2681213836763,7.110450670397768
1-fd424a82-146b-43ec-94cf-4c7d4e5c86d7,2916.0,2861.0,55.0,1522.8866921135996,1514.9441803942468,7.942511719352751,1504.0025626201123,1499.3146785048577,4.687884115254519
1-43197015-d085-4e43-a88c-8becd91320a8,2925.6,2971.4,-45.80000000000018,1519.6103880155333,1493.2438116714334,26.36657634409994,1508.1896563412859,1501.2805559922876,6.909100348998209
1-21cc9847-eedd-466c-9ed8-e85f05de6db0,2542.4,2439.6,102.80000000000018,1465.5494147625518,1560.897369215541,-95.34795445298914,1495.7884027974867,1499.5667132278445,-3.7783104303578057
1-6eec7abe-617c-4264-8c28-f9a3a8141802,2629.6,2542.4,87.19999999999982,1500.1032070500528,1480.6547128116713,19.4484942383815,1507.7021780467444,1491.4063094479784,16.295868598765992
1-ab52c945-a77c-44a4-a094-8d86dfcb989f,3037.0,2834.0,203.0,1492.6778617023956,1506.5139726552982,-13.836110952902573,1502.3529632591749,1501.072635813059,1.2803274461159617
1-6741606d-4461-4bb8-a72a-665f2ad61fc3,2619.4,2847.6,-228.19999999999982,1493.8992367879187,1496.814217235849,-2.9149804479302475,1503.9268093122262,1495.718135185553,8.208674126673259
1-7d18bc74-388b-425c-b878-0debecf07d0a,2653.2,2673.2,-20.0,1509.5143764964228,1493.4545280358827,16.059848460540024,1492.4434488909203,1488.8159523534666,3.6274965374536805
1-ba622e5d-fb71-4f93-80e0-068d9c6a3ba2,2755.4,2613.4,142.0,1493.7243215745625,1483.8581744696685,9.866147104894026,1496.8739589237534,1497.0351167474237,-0.16115782367023712
1-b20662ed-8c58-447b-a4b0-2e9cc534fe20,2833.6,2926.6,-93.0,1499.705228294695,1493.7737302372648,5.93149805743019,1494.595162573777,1506.2030351931824,-11.60787261940527
1-45711e01-b6a2-4412-ab97-54b16195f743,3154.0,3246.4,-92.40000000000009,1493.0117224948563,1523.9842393114438,-30.972516816587586,1497.1521174351326,1504.8006400493387,-7.648522614206058
1-b06112d9-2420-447d-9d85-f9379bd37579,3015.6,2967.8,47.79999999999973,1487.1096131953784,1507.7348065093063,-20.625193313927866,1503.5806176296257,1505.5707465989854,-1.9901289693596027
1-a42ee091-8ee6-4dbc-8dd3-bd4a717736e0,3242.8,3264.4,-21.59999999999991,1500.0,1500.0,0.0,1500.0,1500.0,0.0
1-c15277fe-7e27-4422-8568-569fd99b5129,3048.8,3003.4,45.40000000000009,1510.000210243023,1504.3450846773972,5.6551255656258945,1498.072972841066,1495.0602284867525,3.012744354313554
1-51eae52a-b704-486f-9eb4-5873273d030d,3103.2,2972.6,130.5999999999999,1510.4626220211612,1501.5771819375889,8.885440083572348,1498.0886926501414,1510.3287872620497,-12.240094611908262
1-efb26f43-1f4f-4028-aadc-3e267b45967f,2983.4,3178.2,-194.79999999999973,1505.4062105110452,1502.987149907739,2.4190606033062068,1500.103521238309,1497.8795066969274,2.224014541381621
1-8ed44e09-c588-4fee-b2ea-e3cfebaad521,3118.6,3271.8,-153.20000000000027,1502.9889707979232,1514.7852087432839,-11.796237945360645,1501.3811125493812,1500.7885370619558,0.5925754874253926
1-907fd0b5-c4e5-4d0b-bdd4-ce79dae83114,3294.0,3033.0,261.0,1514.5357461449223,1497.120190397949,17.41555574697327,1501.8646706664076,1503.470592513588,-1.6059218471802978
1-44810358-b2e3-4b6b-af00-5746f23ffeb1,3340.0,3199.6,140.4000000000001,1520.9961218458607,1496.7723398133985,24.223782032462168,1500.0442780213762,1496.5006585031576,3.54361951821852
1-17aa8a51-d221-448d-8421-a3788a99295c,3129.0,3275.6,-146.5999999999999,1500.1705477387954,1502.6317298220642,-2.4611820832687954,1508.8008221720956,1499.1408959823063,9.659926189789303
1-676bcffa-d50e-49df-a630-7705336b784b,2857.8,2811.8,46.0,1493.9005482680993,1502.5369491804352,-8.63640091233583,1499.7672676348238,1503.3351703082199,-3.56790267339602
1-1a7406f0-f02a-4f2f-a376-3ef1800fa1cb,3015.6,2827.4,188.19999999999982,1512.0744015441303,1503.0804040719636,8.993997472166711,1499.2128859749437,1504.6800263732027,-5.467140398259062
1-53ed0b52-35c6-4307-8bf2-4a80d79db794,3153.0,2922.8,230.19999999999982,1499.5305574699269,1506.8003376795505,-7.269780209623605,1501.3551307705754,1497.3140901722315,4.041040598343898
1-8b537c9e-b272-49d9-b7bf-f69d75a9a7ec,3093.2,3224.6,-131.4000000000001,1509.3661136641726,1499.7163856834215,9.649727980751095,1505.101387143176,1495.051029989035,10.050357154141011
1-439a0a64-a5ad-4fcb-9350-14e8d6f94bc5,3222.0,3110.4,111.59999999999991,1515.2543506033878,1503.1731193656108,12.081231237777047,1501.2295289967246,1497.081403553748,4.148125442976607
1-8390aa60-0657-4bf6-914d-de54c8c45517,3156.0,3042.0,114.0,1493.6,1509.119589922982,-15.51958992298205,1500.0,1499.2266308355627,0.7733691644373266
1-bebcf8bc-597d-4f15-9ed5-4d2e924c016a,3317.0,3156.8,160.19999999999982,1515.8526387209288,1518.6456351841005,-2.7929964631716757,1496.8,1498.190509588086,-1.3905095880859335
1-ae883f58-c4f2-4b57-bda1-cc194ac5ab7c,2953.4,3175.2,-221.79999999999973,1496.8067816260339,1512.6537268145441,-15.84694518851029,1500.736306793522,1498.9333333333334,1.8029734601886958
1-4ea7f165-0a49-4ad3-8f6e-cc751898eb03,2961.0,3067.4,-106.40000000000009,1500.0,1503.1118595899782,-3.1118595899781667,1500.0,1500.0,0.0
1-c580dfb2-390a-46ad-92de-5afdb7ad21e4,3053.0,3127.2,-74.19999999999982,1500.0,1506.3705277441857,-6.370527744185665,1500.0,1500.0,0.0
1-5eaeb8f2-05f4-42db-b7ac-ce5552ed236f,2965.8,3061.8,-96.0,1503.2,1500.0,3.2000000000000455,1500.0,1500.0,0.0
1-15feb3dc-9577-4152-99ee-84dae73e5f15,3084.8,3392.4,-307.5999999999999,1511.4967870331207,1509.582725052079,1.914061981041641,1497.757334276036,1503.447315330787,-5.689981054750888
1-fadcd7e2-1362-4e60-a5b0-2e3358781f5c,2995.8,2931.4,64.40000000000009,1524.451448598695,1506.2428661807128,18.208582417982143,1500.56083718433,1500.4714149890885,0.08942219524146822
1-f5c4ce9e-978f-4eb1-a2fd-f2903695b7fc,3000.2,2850.4,149.79999999999973,1506.5965839059897,1518.6501764630605,-12.053592557070715,1500.915340418526,1505.5103768580402,-4.5950364395141605
1-8f1ea58f-f090-402a-ba0f-dedb19d62605,2952.6,3106.2,-153.5999999999999,1503.22738371162,1515.5637508783122,-12.336367166692298,1502.9732212896597,1499.1926319360464,3.7805893536133226
1-7fcad681-6631-456c-8553-581d149414b8,3321.2,3095.6,225.5999999999999,1500.0,1515.735021470557,-15.735021470557058,1500.0,1497.3087731201547,2.691226879845317
1-3fb9aa4a-f0cd-4c05-8c25-a0bb916d993e,2918.6,2911.2,7.400000000000091,1503.0636051552735,1500.0,3.0636051552735353,1497.0023561156138,1500.0,-2.997643884386207
1-246934a9-d8dc-4fcd-aa10-815753c980b8,3154.8,2579.0,575.8000000000002,1499.9705277441858,1500.0,-0.029472255814198434,1500.0,1500.0,0.0
1-5138731d-c57d-4d93-9bc4-e251a430d6fb,2963.2,3037.2,-74.0,1503.2,1500.0,3.2000000000000455,1500.0,1500.0,0.0
1-f8367dad-a6c7-4e9b-a03b-8aebc1dfee69,2995.2,3155.8,-160.60000000000036,1500.0,1500.0,0.0,1500.0,1500.0,0.0
1-c1a8bf09-5a6a-48bd-8f2d-c947534eac63,3180.4,3032.0,148.4000000000001,1499.0792411672169,1507.1593360546358,-8.080094887418909,1481.3403710325053,1495.9324962752764,-14.59212524277109
1-ef32492d-8763-49ce-879f-2fe3c67935bb,3113.6,2894.6,219.0,1498.2130378612594,1483.2894846592715,14.923553201987943,1497.3053899996378,1498.9999404446905,-1.694550445052755
1-eb65d2ed-4515-4666-9021-9712d920ba63,3113.6,2964.4,149.19999999999982,1515.7917274589163,1481.3990183213689,34.3927091375474,1503.9548962354506,1514.9731911371139,-11.01829490166324
1-1ffb3f99-f2f2-4b9e-a28e-52cf14e14e12,2938.6,3078.8,-140.20000000000027,1500.3593991244115,1499.820454254813,0.5389448695984811,1516.4847722790141,1504.2596002198086,12.225172059205534
1-6cef01dd-fed5-452a-8d10-b4e5be4cf187,3342.6,3036.2,306.4000000000001,1524.6080394373228,1506.0254434032536,18.582596034069184,1502.9682057793932,1496.4827647678776,6.485441011515604
1-9b3b5a6b-8d18-49c0-8892-eb0c324aea21,3093.4,3114.0,-20.59999999999991,1506.5175824552473,1518.614409456643,-12.096827001395695,1500.049672028475,1505.2986456426872,-5.248973614212218
1-4c9ad9bd-7c54-4132-bb50-1905a755df80,3090.8,2886.6,204.20000000000027,1508.414032673763,1506.5280472171366,1.8859854566262584,1498.1839861448511,1508.2427416216256,-10.058755476774422
1-05b06404-49e2-4236-97ea-99675880c6f2,3398.0,3291.8,106.19999999999982,1505.8735221601796,1496.8294722558144,9.044049904365238,1503.4717887616353,1503.2,0.27178876163520727
1-49236dcb-fe33-4d5f-86b4-1ce0c9f3acb2,3228.6,2962.0,266.5999999999999,1500.0,1505.8735221601796,-5.873522160179618,1500.0,1501.2078226320605,-1.20782263206047
1-0c6e14f3-5672-4e90-919a-03601c415ac9,2757.4,2852.2,-94.79999999999973,1503.1116032274767,1512.4454159941154,-9.33381276663863,1490.4,1500.9333333333334,-10.533333333333303
1-e94d7187-12b3-4fea-802e-80c083cff543,2836.2,2874.2,-38.0,1499.295797964515,1500.0,-0.7042020354849683,1501.1855238095236,1500.0,1.1855238095236018
1-d03d0691-1bd3-4766-a88e-c52a79818d04,2836.2,2872.0,-35.80000000000018,1516.0336511625596,1500.0,16.033651162559636,1502.0,1500.0,2.0
1-bb5d0fd5-444a-47bf-a7ad-1af55e7898bb,2857.0,2862.4,-5.400000000000091,1506.3233726959402,1506.4,-0.0766273040599117,1500.0,1500.0,0.0
1-88034a22-3f9a-4dec-b6eb-73cd4df109bf,2857.0,3079.2,-222.19999999999982,1489.856374142793,1500.0,-10.143625857207098,1500.0,1500.0,0.0
1-c5662157-bfb2-4037-8fcb-4bc35575d084,2858.6,3043.6,-185.0,1502.7318565739004,1500.0,2.731856573900359,1500.0,1500.0,0.0
1-58056a50-1b1a-4c79-bec2-e51122d1ac80,2838.6,2790.2,48.40000000000009,1500.0,1512.6821209758987,-12.68212097589867,1500.0,1500.0,0.0
1-d1db4aff-3e39-44b4-a317-50304d5317c3,2896.8,2717.8,179.0,1506.4,1500.0,6.400000000000091,1500.0,1500.0,0.0
1-e2914d97-6f21-471f-8d89-b11152dd56de,3274.8,3103.0,171.80000000000018,1500.0,1500.0,0.0,1500.0,1500.0,0.0
1-45f0aec5-0288-4140-8793-4e0e2ac9d2fe,2765.4,2935.8,-170.4000000000001,1516.2467763670254,1461.116772971891,55.13000339513451,1501.2977990024633,1506.370464162601,-5.072665160137603
1-fac32945-b851-407f-afa9-5df92bd7b516,2722.8,2664.0,58.80000000000018,1467.0522568995516,1503.0475745260908,-35.99531762653919,1505.2100893080956,1483.4380810839375,21.77200822415807
1-cb1ff633-aeef-468d-a119-c330dbc8dc5f,2647.0,2633.6,13.400000000000091,1456.0891636781562,1513.445048413347,-57.355884735190784,1505.5087219422005,1509.1767362303594,-3.668014288158929
1-db77d3e2-be46-401d-b9f0-aa478a6c76b5,2569.0,2576.0,-7.0,1465.0631934745284,1490.142788589265,-25.07959511473655,1500.9233616667998,1491.6307292746367,9.292632392163114
1-9112fb04-468e-4fd6-ac57-f2cf9d791c80,2801.0,2545.2,255.80000000000018,1461.792211403647,1500.0,-38.20778859635311,1506.2984223070312,1500.0,6.29842230703116
1-1431a8d6-f700-4fb7-8900-28f960a5bdb7,2782.2,2716.4,65.79999999999973,1463.520191106551,1509.4968698031644,-45.97667869661336,1500.549266031517,1500.0666703538861,0.4825956776307976
1-b7ce6aab-8587-4858-96a5-7d440c8cb0ea,2801.8,2888.2,-86.39999999999964,1476.258398942892,1494.6676200059621,-18.409221063070163,1509.491255466071,1509.0688259498645,0.4224295162064209
1-b2587ae0-a528-4bac-a2c8-877a9645fc18,2812.8,2860.2,-47.399999999999636,1475.4301607456441,1505.429388251106,-29.99922750546193,1500.6080476530715,1446.8989454847306,53.709102168340905
1-f7148dc4-4c1c-4469-928d-749908ba30c3,2714.4,2586.8,127.59999999999991,1500.0,1451.9650864307523,48.03491356924769,1500.0,1500.7948482463532,-0.79484824635324
1-cb4c7482-dd85-410e-8c14-64e0aa17cfc5,2586.8,2564.2,22.600000000000364,1432.9134690379085,1500.0,-67.0865309620915,1500.9262745317403,1500.0,0.9262745317403187
1-981cfcd6-891d-49e6-8ba2-cd819df3974d,2746.2,2753.0,-6.800000000000182,1483.833176249934,1496.774940051911,-12.941763801977004,1502.3273918742232,1496.7737209926,5.553670881623248
1-346fec11-970a-4e44-aee9-b913e4305d8a,2973.0,2915.8,57.19999999999982,1502.4692520444519,1466.9153006533438,35.55395139110806,1494.7577433337462,1500.381268522604,-5.623525188857684
1-a565a504-51b8-48e5-86be-503a6e400760,2613.6,2832.6,-219.0,1446.8989454847306,1500.0,-53.101054515269425,1500.231134916461,1500.0,0.23113491646108741
1-74cdd503-4d36-46e7-a60e-3a163f118228,2613.6,2723.8,-110.20000000000027,1427.612803710819,1500.0,-72.38719628918102,1500.2699435804911,1500.0,0.26994358049114453
1-9c1aa95f-e19d-465b-a927-09808844ada1,2506.0,2613.6,-107.59999999999991,1500.0,1440.917899264458,59.0821007355421,1500.0,1500.3506780484227,-0.35067804842265105
1-b54d1ac5-42a2-415e-9f6c-bafcd6426ba5,2613.6,2501.0,112.59999999999991,1454.702826783158,1503.113393503375,-48.41056672021705,1499.627256461711,1490.6720085523898,8.955247909321315
1-65d806f0-daaf-41bf-8f75-e12b70a942f7,2644.0,2736.0,-92.0,1464.4964931904078,1490.488140410022,-25.99164721961415,1500.5880484777053,1500.0,0.5880484777053425
1-d93cb07d-13e2-42fc-b99f-17b02a764c48,2652.0,2644.0,8.0,1500.0,1479.5561019844747,20.443898015525292,1500.0,1500.8330100823146,-0.8330100823145585
1-0c596f1c-b577-449c-a794-43e65b6567f4,2769.0,2717.6,51.40000000000009,1497.7510999185574,1500.0,-2.248900081442571,1507.363400789238,1500.0,7.363400789238085
1-6cfe0342-7a23-49ec-b657-34b9ef024c2c,2899.8,2878.2,21.600000000000364,1490.45639910738,1487.9251434387165,2.5312556686635617,1502.042632321629,1502.5642565445978,-0.5216242229687396
1-2e0da8df-8e96-4367-b42e-9d10ff8209a3,2814.4,2960.2,-145.79999999999973,1493.9809477070808,1512.6842822077926,-18.70333450071189,1501.2203221056748,1496.8589395120507,4.361382593624057
1-a0449178-e4b7-4ceb-9a7c-67fe2c3bb28a,2655.6,2709.0,-53.40000000000009,1496.8589395120507,1462.9124368019025,33.94650271014825,1500.0,1502.0706878094586,-2.0706878094586045
1-2f9c5c2c-1d84-44fd-9b24-0b389234d403,2643.4,2709.0,-65.59999999999991,1500.0,1477.8958754231085,22.104124576891536,1500.0,1503.100383155236,-3.1003831552359316
1-d8ff8451-e84e-4500-b8a4-056d0f684732,2836.4,2709.0,127.40000000000009,1506.4305102353037,1493.2910701548,13.139440080503618,1497.0206190181925,1500.6932259178384,-3.6726068996458707
1-568959dd-28a5-4715-a638-aa023d047f88,2645.8,2715.6,-69.79999999999973,1502.9732212896597,1500.0,2.973221289659705,1500.8354302374782,1500.0,0.8354302374782492
1-c83810dd-39ad-41b5-9e75-893e3c081ad9,2774.6,2760.2,14.400000000000091,1509.2245818062188,1500.0,9.224581806218794,1500.5226668145692,1500.0,0.5226668145692202
1-80046c85-cb4b-4768-9779-597dcd2a7ae8,2798.8,2836.2,-37.399999999999636,1500.0,1496.322985946352,3.6770140536480085,1500.0,1501.1946670047296,-1.194667004729581
1-5933650d-0c5f-4d87-8e80-ad80b503c619,3165.0,3179.0,-14.0,1500.0,1479.7504947339426,20.24950526605744,1500.0,1502.0101939845401,-2.0101939845401375
1-e9f627bb-d580-4b96-9367-e0589bf647dd,3179.0,3414.0,-235.0,1461.582477530313,1508.951714467926,-47.36923693761287,1499.905752730429,1476.5020016435235,23.40375108690546
1-a698aa4e-ee66-4175-8b25-edf28e21fdd9,3179.0,3335.0,-156.0,1476.5020016435233,1500.0,-23.497998356476728,1499.8527386412954,1500.0,-0.14726135870455437
1-8d50b4a4-6123-4fa5-b7d4-749e899c9e74,3060.8,3225.6,-164.79999999999973,1487.2,1489.3824032947575,-2.182403294757478,1500.0,1504.070318188394,-4.070318188393912
1-89c29921-21f0-4f40-96f2-e5d7576e0925,3118.8,2958.8,160.0,1504.050325699477,1503.153020766117,0.8973049333601466,1501.0563499204875,1501.28,-0.22365007951248117
1-8316e2cf-c70e-4622-85f1-fa8a7b0869e4,3192.2,3158.4,33.79999999999973,1488.1143466820129,1524.2578580389759,-36.14351135696302,1498.5891297155322,1502.0087759088597,-3.4196461933274804
1-5b93e6ee-6b6b-40cc-8be3-837409a426c8,3377.2,3484.2,-107.0,1507.626389118408,1482.5062451726258,25.120143945782274,1510.1680591713932,1503.781491365463,6.386567805930326
1-3073a3d9-6ad5-4b3b-b11b-bcf441d1a30c,3460.2,3272.8,187.39999999999964,1496.9410917837197,1482.0317847108133,14.909307072906358,1508.3899955489865,1502.9913232659019,5.398672283084579
1-0dde7c0d-cebe-4913-91b9-3cb4e53bef82,3182.6,3400.8,-218.20000000000027,1490.0367268076375,1496.502327695355,-6.465600887717528,1502.5180098603548,1494.131807935603,8.386201924751731
1-168a0697-a366-4903-935f-4223e09a0d92,2950.0,3111.2,-161.19999999999982,1514.5890361081697,1483.8044687035829,30.784567404586824,1495.5150533327203,1497.4732381040951,-1.9581847713748175
1-2c3d7d91-edb7-44e9-ae75-8f3915c4d9b9,3109.0,2996.2,112.80000000000018,1493.9635797817539,1489.9175698908894,4.046009890864525,1501.3912950541956,1496.2120571501607,5.179237904034835
1-7cebc826-cd95-4d33-ad00-65891c0c73e0,3251.0,3247.4,3.599999999999909,1487.8756599375051,1493.2548268049004,-5.37916686739527,1503.451887805879,1496.6450790825993,6.806808723279801
1-c41a9a01-1cd2-474d-b3c8-329af64e3ae5,3062.2,3102.2,-40.0,1500.299860964721,1509.7473403795777,-9.447479414856844,1498.0865469630742,1508.9791169128396,-10.892569949765402
1-55f47b2e-e82a-48b0-941b-8e69c7ef5952,3527.2,3236.0,291.1999999999998,1500.2000110616584,1490.5427190355847,9.65729202607372,1515.735481251712,1500.4682950374518,15.267186214260164
1-779d36fd-463d-4fd7-8ead-c94f47bcf5a2,3231.2,3187.0,44.19999999999982,1499.966167353312,1486.421575139894,13.5445922134179,1498.5100497735532,1498.0374946157453,0.4725551578078466
1-57f7e37f-ab12-4500-88c1-33c6aceeae23,3181.4,3153.6,27.800000000000182,1468.736306793522,1512.2109545651824,-43.47464777166033,1500.0,1484.0,16.0
1-b77c97c7-f6d7-462e-9376-eb50dbdb284f,3181.4,3251.6,-70.19999999999982,1484.0,1500.0,-16.0,1500.0,1500.0,0.0
1-389c2db8-6636-429e-900b-d26aac44d5d1,3322.0,3181.4,140.5999999999999,1500.0,1500.0,0.0,1500.0,1500.0,0.0
1-09f410b5-92b9-4d2a-b28e-d7da063940cc,3301.0,3263.8,37.19999999999982,1489.3068692625984,1529.1543981685559,-39.84752890595746,1515.1952026312972,1520.2001873200588,-5.004984688761624
1-f21910a1-c12c-4dc0-b162-c5f1b2a1a7c1,3143.0,2461.2,681.8000000000002,1506.4338461465118,1496.977446471437,9.456399675074863,1499.998909435774,1519.2857895432232,-19.28688010744918
1-eb042d71-2281-429e-90d5-d922a0a8d531,3210.8,3054.4,156.4000000000001,1498.161492973176,1499.998909435774,-1.8374164625979574,1501.1946670047296,1496.7705302439747,4.424136760754891
1-81ac9926-976b-4006-8ed1-ee1d2ab9354b,2661.2,2699.4,-38.20000000000027,1490.4319240986142,1486.8820941186505,3.5498299799637607,1503.0081070790577,1496.1557928555812,6.852314223476469
1-f8a4cc00-8c63-4872-b712-5babb16b1dfa,2685.2,2670.0,15.199999999999818,1515.5009347744085,1486.823349953003,28.677584821405617,1499.4687651848517,1499.7195815396126,-0.25081635476090014
1-1faa86fd-e0f2-4f16-aad3-2ce5f4bf4398,2612.4,2718.0,-105.59999999999991,1489.6992892777664,1494.2103161968378,-4.511026919071355,1498.8858901821052,1514.1169974499658,-15.23110726786058
1-5f355b75-e903-455a-94f3-9ff160215a66,2728.6,2708.2,20.40000000000009,1500.6600471269123,1509.801673850793,-9.141626723880563,1511.1508394237173,1497.9534315401584,13.19740788355898
1-0ac87207-9564-41a4-9ef2-01e7ca8debfa,2547.4,2656.8,-109.40000000000009,1493.6645248727548,1503.5545725560708,-9.89004768331597,1506.7037657769056,1530.3444593664435,-23.640693589537932
1-4409e706-8330-4e2d-9092-90bb1466f8ff,2316.4,2428.0,-111.59999999999991,1499.9186094436789,1490.0308273592727,9.887782084406126,1502.0584862399573,1503.2623186375222,-1.2038323975648382
1-872592f5-0de5-42fc-a514-e771503d5cef,2658.0,2813.4,-155.4000000000001,1515.1408471005384,1500.0,15.140847100538394,1500.853001808964,1500.0,0.8530018089641089
1-5de3f48f-b9ff-4c21-a6cb-799650ee3c00,2611.2,2509.6,101.59999999999991,1496.8022690166822,1500.0,-3.197730983317797,1501.1207441421177,1500.0,1.120744142117701
1-f7c76225-9749-41a7-82fa-b223c717ebf7,2415.0,2343.8,71.19999999999982,1506.5491477003968,1500.0,6.549147700396816,1503.0304185799412,1500.0,3.03041857994117
1-df6b6cf1-80a1-4fce-8641-08ae1310fda9,2600.8,2459.2,141.60000000000036,1506.6190933723246,1500.0,6.619093372324642,1504.2568618972691,1500.0,4.256861897269118
1-2cd21891-caf1-430a-9813-9584a612da53,2679.6,2568.6,111.0,1493.5715675305307,1509.6,-16.02843246946918,1506.7966687929568,1496.7694524873175,10.027216305639286
1-f23f4523-69a6-4893-ad20-9ec534de3251,2498.6,2485.4,13.199999999999818,1484.5492393983664,1503.168181528434,-18.61894213006758,1520.0522677146723,1496.5452394852116,23.50702822946073
1-bd4e1aad-aa56-4295-ab19-02cc594e751d,2479.0,2371.8,107.19999999999982,1500.0,1496.5452394852116,3.454760514788404,1500.0,1499.664814468828,0.33518553117210104
1-c4055f28-7a5e-44b2-8598-b6b4b65a4360,2734.0,2617.6,116.40000000000009,1503.0005095394397,1500.0,3.0005095394396903,1499.1061719168747,1500.0,-0.8938280831252996
1-8427423c-ea17-4723-b80a-8afbdd1da0ba,2713.2,2735.2,-22.0,1500.0,1512.6336367521988,-12.633636752198754,1500.0,1498.659257875312,1.3407421246879494
1-b229e1bc-a9aa-449b-9796-bb603a2c4503,2563.6,2501.0,62.59999999999991,1500.0,1506.3506062154563,-6.35060621545631,1500.0,1497.318515750624,2.681484249375899
1-868f5715-e892-44a5-8f8d-cd8c2c94c1ad,2474.4,2679.4,-205.0,1497.318515750624,1500.0,-2.681484249375899,1556.7977500212553,1500.0,56.7977500212553
1-4431b8a0-e0ea-4e75-8b12-ab322ba869cd,2485.6,2594.4,-108.80000000000018,1490.666182445942,1483.7212164211253,6.944966024816722,1500.566907468756,1492.947636020242,7.619271448513928
1-a8166b51-1fd3-4d70-b1f4-7ad8c3e09e67,2728.4,2582.8,145.5999999999999,1499.9751002642683,1516.0088487061905,-16.03374844192217,1500.1715243852655,1500.3615657612468,-0.1900413759813091
1-476f96fb-4d81-4371-826c-b24775fef2b7,2527.0,2431.0,96.0,1506.264023236677,1513.1475323002444,-6.883509063567317,1505.328543767335,1507.600338485576,-2.271794718240926
1-ed0d2c29-bebc-4948-8dd9-76913ad3c3c5,2427.4,2614.0,-186.5999999999999,1506.695769706824,1509.3919003180695,-2.6961306112455077,1499.7672187639237,1495.9946294011054,3.7725893628182803
1-6ad6e0b8-0ad8-44a2-bcef-300651d3832c,2340.2,2391.8,-51.600000000000364,1500.0,1535.8535880763743,-35.85358807637431,1500.0,1499.414748278216,0.5852517217840614
1-8104eacd-4049-4aa1-b1e1-4d6abceffdee,2440.0,2423.0,17.0,1522.9511727353083,1497.3147412278172,25.636431507491125,1497.7270018093625,1546.7710520555652,-49.04405024620269
1-06ce2a11-0c3e-4184-8f05-b61dfb735a1c,2375.4,2534.2,-158.79999999999973,1513.6621609348433,1499.9721610537313,13.689999881112044,1499.790726090745,1495.1187755162382,4.671950574506809
1-6dc3f827-24bc-482f-a2d3-d2f239464616,2372.2,2375.2,-3.0,1500.0,1507.3984243522286,-7.398424352228631,1500.0,1499.5659504104342,0.4340495895658023
1-ef145b21-b748-463d-925b-2db21014f0f4,2485.4,2614.8,-129.4000000000001,1500.0,1497.4368631860111,2.5631368139888764,1500.0,1487.6073931994445,12.39260680055554
1-8fdda5da-7f03-48fc-8452-791c7cd853f8,2685.0,2826.0,-141.0,1497.9458766868581,1493.4062824668624,4.539594219995706,1498.9664202557321,1499.9686719032484,-1.002251647516232
1-8ffc8554-08db-4bd8-b66a-d4f00ade6eb9,2529.4,2633.0,-103.59999999999991,1500.947326459054,1490.2542295704322,10.693096888621767,1496.493769367743,1501.2727525942262,-4.778983226483206
1-b80eb8de-2c1c-4a49-b63e-1e6241e12926,2490.2,2534.6,-44.40000000000009,1509.3628874461058,1510.8499654410832,-1.487077994977426,1495.244926892577,1502.11777049851,-6.872843605932985
1-3b46066a-3065-4bf1-acdb-3f7dae5a6fc1,2235.6,2342.0,-106.40000000000009,1520.59728093062,1500.0,20.597280930619945,1505.1054802777107,1500.0,5.10548027771074
1-55bc5b25-24b0-4309-8872-d67bc595ed15,2779.2,2869.6,-90.40000000000009,1513.9120978981296,1493.891472980125,20.020624918004614,1499.970760055855,1499.8783967999966,0.09236325585834493
1-b1aa514a-edc6-42fe-aeb2-97ffe691a6c9,2813.0,2525.2,287.8000000000002,1496.8776693601724,1508.0625278186785,-11.184858458506142,1502.909213718978,1503.2117347671333,-0.3025210481553131
1-f2712cf2-b571-43d4-9cb7-3d694602637c,2809.8,2703.0,106.80000000000018,1500.1465870791374,1508.0784811457966,-7.931894066659197,1503.1753031077283,1500.2285016936253,2.9468014141029926
1-e4688e32-a60a-4ec4-8197-db44ae712b12,2514.0,2652.2,-138.19999999999982,1511.3832875998994,1500.0,11.383287599899404,1500.24119623216,1500.0,0.24119623216006403
1-97ca1a77-a33a-4b0a-b124-e7065c220d08,2383.0,2257.2,125.80000000000018,1493.881523828551,1521.0162674772826,-27.1347436487315,1515.3111176262769,1500.3076473044216,15.003470321855275
1-a3fd5798-cf53-4149-a23e-6d0656ee8fe2,2433.0,2039.2,393.79999999999995,1514.890390795593,1500.0,14.89039079559302,1500.3268752609479,1500.0,0.32687526094787245
1-1468e5e0-bed7-4602-bfe5-bb76d9ab599e,2410.6,2354.6,56.0,1508.6194500383967,1500.0,8.619450038396735,1491.1879180603241,1500.0,-8.812081939675863
1-67f7880d-c75a-4062-8d99-cd8306c3e1fc,2548.6,2549.4,-0.8000000000001819,1508.9870040520877,1487.406829402842,21.58017464924569,1501.7733214574992,1504.7325150565862,-2.9591935990870297
1-9f23cfda-9455-4154-8047-e61b8af4f945,2790.8,2941.4,-150.5999999999999,1506.345293379532,1518.5327711723244,-12.187477792792379,1503.1970552148632,1502.4577432622693,0.73931195259388
1-61a829ea-ced7-46b7-94a7-7ea4d8498ad9,2841.4,2995.4,-154.0,1506.58840783923,1518.7274574955136,-12.139049656283532,1500.497883761875,1504.3128094756657,-3.8149257137906716
1-e4395a09-2481-4397-bad4-7dd649fff1b4,2782.8,2442.6,340.2000000000003,1509.324191530811,1506.2826733752415,3.04151815556952,1503.7609076973224,1493.6299981273935,10.130909569928917
1-9fcfd768-e3a5-4bb6-a7e7-2ce8cc660ec7,2502.0,2835.2,-333.1999999999998,1500.0286537970235,1499.5139577423886,0.5146960546348964,1496.814543018628,1502.1042894618834,-5.289746443255353
1-1178e425-8a4d-41dd-9778-e4c3123d2048,2662.0,2733.2,-71.19999999999982,1512.599718003289,1506.4,6.199718003288808,1501.1530859584373,1500.0,1.1530859584372593
1-25ba3999-566c-4b79-af33-0f1c62fdcdde,2590.8,2498.0,92.80000000000018,1500.0,1509.4870754869803,-9.487075486980302,1500.0,1501.3837031501248,-1.383703150124802
1-ac34ffef-cc84-430d-b62d-e83ecaea73a3,2731.8,2785.6,-53.79999999999973,1510.6394893523818,1526.7915576259459,-16.152068273564055,1496.17523915957,1501.523645348717,-5.348406189146999
1-d4e3a103-f8cc-45ee-a9c0-9bf4a9b5da9a,2658.6,2861.6,-203.0,1539.6513492472448,1494.3821492425063,45.26920000473842,1506.8059991483315,1506.4791692913143,0.3268298570171737
1-01811bf6-cb80-4b5a-97bc-ca6938a35286,3011.6,2958.2,53.40000000000009,1539.9114843543484,1468.712220488145,71.19926386620341,1501.976800864753,1506.9420875818553,-4.9652867171023445
1-18ff8624-a4e3-48fa-ba5a-371a732385d0,2622.6,2664.6,-42.0,1560.080006379364,1496.9754164720525,63.10458990731149,1502.5088088887835,1502.76616018869,-0.2573512999065315
1-9e43509c-c8a2-4fdb-97a8-293213d0f69c,2671.4,2520.2,151.20000000000027,1538.6606746613695,1490.714401777012,47.94627288435754,1497.9553810589675,1505.2569019437942,-7.301520884826687
1-f1b8f98c-8636-4dd1-b455-30873f5d7ed0,2656.0,2907.6,-251.5999999999999,1548.855389157056,1512.7196036602304,36.13578549682552,1498.9273946746416,1495.3774050019579,3.5499896726837505
1-104dde0b-c29e-4908-af64-47a94d8d3b89,2566.0,2615.8,-49.80000000000018,1573.0468561184493,1506.3711751403093,66.67568097814001,1501.7821307153354,1501.5625734484652,0.21955726687019705
1-84b566cd-4ad8-4660-836e-0c2a2a965d53,2609.4,2419.2,190.20000000000027,1559.1909852789015,1500.0,59.19098527890151,1505.0995817471962,1500.0,5.0995817471962255
1-c77e63ae-1d0b-4e49-9182-115de2a9c9c1,2665.4,2484.0,181.4000000000001,1557.0223860897343,1500.0,57.022386089734255,1502.7616937207056,1500.0,2.76169372070558
1-44f6f2aa-e931-49d1-8873-6b2a8b1df71a,2573.4,2705.4,-132.0,1496.2729006237169,1540.3440093260426,-44.07110870232577,1510.4617067376657,1502.813486268044,7.6482204696217195
1-177e1d3a-031b-42ec-9222-43201f34f687,2748.8,2765.4,-16.59999999999991,1547.5537898919617,1503.3565134011271,44.19727649083461,1502.7962618037018,1501.537662320288,1.2585994834137182
1-23062f07-557a-4f19-b808-ea2857bffe6b,2681.8,2370.0,311.8000000000002,1550.4232047871315,1500.0,50.42320478713145,1503.4601171447646,1500.0,3.460117144764581
1-f3b86cb7-5356-4a5a-89e2-6ada9041bed4,2480.2,2628.0,-147.80000000000018,1505.7072708147548,1541.8173869848847,-36.11011617012991,1496.959169467012,1503.2050888764327,-6.245919409420594
1-7244a8c8-19a6-411d-9c44-b744427763f9,2678.0,2590.4,87.59999999999991,1562.2606544625307,1518.713314592347,43.547339870183805,1500.8268310626254,1494.963965948736,5.862865113889484
1-a0a5618e-1ebf-4525-a47a-fb69dc765bc0,2772.2,2628.4,143.79999999999973,1544.3168589035063,1496.8862048412552,47.43065406225105,1501.221950599258,1509.296521189191,-8.074570589933046
1-9dda1659-e02b-4fbb-8b78-db6cb6ab269e,2686.6,2710.8,-24.200000000000273,1532.1960782380368,1500.0306233411904,32.16545489684631,1502.147541726542,1500.0126317803288,2.134909946213156
1-fcf7a1c7-6cd9-43ec-9232-2f811283ce88,2721.6,2699.2,22.40000000000009,1515.7889309172017,1525.983821175924,-10.194890258722353,1502.2771780068026,1500.0347719827373,2.2424060240653034
1-c68f3857-1038-404f-8dfa-eb4d9dae9118,2593.4,2563.2,30.200000000000273,1496.9174884598228,1536.2240399560933,-39.30655149627046,1503.2558063528086,1504.3946711117374,-1.1388647589287757
1-e8c2af6d-297d-47c9-8ecf-d4516ff7eb07,2563.2,2407.0,156.19999999999982,1520.8967421959915,1506.2805823214767,14.616159874514778,1499.681195472361,1493.5164426413642,6.164752830996804
1-999e525e-fa57-4f69-b47f-f30ad498cf69,2484.4,2285.2,199.20000000000027,1539.1765406442742,1500.0,39.176540644274155,1498.3748275418113,1500.0,-1.625172458188672
1-f2bdeb65-133b-48ee-8ae2-899f58df46fb,2557.6,2224.4,333.1999999999998,1527.5126729417625,1496.5928027488878,30.91987019287467,1499.8762961124305,1496.7750194167436,3.10127669568692
1-e23ac249-04e5-4de1-a41c-c5aefdd12512,2314.2,2385.4,-71.20000000000027,1500.0,1518.4211928889567,-18.42119288895674,1500.0,1499.787936192738,0.21206380726198404
1-6d229624-1c43-4018-9024-108c8b773b35,2373.2,2470.4,-97.20000000000027,1500.0,1512.2466919058766,-12.24669190587656,1500.0,1499.752592224861,0.24740777513898138
1-a5d6f3e4-e6fe-492a-a5f5-be769ed1c2a0,2753.6,2789.2,-35.59999999999991,1497.1758182957424,1509.2938578976552,-12.11803960191287,1512.3938203775801,1500.8104446871785,11.583375690401681
1-8c18c618-eb6f-4724-b814-08a0a3fc1ee1,2682.0,2721.8,-39.80000000000018,1500.0,1519.0752168538118,-19.075216853811753,1500.0,1501.1337390985004,-1.1337390985004276
1-2ca05dfc-5a35-4fc6-b37f-382011df27c5,2737.4,2642.8,94.59999999999991,1509.481095983648,1503.0823084677247,6.398787515923232,1498.924326644955,1501.125363981231,-2.201037336275931
1-64f9c0fe-a407-4374-a7b5-b2db09123d5b,2844.4,2661.8,182.5999999999999,1496.772979934865,1500.0853622023328,-3.3123822674679104,1500.0581707084036,1504.6974162603901,-4.639245551986505
1-0bdb6371-6e91-4e4a-8170-d7a0fbf9d663,2511.4,2364.4,147.0,1509.6,1500.0,9.599999999999909,1500.0,1500.0,0.0
1-75aa56bc-9036-47f7-9700-6a1d233ce697,2515.6,2585.8,-70.20000000000027,1500.0,1500.0,0.0,1500.0,1500.0,0.0
1-1bc6c63c-6525-4d01-8f57-f0f65c1aa92a,3011.8,2914.4,97.40000000000009,1482.5925280350825,1507.8860339607218,-25.293505925639238,1500.3057999646287,1503.3563686739785,-3.050568709349818
1-079ee25f-2e53-43e9-9def-a40ea17003cf,2989.2,3092.6,-103.40000000000009,1488.5211544032377,1499.61225683685,-11.091102433612377,1498.5033251255616,1505.7737673282973,-7.270442202735694
1-ad4f0ed6-8719-4945-b89e-188c2ec3b7e3,3057.6,3159.0,-101.40000000000009,1466.7421637970267,1500.2729868723277,-33.53082307530099,1501.3694276871624,1504.583896161836,-3.2144684746735948
1-3051acd3-13c9-4d62-9213-0e32b11fa0fd,2558.0,2773.0,-215.0,1487.4566327310545,1483.7502430064158,3.7063897246387114,1506.9668197926537,1505.4380331881098,1.5287866045439387
1-4bb33a82-8706-4da8-91b5-75a723a292cb,2913.6,3079.4,-165.80000000000018,1504.3880546980402,1532.7979699583266,-28.409915260286425,1500.1142638451988,1506.1095560633562,-5.995292218157374
1-a2be900b-ba92-4f99-91b7-b50604f5d7aa,2993.8,3079.6,-85.79999999999973,1495.4485825043962,1497.568245069106,-2.11966256470987,1503.274924651598,1511.5588181701899,-8.283893518591867
1-b42d7e1a-c80f-4de2-a09f-374d2c107bf7,3193.2,2965.0,228.19999999999982,1492.0069841263644,1492.0826055858258,-0.07562145946144483,1508.3931029644468,1506.6000989147592,1.7930040496876245
1-28dffc63-0b13-4186-a895-1af150ff98b3,3637.8,3238.2,399.60000000000036,1510.106475195985,1494.8993066117664,15.207168584218607,1502.2923348890647,1506.7184059949648,-4.426071105900064
1-5949d814-7e43-476f-92c1-d5d868b30b06,3187.4,3232.0,-44.59999999999991,1495.3950005198833,1495.1096236651806,0.28537685470269025,1489.2178584790868,1507.9037937335308,-18.685935254444075
1-3417d17e-a07d-4e57-9a64-1c5455693626,3299.6,3185.0,114.59999999999991,1496.547858067229,1487.523948554612,9.023909512617138,1502.498728822731,1503.4150939574727,-0.9163651347416817
1-8974250c-771d-4dfa-9df4-46c344933ac4,3154.0,3141.8,12.199999999999818,1499.8887191240751,1495.1595515509428,4.729167573132372,1496.431656959822,1502.818305301723,-6.3866483419010365
1-42b5cb16-bf8c-44d2-a222-2e06c95d83d1,2925.4,3099.0,-173.5999999999999,1493.0145432338807,1502.9616156437316,-9.947072409850989,1501.8727672113068,1503.4495544100228,-1.5767871987159197
1-9e4bdb0e-e722-4f5b-91aa-981642d6dcc6,2816.4,2829.8,-13.400000000000091,1508.1213931851885,1503.020724507553,5.10066867763544,1502.8048309919857,1493.5930059243774,9.211825067608288
1-0afdfc97-0862-41c1-a745-443d42f4b909,2762.2,2910.6,-148.4000000000001,1496.7426366812265,1495.4293797745272,1.31325690669928,1493.7711895466023,1505.3470547972463,-11.575865250644028
1-a5cfe399-0381-4598-b11d-cafe9183ad3c,2972.8,2968.8,4.0,1503.0280490206653,1488.3952119834348,14.632837037230502,1497.848717360672,1500.9065933722925,-3.057876011620465
1-660e1770-ed5c-4555-bb42-76a5bddb936e,2219.8,2195.0,24.800000000000182,1494.4164416745602,1500.0,-5.583558325439753,1497.5588431487256,1495.5674039770038,1.9914391717218223
1-868be4af-f06d-4c70-bfb9-99dbc2a20b5a,2203.4,2239.8,-36.40000000000009,1500.0,1491.1348079540076,8.865192045992444,1500.0,1501.6445029249805,-1.644502924980543
1-0e2e5aef-97dd-4779-83f9-526eba14d532,3373.2,3109.2,264.0,1512.8410375868439,1490.7381201801122,22.10291740673165,1510.0320619944325,1499.7249552403837,10.307106754048846
1-a669b1d3-d65b-4470-a79a-5404bbfde97e,2682.8,3014.0,-331.1999999999998,1503.1408216413934,1484.00987442554,19.13094721585344,1500.0,1498.4015961847597,1.5984038152403173
1-13d78072-8bb0-4b46-baa7-5833896bf431,3166.4,3476.0,-309.5999999999999,1500.6614511926205,1519.849656955097,-19.188205762476628,1515.9105630157474,1502.2381998542037,13.672363161543672
1-ebb10be2-5e32-4a40-9959-326c18ebdd4a,3650.2,2948.0,702.1999999999998,1507.0737367100169,1503.1642385602147,3.9094981498021752,1513.1760653086546,1494.0558810129207,19.120184295733907
1-edf4006d-63fc-4cdf-9c78-2f59a8104c92,3399.0,3290.2,108.80000000000018,1497.0561484094214,1506.1617154290188,-9.105567019597402,1497.5133275933545,1486.8987270983098,10.61460049504467
1-e44b89cd-b80a-4bd8-9d74-86a6d11904e9,3295.2,3363.4,-68.20000000000027,1500.3144658419933,1487.2324370554834,13.082028786509909,1499.2719304863767,1493.8778995656405,5.394030920736213
1-6789689a-1712-49ed-a25c-24d5ad1e64a4,3179.6,3249.8,-70.20000000000027,1494.5734794787688,1490.2001264528626,4.373353025906226,1502.2929095949603,1492.7651129054495,9.527796689510751
1-f6cb4a5a-2d06-4bd3-b6ab-a794b585d1cd,3014.0,2777.2,236.80000000000018,1493.7854020557647,1500.10989846637,-6.324496410605207,1493.7856438330084,1507.5402463079747,-13.754602474966305
1-da66a6d4-ca03-4134-9400-c0de7fceaade,3213.8,3036.2,177.60000000000036,1500.0774863654744,1490.6720085523898,9.405477813084644,1500.0,1500.0,0.0
1-fb554912-2cca-4b4b-8b4a-3bb17e3ed232,2957.6,2850.6,107.0,1502.697946834664,1477.9222911018285,24.775655732835503,1499.083007097549,1501.74642389628,-2.6634167987310775
1-1adf2075-8171-4081-9006-307a5db5378f,2955.2,2866.6,88.59999999999991,1483.277156455157,1516.2398178325232,-32.9626613773662,1499.634802638406,1504.4805281464896,-4.84572550808366
1-5a839930-ab1f-450e-b8cd-c047cf996c91,3016.0,2914.0,102.0,1483.4397399163179,1495.0488788547598,-11.609138938441902,1498.8746361060053,1496.485688225444,2.388947880561318
1-e505bd65-56c9-4a53-ba78-87c4b25700a3,3224.4,3084.2,140.20000000000027,1493.1099902902595,1525.7599560546228,-32.64996576436329,1500.6627539907358,1503.6114724418258,-2.948718451089917
1-6d623c71-256f-40eb-ba0c-0da282730b96,3080.6,3085.4,-4.800000000000182,1481.6380074418562,1508.837197626588,-27.199190184731833,1505.1336669554362,1503.8404107328702,1.293256222566015
1-183746c2-6ed3-494f-977c-e7e9d7b4f59b,2977.2,2952.8,24.399999999999636,1473.5961235125192,1497.4750268569426,-23.878903344423406,1494.395520696722,1500.1754639590968,-5.7799432623746725
1-5a038cc3-110f-424e-90f0-1688051ca61d,2968.0,2759.4,208.5999999999999,1488.6924055777756,1494.5135359572405,-5.821130379464876,1498.2207415101325,1514.004542838893,-15.783801328760546
1-d421a305-f13b-4881-a535-d017116a00fb,3053.6,3154.6,-101.0,1504.5105251871457,1475.8569938175508,28.65353136959493,1503.5454576802254,1502.1382629749376,1.4071947052877931
1-98ce9050-619b-41d6-9779-bcb2d17cab5e,2874.0,2898.4,-24.40000000000009,1492.4588926056044,1520.0866711096155,-27.627778504011076,1503.648239335961,1498.4141925199551,5.234046816005957
1-70ca59be-2c99-4ad7-a1bd-2ebd61e288cf,3004.6,3106.2,-101.59999999999991,1504.0694237270388,1487.5656826299178,16.503741097121065,1503.563422100592,1498.1889591921376,5.374462908454461
1-9a0f97fe-fd73-4fbd-9411-b8f75a633328,3134.6,3012.2,122.40000000000009,1492.8233748820487,1490.6645121835597,2.1588626984889743,1500.9703223536176,1499.7480795341246,1.2222428194929762
1-226a07a5-097a-48ea-be84-f942a0ea645f,2641.8,2674.6,-32.79999999999973,1497.6388990542625,1492.7902194340809,4.848679620181656,1513.0646684837532,1503.3565134011271,9.708155082626035
1-720ecb01-5215-457b-9522-02fb008e06b0,2924.4,2971.0,-46.59999999999991,1500.0,1494.8683476412214,5.131652358778638,1500.0,1503.4528343051877,-3.4528343051877073
1-41ab150f-5dda-4ddd-b479-67d4a5ba390a,2950.0,2659.8,290.1999999999998,1500.0,1514.7783151626534,-14.77831516265337,1500.0,1506.4864387688144,-6.486438768814423
1-18c93d63-07cf-458e-9576-287f23689ae9,2667.4,2659.8,7.599999999999909,1510.6466253027365,1498.20563094735,12.440994355386465,1538.0297888864652,1502.1183902246933,35.911398661771955
1-29345ad9-992a-490d-b783-c1e4ab3955e9,3230.8,3108.0,122.80000000000018,1500.0,1500.7186187450366,-0.7186187450365651,1500.0,1500.271487847308,-0.2714878473079807
1-4c76423f-7038-4682-a9c9-fe81f21e32cc,3232.0,2917.8,314.1999999999998,1500.0,1490.8663035072104,9.133696492789568,1500.0,1500.542975694616,-0.5429756946159614
1-02ebbb92-304d-40e1-8c3b-84b794a3ee9e,2758.8,2748.0,10.800000000000182,1503.2578541676953,1484.5890454348178,18.66880873287755,1506.2821209758986,1504.0,2.2821209758985788
1-5a58ec4d-703d-467e-8276-b515020dc24a,2708.6,2945.8,-237.20000000000027,1484.0,1500.0,-16.0,1500.0,1500.0,0.0
1-2dae2a7a-f3ef-4c4b-ae45-9666a56d16cf,2708.6,3035.6,-327.0,1500.0,1500.0,0.0,1500.0,1500.0,0.0
1-4e77908a-ef6c-4188-a886-c38d75b7b2a0,2206.2,2477.0,-270.8000000000002,1500.0570957817704,1500.0,0.057095781770385656,1500.0,1500.0,0.0
1-a50cc9b5-4fe3-4388-b9b4-56dd535fa705,2090.4,2106.0,-15.599999999999909,1500.0,1496.8278802913362,3.172119708663786,1500.0,1500.0,0.0
1-205a482a-f74b-4c67-ae52-50ec4039bae9,1547.6,1504.6,43.0,1500.0,1496.7983932379525,3.201606762047504,1500.0,1500.0,0.0
1-67479750-2375-41cd-846c-43c775e70f5e,2436.2,2359.2,77.0,1500.0,1503.2281245078907,-3.2281245078906977,1500.0,1500.0,0.0
1-61e74a4c-0f93-4135-92f7-ab3320c2306d,1428.2,1375.2,53.0,1500.0,1503.3181971029637,-3.3181971029637225,1500.0,1500.0,0.0
1-2ea9582b-f4d7-4d00-84db-a29f1cb2d88e,1403.8,1385.6,18.200000000000045,1500.0,1493.539713355717,6.460286644283087,1500.0,1500.0,0.0
1-991249fd-6d73-4f83-8e18-3fc8f0e2faf1,1450.0,1427.2,22.799999999999955,1500.0,1503.2289294037041,-3.2289294037041145,1500.0,1500.0,0.0
1-889eeef9-815c-420f-bdd6-f93ec4a66bef,2448.6,2185.0,263.5999999999999,1500.0,1503.2589445116287,-3.2589445116286697,1500.0,1500.0,0.0
1-d5cff055-aebd-472f-84cf-46bf4e75f140,2296.2,2185.2,111.0,1496.8,1500.0,-3.2000000000000455,1498.4,1500.0,-1.599999999999909
1-379c77fb-3e1a-4c03-bd2a-d6683f8464b1,2327.0,2352.8,-25.800000000000182,1496.8,1500.0,-3.2000000000000455,1500.0,1500.0,0.0
1-dc982d27-5570-47c9-85ff-0415420ec160,1255.8,1311.0,-55.200000000000045,1500.0,1500.0,0.0,1500.0,1500.0,0.0
1-c075fd39-78f9-4f4f-9f2d-61043cbe6b49,2582.2,2507.4,74.79999999999973,1503.729808675755,1521.6063943747668,-17.876585699011684,1516.0278272338485,1502.0040045221824,14.023822711666071
1-a0a2c4b3-4afc-4383-a805-79fc4a3a7f52,2598.2,2692.8,-94.60000000000036,1500.0,1512.1266297092936,-12.126629709293638,1500.0,1505.5576514976742,-5.557651497674215
1-5137f64d-5685-4429-aee5-b9f252c3da51,2582.2,2434.2,148.0,1508.749739676818,1503.0661179123467,5.683621764471354,1495.0424021817157,1503.2151198120725,-8.172717630356829
1-19e51821-95df-457e-a04e-607740571abc,2855.4,2853.8,1.599999999999909,1486.946261957492,1478.1537856054345,8.79247635205752,1499.2201852380142,1504.8245859231392,-5.604400685125029
1-d0a9726f-19e1-42f2-8c61-23c025faa39b,2636.8,2569.6,67.20000000000027,1508.8249467648175,1506.8638126276317,1.9611341371858089,1504.0388205041954,1506.8717455020196,-2.8329249978241933
1-b7671b0e-20a8-426d-8aff-55f373a6d697,2334.4,2538.8,-204.4000000000001,1500.0,1508.888762147019,-8.888762147018952,1500.0,1500.5773051024341,-0.5773051024341385
1-5b3cb220-1733-42d4-b13f-f2827b49a09b,2613.6,2812.8,-199.20000000000027,1487.8582187390853,1509.0531856931725,-21.19496695408725,1517.8820712322836,1500.6066297103007,17.275441521982884
1-3f18e984-1346-4b21-a7c9-5ee446ddad56,2744.6,2446.4,298.1999999999998,1515.7367510603844,1496.7488553060782,18.987895754306237,1504.4638125008314,1499.5793507303213,4.884461770510143
1-9d29d5d9-9954-4a49-ad65-2f98e9c4f55d,2677.6,2773.6,-96.0,1509.4564247112698,1503.0493361654972,6.4070885457726945,1508.2289324255953,1505.479293064482,2.7496393611133954
1-52a5fa32-955f-45ce-982d-6120571ac1e0,2644.0,2612.8,31.199999999999818,1512.9634541053342,1500.0931747949467,12.87027931038756,1500.7340414030564,1500.1283560982192,0.6056853048371522
1-180e6f56-aee4-4933-b874-be314f421f97,2761.0,2757.2,3.800000000000182,1503.236365674972,1496.7436541195511,6.492711555420783,1508.5031542143665,1495.234111653698,13.269042560668595
1-0bc92be5-e490-48ce-a6c9-89f4dfc53d7d,2681.4,2677.4,4.0,1503.0797988877919,1516.1806279801901,-13.100829092398271,1498.3139487868857,1500.8183456379388,-2.504396851053116
1-6d191cdd-97e3-4a48-8836-bbe64c35708c,2559.8,2610.2,-50.399999999999636,1503.2296653301394,1506.4459558683193,-3.216290538179919,1500.0203348292412,1501.522907414859,-1.502572585617827
1-bf5e2044-f7a1-4e40-abf3-c7590b3fd398,2635.4,2550.6,84.80000000000018,1509.3426068069343,1503.189287629156,6.153319177778258,1505.620721320277,1500.9213920770069,4.6993292432700855
1-6165516d-aa67-4623-90fb-07eabd5e14fd,2435.0,2449.0,-14.0,1499.772891515435,1499.9912992383593,-0.21840772292421207,1492.1506108230412,1501.0171004571378,-8.866489634096524
1-e1f6c5a3-44dc-434f-abec-2f524c4d7c0b,2700.0,2683.6,16.40000000000009,1500.0203348292412,1496.799370260743,3.220964568498175,1499.083526979688,1496.766523484384,2.3170034953041068
1-143ab4d5-35cc-45e8-83d8-9cd0572eb375,2622.2,2852.0,-229.80000000000018,1496.8348965563687,1496.766523484384,0.06837307198475173,1493.867719682988,1502.9714850978428,-9.103765414854706
1-c32bd07a-4d2a-4881-ac10-cbe11d9f770f,2565.8,2664.2,-98.39999999999964,1490.2126711179874,1503.136759175954,-12.924088057966628,1496.3604733528598,1493.778947383596,2.5815259692637937
1-a9c5a753-e617-409b-a175-0cb60d2efff3,2554.4,2460.8,93.59999999999991,1499.895674641116,1500.0,-0.10432535888389793,1500.643090812191,1500.0,0.6430908121910761
1-d4dbff27-5a85-4a7b-b875-ab18247e4de6,2483.4,2443.2,40.20000000000027,1502.8544010789556,1512.8816821603427,-10.027281081387173,1500.484015614313,1505.7291299983183,-5.245114384005319
1-1fd2d12b-782c-478b-ba8a-e4c3c962b1e3,2588.2,2744.2,-156.0,1500.0,1506.4521422144608,-6.452142214460764,1500.0,1502.0966297356056,-2.0966297356055748
1-e2c25516-e3bd-4ab8-8e2d-0546552f11e7,2506.2,2598.2,-92.0,1500.0,1503.2823730884306,-3.2823730884306315,1500.0,1502.5159556827266,-2.5159556827265988
1-a348e20a-4db9-4f91-9049-6d5fdb3e8b82,2634.4,2800.4,-166.0,1496.7287177954613,1493.6615187364366,3.067199059024688,1492.2593524888857,1501.5885507978262,-9.329198308940477
1-933f7acb-2dc8-4783-b542-4734956fed40,2628.2,2844.4,-216.20000000000027,1500.0,1500.401443619468,-0.4014436194679547,1500.0,1521.3682026311587,-21.368202631158738
1-c961393e-c7a7-4c19-9f3e-bc448a423267,2739.0,2600.4,138.5999999999999,1499.9416336025074,1512.562101076948,-12.620467474440602,1501.6444797706117,1500.0,1.6444797706117242
1-5bf1e496-572a-41ff-ac95-4aeab2cf14bd,2826.4,2756.4,70.0,1509.6283764771902,1500.0,9.628376477190159,1502.029883484642,1500.0,2.029883484641914
1-7a480501-2089-4b9f-b3bd-e6d714820506,2787.8,2701.8,86.0,1500.0,1503.2889595412234,-3.2889595412234485,1500.0,1509.6611487946889,-9.66114879468887
1-72c01d17-f8e2-4897-a3e6-89cdf1b21e05,2691.4,2609.2,82.20000000000027,1473.0691220789893,1506.6408333254935,-33.571711246504265,1495.9052343951964,1499.4526362658862,-3.5474018706897823
1-1b39b764-eefc-4e6e-9221-8868d51bd540,2725.0,2653.0,72.0,1497.4631198201473,1523.7649360980113,-26.301816277863963,1506.3209173581254,1487.1910599787566,19.129857379368786
1-41b15a6b-22d9-4f85-b341-b82bb0058025,2650.2,2725.0,-74.80000000000018,1532.091197253727,1495.03345905998,37.0577381937469,1501.758606784607,1507.7507994451264,-5.992192660519322
1-c743cf7e-5396-4616-bedd-c24b51bee605,2505.4,2457.2,48.20000000000027,1529.6536208798057,1499.7660276161387,29.887593263666986,1500.2007821203836,1496.4675223508418,3.733259769541746
1-82c0f041-8530-4cd9-aa51-dd1b6a61f9a2,2910.4,3064.4,-154.0,1498.9002873148997,1513.899968100287,-14.999680785387227,1498.6374116221111,1499.2459928673686,-0.6085812452574828
1-3dbafb66-ec68-4418-b711-ca28efe03087,2795.2,2667.4,127.79999999999973,1506.3301054013577,1546.8549549115703,-40.52484951021256,1498.7427064292801,1500.7803387384986,-2.037632309218452
1-9506a8b0-d139-43f8-89ee-ad332054029f,2658.4,2667.4,-9.0,1496.3322749741371,1532.5152441941689,-36.18296922003174,1484.185038253402,1501.4679909577656,-17.28295270436365
1-e7d20abd-97be-4bd5-803f-678152afc1cf,2555.0,2580.6,-25.59999999999991,1506.7605790454118,1516.5144045021593,-9.753825456747563,1508.1483901538777,1499.8277545368226,8.320635617055132
1-8c11a531-b737-483d-9cdb-8db368b206ff,2766.2,2780.6,-14.400000000000091,1510.8914873362219,1494.4656429673482,16.42584436887364,1498.000947390056,1503.5954438550518,-5.5944964649959275
1-42f297d2-f9d0-42a5-9fb9-47d5f55ed47b,2609.8,2677.0,-67.19999999999982,1503.3431993984436,1506.3743245559267,-3.031125157483075,1515.5580679378918,1498.8656290709093,16.692438866982457
1-b6e0293c-31b2-41e5-a7bf-72fdbaa060e3,2677.0,2802.2,-125.19999999999982,1490.1808117916448,1494.3830929854582,-4.2022811938134055,1499.2545737910482,1506.8867126904502,-7.63213889940198
1-778a88dd-7172-4da3-b7e7-ae2568836162,2715.4,2677.0,38.40000000000009,1518.121980223963,1505.6046151061623,12.517365117800637,1552.302299995492,1497.315222520156,54.98707747533581
1-bdb0a76f-8533-45db-a98d-97b28e5b36d4,2771.8,2677.0,94.80000000000018,1500.0,1522.646028878836,-22.646028878835978,1500.0,1496.9349692091118,3.0650307908881587
1-57fd6ae5-ee47-4d1d-892f-8d9fabd6ed59,2677.0,2574.6,102.40000000000009,1506.9668197926537,1500.0,6.966819792653723,1496.4002571095346,1500.0,-3.59974289046545
1-23252851-eb27-4541-a993-d98654af9c36,2613.8,2677.6,-63.79999999999973,1499.8869561042197,1490.8279033053718,9.059052798847915,1490.6672808342005,1495.7378239792056,-5.070543145005104
1-60d9b341-2026-40cf-9d2b-09796f7ae823,2787.2,2677.6,109.59999999999991,1487.403411646976,1507.7644938223132,-20.36108217533706,1505.5228596961783,1499.277522327169,6.2453373690093485
1-a05ff712-e75c-427f-83fa-ddc9babbe47d,2438.6,2677.0,-238.4000000000001,1500.0,1494.2948408671994,5.705159132800645,1500.0,1496.7327600361682,3.2672399638317984
1-41b88f11-d079-4f6f-9056-3bf5afd5b9d2,2944.6,2793.8,150.79999999999973,1493.8742722487248,1506.9944070642207,-13.12013481549593,1513.5796567330303,1493.9743454406807,19.605311292349597
1-acc09d93-81c4-427d-96b0-7a8449b003f8,2714.2,2757.2,-43.0,1491.8698924052899,1465.9964695971007,25.87342280818916,1502.0069596138098,1498.1547943021098,3.8521653116999914
1-624e9986-8777-4dce-ae56-e8676eb35890,2714.2,2864.0,-149.80000000000018,1508.249735375716,1500.0,8.249735375716,1504.1450763512332,1500.0,4.145076351233229
1-2149e8c1-ac24-452f-8e5a-b78dcad75ea8,2562.2,2555.8,6.399999999999636,1497.996442085947,1500.0,-2.00355791405309,1504.862743318743,1500.0,4.862743318743014
1-ceb0d2ae-3461-482a-81b8-04bb1cf6745d,3042.0,2872.0,170.0,1498.0195572210773,1497.215047922546,0.8045092985312294,1514.7599988902473,1513.8137501345147,0.9462487557325403
1-c773e8fe-1736-496e-8ae8-1bad8763db18,2667.4,2871.2,-203.79999999999973,1492.9616477468094,1500.0,-7.038352253190624,1508.7958091069233,1500.0,8.795809106923343
1-b3a08a4e-d844-4a81-aa5a-3d56779c8a9c,2667.4,2438.6,228.80000000000018,1474.9683725491384,1518.477823107462,-43.50945055832358,1499.8013801776044,1508.647540369727,-8.846160192122625
1-f9255344-efab-4f68-bb9c-e0f53474f863,2603.8,2733.2,-129.39999999999964,1490.3523998011206,1509.6949707019603,-19.342570900839746,1495.5326594604967,1502.7089374529223,-7.176277992425639
1-522e9871-6083-4d2d-ae16-387493c47f27,2906.0,2795.6,110.40000000000009,1490.2079396424103,1503.4630218343068,-13.255082191896463,1500.6295446648728,1531.750516806123,-31.12097214125015
1-c56cbcf1-e0e9-4f1d-bfad-eca54c48a8b0,3016.4,2905.0,111.40000000000009,1499.8859052375178,1500.3191859674134,-0.43328072989561406,1498.4578447997287,1516.0357683043994,-17.577923504670707
1-51be73c3-1664-4428-8fbf-04ed99faaaa8,2685.0,2652.8,32.19999999999982,1513.0319763942462,1492.7066882843524,20.32528810989379,1511.7842842598732,1475.9953152421465,35.788969017726686
1-b1534e96-7af4-4286-a5f7-bf959e6b9b5d,2754.8,2687.2,67.60000000000036,1528.4692773967927,1493.3517691645052,35.11750823228749,1500.9128715110062,1490.9616135818294,9.95125792917679
1-7dd5cdc3-66d1-49ee-88a8-b952ab1863f1,2774.8,2631.2,143.60000000000036,1539.0718786577802,1487.3045717474554,51.767306910324805,1505.9983858375049,1506.1252534480689,-0.126867610563977
1-814d05db-c34c-47d7-9ff1-08a1bba6a5dc,2766.2,2724.0,42.19999999999982,1514.0335348350352,1512.8371322409928,1.1964025940424108,1504.4415343522626,1510.378605148025,-5.937070795762338
1-8369b1ee-6b43-40ac-93aa-79a46414d692,2741.2,2775.6,-34.40000000000009,1478.4670745209319,1527.1991829518468,-48.73210843091488,1499.1574380925797,1505.3582269047524,-6.200788812172732
1-9f523b66-f785-4e54-869b-2c056d33adbd,2346.6,2827.4,-480.8000000000002,1503.1606863992558,1516.7888287590201,-13.628142359764297,1495.7313652645964,1498.777285068314,-3.045919803717652
1-379ebacd-8db3-4fdc-8028-8c3c7a6dcf44,2862.0,2808.6,53.40000000000009,1509.6747436417045,1510.717125392706,-1.0423817510015851,1508.598890529419,1509.85507995505,-1.2561894256311916
1-ac047bf8-c72e-431f-be60-094c960f0c08,2679.0,2744.6,-65.59999999999991,1496.5297379518174,1517.541796251227,-21.012058299409546,1496.5811397234766,1508.360166785307,-11.779027061830448
1-f628e22e-a8c8-490d-94d4-f63a7c77de3d,2576.0,2579.0,-3.0,1517.2073966350035,1503.2189012569627,13.988495378040852,1499.3324309737309,1501.8646963739156,-2.5322654001847695
1-caa2d5bf-46ca-4de3-b0a9-825b47bb2c06,2837.0,3076.2,-239.19999999999982,1500.8423995697674,1508.7299630840273,-7.887563514259909,1508.107645508531,1517.7622037200122,-9.654558211481117
1-8b99bc2c-e3d4-49f6-b77d-d33d9778d364,2694.2,2588.2,106.0,1503.195716753743,1517.8542968679008,-14.658580114157758,1505.6737791751473,1526.5303758432487,-20.856596668101474
1-dd0af67d-4888-4e3c-adfa-c9cefaffa1c0,2508.0,2497.8,10.199999999999818,1501.4025735019893,1502.6119026805386,-1.2093291785492966,1500.9323021983796,1496.0479046561704,4.884397542209172
1-be9d3f64-3111-4b3c-8a15-e58524541d55,2747.8,2880.0,-132.19999999999982,1514.3649845539708,1493.775955843999,20.58902870997167,1502.3666501378805,1504.592614034658,-2.2259638967775572
1-79e2d0a4-bda1-4fcc-9cd9-c0a26f0c3b73,2681.2,2725.0,-43.80000000000018,1527.2956385048626,1523.6026534810903,3.6929850237722803,1493.4762484081039,1522.0560432725815,-28.579794864477662
1-42c09927-8b40-4041-8cb1-94a04ae17527,2789.0,2775.2,13.800000000000182,1526.5760987480874,1517.1932698037497,9.382828944337689,1482.7826424178697,1515.720513341261,-32.9378709233913
1-da4bade2-0628-4b35-9063-f34016483cbb,2733.0,2827.6,-94.59999999999991,1503.2003125402798,1521.11968197133,-17.9193694310502,1493.3865853779137,1499.755189280014,-6.3686039021004035
1-c3c4719f-d15a-4d83-847f-18f25159f653,2547.2,2612.0,-64.80000000000018,1497.4383600212957,1520.9957675571245,-23.557407535828816,1504.1519527258706,1499.9537867883673,4.1981659375032905
1-91139241-7af2-4dbc-9a0f-a1ecf6c0942a,2657.0,2550.2,106.80000000000018,1508.185353317796,1499.8209755751955,8.364377742600482,1482.3241602825601,1503.3286740173758,-21.004513734815646
1-e6dd0966-e2b3-44a3-9cc5-6807d93715c7,3016.4,2988.0,28.40000000000009,1501.6462048416126,1477.7377872312002,23.90841761041247,1497.0658367843125,1500.9528001412077,-3.886963356895194
1-0310db62-9fc2-4ed7-803b-e9a746fc8677,2871.4,2735.6,135.80000000000018,1513.1401518779721,1496.8900717895972,16.250080088374943,1507.8382730974147,1507.7132379860952,0.12503511131944833
1-ccdcdaa6-8872-4cc2-9c82-d0da0472c5cb,2864.8,2889.6,-24.799999999999727,1520.5973056910932,1500.0103099174726,20.58699577362063,1510.4778140471167,1501.435795877313,9.042018169803669
1-8af77d67-3448-4570-a6f9-86bfb2356e97,2696.2,2655.2,41.0,1518.660883275547,1500.0,18.660883275546894,1507.6254851362685,1500.0,7.62548513626848
1-74f2006f-00ed-4cf8-93d8-7d34b66d2675,2644.2,2897.6,-253.4000000000001,1491.2992137607612,1515.456900278832,-24.157686518070932,1504.0665146196263,1501.3045258018442,2.7619888177821394
1-c8711632-9279-430e-b60f-09722198621e,2776.6,2560.2,216.4000000000001,1521.4971236347124,1484.9912786866978,36.505844948014555,1498.050773131224,1511.7492520664186,-13.698478935194544
1-358bf2e4-906b-4e56-a8bd-5c3bf3af31d0,2604.2,2712.6,-108.40000000000009,1512.3589037675836,1509.3643191644287,2.9945846031548626,1499.8988607850363,1502.3562996317255,-2.4574388466892287
1-9e53c97a-64c4-4806-8530-6501d8dfd936,2629.4,2710.8,-81.40000000000009,1496.3130437573975,1506.2255671341613,-9.91252337676383,1492.882596694575,1504.3057872042596,-11.423190509684446
1-62bc7c9d-ea7e-4418-a2b7-25bcaf94bd33,2878.2,3052.4,-174.20000000000027,1499.6113452376335,1534.720721385483,-35.109376147849616,1488.3683548753672,1505.1299297563341,-16.76157488096692
1-1e915061-06f1-4f29-8982-1054a9f850af,2294.8,2579.8,-285.0,1503.801113317426,1496.7466312996914,7.054482017734472,1497.3669529090769,1503.0139989615427,-5.647046052465839
1-c36f59ea-81c0-439e-9431-32064f7587fc,2842.6,2803.4,39.19999999999982,1506.1252534480689,1503.2867569913985,2.8384964566703275,1495.1801699685914,1505.9307423981024,-10.750572429511067
1-77c1a457-f516-4ba7-a70e-1fbc9f30b025,2782.0,2725.2,56.80000000000018,1496.508912824291,1505.9307423981024,-9.421829573811465,1500.0,1495.1250860144064,4.874913985593594
1-99167c15-7e15-4baa-94ba-8e95a7b61386,2947.2,2831.4,115.79999999999973,1500.0,1493.6,6.400000000000091,1500.0,1500.0,0.0
1-ed2f2623-8495-41f1-bb40-57f76e324fa9,2785.4,2752.0,33.40000000000009,1500.0,1500.0,0.0,1500.0,1500.0,0.0
1-f3e734aa-3fcf-4fcb-a66a-3f0125518053,2854.4,2970.8,-116.40000000000009,1519.1070756960187,1476.2966821015245,42.810393594494144,1503.8981130005495,1502.7070186739293,1.1910943266202594
1-9f170548-25d5-497d-a780-0c0f2f925c8d,2936.0,2814.4,121.59999999999991,1484.8459915935723,1500.1319922808875,-15.286000687315209,1504.300218362283,1497.3367099505435,6.96350841173944
1-c8cac92e-241f-4b76-b597-def5bb04f28f,2891.4,2873.8,17.59999999999991,1506.5394878034492,1490.696682980498,15.842804822951166,1502.0111712870062,1510.401871696866,-8.390700409859846
1-14efcd2a-53b2-4310-9551-25d16ea14f60,2765.8,2911.6,-145.79999999999973,1487.1103751438466,1496.1645421956098,-9.054167051763216,1498.4580116684456,1498.178079057054,0.27993261139158676
1-08a27b6c-084f-498c-9e7c-2dde42d06d0a,2919.2,2846.4,72.79999999999973,1490.5739163570565,1493.9033121325033,-3.3293957754467556,1505.6475045157995,1503.7079490735132,1.9395554422862915
1-f73ac48e-3fb4-4bcd-b64e-2fec95312829,2674.2,2679.6,-5.400000000000091,1503.594004551625,1490.50220966825,13.09179488337486,1503.7969528139336,1500.4141908089064,3.382762005027189
1-13e9ca19-a003-4585-89c5-2350424a9e55,2858.8,3062.2,-203.39999999999964,1490.8799626474888,1493.9389842252865,-3.0590215777976937,1497.7210569697681,1505.682140924642,-7.961083954873857
1-3c72dff8-9daf-482b-b355-111b533a7b24,2820.2,2761.0,59.19999999999982,1481.1131131312825,1502.9824450245465,-21.86933189326396,1500.5639593739486,1495.0171051913176,5.546854182631023
1-f7a605a0-96a1-4835-8015-7ed943a4ea44,2805.8,2757.8,48.0,1513.4940821300515,1481.2243821821962,32.269699947855315,1492.3442840246007,1504.8472024343675,-12.502918409766835
1-a83d7ea4-7165-4b89-846d-558798d86c14,2891.4,2911.8,-20.40000000000009,1497.13333238602,1503.124974196175,-5.991641810154988,1500.6747824298131,1497.6939491741555,2.9808332556576715
1-acdbf645-217d-48a0-818d-ff8d2579c94a,2844.0,2808.2,35.80000000000018,1499.9563837423043,1482.7107057580943,17.245677984210033,1498.2960980321566,1498.4694326517497,-0.17333461959310625
1-493499e9-3466-43bc-8041-8985de1548fa,2960.4,2684.0,276.4000000000001,1475.0443124606527,1493.1224354564463,-18.078122995793592,1509.1891150722222,1492.816072443627,16.373042628595158
1-aa0f3ad9-f64a-4b36-8fb9-3bbb93210cf8,2926.4,2678.4,248.0,1482.9030381655673,1509.7256739340442,-26.822635768476857,1500.0832092531234,1504.8474257614896,-4.764216508366189
1-68d20368-7908-496a-b28d-aa7b0fda8a17,2655.0,2847.0,-192.0,1505.319865286354,1472.797091129737,32.52277415661683,1502.1477223466873,1498.8660048580125,3.281717488674758
1-fa0a2737-ac5d-4c47-ace2-c9261d0b1145,2834.4,3006.8,-172.4000000000001,1478.970485813536,1519.7873197257557,-40.816833912219636,1500.7187545047348,1504.4459273854739,-3.72717288073909
1-0387872e-5a1d-49cf-b4d8-7074ab649e64,2828.2,2701.4,126.79999999999973,1497.153662803,1478.9473819264972,18.206280876502888,1502.7723766714314,1499.1242281232314,3.64814854819997
1-0c07bb03-758d-462b-a53d-028acb7e5bbf,2763.2,2843.2,-80.0,1500.5236023799782,1475.7206634285865,24.802938951391752,1500.1271644175647,1500.0721630978721,0.05500131969256472
1-b84c9b93-5937-42f4-8993-6be8cc003e77,2845.2,2845.8,-0.6000000000003638,1481.825242447484,1500.3739726267074,-18.548730179223412,1502.9835829366734,1505.0573298153495,-2.0737468786760473
1-21fde86a-2a9d-4813-b71c-01a25df90c3d,2785.0,2854.8,-69.80000000000018,1503.290808982129,1491.063645227756,12.227163754372896,1501.8484193410764,1499.259489940962,2.588929400114239
1-7d057d45-0cda-4e6d-9481-91c369d8d8dc,2836.2,2828.2,8.0,1512.7220427310417,1497.6455873768555,15.076455354186237,1500.2118368141923,1502.168285671699,-1.9564488575067571
1-61677e7e-1815-419e-9eff-c46d61690d7e,2877.8,2720.2,157.60000000000036,1493.8526550481956,1503.276629883127,-9.423974834931414,1504.6281208643425,1516.673622425527,-12.045501561184437
1-3551094d-8984-4a97-851c-fca75ab630fe,2829.4,2861.8,-32.40000000000009,1484.4839224788766,1490.6103159164522,-6.1263934375756435,1498.1850117307042,1502.661945582919,-4.47693385221487
1-39396433-2a25-44cf-ba0b-1cc766c7e7ac,2888.4,2965.2,-76.79999999999973,1487.8092142237358,1496.9591016791187,-9.149887455382895,1502.6980643992822,1503.5407270604294,-0.8426626611471875
1-76feb2c6-eb90-422b-9755-a33ce7ce69ed,3030.4,2844.8,185.5999999999999,1505.9640219780292,1497.0712884774346,8.892733500594659,1496.6888106937536,1499.8242490175787,-3.1354383238251557
1-1878b95b-12d7-4ca4-8596-300fd1c74f75,2784.8,2798.0,-13.199999999999818,1496.6840084385053,1480.9144296577442,15.769578780761094,1503.0253017701996,1499.6861414661741,3.3391603040254267
1-2e0e8a20-e116-4b4e-af2f-82446e8846c2,2869.4,2892.4,-23.0,1483.7803867248433,1496.7901083237552,-13.009721598911938,1500.791431279955,1497.607542699417,3.183888580537996
1-7857eff6-64d7-4420-b30a-3e040adb949a,3007.6,2924.0,83.59999999999991,1506.2549049995062,1496.9427638740185,9.312141125487642,1493.6178260003069,1500.6263045936437,-7.008478593336804
1-b890afce-a90c-4538-8f49-193d5b65b6ba,2785.4,2730.2,55.20000000000027,1503.2873842777728,1503.2481549698275,0.03922930794533386,1502.3926374590508,1501.5434704777683,0.8491669812824512
1-1c3c701e-5d94-4eee-ac64-77ec86f1e2e3,2737.8,2789.6,-51.79999999999973,1503.1728032763535,1483.5889291041526,19.58387417220092,1495.1198363072738,1496.9670075151053,-1.8471712078314795
1-d882e2e3-2fae-4357-a258-f09e2f1bdb20,1745.0,1717.2,27.799999999999955,1493.587067051439,1485.9401915995381,7.646875451900769,1500.0,1500.553567324355,-0.5535673243550718
1-380ca258-2a64-4dd0-8b6c-77c101bb5b8f,2792.8,2992.4,-199.5999999999999,1463.6516730500912,1519.1010967005866,-55.44942365049542,1505.0013503420428,1501.1864749595456,3.814875382497121
1-8b121a29-bd82-43a8-826e-43f628ffda98,3050.4,2984.6,65.80000000000018,1484.0294453489307,1486.095142887803,-2.0656975388722003,1508.6449525376456,1505.0334143033592,3.6115382342863995
1-0dd81f66-e2e5-4446-8b4c-6baaa1bff94d,2904.0,2998.6,-94.59999999999991,1482.9808810628551,1513.4357559118575,-30.454874849002408,1504.8595264670043,1506.7400111062927,-1.8804846392883974
1-4660814a-8690-4612-8780-18b70335cb28,2926.6,2952.8,-26.200000000000273,1498.2252037752867,1491.131185291192,7.094018484094704,1501.7914663283912,1501.6443694654222,0.14709686296896507
1-5daf6108-ccd8-4bc2-abf5-a988a1d2e338,2911.0,2847.0,64.0,1503.2098919022344,1500.6247285881582,2.585163314076226,1498.7993786610218,1497.0993032818099,1.7000753792119667
1-ee6dbebc-6c28-43ef-b653-ed7c60bbc915,3088.2,2881.6,206.5999999999999,1513.2329785896382,1479.8071190585247,33.425859531113474,1504.2478046860285,1506.1423034524105,-1.8944987663819575
1-b2c26d14-0d52-48dc-9aeb-820455913f12,2970.4,3013.0,-42.59999999999991,1481.43061007381,1463.0039423123296,18.426667761480303,1502.4836736273846,1505.787434917959,-3.303761290574357
1-11287c87-8685-41b6-a397-aceed0efa5e6,2857.6,2699.0,158.5999999999999,1506.2865901990715,1480.1267613377888,26.159828861282676,1503.472158732169,1497.1230893637064,6.349069368462551
1-3a371a4c-71f2-40c0-ae37-9b89de23266b,2809.4,2699.0,110.40000000000009,1488.2179136165066,1496.5084837533589,-8.290570136852239,1499.6149756096377,1499.0672572132771,0.5477183963605512
1-9bc3111c-7ff6-4d85-bd19-931da398cc1f,2789.8,2730.2,59.600000000000364,1497.9890270705478,1496.377814442137,1.61121262841084,1508.5520969911333,1498.8495235740559,9.702573417077474
1-30b70901-a89a-4da3-b248-1bd585872684,2746.8,2810.8,-64.0,1498.405880001434,1497.0717720920375,1.3341079093966073,1497.1477889749026,1526.361609851078,-29.213820876175305
1-c7942029-ce08-4029-845b-58b972b3964a,2837.4,2746.8,90.59999999999991,1493.6297436364634,1515.407469973102,-21.77772633663858,1500.5431565853416,1500.4717798532592,0.07137673208239903
1-bb37bae7-6017-4749-b970-3ecb8a4dd57c,2769.0,2848.4,-79.40000000000009,1502.9610536729967,1505.2760016060824,-2.314947933085705,1464.4964931904078,1499.2474448871278,-34.750951696719994
1-39d4ad72-31af-48a0-82ec-d5039c040de7,3034.4,2848.4,186.0,1500.0,1522.3016209885964,-22.30162098859637,1500.0,1498.443713182397,1.5562868176029951
1-3c369273-f851-4374-b544-11cbcb54bf54,2889.4,2848.4,41.0,1496.7087231132878,1506.7645810953127,-10.055857982024918,1503.0466075174986,1500.500530993333,2.546076524165528
1-5d948304-b32c-4428-ba58-c8d0d66e1472,3050.6,2718.6,332.0,1500.0,1493.7431054767658,6.256894523234223,1500.0,1499.585172291075,0.4148277089250314
1-55d29f06-a72c-46ba-9cd7-31e1cf8f41b0,2171.0,2085.6,85.40000000000009,1500.0,1503.4879139602915,-3.4879139602915075,1500.0,1501.892726645381,-1.8927266453808897
1-39394863-d1d0-4fa4-bc39-97a7e81f466f,2820.8,2811.6,9.200000000000273,1510.1484000919277,1506.4,3.7484000919275786,1500.2283028839222,1500.0,0.228302883922197
1-189e7589-cdf4-4b4a-9844-39d5cef41482,2810.8,2820.8,-10.0,1500.0,1493.8659458039533,6.134054196046691,1500.0,1500.6849086517666,-0.684908651766591
1-6c5275fd-906d-47ce-bc16-9fbeaa5d7323,2939.2,2971.6,-32.40000000000009,1503.3475516939284,1484.3332907933386,19.01426090058976,1506.3683306627765,1497.965910781939,8.402419880837442
1-b9641da8-47df-4c0c-8f8a-1a056872d0db,3142.4,3085.2,57.20000000000027,1506.6720625679227,1506.3623851066945,0.3096774612281479,1514.7783151626534,1496.3177951974596,18.460519965193726
1-f8917c69-9fa2-49bb-bde3-45d1e6c4f964,2543.2,2767.4,-224.20000000000027,1496.8294722558144,1493.6589395120507,3.170532743763715,1503.2,1500.0,3.2000000000000455
1-f944d11f-935a-4695-93cc-e3f425388154,2699.0,2830.4,-131.4000000000001,1501.0983831444214,1443.4724748368376,57.62590830758381,1510.4063133936968,1495.241153457581,15.165159936115742
1-ab633d5d-d601-42f0-b287-92dbc66f7e4b,2785.0,2887.6,-102.59999999999991,1487.6516729562939,1456.1992135617627,31.45245939453116,1496.6465153430051,1497.6929245602623,-1.0464092172571782
1-53491c8a-f236-4f3b-b1c0-76c56ef17000,2834.8,2780.4,54.40000000000009,1458.8880828661447,1491.440383805729,-32.552300939584256,1499.8048856106889,1507.0915577510045,-7.286672140315659
1-f2c53e01-400c-4da9-99c3-0df70928a218,2717.8,2649.8,68.0,1474.8581325086056,1500.1038783526274,-25.245745844021712,1510.440406200467,1502.7938695757339,7.646536624733017
1-c753c444-2a97-45d4-82ae-f5967fc21457,3313.0,3062.0,251.0,1476.308210170085,1471.4819240729175,4.82628609716744,1509.5643668513442,1503.8961986019422,5.668168249402015
1-333f8072-b228-4845-9f0f-fc620d5ca45b,3288.6,3034.4,254.19999999999982,1509.440660711156,1493.6241802531435,15.816480458012393,1505.8512575340594,1507.033369637203,-1.1821121031434814
1-038ccdd7-9360-4c73-b2b2-f56d3c9c635f,3176.4,3034.4,142.0,1508.9789310520275,1476.1152492984213,32.863681753606215,1498.2215969616052,1505.4848885424751,-7.263291580869918
1-74184c9b-52ed-4c2a-bf01-ef9b7c921ce7,2755.4,2930.2,-174.79999999999973,1457.7623285658813,1506.3533300626277,-48.59100149674646,1504.5687024260005,1497.7165544588836,6.8521479671169345
1-74cd07de-ad13-42b4-95ee-43b3c2629628,3085.4,3273.4,-188.0,1449.3820152001736,1500.5375232130905,-51.155508012916926,1502.3986237679924,1523.6686528806506,-21.27002911265822
1-76f6f1e7-3bcf-46ca-b6e0-81571fd3c265,3025.8,2974.8,51.0,1503.6134485340508,1460.2703753795454,43.34307315450542,1532.076678083434,1500.9279321415186,31.148745941915422
1-0c68c442-0562-4bf3-8b3b-fdc143137567,2730.6,2974.8,-244.20000000000027,1496.881049025394,1475.276740548006,21.60430847738803,1508.8016685308137,1503.974654335147,4.827014195666607
1-617da753-411f-4ab7-a208-44030640d665,2902.6,2984.2,-81.59999999999991,1491.9611969967411,1500.5372074606069,-8.576010463865714,1501.9432564234019,1506.7114115607778,-4.76815513737597
1-8fd454c1-4906-4613-8b7e-2b5f7efcd632,2898.4,3055.0,-156.5999999999999,1491.6435207945422,1496.8535402398195,-5.210019445277339,1505.8089653647826,1500.3330977771582,5.475867587624407
1-930c4efe-f257-420d-b901-11a46cc7850b,2996.6,2765.4,231.19999999999982,1503.3399595264204,1497.9940189992417,5.345940527178755,1498.344533497356,1501.7775187995896,-3.4329853022336465
1-c1ebf318-47e5-439e-a9f3-efe220d8fae3,2893.0,2966.8,-73.80000000000018,1493.7279941889713,1506.9106694127145,-13.182675223743217,1509.9733972357187,1504.554576823532,5.418820412186733
1-c0052a89-1438-44f9-87f0-f24e31209e5a,2888.6,2867.8,20.799999999999727,1493.3089536428017,1500.4808686276251,-7.171914984823388,1500.6656973679187,1505.7433761563177,-5.077678788398998
1-80971480-fe05-4614-b197-4baa89de0c58,3045.6,2975.0,70.59999999999991,1505.5263220024674,1508.649955453373,-3.1236334509055723,1494.7845968646836,1501.7716913823895,-6.9870945177058275
1-0bd63a77-dd26-48c6-bd0a-6e8262653564,3057.0,2911.6,145.4000000000001,1511.1800664115613,1505.8686659479977,5.3114004635635865,1501.2941748026983,1502.5864121419627,-1.292237339264375
1-be2d65bf-b3ab-4b71-ba33-472091ca8afc,2503.0,2467.4,35.59999999999991,1500.0,1505.7507350081898,-5.750735008189849,1500.0,1499.9657223026911,0.034277697308880306
1-cc5e7841-2989-41d0-8bdf-68950fd6dc14,2204.8,2285.6,-80.79999999999973,1530.6800997629973,1500.0,30.680099762997315,1500.7043013443042,1500.0,0.7043013443042128
1-e6ccee11-ed56-457f-89cf-36b4837e7403,2103.8,2076.6,27.200000000000273,1521.678317698576,1500.0,21.67831769857594,1500.739248318641,1500.0,0.7392483186411027
1-7d031849-d873-44e8-918f-8ae6c8ae2b96,2154.2,2484.0,-329.8000000000002,1525.2220697974685,1500.0,25.22206979746852,1504.7967557221516,1500.0,4.796755722151602
1-eca2bdc0-5079-4ef8-a22a-b9a10e137b2b,2394.0,2757.6,-363.5999999999999,1509.4400830793704,1500.0,9.440083079370424,1504.7614795196394,1500.0,4.761479519639352
1-a1421089-5993-43ac-8481-24064a703328,2718.4,2533.6,184.80000000000018,1500.0,1512.757531506581,-12.757531506581017,1500.0,1501.5963119183516,-1.5963119183516028
1-0bf2d749-4272-4335-aa53-6263ed153195,2477.8,2515.6,-37.79999999999973,1509.5868829602,1506.4,3.1868829601999096,1501.3675648668448,1500.0,1.3675648668447593
1-6215e84a-d0d9-4667-8fe4-1e832862377f,2803.6,2770.6,33.0,1509.644819405421,1500.0,9.644819405421003,1500.7179715550935,1500.0,0.7179715550935271
1-bc91664a-e4e2-4f9e-979a-e6bbebdd4996,2454.0,2554.2,-100.19999999999982,1507.6340386819013,1496.5804102413626,11.05362844053866,1510.0334116251315,1479.175603481978,30.857808143153534
1-003f68f1-9ada-4a17-a585-001d1740e343,2630.6,2748.0,-117.40000000000009,1506.8284168658447,1506.5647561276796,0.26366073816507196,1499.6583005890006,1508.8891650504133,-9.230864461412693
1-36a79fbd-f991-4a97-9a3e-b2fc729baba2,2628.4,2742.2,-113.79999999999973,1506.5369108463783,1507.022288515352,-0.48537766897379697,1494.796712339483,1511.4507061287597,-16.653993789276683
1-bd2259c7-65c9-48fa-bbd3-08ac8e2c58e6,2284.6,2433.2,-148.5999999999999,1507.2043277961743,1490.4534570387586,16.75087075741567,1501.4567582009406,1501.3024964154424,0.1542617854981927
1-1d670c63-809f-4199-bbc7-ff41f61ad057,2546.2,2675.6,-129.4000000000001,1500.8771475915842,1496.923822570256,3.9533250213280553,1501.853033286077,1503.3060544438138,-1.4530211577366572
1-20204687-73b8-42e4-8aa5-75b3e71c3e3d,2412.0,2273.0,139.0,1496.6561337380354,1494.436256498093,2.2198772399424342,1487.5446854212114,1502.3574097980827,-14.812724376871302
1-a50996e9-db2d-48bf-8927-a2679663eb4a,2540.4,2174.6,365.8000000000002,1514.801658453915,1459.127865245533,55.673793208381994,1473.929523699448,1500.8348819869625,-26.905358287514446
1-e5863fb8-3fd8-43c2-ae76-c815011fd9ee,2174.6,2540.4,-365.8000000000002,1473.929523699448,1500.0,-26.070476300551945,1501.292813486511,1500.0,1.2928134865110223
1-5cec90c2-7de0-436c-a460-36c33966a879,2295.8,2669.2,-373.39999999999964,1486.222196571613,1500.0,-13.77780342838696,1501.8504576870582,1500.0,1.850457687058224
1-63d5e9f0-2f0b-41d4-93bb-5c50985be06e,2316.8,2675.4,-358.5999999999999,1498.8727957131941,1502.9282279079625,-4.0554321947684,1501.1149454556205,1496.7830769267443,4.331868528876157
1-b4b7ea89-4c0c-4e3e-8e3e-40c7cbaaec14,2472.0,2129.2,342.8000000000002,1503.2,1508.6226159644334,-5.422615964433362,1500.0,1500.1770524029725,-0.17705240297254932
1-3422df73-664c-4389-a49a-eec3f491bd7c,2538.8,2499.2,39.600000000000364,1518.598725315152,1502.999805275421,15.598920039730956,1499.1778431829018,1490.834824892044,8.343018290857799
1-932bc9d3-cf01-463c-bda7-ab9ae48b2f54,2472.4,2447.2,25.200000000000273,1490.834824892044,1512.5991147643103,-21.764289872266318,1509.8673658468754,1503.0256988024037,6.841667044471706
1-d1e0dd6f-f366-4eef-8a36-2695d48e4bf6,2403.2,2410.8,-7.600000000000364,1506.25484273962,1503.2294722558142,3.025370483805773,1502.7540008645228,1503.2,-0.4459991354772228
1-111ae5b0-bbdc-409c-a368-e1302f1ebebf,2461.6,2367.8,93.79999999999973,1500.0,1503.0832396810888,-3.0832396810887985,1500.0,1503.3048010374273,-3.3048010374272963
1-67cb2c85-57ac-4fdd-93b6-6e5982d5aa97,2620.2,2460.2,160.0,1500.0,1509.6600656038947,-9.660065603894736,1500.0,1502.0655006483921,-2.065500648392117
1-8a9346c8-9c9f-4c85-9569-9a00a060df8c,2146.4,2490.8,-344.4000000000001,1509.6611487946889,1500.0,9.66114879468887,1505.5080017290454,1500.0,5.508001729045418
1-c418d34e-b00e-4d46-b8d7-2ddd6499d165,2437.0,2421.2,15.800000000000182,1506.521204253241,1500.0,6.521204253240967,1508.262002593568,1500.0,8.262002593568013
1-c84eebb9-d3db-4476-b56d-50c9dad5ade9,2599.2,2871.6,-272.4000000000001,1503.352077066047,1500.0,3.352077066047059,1516.5240051871363,1500.0,16.524005187136254
1-ea7efe85-461f-432d-916a-22201a47d1ab,2760.2,2695.4,64.79999999999973,1509.722020340338,1502.079680413583,7.642339926755085,1501.417747580422,1501.4504649666528,-0.03271738623084275
1-78ec0118-e95c-4478-898e-c15f62986e99,3220.2,2988.2,232.0,1500.0027056429446,1489.8642208947008,10.138484748243854,1503.117535449227,1494.6846152666253,8.43292018260172
1-51c82f51-76e8-4a8f-b64f-a5a62c7525c8,2505.0,2777.6,-272.5999999999999,1509.1820203708987,1519.1479532690555,-9.96593289815678,1496.8544487002134,1502.1202692816446,-5.265820581431171
1-b497dd1b-8d51-4ff6-871a-21b952f8c702,2573.4,2828.2,-254.79999999999973,1509.8193948272358,1490.0188461298444,19.800548697391378,1494.832441975301,1507.5943643717035,-12.761922396402497
1-a7e6af49-5075-412f-96e7-336376cada43,2658.8,2604.6,54.20000000000027,1499.2747905490228,1497.2341587139867,2.040631835036038,1498.699390456313,1544.3168589035063,-45.61746844719323
1-95d577a0-68b2-4cce-b999-b8032de82ba8,2590.4,2809.0,-218.5999999999999,1502.285961187593,1497.1588210838836,5.1271401037095075,1499.3115029252697,1512.992228399411,-13.680725474141354
1-1c7ec680-356d-46ee-bcef-b9c77b878874,2536.0,2451.0,85.0,1503.0253115480732,1505.5088348933402,-2.483523345267031,1499.0625221338385,1499.1258124941294,-0.06329036029092094
1-f2c6e5c0-cb3a-41be-9696-7a9ef208d766,2766.6,2728.8,37.79999999999973,1508.5425084678507,1500.0,8.542508467850666,1497.6585910881267,1500.0,-2.341408911873259
1-76d46a84-c5c5-4c72-bb24-bec30d44534a,2861.8,2742.2,119.60000000000036,1498.9119587620883,1500.0,-1.0880412379117388,1488.7547190870785,1500.0,-11.245280912921544
1-072630dc-7317-4281-bff4-c81570b48e81,2829.4,2831.4,-2.0,1506.2448676010292,1468.6388917290174,37.60597587201187,1504.951590097261,1503.2569664730217,1.6946236242392843
1-7770ee81-5bcb-4bf7-84a4-5e5a6058d321,2743.2,2773.2,-30.0,1513.3721616228493,1500.0,13.372161622849262,1510.162908658487,1500.0,10.162908658486913
1-c4a1800c-8535-42ff-b979-681565d35a0a,2790.2,2785.6,4.599999999999909,1509.7567438373412,1505.7961742030006,3.9605696343405725,1524.3853342296163,1499.0034294652153,25.381904764401042
1-47db94f2-b481-4795-acd1-d53a9058bd7a,2620.6,2789.6,-169.0,1502.9078981049752,1493.5149660447094,9.39293206026582,1499.5817131532713,1500.0,-0.4182868467287335
1-a45af058-7712-486c-a06b-d62c99dbcd8d,2800.4,2876.0,-75.59999999999991,1506.261384699655,1497.581108071126,8.6802766285291,1502.3304365045217,1503.970811768512,-1.640375263990336
1-450f2910-e4e0-479f-85b6-91649e4a0549,2729.6,2663.4,66.19999999999982,1503.1415932089217,1512.6588768679278,-9.517283659006125,1500.0,1497.8464036241685,2.153596375831512
1-a0028090-d8e5-4fef-b1ad-97d84e07d84a,2692.8,2771.8,-79.0,1515.35819373111,1506.3248531796282,9.033340551481842,1499.9829764673982,1499.7329916308859,0.24998483651233983
1-c5793a22-f13c-494a-9493-c0715fd5c945,2731.4,3034.2,-302.7999999999997,1503.6356915789906,1500.0,3.635691578990645,1523.1178307462606,1500.0,23.11783074626055
1-4ec6958d-3de1-4122-8d49-f860460d2461,2646.2,2826.8,-180.60000000000036,1503.1500796410805,1492.9852891231699,10.16479051791066,1500.0,1488.2164291481363,11.783570851863715
1-0abd5a79-8950-4f39-9f44-f78bf41a6ca7,2693.4,2637.6,55.80000000000018,1499.7735356742098,1500.0,-0.22646432579017528,1499.554804291673,1500.0,-0.44519570832699173
1-8f5ecc84-7ddc-4d44-95b2-dd1d6b66a7ea,2599.4,2689.0,-89.59999999999991,1499.8901212133858,1496.9082265781894,2.9818946351963405,1499.5452683482652,1511.7550347803613,-12.209766432096103
1-0d7a8104-b9e7-4fde-a43d-705c5f8f35bd,2478.6,2660.8,-182.20000000000027,1503.1177295413095,1500.1201190456213,2.99761049568815,1499.4302982087938,1500.0853913368192,-0.655093128025328
1-92ac34f1-a5d6-4109-9ac3-8f9c6ddfaadb,2853.8,2905.8,-52.0,1503.2912768867122,1499.8863701956836,3.4049066910286,1512.9595586159794,1498.4650535393143,14.494505076665064
1-0082a5a3-9d92-4c45-b518-2b28da122210,2734.2,2601.0,133.19999999999982,1493.862107569897,1503.1720978573856,-9.309990287488517,1514.2369471373092,1499.9993688624536,14.23757827485565
1-a9dcfde1-d624-4742-81dd-215a8f044796,2628.6,2733.6,-105.0,1506.28265143449,1503.3112274258706,2.9714240086193513,1499.4478131935819,1515.2543506033878,-15.80653740980597
1-37080506-b451-4a72-bbfb-d08e742386d2,2876.8,2855.6,21.200000000000273,1502.6610527428093,1496.7449812502302,5.916071492579022,1479.4101061350782,1494.025826418681,-14.615720283602741
1-76e5bba4-fe04-46bf-87c9-ed10314f12bd,3230.8,3283.6,-52.79999999999973,1502.911056176167,1496.793647854592,6.117408321574885,1497.4678053119956,1500.5520214344842,-3.0842161224886695
1-e657f727-db14-46e4-b59e-87406ca521f8,3343.6,3422.0,-78.40000000000009,1496.9697736724304,1487.1190876937312,9.850685978699175,1515.2502662883799,1504.7796668421374,10.470599446242431
1-a8bb8f63-5d8b-4a82-afa2-c3fdceb96745,3392.4,3410.0,-17.59999999999991,1506.7853045993004,1506.0505694543576,0.7347351449427606,1504.3517004887747,1499.8119476715349,4.539752817239787
1-2d2e3875-05ee-4df6-8edc-79ed3358993a,3190.2,3279.6,-89.40000000000009,1499.7840286182866,1500.0,-0.21597138171341612,1500.692122241635,1500.0,0.6921222416349337
1-99c1abe2-7b85-452c-8103-86aab4827d79,3296.8,3181.6,115.20000000000027,1502.4916400698858,1506.3116032274768,-3.819963157591019,1482.891789137444,1500.0,-17.108210862556007
1-827c1103-04fc-47b0-9d09-38f3601523c4,3571.6,3337.2,234.4000000000001,1500.0,1509.6,-9.599999999999909,1500.0,1500.0,0.0
1-c15aa376-c316-421b-9a4f-7b5c8983761e,3394.0,3592.8,-198.80000000000018,1500.0,1500.0,0.0,1500.0,1500.0,0.0
1-7137fd41-7961-4ccb-addf-4bf1ba30b2a2,2982.2,2919.4,62.79999999999973,1498.9839376815255,1495.4339264452708,3.5500112362547043,1503.0169263771247,1505.0983373511194,-2.081410973994707
1-3b8d6a08-c80a-4008-a9cb-59defc526dd9,3099.2,2997.0,102.19999999999982,1519.9449749272949,1500.756332638727,19.188642288567962,1501.0368595392893,1504.8966124446802,-3.8597529053909057
1-4b13c010-6615-4d56-aee6-99fbc81f3a3f,2903.6,2719.8,183.79999999999973,1500.559155193068,1480.1917311197908,20.367424073277107,1502.7789298267737,1498.7184825107552,4.0604473160185535
1-b6bddfad-c250-49e1-a59f-ece5ff628d80,2948.2,2974.4,-26.200000000000273,1485.2541852629734,1536.5118299501166,-51.257644687143284,1507.4620782287943,1500.4913578395924,6.970720389201915
1-feed0447-4b39-4f6a-89be-ef3c9994675a,2756.2,2705.8,50.399999999999636,1525.11010112957,1493.8620527081894,31.248048421380645,1499.631275200142,1504.8035969514262,-5.172321751284244
1-0f1aaa8f-552a-45c0-a19b-ce17db4bab90,3054.6,3079.0,-24.40000000000009,1504.0030262606333,1541.039817774262,-37.036791513628714,1508.0730333310103,1498.5654219487644,9.507611382245841
1-5ac01a92-9946-45a7-852a-f4c09d77f475,3108.8,2885.8,223.0,1502.7671118968779,1509.9860954882743,-7.218983591396409,1503.6790789017907,1493.7226199686459,9.956458933144859
1-3e7cb803-b7ee-4039-9f6d-51da2501b188,2872.8,2881.6,-8.799999999999727,1512.7280007705958,1497.5052959199566,15.222704850639275,1506.7055969591438,1535.0250198636566,-28.31942290451275
1-38db3ec3-8f87-4a8c-a094-492b8db2cb6c,2596.2,2768.2,-172.0,1506.3073101055838,1525.4929572865083,-19.185647180924434,1494.87456164534,1496.5214242336444,-1.6468625883044297
1-39bf82d2-3734-489f-8cfc-f68e73d90fe0,2597.8,2630.6,-32.79999999999973,1496.5811397234766,1525.9945372202824,-29.41339749680583,1497.6161643435607,1493.7496881060563,3.8664762375044575
1-a7c864e1-b754-4517-9491-3ae482a90c55,2720.0,2633.6,86.40000000000009,1480.8142386510676,1558.355236837591,-77.54099818652344,1497.836255690279,1504.8917075323768,-7.055451842097909
1-9264aef5-e06a-4804-a5ac-a8c2d48c6487,3066.6,3134.4,-67.80000000000018,1515.320931246725,1503.367148506673,11.95378274005202,1498.7599209229759,1501.957445390036,-3.1975244670600205
1-f4d3542a-7f04-4aef-a592-02b033ea4b99,3065.2,2682.8,382.39999999999964,1543.708271781109,1483.9869432662194,59.72132851488959,1499.968197099612,1502.350506691049,-2.3823095914369787
1-0c7bc7fd-10c5-4808-8d6c-fee7dd15de97,3067.2,2993.2,74.0,1531.865403207395,1496.93609495694,34.92930825045505,1497.3030194712971,1503.6865547486514,-6.383535277354213
1-d788fcba-713e-4ed1-b4c7-fb83a77ccc2f,2913.6,3070.2,-156.5999999999999,1480.67781975934,1528.5187450227818,-47.840925263441704,1496.6466096173917,1499.7093192036177,-3.062709586225992
1-a875ca57-835e-46d9-ab38-15a2d7fdb005,3049.0,2929.4,119.59999999999991,1510.5956158844212,1499.316660402148,11.278955482273204,1492.908031626666,1485.2290213146691,7.6790103119967625
1-4a7ef3d2-3972-44cf-88fd-373006d8bd47,2582.2,2758.8,-176.60000000000036,1500.0,1524.5353056547267,-24.5353056547267,1500.0,1501.3654202218954,-1.3654202218954197
1-8577c162-9797-4789-a8a7-4ce132e2df40,2655.0,2758.8,-103.80000000000018,1493.6,1509.2557940308266,-15.655794030826655,1500.0,1502.015261313992,-2.015261313991914
1-c9e59414-a0d2-43c5-990b-d556cd629182,3399.4,3463.2,-63.79999999999973,1491.2218618233942,1505.9821515327371,-14.760289709342942,1506.63328507781,1502.5166636539896,4.116621423820334
1-f5aff49d-149c-4885-8cf1-fe9b2545138e,3098.6,3028.2,70.40000000000009,1510.0026144746673,1490.0283243519036,19.974290122763705,1501.549453021336,1489.9767826635016,11.57267035783434
1-63ba25ff-e283-4ffd-8a2a-d8ff2d5c8602,3382.0,3438.4,-56.40000000000009,1513.8368965826894,1491.8281059541628,22.00879062852664,1504.970574051311,1508.4621323599179,-3.4915583086069546
1-ccfb2065-e2ab-4173-855c-e18cef7b433e,2899.0,2917.0,-18.0,1493.5142677674282,1521.1177881541976,-27.603520386769333,1495.1226379434088,1505.698744888312,-10.576106944903131
1-73a6b496-1d63-4bd3-b8a1-6c7ef03b065a,3019.4,3177.4,-158.0,1500.517629774035,1491.440538217117,9.077091556918049,1505.9549497883118,1513.5926615339406,-7.637711745628849
1-c5cfc678-16fe-4120-b6e3-b72f5af40d57,3006.4,2963.8,42.59999999999991,1517.1292210837642,1503.5305408146105,13.598680269153647,1505.4685294416956,1501.5356293200575,3.932900121638113
1-1570d4bc-e9ea-4363-ac10-2fdd3d9a3212,2187.4,2289.8,-102.40000000000009,1496.7725671968783,1511.780015015262,-15.007447818383753,1497.0214482772037,1501.5834173180276,-4.561969040823897
1-fcfdc6d7-a6b8-4bcc-89de-d0a4bad7c422,3117.2,3297.0,-179.80000000000018,1505.0357456394,1512.3355234310952,-7.2997777916953055,1504.4396730367241,1498.5239195925187,5.915753444205393
1-770d4fd6-b9d8-4f29-af51-0a3da9be749f,3098.0,2973.8,124.19999999999982,1506.4972566276542,1514.2912827044038,-7.79402607674956,1501.403323399819,1507.8523743978762,-6.449050998057146
1-f38a91d4-6134-4b1a-80e3-c2f671adef5b,3204.0,3238.6,-34.59999999999991,1521.232762357859,1509.9774377596113,11.255324598247626,1501.7857294990977,1506.0429832763239,-4.257253777226197
1-e4ba363d-4b95-4f4f-b390-61981311dab1,3144.4,3249.6,-105.19999999999982,1526.4077475631489,1516.0678780459912,10.339869517157695,1497.123660142888,1500.0645593953507,-2.9408992524627138
1-69f7d02c-1319-4370-9b63-bd2b4313f0bb,3115.2,3150.8,-35.600000000000364,1493.4867672012101,1520.5880092556051,-27.101242054395016,1501.0943047730118,1497.8001878389516,3.2941169340601846
1-d2ae0f9b-ca12-472e-af3e-33e45eea4083,3150.8,3027.8,123.0,1504.668082031967,1502.929309269491,1.7387727624761737,1494.533484718442,1490.2007733783614,4.33271134008055
1-6668b153-e89a-4852-8b7b-3d6fbcdf7f20,2965.8,3150.8,-185.0,1491.9555472518725,1522.0505523625845,-30.09500511071201,1556.7977500212553,1497.8671878910616,58.93056213019372
1-debb60ca-dfde-425a-8979-e45d669c4c30,2553.6,2934.0,-380.4000000000001,1500.0,1506.1990635713655,-6.199063571365514,1500.0,1501.8929198007745,-1.8929198007745072
1-e6847ec6-c5a7-413e-93ae-12b03317ce9f,2935.0,2830.0,105.0,1509.5755589782107,1500.0,9.575558978210665,1500.0,1500.0,0.0
1-90f7562d-b3c3-4b7b-b0fb-f09c24b9869f,2633.8,2816.4,-182.5999999999999,1500.0,1500.0,0.0,1500.0,1500.0,0.0
1-db8a8d2d-932a-45f2-9b1f-746f8455adae,3276.6,3130.2,146.4000000000001,1558.707817027576,1525.9518446062987,32.75597242127742,1499.863072886477,1498.7271654786325,1.1359074078445701
1-ad74fc1a-3e6a-45be-867b-0fc6b936e1c1,3130.2,3291.0,-160.80000000000018,1543.4514763323964,1510.791525609542,32.65995072285432,1498.2310029859411,1539.9541522748364,-41.72314928889523
1-ce96d870-ff44-4009-bc49-b4e7d1e37962,3130.2,3291.0,-160.80000000000018,1562.6816990322739,1491.5613029096648,71.12039612260901,1498.647546731931,1511.3525735630826,-12.7050268311516
1-559bc264-1bb8-46b6-9ef3-491a06ac5be8,3130.2,3314.6,-184.4000000000001,1549.0296307006436,1497.6741664186618,51.35546428198177,1498.81179518657,1507.2851907258741,-8.473395539304192
1-5c8a78e6-9139-4397-ba91-358f7a48ea70,3209.8,2581.6,628.2000000000003,1529.1920326023223,1477.5463633735276,51.64566922879476,1498.5176753146682,1498.2896068955597,0.22806841910846742
1-2cca717e-d41a-4675-97b5-2183d2e84d18,3047.8,3180.6,-132.79999999999973,1531.6697573440852,1489.520097968709,42.14965937537613,1500.3019251178696,1509.3600736376652,-9.058148519795623
1-2374e0d6-0d5f-42fd-bab1-bb0f7e0171be,2644.6,3209.8,-565.2000000000003,1490.232800936984,1521.8150969647995,-31.582296027815573,1491.690171673166,1499.0963990301584,-7.406227356992304
1-fffcc46e-ba37-4cbc-aea0-70621effa6d0,2769.2,3047.8,-278.60000000000036,1518.3959100213242,1509.4374675084691,8.958442512855072,1488.7561535567531,1497.7718830628012,-9.015729506048046
1-6a8a0c34-8c2d-4a23-be8c-c80a79e702df,3150.2,3047.8,102.39999999999964,1494.4369572404853,1526.9294551461012,-32.49249790561589,1507.4095003892273,1497.915022262568,9.49447812665926
1-6d364946-d77d-418a-99aa-e2f317acd6ad,2335.4,3209.8,-874.4000000000001,1500.0,1536.201892152351,-36.20189215235109,1500.0,1498.612295990745,1.3877040092550033
1-03506a43-fa59-4f87-be5f-8f09ba58437a,3179.4,3206.4,-27.0,1491.1728347047701,1543.7675955465281,-52.59476084175799,1514.413385554575,1498.5654977624256,15.847887792149322
1-1fcd61a6-4716-4b58-b86b-bd8ec487fe8b,3206.4,3179.4,27.0,1528.8106026501978,1506.1298276011007,22.680775049097065,1498.1583989998096,1508.2302160192974,-10.071817019487753
1-46f553e8-d8d2-4e9a-a805-8e21cc72f7f3,2949.4,3179.4,-230.0,1506.5089675328331,1508.9978832177937,-2.4889156849606024,1502.6610527428093,1494.965769899395,7.695282843414361
1-e03f81a5-b2b8-4862-9b1d-b2c3c4944d84,2940.6,3179.4,-238.80000000000018,1488.26616712011,1493.226289790861,-4.960122670751161,1510.730562768773,1495.3463659791726,15.384196789600537
1-dbb71697-327b-4162-98fa-5715bf88e080,3176.4,3166.0,10.400000000000091,1527.0846961584496,1481.0917981264945,45.992898031955065,1499.3506863285559,1500.2882935718164,-0.9376072432605724
1-57dbf512-8cdd-49dd-aae8-f05a1aece378,3175.6,3176.4,-0.8000000000001819,1476.7277126736851,1546.2439919084522,-69.51627923476713,1513.0855271110443,1501.0342057885562,12.051321322488093
1-9265b15a-e6a7-4d0d-999d-aeb47404df82,3176.4,3515.8,-339.4000000000001,1531.971134286169,1525.7290165556633,6.242117730505697,1498.1562632789714,1504.8405892358523,-6.684325956880912
1-0878e0b1-15e2-4c98-9504-dfcdf91215f7,3176.4,3134.0,42.40000000000009,1516.6021149222101,1502.8934348759983,13.708680046211839,1497.4270061913169,1526.8704977590849,-29.44349156776798
1-d23e5a00-8c7c-4d59-86b7-91d874d4aa10,3176.4,3246.8,-70.40000000000009,1534.7951719026632,1486.8719130320383,47.92325887062498,1498.4067325663968,1500.611574875846,-2.204842309449077
1-c3a36018-65b5-4fc5-8a6e-9ef210e4453f,3061.0,3018.6,42.40000000000009,1511.4037043903256,1482.6932708818645,28.710433508461165,1500.6882386857476,1489.6093323652353,11.07890632051226
1-f5896661-1bfe-4c84-a131-1ee34cdce4a9,3379.4,3162.2,217.20000000000027,1499.788534053443,1537.4786322896248,-37.69009823618171,1499.1172582972026,1502.2395215945241,-3.122263297321524
1-a981b45e-d467-4e2a-96e9-25b1402a2221,3142.4,3162.2,-19.799999999999727,1509.3169608574187,1522.065458983107,-12.74849812568823,1497.528376171754,1501.3044092128396,-3.7760330410856113
1-fd7c6a49-5604-4b1a-8dc2-981531b1e288,3459.2,3162.2,297.0,1500.0003613152771,1539.8946257694754,-39.894264454198265,1501.6436921388863,1501.5053305317276,0.13836160715868573
1-e0481533-95e3-4470-9a9d-52aa525a3a42,3252.8,3162.2,90.60000000000036,1500.0,1515.7730223224066,-15.773022322406632,1500.0,1501.8748098968433,-1.874809896843317
1-f0d24044-c8c2-455a-830f-88011a8b766b,3162.2,2965.4,196.79999999999973,1499.762065013038,1500.0,-0.2379349869620455,1502.3701790377206,1500.0,2.370179037720618
1-a9b1fb39-896e-47ea-a614-24d4f8ecc907,3092.6,3134.8,-42.20000000000027,1503.317561855271,1489.1523918623893,14.165169992881602,1500.0,1502.1333333333332,-2.133333333333212
1-8dbb50df-63b3-42f5-879e-7b0c0901ff13,3162.2,2679.4,482.7999999999997,1469.017461245068,1500.0,-30.982538754931966,1503.2,1500.0,3.2000000000000455
1-61306656-ddd4-4c6c-830f-e21b54ae3a78,3441.6,3162.2,279.4000000000001,1500.0,1484.2946975602533,15.705302439746674,1500.0,1506.4,-6.400000000000091
1-477eb03a-6c21-4368-acc5-76735484b0b4,3249.6,3324.6,-75.0,1523.0748798621814,1503.8392395800092,19.2356402821722,1498.4688074569465,1504.9944119646007,-6.5256045076541795
1-d45929ca-388b-4808-8f5a-a5ec86f339b1,3230.6,3318.6,-88.0,1510.5756473979934,1506.6214958122728,3.9541515857206377,1501.0620297634648,1509.454580439679,-8.392550676214114
1-4a647c9a-3f1b-45ed-bd3e-d74d5813b0f6,3162.2,3434.2,-272.0,1500.0,1506.4,-6.400000000000091,1500.0,1500.0,0.0
1-36246a7f-2396-4e83-8f71-f669a7ec201e,3160.0,3420.0,-260.0,1527.2566605926597,1564.3667276701221,-37.11006707746242,1513.7822418776827,1503.9162285854118,9.866013292270964
1-c0d82ce5-b0d4-4239-a5d3-3cc4f7f5f960,3315.6,3404.2,-88.59999999999991,1509.6785303015054,1543.746053562488,-34.067523260982625,1502.8421697808055,1500.4940829530308,2.3480868277747504
1-f43444c6-c782-443d-ba44-14c26e6f90ce,3404.2,3477.8,-73.60000000000036,1564.525048418572,1492.8566705315156,71.6683778870563,1501.662158146779,1495.643574351451,6.018583795327913
1-2b70ac5b-aa48-49e5-94ec-80af5dbe4dce,3705.6,3404.2,301.4000000000001,1489.9386346600268,1551.3228450052334,-61.38421034520661,1502.813348449574,1503.052436948856,-0.23908849928193376
1-d21dd972-9bcb-43c9-a235-5d9f2627018e,3404.2,3418.2,-14.0,1536.0052086620565,1521.17887690482,14.826331757236403,1500.8845611514867,1532.210509298189,-31.32594814670233
1-2895402b-4c61-435a-98e4-d547968b59b7,3404.2,1243.6,2160.6,1528.3734162646488,1500.0,28.373416264648768,1501.1650904473204,1500.0,1.165090447320381
1-3f53548b-862c-4268-a6c1-b2c208d927e0,3310.4,3214.0,96.40000000000009,1521.3800440548907,1516.6411671386982,4.738876916192567,1501.1887698124842,1506.1261111137399,-4.937341301255628
1-4e364789-1cd1-41cb-9bbf-4fd3663473f0,3526.6,3388.8,137.79999999999973,1503.1424901305245,1505.5274165279093,-2.3849263973847883,1505.464124117387,1505.0573838800235,0.406740237363465
1-1b20695b-5bf5-47bc-b454-6395f359b70e,3674.8,3682.6,-7.799999999999727,1501.770954579515,1525.3647710662722,-23.593816486757078,1499.8267746488807,1505.2782710607405,-5.451496411859807
1-fdb95ff5-ab33-4b61-bbb8-6ae261b0b873,3108.0,3066.2,41.80000000000018,1526.3280491422352,1482.154135727522,44.17391341471307,1497.9176960297912,1504.6175669307615,-6.699870900970382
1-5850218e-d687-4bd3-987e-aa2cf70fee69,3442.8,3386.2,56.600000000000364,1503.8254099010414,1525.0917493592506,-21.26633945820913,1510.1873382904043,1502.2264404891425,7.960897801261808
1-8993212f-3179-4f92-9d88-099fc7e58a60,3334.6,3440.6,-106.0,1526.0184270390018,1509.6113565834773,16.40707045552449,1507.2833426239874,1501.0941628390792,6.1891797849082195
1-402cdd11-f4da-4fa8-89a3-12afc0a2b4c2,3055.0,3087.2,-32.19999999999982,1531.1581213221139,1513.5902780003173,17.567843321796545,1502.0948200727503,1506.8943942693197,-4.799574196569438
1-59c7a806-ec77-4f39-9352-99728c226424,3252.6,3083.0,169.5999999999999,1497.8541101975009,1506.1073874292204,-8.253277231719494,1511.6286151514278,1500.184264335259,11.444350816168708
1-12984aa7-d41d-40dc-94fb-73503237a046,3327.0,3362.6,-35.59999999999991,1490.902265303624,1517.312550754667,-26.41028545104291,1502.5472335023749,1501.0300610813833,1.5171724209915283
1-f976a7df-81b4-4f2c-9e06-81b629dd876e,3318.6,3145.8,172.79999999999973,1503.4457630519387,1504.9709546896443,-1.525191637705575,1498.0093480782684,1506.7298151409254,-8.720467062657008
1-b3398e2a-a54f-4716-9e83-1c7dc3437f65,3193.6,3307.6,-114.0,1498.984417965375,1501.8559961966241,-2.871578231249032,1503.6987031310055,1500.7124003428994,2.986302788106059
1-b1118f67-7a91-492c-9bf3-ec2c238ed971,3369.8,3275.6,94.20000000000027,1484.1883067108884,1519.6751065408118,-35.486799829923484,1498.0046183705308,1501.5198510736072,-3.5152327030764354
1-5d9f83ef-c5da-40ba-9b82-2b217248adb1,3167.8,3170.0,-2.199999999999818,1475.3123094032298,1522.1307039820415,-46.81839457881165,1502.4217125497203,1504.3775024946435,-1.9557899449232536
1-44ac44e1-dfa4-4425-a29a-332c9ac23f42,3178.0,3156.0,22.0,1516.0946749648986,1490.0493845672818,26.04529039761678,1503.096244127333,1507.716639192303,-4.6203950649701255
1-c44757d2-7eac-45d4-b2d9-8a5280fbf238,3065.4,3222.2,-156.79999999999973,1533.4197564859994,1506.0645341703519,27.355222315647552,1506.0540862672121,1504.903682146889,1.1504041203231736
1-25af1ea9-80c3-404e-94d2-49fb630b4000,3059.4,3127.6,-68.19999999999982,1485.752789408733,1512.7359122183357,-26.98312280960272,1506.7213085269484,1507.9228977123062,-1.2015891853577614
1-b900f6a5-5fa0-494b-bea8-1caddbcfa2ce,3056.2,3117.6,-61.40000000000009,1491.5733053449362,1526.5921082886034,-35.0188029436672,1503.6610482431463,1505.1130000639905,-1.451951820844215
1-96c97158-d301-461b-83fb-0ccceb20df36,3083.4,3146.0,-62.59999999999991,1511.0487403217778,1503.4827973149165,7.565943006861289,1506.002705296141,1502.2225319935974,3.780173302543517
1-87b1526f-c018-46c7-9e3d-e9f003222a5d,2954.0,3190.4,-236.4000000000001,1516.2497302281045,1487.475760660478,28.77396956762641,1503.796533645211,1506.8806458948704,-3.0841122496594835
1-aee7a9e9-70a9-471f-a301-95d64ac3f840,3090.8,3024.4,66.40000000000009,1511.302185216537,1512.887364851637,-1.5851796350998484,1513.5188665210108,1496.971440382012,16.547426138998844
1-59ab2a3e-0b3f-40ff-837f-e8cdbda43257,3145.8,3102.4,43.40000000000009,1513.141645873985,1464.165406350094,48.97623952389108,1500.5471703910814,1499.0828918601635,1.464278530917909
1-e5073029-31e8-4e53-98ea-e56409bc3c04,2903.8,3064.2,-160.39999999999964,1517.596984094906,1506.7617495455204,10.835234549385632,1504.3411876642456,1511.2235443454076,-6.882356681162037
1-227bd485-6916-4eb9-b086-1914bac1b488,2934.4,2905.0,29.40000000000009,1499.744556944504,1528.857515285948,-29.112958341444028,1500.1348320442269,1496.6349274974286,3.499904546798234
1-77f4160d-8fc7-40ed-a7fc-609006d61109,3062.6,3011.8,50.79999999999973,1514.1168735973881,1502.9964238607722,11.12044973661591,1497.0974880727447,1498.669570598911,-1.5720825261662412
1-dffe4f67-9cd1-4a91-9bc6-323a548be666,2940.0,3248.6,-308.5999999999999,1518.1748134041045,1500.8568606094498,17.31795279465473,1503.3551582098733,1505.5961031370473,-2.2409449271740414
1-4858e94f-1b0a-42df-9254-b28401d8c417,3135.0,3069.2,65.80000000000018,1517.4324558471894,1490.2205530084248,27.211902838764672,1504.9259910167195,1503.5258584773628,1.4001325393567186
1-c384cd5e-2ddb-490e-b441-53097867b74d,3189.6,3260.0,-70.40000000000009,1521.8187392548857,1501.5437332485258,20.275006006359945,1508.348611921832,1501.7560237572875,6.592588164544395
1-0361f2b3-ce8d-4fb7-a106-2f43ddb82348,3149.0,3260.2,-111.19999999999982,1515.9422709278947,1509.6863598590048,6.255911068889873,1505.4009199254072,1503.8997612121495,1.5011587132576096
1-ba4c164e-a051-4a36-a71f-0d2d1825a889,3292.4,3395.0,-102.59999999999991,1555.673058925189,1501.410290177566,54.26276874762311,1503.5020501676795,1506.4447614535115,-2.942711285832047
1-8f72d87f-6208-41f0-938c-b26d65d330df,3593.6,3434.8,158.79999999999973,1488.4111422779754,1527.1638712875779,-38.75272900960249,1506.3796791416246,1508.1520930127376,-1.7724138711130308
1-51e3423b-0af1-43f2-888f-ba18026de93a,3182.8,3168.6,14.200000000000273,1517.8249345287397,1521.9336439085557,-4.108709379815991,1507.5003221300972,1508.519882929722,-1.0195607996247418
1-7e4f34fa-5cd8-4c8b-8b7d-4bab8e7229bb,3205.6,3177.0,28.59999999999991,1519.9628215832886,1523.873433591299,-3.910612008010503,1512.689678559927,1499.4889848445655,13.200693715361467
1-ae92f109-52e7-4980-a2cc-832ab2a41e3d,3364.4,3258.8,105.59999999999991,1537.9568889166562,1487.6366443827133,50.32024453394297,1502.1370397371477,1505.3624286020947,-3.2253888649470355
1-d371d8b3-3e4e-4f36-866d-97ca10823d05,3384.4,3169.2,215.20000000000027,1501.6803277180875,1506.899144965031,-5.218817246943445,1501.4938239550652,1505.8189221844525,-4.325098229387322
1-a7b809e9-1834-467b-9f81-bf72e39cb8ac,3217.8,3439.4,-221.5999999999999,1490.2631476015104,1486.048817251414,4.214330350096361,1501.3076205306713,1506.6752755639216,-5.36765503325023
1-f1e0d848-434d-43d7-ad2c-6a392c2b7818,3713.4,3608.0,105.40000000000009,1482.6903786172984,1506.5182790062152,-23.82790038891676,1499.7040871664055,1502.169878345546,-2.465791179140524
1-dc5c5b13-998c-48c1-97ab-e33aef00ea17,3153.0,3288.2,-135.19999999999982,1504.8291773128124,1473.8526229874585,30.976554325353845,1489.974773894403,1504.8027712953572,-14.827997400954246
1-89ecb7a7-3dd5-4764-93e8-331ea43c1a2b,3056.0,3290.2,-234.19999999999982,1506.0093155240006,1466.7894879731462,39.21982755085446,1490.7596461828384,1502.746463562981,-11.986817380142611
1-6e33ce3d-f358-4f47-8249-276ec1561e09,3461.2,3495.0,-33.80000000000018,1503.210666144949,1475.9355832818464,27.275082863102625,1505.5637357640762,1502.0634047667702,3.500330997306037
1-b1a8c6a0-4532-4d55-9c13-d457ae5da7ef,2744.0,2656.2,87.80000000000018,1500.0,1530.7425906814583,-30.742590681458296,1500.0,1499.5471021694616,0.4528978305384044
1-fcc102f7-3418-4e32-a81e-1e57589c280d,2686.6,2656.2,30.40000000000009,1490.8423226724249,1515.8942807288533,-25.051958056428475,1506.447841750796,1500.0051502220372,6.4426915287588145
1-28afd94b-36e8-488e-b9da-7ad67e0a891f,2656.2,2544.4,111.79999999999973,1533.4290105024957,1500.0,33.42901050249566,1499.8899935332026,1500.0,-0.11000646679735837
1-c04f2acf-c3f3-43ac-8978-4c356d65c940,2536.4,2656.2,-119.79999999999973,1485.5715379595438,1518.9619804777662,-33.39044251822247,1517.7475217928782,1500.8601324158967,16.887389376981446
1-d7fce97a-03ad-46ff-a3ff-e85f2559ee3d,2780.2,2922.2,-142.0,1493.3332544964185,1501.806663612161,-8.47340911574247,1501.387210173813,1500.9074865278512,0.47972364596171246
1-e7a4e44d-dcc2-442c-ac38-7aacd055f89f,2779.8,2926.4,-146.5999999999999,1487.8208651250159,1535.2586071930275,-47.43774206801163,1516.8728237569067,1502.0806897149942,14.792134041912504
1-4606b25d-52e6-4887-b8e1-d3981ffe7d11,2935.6,2926.4,9.199999999999818,1497.1358194013483,1553.847318056761,-56.7114986554127,1506.4500116817285,1502.6031861604447,3.8468255212837903
1-5fb328e1-55cf-472e-be6e-90515ccbbd62,2926.4,2722.4,204.0,1539.6274468286042,1500.8117514432154,38.815695385388835,1502.9387604264498,1508.5099612725146,-5.571200846064812
1-9d4ad52f-e158-4d30-afeb-f6e9a19ded28,2909.4,3031.4,-122.0,1492.7493859856563,1531.502759129647,-38.75337314399076,1537.4762033780698,1505.7108779943467,31.765325383723166
1-6f2ecfd6-b5fd-4c7c-ba22-ca7d341491d6,2896.2,2740.6,155.5999999999999,1519.9455563897468,1501.4531146377562,18.492441751990555,1510.6850919912868,1502.9096557146045,7.775436276682285
1-a2717334-de79-49a9-95d8-4b4a71ef7c42,2896.2,2666.8,229.39999999999964,1502.730864292104,1529.158418780131,-26.427554488027,1500.690088921508,1512.94341467105,-12.253325749542
1-2668d086-19b8-4380-89d8-ada1e5551f04,2746.8,2625.2,121.60000000000036,1486.6262205285973,1508.720903385662,-22.094682857064754,1509.128450477069,1498.0657787745279,11.062671702541138
1-80b2cac2-0fd4-45a6-8de8-d741870dd36d,2683.2,2746.8,-63.600000000000364,1529.8658017959758,1501.314328408552,28.551473387423812,1503.785468720178,1497.2878665360756,6.497602184102334
1-1be6d944-a12e-4aa5-b607-a09f6069e54d,2520.8,2576.6,-55.79999999999973,1486.729501540329,1494.7024451239572,-7.972943583628194,1484.0,1501.7039700363189,-17.70397003631888
1-ca01898e-d454-473a-b43c-7f20f8b4dfd5,2664.8,2746.2,-81.39999999999964,1503.399825181582,1501.3042801749275,2.095545006654447,1500.0389489982779,1500.8645907764505,-0.8256417781726668
1-bfe618ce-7d8a-46a6-b498-672cf29aa03b,2727.6,2777.8,-50.20000000000027,1481.0708895355378,1491.7901382593066,-10.719248723768715,1503.0077696339179,1497.6473614609029,5.360408173015003
1-b53bfaad-1527-4dd9-bd2f-b483ec3cf57c,2715.8,2759.6,-43.79999999999973,1510.2740033394703,1514.6510609147522,-4.377057575281924,1524.5666240103037,1501.262660936658,23.30396307364572
1-53ec1060-5d33-48f4-8c31-55d41244db04,2906.4,2768.8,137.5999999999999,1491.9459303157248,1504.231287113606,-12.28535679788115,1511.3311028221726,1500.404739992141,10.926362830031621
1-1c568d7e-caa1-4802-a67a-a23ee0917536,2566.4,2565.6,0.8000000000001819,1511.7453363125476,1494.2504951363476,17.494841176199998,1503.5388605821863,1502.2444520834786,1.294408498707753
1-23daf299-47fe-46e2-a74c-c158e6bb1c26,2585.6,2675.4,-89.80000000000018,1518.683027797501,1499.8596624167826,18.823365380718315,1502.533373163727,1494.5781855153334,7.955187648393576
1-406091c6-eb6a-4c67-b435-8a0c084ebc6c,2646.6,2705.0,-58.40000000000009,1504.594708521884,1494.0827491057603,10.511959416123773,1498.5103919066096,1501.967721605271,-3.457329698661397
1-f1363acf-e5e0-4b52-b618-971d3560e982,2996.4,3033.2,-36.79999999999973,1494.7502497512887,1503.4002710395587,-8.650021288269954,1481.3347691606414,1503.4272012629292,-22.09243210228783
1-f95dd469-62da-4018-93fd-5b4d04f23424,2830.2,2886.6,-56.40000000000009,1506.0948869354488,1490.5759060466244,15.518980888824444,1496.19948387102,1503.9671925435878,-7.767708672567778
1-f5df208e-fc54-4838-8d11-edc362c41f82,2769.0,2916.6,-147.5999999999999,1476.045763619872,1523.296898874773,-47.25113525490087,1500.4877956264572,1516.174280103508,-15.686484477050726
1-6a7d9b5b-4819-45cd-bf18-1bc098d8e6c8,3059.8,2988.2,71.60000000000036,1500.0,1492.149688635885,7.850311364114987,1500.0,1498.545948672669,1.4540513273309443
1-e9253b64-620c-4e0a-9f58-478da039675e,2837.4,2988.2,-150.79999999999973,1488.7049601237209,1475.543888629905,13.161071493815825,1522.746188057055,1501.9606954025705,20.785492654484415
1-70e92967-0f4d-40f0-86bd-42b43535c38e,2910.6,2988.2,-77.59999999999991,1502.8388609188312,1490.9988468048136,11.84001411401755,1460.6220722617838,1501.405850574205,-40.78377831242119
1-be1557eb-eab5-47a7-ba2e-f9ad23d6ebbe,3371.4,3413.2,-41.79999999999973,1520.3162152211585,1509.713950554091,10.602264667067402,1505.8134445308365,1506.3964994819642,-0.5830549511276786
1-4c9ad38f-d362-4a2a-b8f7-78214554355b,3371.0,3349.4,21.59999999999991,1501.9819346030065,1516.539618534369,-14.55768393136259,1503.9155823120743,1504.3564915256989,-0.4409092136245363
1-c425bd9a-1bac-48fc-8dc3-972514e589ea,3248.6,3266.0,-17.40000000000009,1485.3282384618155,1496.5055560978212,-11.177317636005682,1502.2742099467064,1501.9098211618227,0.36438878488365845
1-c73b64cf-7a0c-4785-aea5-269532570c9d,3126.4,3166.4,-40.0,1529.5079043125947,1519.3017531177716,10.206151194823178,1503.4617659765015,1505.3824979310812,-1.9207319545796508
1-e907c72b-980d-4f3f-a14e-8b4d67121a86,3414.6,3535.2,-120.59999999999991,1491.0452349266557,1517.028119941315,-25.98288501465936,1504.7715159584059,1508.5354068617387,-3.763890903332822
1-269e5f52-2699-4c77-8015-79c89b239a4a,2815.2,2835.2,-20.0,1507.2973201030093,1507.1764088130433,0.12091128996598854,1506.630114994061,1503.2640409694848,3.3660740245761644
1-c5555a48-9cb5-40c8-b475-0cdf68438a61,3267.8,3259.0,8.800000000000182,1512.8348085907867,1493.7572141274218,19.077594463364903,1503.1663929714186,1504.7785717065435,-1.6121787351248713
1-ce4a36a8-e3a8-413c-bdb7-7f4f1fc12a41,3418.8,3319.2,99.60000000000036,1530.430876975231,1490.0981247992288,40.33275217600226,1511.7314127321029,1496.9611312536672,14.770281478435663
1-157fb7b8-ff16-4a22-959f-c86d097b2b9f,3407.0,3407.8,-0.8000000000001819,1490.314950917478,1510.5100418991406,-20.195090981662588,1505.4046718836034,1513.3134796981394,-7.908807814535976
1-7d2ad35f-6568-44ca-bbec-a214f6ce8f4f,2898.0,3016.8,-118.80000000000018,1500.2757629988118,1507.2375822330907,-6.961819234278892,1504.761693146688,1507.3331994526081,-2.5715063059201384
1-0474f6cf-77f5-4310-a6ad-791cc93aab53,3695.6,3243.8,451.7999999999997,1526.8445494820942,1503.5326697426167,23.31187973947749,1505.458667700909,1496.2696537757697,9.189013925139307
1-9a6728cb-6df5-4e98-ab79-5053c5650cd8,3051.0,3015.0,36.0,1484.4764222633744,1502.7247657003277,-18.24834343695329,1497.01921716988,1497.0302766110422,-0.01105944116216051
1-4344ed41-d879-49a4-8430-d700dbadafbf,2713.2,2577.6,135.5999999999999,1503.4139399432177,1503.0907220316064,0.3232179116112093,1494.8418540516343,1500.0651021916237,-5.223248139989437
1-09363701-f669-41f6-81ac-8ab959656f96,2939.2,2908.0,31.199999999999818,1494.0426022207769,1496.8305072438288,-2.7879050230519624,1502.6922345650096,1500.0853622023328,2.606872362676768
1-1a239641-a3ce-4fae-a4df-ae52b5148163,2822.0,2907.4,-85.40000000000009,1488.5737426643523,1500.6884248140336,-12.114682149681357,1537.4322171063293,1511.2263837708538,26.205833335475518
1-777eaf2a-6cda-40f4-a0a2-2b4ade26d9a8,2297.2,2338.4,-41.20000000000027,1500.7879615425736,1493.909236577847,6.8787249647266435,1503.3095176268525,1516.800550037633,-13.491032410780463
1-e7f23463-2bd7-4e8f-8d87-2ae2a68d297e,2370.8,2381.8,-11.0,1504.1658465306252,1496.4451449440298,7.720701586595396,1500.9789418525004,1458.0548462587333,42.924095593767106
1-d12ca356-f048-404c-adb8-f5d5e622eb5a,2565.6,2392.2,173.4000000000001,1512.7665774377638,1502.2243312094429,10.542246228320892,1496.0223965904092,1501.157718165313,-5.135321574903855
1-206a8723-f904-4f61-95dd-f88b991fa41f,2392.2,2065.8,326.39999999999964,1498.7222537519053,1500.0,-1.2777462480946724,1501.477728500463,1500.0,1.4777285004629448
1-f3c856b4-cdb6-40ee-90b0-ef5a457bf1fa,2393.6,2312.6,81.0,1491.5268911223927,1500.0,-8.473108877607274,1500.4041111686747,1500.0,0.4041111686747172
1-5eb3f8df-77c5-4869-a1c4-4ee182405c78,2825.2,2794.2,31.0,1511.62393766333,1529.2679256388024,-17.643987975472328,1502.5092300006634,1489.5389455397985,12.970284460864832
1-bdc96c91-19ba-4374-874d-869f3bcbec5c,2751.8,2561.6,190.20000000000027,1491.5458060909411,1520.7696861126872,-29.223880021746027,1506.4145733387816,1496.8354821797757,9.579091159005884
1-7c523aa2-a8fc-474d-8bc2-3f9c29153e6c,2686.0,2762.0,-76.0,1483.9349814617651,1488.677365246613,-4.742383784847789,1496.1149219157298,1494.7443424337064,1.3705794820234587
1-658f76f6-518e-4fac-88f0-a3a0b6a33c50,2653.6,2822.0,-168.4000000000001,1514.654827234291,1503.651296938749,11.00353029554185,1499.4034212117062,1507.4455397338143,-8.042118522108012
1-65b01d97-52b7-46c6-bad6-89942fb01ee9,2671.2,2862.0,-190.80000000000018,1499.6063615504968,1526.1437739169921,-26.537412366495346,1497.1562822222531,1500.6023674205853,-3.4460851983321845
1-ea0e3f77-c466-4032-a6b2-b2748bb09334,2737.6,2602.8,134.79999999999973,1515.1612542533799,1500.344055497751,14.817198755628851,1497.18162453066,1503.1204535578167,-5.938829027156771
1-51b0938e-6025-4f73-a790-a345ef9d0bb9,2743.8,2742.4,1.400000000000091,1521.74027949583,1509.0971317500082,12.643147745821807,1506.096012736898,1500.5214099440338,5.574602792864198
1-a6a8a6da-c2df-4198-bff3-3620aefbb397,2778.6,2682.8,95.79999999999973,1524.2825277311638,1506.2750521960238,18.007475535139974,1502.4864000164187,1499.09490100825,3.3914990081686938
1-4bbeed03-dae5-49a9-9a04-b65c965ac0a7,2755.8,2759.2,-3.399999999999636,1524.9529816224451,1506.8323624455327,18.12061917691244,1503.070739166025,1507.1717769046177,-4.101037738592595
1-0c3ab937-8345-4451-a934-f68f2962883e,2715.0,2647.6,67.40000000000009,1523.8131863086678,1503.4692454960045,20.343940812663277,1500.3919471957865,1499.5881191789013,0.8038280168852907
1-20319012-08ea-4145-8e67-9b52d61c91ad,2802.8,2776.2,26.600000000000364,1500.0,1533.8050716766597,-33.805071676659736,1500.0,1500.2850104957615,-0.2850104957615258
1-927a060d-5b5f-4e8d-bdc4-5cfa362b8ffa,2493.0,2743.4,-250.4000000000001,1500.0,1524.891679854498,-24.89167985449808,1500.0,1500.4701910693757,-0.4701910693756872
1-d164ffc5-02ba-4a5a-80b0-4b42d9717447,2681.8,2601.4,80.40000000000009,1500.6500219884886,1509.651105788914,-9.001083800425477,1501.608676842989,1496.8642025423503,4.744474300638785
1-c99c4fe7-87a9-4c16-a0ff-3c0939cabd3f,2432.4,2661.6,-229.19999999999982,1493.8527152757463,1502.9439330204348,-9.091217744688493,1505.1976291637068,1498.7082852929038,6.489343870802941
1-ef525aca-8007-425a-b8db-075445cdbe59,2675.4,2845.2,-169.79999999999973,1502.9919067293647,1500.0581707084036,2.933736020961078,1498.7963601946612,1498.4286006535635,0.3677595410977119
1-acb4501c-b5c3-403c-ad21-ff6a4734e33e,2554.4,2613.8,-59.40000000000009,1496.7695400899804,1496.8572013071268,-0.08766121714643305,1499.9490473548,1501.6693846255855,-1.7203372707854214
1-953817c9-3127-4c73-9044-e9ffd2f9d79a,2593.2,2827.6,-234.4000000000001,1503.25628995283,1499.9490473548,3.307242598029916,1500.0,1497.2338848121492,2.766115187850801
1-44f6e83f-3151-4848-8f04-64b532bce258,3082.8,3049.8,33.0,1500.0,1503.311954063482,-3.3119540634820623,1500.0,1501.3659282869503,-1.3659282869502931
1-766b1eac-f885-489a-93bb-16a1a57a68fa,2620.6,2712.8,-92.20000000000027,1496.8578538061577,1500.0,-3.1421461938423363,1500.0,1500.0,0.0
1-0f3566df-ac84-45db-89b4-f649ff60424a,2600.8,2798.6,-197.79999999999973,1500.1178790241015,1500.0,0.11787902410151219,1500.0,1500.0,0.0
1-7564997c-53eb-412d-9291-c7f7275fba32,2660.2,2836.0,-175.80000000000018,1493.6,1500.0,-6.400000000000091,1500.0,1500.0,0.0
1-d180ccde-3d44-4efd-9f19-ac80e222c9d3,2771.2,2642.0,129.19999999999982,1500.0,1500.0,0.0,1500.0,1500.0,0.0
1-24752cbb-d242-4ac8-8c85-8ff8277fea2b,2891.8,3003.0,-111.19999999999982,1497.150615266167,1549.032741207731,-51.88212594156403,1506.180407645638,1500.8138175624326,5.366590083205438
1-cf6e9f22-af88-40b7-917c-54a3b68d534d,2670.4,2850.2,-179.79999999999973,1512.7953787244728,1532.7954761395904,-20.00009741511758,1500.0025524994273,1501.6135224671289,-1.6109699677015215
1-94050a93-93f4-449b-a941-3a91804e77be,2894.0,2620.8,273.1999999999998,1523.0998379657265,1500.1829593955156,22.916878570210883,1497.1116100156107,1498.6829800299292,-1.5713700143185179
1-729490ae-be34-4f20-a820-3d2a035e618c,2677.2,2552.2,125.0,1520.394763732842,1506.9412166480206,13.453547084821366,1499.5413363065804,1516.2674135604661,-16.726077253885705
1-21ad99b2-de45-42ab-85df-7977a43608c4,2859.8,2878.0,-18.199999999999818,1512.6674151905197,1523.3987568255254,-10.73134163500572,1503.385528807021,1501.1403996754582,2.2451291315628623
1-93122420-9c17-40a8-8428-e2fb51a18b4f,2736.8,2855.0,-118.19999999999982,1526.8314571704584,1506.2992686751757,20.532188495282753,1502.4185180125376,1496.7096630595347,5.708854953002856
1-bd98f24b-7ee6-4a9e-bee6-5e5f382aa0ad,2663.6,2626.2,37.40000000000009,1503.335566468461,1518.4687024250293,-15.133135956568367,1496.9389320487455,1500.1040626861295,-3.1651306373839816
1-7139ab8e-e948-4f56-bbfd-8340aaf2b8a8,2401.4,2546.0,-144.5999999999999,1500.4221408968183,1518.1129585856283,-17.690817688810057,1505.5620098663785,1499.3786729143626,6.183336952015907
1-86c35981-39b6-431c-959e-03acf5df50ec,2645.2,2414.2,231.0,1512.4004617694836,1483.5183249185288,28.882136850954794,1501.3334244799528,1488.3161384854077,13.017285994545091
1-ea97007c-9b79-44e3-bbe2-08dde880401d,2448.0,2432.8,15.199999999999818,1502.5677588627245,1506.3749862064783,-3.807227343753766,1500.2443972723647,1500.286149410638,-0.041752138273295714
1-76daa7a6-df26-495d-96b7-93394c55ebb5,2280.6,2528.8,-248.20000000000027,1500.0,1499.3618815815012,0.6381184184988342,1500.0,1500.8607649040646,-0.8607649040645811
1-d3b3068a-2fab-476a-afc5-f409054f6ae7,2498.2,2497.8,0.3999999999996362,1509.3002442228835,1494.1962941231493,15.10395009973422,1504.088205443981,1517.2595371819455,-13.171331737964465
1-74e32e06-810a-49a2-84d6-e5db521d1612,2450.0,2577.8,-127.80000000000018,1506.4896798902341,1501.5924012822554,4.897278607978706,1498.4695239046855,1501.1711969796881,-2.7016730750026454
1-eb3fb627-015f-46fc-8103-a1f5d66a2299,2519.6,2633.6,-114.0,1503.0679875295723,1506.1761802822493,-3.1081927526770414,1491.3456646034635,1500.2215890680593,-8.875924464595755
1-c9eaf34c-1778-4342-aecb-1871fb6b68b0,2529.0,2533.0,-4.0,1502.4743709411998,1499.8683662453016,2.606004695898264,1501.1645617269526,1506.289445896452,-5.12488416949941
1-051b0f50-b195-4039-8a85-b20aeb7237df,2556.0,2360.6,195.4000000000001,1496.7896141858125,1500.0,-3.2103858141874753,1514.5377846035217,1500.0,14.537784603521686
1-10bd0961-2233-4d54-a898-fac0b5ae19be,2506.4,2575.6,-69.19999999999982,1500.0,1502.9497784483035,-2.9497784483035048,1500.0,1500.0205219861682,-0.02052198616820533
1-4d64deac-eb02-494e-bd95-8c5f5ad2c464,2687.6,2649.4,38.19999999999982,1505.6452500209748,1503.201252342568,2.443997678406731,1498.8938511892682,1498.4289200622052,0.46493112706298234
1-c53a9fa6-1dbf-4f7a-a305-6ce0d712e7bb,2815.0,2877.2,-62.19999999999982,1503.1960093390699,1524.702258903129,-21.50624956405909,1499.8859052375178,1497.3556621328758,2.530243104642068
1-9841366c-f02a-42ad-977e-461140b0028c,2441.6,2491.2,-49.59999999999991,1500.0,1503.2859938577262,-3.2859938577262255,1500.0,1500.0,0.0
1-f940b3c4-2345-4b17-9067-c997339662b4,2853.0,2663.0,190.0,1500.0867932531128,1500.0,0.08679325311277353,1500.0,1500.0,0.0
1-557d90d4-1810-47c3-bc11-86c053eb2237,2436.2,2270.4,165.79999999999973,1496.8578538061577,1500.0,-3.1421461938423363,1500.0,1500.0,0.0
1-e50c073f-29d3-400c-895c-6f155b95530d,3078.4,3372.6,-294.1999999999998,1546.9242376126754,1525.849057281337,21.075180331338288,1510.6699373562549,1527.5667000695234,-16.896762713268572
1-f23a6da0-3e2b-455e-9f2f-d52ad74eb266,2898.8,3019.0,-120.19999999999982,1507.8091596001136,1553.0840477830807,-45.27488818296706,1508.1645719774858,1500.951700520538,7.212871456947823
1-4b99249e-1438-4649-88a0-260e7bf43b0f,2970.8,3109.6,-138.79999999999973,1500.8218049323523,1539.125165332661,-38.30336040030875,1512.8960001545336,1508.9346872949611,3.9613128595724447
1-5957e3ef-f9ce-4df9-be71-bb047f86bf61,3274.8,3374.8,-100.0,1516.9783034186269,1507.4328573310754,9.545446087551454,1502.1662785064225,1503.9381579608375,-1.771879454415057
1-be740577-eff3-47f8-a84e-5f528b84e6a9,3356.0,3241.2,114.80000000000018,1535.5473488213538,1495.0817675482363,40.46558127311755,1497.4595887354703,1495.543185718322,1.916403017148241
1-1b807892-52c7-4f70-9197-59b580824e67,3300.4,3208.2,92.20000000000027,1510.9013420743263,1509.1583982795296,1.7429437947967017,1503.9670913684934,1506.9096983490067,-2.9426069805133466
1-4b41f126-ff86-49d5-b021-cf16b9357e91,2683.8,2697.2,-13.399999999999636,1494.4974081177847,1515.8896157650863,-21.392207647301575,1507.9205316233351,1495.142419625981,12.778111997354245
1-0d2680a1-2cf5-4be1-bc78-4cab94d1389d,2989.2,3145.6,-156.4000000000001,1496.174945549496,1529.7441155311983,-33.569169981702316,1503.33004649876,1505.771511420456,-2.441464921695797
1-67fc9123-d04f-43bb-90de-a6c24e8a3dc3,2855.4,2885.2,-29.799999999999727,1503.6480851194754,1510.8711344693584,-7.223049349883013,1501.7096044207249,1504.8398582391462,-3.1302538184213518
1-d9e89500-f53d-4699-a33d-411dcdfe13c0,3087.2,3124.8,-37.600000000000364,1487.934129118427,1540.0948453052417,-52.160716186814625,1512.626474503404,1504.7877784493492,7.838696054054935
1-0ae07fbe-080d-43a9-9226-ef90c6037822,3146.8,3001.0,145.80000000000018,1532.241624518349,1484.6137841526004,47.627840365748625,1503.0505740616104,1519.216985074315,-16.166411012704657
1-7d9b6b4f-d692-434a-8df0-9903aeceab76,2959.2,2817.0,142.19999999999982,1526.4489779822338,1503.941962915545,22.507015066688837,1500.8215788052426,1512.351731336439,-11.530152531196336
1-44f64521-9e70-42a6-98ca-d29d9c894566,2908.2,2979.6,-71.40000000000009,1510.2206036001648,1514.6749588462158,-4.454355246050909,1516.1685251904528,1515.1334465128102,1.0350786776425593
1-fb46e881-2bc5-4351-abad-d131707b34a8,3003.2,3075.0,-71.80000000000018,1502.8741280519002,1548.91197137479,-46.037843322889785,1499.3411921894563,1503.1255387061472,-3.7843465166909027
1-887c8d68-ff71-432b-9a64-84d6f5528fe4,2619.6,2844.6,-225.0,1503.0267675374994,1492.4556091737559,10.571158363743507,1492.6586006059506,1502.9038929626422,-10.245292356691607
1-12d7a871-617b-45eb-820c-061245bac93b,2725.0,2718.0,7.0,1508.1858237205531,1497.2462136194408,10.939610101112294,1497.4834228340876,1508.3523810030192,-10.868958168931613
1-3dd2398b-1b1e-462f-b45d-ac384fc6d8f7,3246.8,3388.6,-141.79999999999973,1520.2911763698994,1513.4635424724927,6.827633897406713,1502.5224199447366,1506.1861934438014,-3.663773499064746
1-06eb5d90-6476-480b-a4ed-29c3ec3eb338,3143.8,3296.0,-152.19999999999982,1507.804628604997,1505.604119608602,2.2005089963950013,1498.2441962835328,1498.882988271332,-0.6387919877990953
1-f7ceb3e1-bbe9-4b41-be5c-9222932449e2,2891.0,3176.6,-285.5999999999999,1496.9155062495647,1520.6730029497855,-23.757496700220827,1504.0674909756126,1499.4385859616293,4.628905013983285
1-3f8726d3-abea-47fc-b3db-462ca771f1a9,3198.2,3094.8,103.39999999999964,1509.7577450899814,1508.761867592211,0.9958774977703797,1508.6409847715943,1502.6183335966778,6.022651174916518
1-876d49ec-4bc4-4083-876d-a0ce1bf2f9a7,3044.4,3084.6,-40.19999999999982,1501.7700029514592,1478.711936402669,23.058066548790293,1505.0864742448202,1511.9940080030763,-6.907533758256022
1-6259b970-bc97-4568-bd17-3a6364675297,2702.8,2809.0,-106.19999999999982,1496.3607820721477,1496.940660542506,-0.5798784703583806,1505.8382338846006,1505.811176688469,0.027057196131636374
1-6ced9a0f-aafb-404a-b0ab-7ee39099f548,2964.8,2839.0,125.80000000000018,1508.3520476624758,1516.673622425527,-8.321574763051103,1494.4835295203088,1509.778094131064,-15.294564610755288
1-7a78e83e-5b8d-4b0b-aada-20205f04a593,3239.6,3275.6,-36.0,1486.8008593197287,1505.3689030728553,-18.56804375312663,1496.3749364835382,1501.719298679178,-5.34436219563986
1-a51f6af8-a099-4a09-b286-0713ca04c161,3205.6,3385.6,-180.0,1502.581320424406,1496.959905447704,5.621414976701999,1504.6437391543134,1505.360142471135,-0.7164033168216974
1-720d97ed-3d26-4ca3-a16b-bb48295d8049,2942.8,3103.2,-160.39999999999964,1499.9484418642098,1495.5210536481802,4.4273882160296125,1503.2,1499.234628389194,3.96537161080596
1-4bf2a30b-eb5e-4212-8816-a46a450e4067,2930.6,2921.0,9.599999999999909,1490.181535076057,1512.3707002538454,-22.18916517778848,1502.280856563446,1500.1647296207866,2.1161269426593208
1-be13ceb1-3c0a-4e90-b029-ee452f06b69c,3384.6,3462.0,-77.40000000000009,1484.3042378840255,1509.1941810587737,-24.88994317474817,1505.5651376297064,1504.4949140814765,1.070223548229933
1-1ece92d0-8b23-490e-a7b5-29215422486e,2515.8,2465.0,50.80000000000018,1515.7372263671996,1500.0,15.737226367199582,1500.0,1500.0,0.0
1-9293ce90-74db-47a4-af34-a4ab020ce6e5,2565.0,2448.8,116.19999999999982,1506.3116032274768,1500.0,6.31160322747678,1500.0,1500.0,0.0
1-da2b731c-3ff7-439f-8059-e5f2b57dfca3,2381.8,2574.8,-193.0,1500.0,1509.6,-9.599999999999909,1500.0,1500.0,0.0
1-c4a6fc55-954b-46f3-a84f-bb3a50e4c9c7,2251.0,2482.4,-231.4000000000001,1500.0,1500.0,0.0,1500.0,1500.0,0.0
1-1c2d19b3-9c32-45a3-b894-0dd5226fa35b,2483.2,2461.6,21.59999999999991,1496.77410543858,1462.1086170810895,34.6654883574904,1503.628556798907,1507.2762009190574,-3.6476441201502894
1-244cb242-c717-4637-bc4e-fd2db4c00e2c,2384.6,2461.6,-77.0,1513.2874740511959,1476.4170151068038,36.87045894439211,1517.9652206197402,1504.7854247535774,13.179795866162749
1-298258f8-12a2-41a1-bb9e-9a1552dcb429,2779.4,2755.6,23.800000000000182,1499.8162217193026,1497.3542715426024,2.4619501767001566,1499.8759002855334,1497.2004548479454,2.675445437587996
1-cc1849ec-f579-4d92-bfc6-dd3e469afc28,2632.4,2791.4,-159.0,1501.992216654993,1491.3204383956834,10.671778259309576,1501.2446158691455,1510.213923507187,-8.969307638041528
1-a692354c-ad3d-427e-8dd0-15988e3ee012,2619.8,2648.0,-28.199999999999818,1503.1399445414481,1476.9254633364976,26.214481204950516,1500.0,1500.152443685108,-0.15244368510798267
1-6cc3b9e3-59fd-4bc6-a624-0182e50c9fe1,2620.2,2626.6,-6.400000000000091,1500.4527983306255,1478.7176616493014,21.735136681324093,1519.0846076010303,1491.7543348696684,27.3302727313619
1-d8a5b884-17b9-42c0-b213-84de72df5696,2729.0,2512.8,216.19999999999982,1531.6044590743807,1481.841320372218,49.76313870216268,1494.0962232150093,1495.5521581137248,-1.4559348987154408
1-c0860612-4714-4160-8932-d15717516338,2749.2,2643.2,106.0,1500.7631610726633,1500.8075505859092,-0.04438951324596019,1511.4808758208235,1491.5478629441905,19.93301287663303
1-670b1ffd-820f-4ad7-8448-3cec1507b753,2703.4,2821.4,-118.0,1507.396386284228,1503.6988472538173,3.697539030410553,1498.6527898966444,1500.7294309258173,-2.0766410291728334
1-27213e30-f438-40b5-94e0-5f6875733b03,2794.8,2776.6,18.200000000000273,1503.7943447457842,1503.7996774610074,-0.00533271522317591,1496.6493213978117,1501.9265607042357,-5.277239306424008
1-6ed0f9ed-85b9-47b6-9bef-ed7dadc4479b,2633.6,2680.6,-47.0,1500.6488540775376,1506.930941697604,-6.282087620066477,1496.8126645586194,1504.210414438147,-7.39774987952751
1-1e3ebbdb-dac5-4152-84ab-e1da6fa8b873,2815.8,2661.6,154.20000000000027,1501.3481544122792,1489.9537562941537,11.394398118125537,1500.1682763365031,1495.5530800683061,4.615196268196996
1-cb14b62d-7c5e-4002-bb64-b200788c73fe,2727.8,2562.8,165.0,1480.3745618704684,1510.4072994333583,-30.032737562889906,1500.7932351365869,1493.6179342437763,7.175300892810583
1-090d5d55-1a6a-4ad6-b53b-842f1a85491f,2397.8,2402.4,-4.599999999999909,1490.203594164443,1501.0697220117695,-10.866127847326425,1500.0,1498.1576719338732,1.8423280661268109
1-fa0283a1-5d19-4e5a-91d0-a45068f421ec,2899.8,2960.4,-60.59999999999991,1480.9574284101313,1485.8608231405756,-4.903394730444234,1499.3070092362068,1499.6092690177131,-0.30225978150633637
1-ebab7cc2-3e9b-497f-b0f2-ed56fe2a7fc9,2805.8,2802.2,3.600000000000364,1511.714533814275,1500.4860392926248,11.228494521650191,1497.8906233508972,1508.2298236537565,-10.339200302859354
1-00f1350d-3381-433f-be3e-553027d1a509,2851.0,2842.8,8.199999999999818,1484.1419902114144,1502.026366304437,-17.884376093022638,1504.408063796911,1502.212511758713,2.1955520381980023
1-e804ce88-ffec-45f3-a6b2-52dc1fa05b33,2802.8,2640.2,162.60000000000036,1517.535435360008,1490.293196038372,27.242239321636134,1493.9231019589615,1502.4377633981635,-8.514661439201973
1-6fa0749e-b686-4f51-b612-a751948b2914,2890.4,2699.0,191.4000000000001,1509.274078760948,1505.3836790759938,3.890399684954218,1492.663643035923,1503.3023643788692,-10.638721342946155
1-5c86e9ae-1cea-4af8-972e-1a00c2508c30,2943.4,2644.8,298.5999999999999,1499.5068541343908,1515.027323073224,-15.520468938833119,1491.5755415398548,1499.243922724234,-7.668381184379086
1-9f38bab2-4315-4218-80ce-5a3218ba0796,2687.8,2523.0,164.80000000000018,1485.3990275042443,1490.8570629104674,-5.458035406223189,1497.513892493961,1504.6951357835133,-7.181243289552185
1-49a8587a-970f-4753-81ed-a847db0be4a7,2669.6,2671.6,-2.0,1505.1107167938112,1503.0159070846248,2.094809709186393,1501.3586218063458,1501.2497360539828,0.10888575236299403
1-740deabc-0100-4bba-8d83-d3e8b5b81798,2900.4,2748.6,151.80000000000018,1508.169017210933,1516.4346110976587,-8.26559388672581,1495.6163082370683,1505.4695476862719,-9.853239449203556
1-6007aaec-3dfb-491b-9dd5-de3fb3643ca3,2796.6,2627.2,169.4000000000001,1510.309396233129,1502.085104071728,8.224292161401081,1510.1712534455862,1498.999440268919,11.171813176667229
1-a31dd412-20a3-46c3-9ab5-09bcbf776661,2664.8,2555.2,109.60000000000036,1496.888215557515,1505.0043715019744,-8.116155944459479,1500.7527995036685,1497.9790738463141,2.773725657354362
1-35f325fc-c8b7-43fe-b9de-561119faece3,2859.0,2609.4,249.5999999999999,1484.2938366361843,1504.9113440651556,-20.617507428971294,1497.6747363289335,1495.6213592164881,2.0533771124453324
1-2be3a05d-98ab-4036-9d4a-d4b30ba5b8f9,2627.2,2593.0,34.19999999999982,1511.809390901591,1493.5671079252352,18.24228297635591,1500.988668651746,1500.4453550508144,0.5433136009314694
1-19be7b4f-8f95-4bbc-b3a6-641645008731,2574.0,2578.8,-4.800000000000182,1515.274844111906,1503.3928943767316,11.88194973517443,1496.3644323562353,1495.0254271099136,1.3390052463216762
1-4f0350ba-c938-4c26-9794-5c75d3c3a798,2314.0,2118.6,195.4000000000001,1480.4084061213482,1521.913637630605,-41.50523150925687,1544.5334320912834,1501.7757045668518,42.75772752443163
1-71c4d0b1-e443-4c63-9a03-a487401fd675,2118.6,2261.2,-142.5999999999999,1506.0537722593308,1503.0107096478537,3.0430626114771258,1493.7481715403408,1499.4636954738944,-5.715523933553641
1-a5138b7b-cfd4-4a53-96a1-f40221fcfe4f,1622.8,1553.8,69.0,1500.2598336694853,1500.0,0.25983366948526054,1500.0,1500.0,0.0
1-9d1b3a8c-f646-4e04-a3e5-a18d7452155c,2694.0,2676.8,17.199999999999818,1500.0077270602376,1500.0,0.0077270602375847375,1496.8795249128898,1500.0,-3.120475087110208
1-126227dd-a240-42a4-b826-c82fc1643028,2605.0,2500.4,104.59999999999991,1503.307714367313,1500.0,3.3077143673131104,1497.663643627022,1500.0,-2.336356372977889
1-87a85bf8-480c-4c10-81d6-cdca92886ef3,1732.0,1890.8,-158.79999999999995,1500.0,1493.7757259931755,6.224274006824544,1500.0,1500.0,0.0
1-ab4bfdfa-9ea6-4c1b-91d3-e1dd72c75f65,2453.2,2434.8,18.399999999999636,1500.0,1490.488140410022,9.51185958997803,1500.0,1500.0,0.0
1-ef8cdefa-d6ba-4883-a7d8-92a995ca21e2,2537.0,2685.2,-148.19999999999982,1493.6294722558143,1500.0,-6.370527744185665,1500.0,1500.0,0.0
1-db30771e-cbe1-420b-bb82-1c5d0d8cfb25,1838.2,1852.2,-14.0,1500.0,1496.8,3.2000000000000455,1500.0,1500.0,0.0
1-eeff0fe5-6451-4677-926e-723e6b44d17d,1978.6,1873.2,105.39999999999986,1500.0,1500.0,0.0,1500.0,1500.0,0.0
1-93c61f3f-df94-4841-87b3-00f6e8320691,2645.0,2650.6,-5.599999999999909,1503.5406621483646,1513.8770599149088,-10.336397766544223,1500.4147468304745,1497.9270517566172,2.487695073857367
1-d31e23b1-d89b-4b55-b204-d79c7375462a,2570.4,2642.8,-72.40000000000009,1489.5679778588292,1521.4881304810535,-31.92015262222435,1481.8301405161938,1503.1970358648196,-21.366895348625803
1-3233eeb3-15fc-4935-a9ff-fb73ce836ca1,2607.2,2636.0,-28.800000000000182,1518.6826349189887,1500.0,18.682634918988697,1499.793785795679,1500.0,-0.20621420432098603
1-47a276a7-e790-4c13-ba2c-b37ba3050288,2653.6,2625.6,28.0,1505.9606305337213,1500.0,5.960630533721314,1502.4475598395184,1500.0,2.4475598395183624
1-1c7a9c07-d4ef-4486-9aba-c5ff91ae1833,2712.8,2776.4,-63.59999999999991,1509.2430338639276,1515.7769557179527,-6.5339218540250386,1497.840924683525,1499.4618464999924,-1.620921816467444
1-636b3b20-a5c5-4201-8685-a33271be2a56,2458.0,2509.2,-51.19999999999982,1510.707055633338,1478.7914569897682,31.915598643569865,1501.518232625721,1508.6713278760062,-7.153095250285105
1-4eb47638-1b9a-4913-b335-a9795f533f4a,2520.0,2509.2,10.800000000000182,1504.7745899146635,1494.3096755625422,10.46491435212124,1505.1780819309222,1513.6752676332087,-8.497185702286515
1-be27d793-3df7-4e82-a476-72aa6af316ee,2670.6,2992.2,-321.5999999999999,1511.9943289548064,1507.7937376288464,4.2005913259599765,1494.8812255638952,1500.5860671449846,-5.70484158108934
1-d2ef83bd-901c-470d-94bd-0c746406a67b,2992.2,2716.0,276.1999999999998,1491.1121916028978,1505.9207364186393,-14.80854481574147,1499.2065893580607,1478.5854831384813,20.62110621957936
1-62a9ad43-2098-474f-acd8-406fac12cb35,2901.8,2992.2,-90.39999999999964,1502.4352408514526,1507.3379549458787,-4.902714094426074,1503.9651013583673,1497.0102911830445,6.954810175322791
1-085765ea-f530-4633-990b-ebbeb1089986,2636.6,2668.0,-31.40000000000009,1486.9592599782695,1518.6105872556357,-31.651327277366136,1498.088062983108,1500.2112133480766,-2.1231503649685237
1-cbb3c6a2-3e76-4f3a-a8c0-a23e2790282a,2599.4,2494.8,104.59999999999991,1500.0,1501.804480505237,-1.804480505237052,1500.0,1498.4706937502817,1.5293062497182746
1-648a9343-b2d6-4798-b7ab-64c7021250c1,2569.6,2514.4,55.19999999999982,1508.5596096692843,1500.0,8.559609669284328,1504.4912893703424,1500.0,4.491289370342429
1-98141457-3281-4c13-86f7-9945940c299a,2640.6,2425.8,214.79999999999973,1514.8064457929408,1500.0,14.806445792940849,1496.7748624271057,1500.0,-3.225137572894255
1-b8b57ee0-c745-49e7-a988-81665465d596,2831.0,2869.0,-38.0,1500.0,1494.724844697587,5.275155302412941,1500.0,1499.7234347451113,0.2765652548887374
1-f9a54af1-9049-4310-90d7-76c25b1d8435,2785.0,2867.6,-82.59999999999991,1500.0,1501.2182138926999,-1.2182138926998505,1500.0,1499.5436673294337,0.45633267056632576
1-d2d91ed1-14bc-4374-b8e0-2f8aa824b39d,2521.6,2539.6,-18.0,1494.1979056320463,1538.5545931569643,-44.356687524918016,1532.631763514777,1499.781534718279,32.85022879649796
1-67810d2f-48d1-4a02-bfc3-63700f82267c,2638.6,2557.2,81.40000000000009,1496.9747104949017,1543.7732293230295,-46.798518828127726,1506.3248974135233,1499.9806592473433,6.344238166180048
1-6af160df-3f9f-4c98-866a-aadfa525502a,2238.2,2440.0,-201.80000000000018,1500.0,1529.0570994194918,-29.057099419491806,1500.0,1499.9778962826783,0.022103717321670047
1-038361a2-c8d3-4447-9ea5-df27ae91b775,2416.2,2302.0,114.19999999999982,1520.0093682441038,1500.0,20.009368244103825,1499.9749170670796,1500.0,-0.025082932920440726
1-a3c2679b-2a3f-4a06-b322-c80bcc205275,2592.0,2620.8,-28.800000000000182,1513.961478288711,1500.0,13.961478288711078,1499.9434023584527,1500.0,-0.05659764154734148
1-6780aa17-883e-4a19-8134-006102548db7,2687.4,2624.2,63.20000000000027,1499.7007304617232,1524.238352834047,-24.537622372323767,1493.7895043538933,1499.9956801497217,-6.206175795828358
1-325bd526-dfb9-4d5b-a0fa-e97cf1ee2f6a,2687.2,2755.2,-68.0,1515.2794229271105,1500.0,15.279422927110545,1500.0,1500.0,0.0
1-38574792-c8c5-4155-a630-5563e88d3fb4,2509.8,2386.2,123.60000000000036,1515.7088050728166,1500.0,15.70880507281663,1500.0,1500.0,0.0
1-69543f2c-de9f-492c-aebd-51e778a79e24,2480.2,2545.2,-65.0,1509.483453368008,1500.0,9.483453368007986,1500.0,1500.0,0.0
1-db300eea-21a1-4618-aefe-b8dafbf36e06,2369.8,2597.8,-228.0,1500.0,1503.141316988643,-3.141316988642984,1500.0,1500.0,0.0
1-3854e67c-5343-450e-b918-d1a43bb52114,2553.6,2397.4,156.19999999999982,1505.9743928461128,1501.7715764636268,4.202816382485935,1508.0470747423442,1498.5591299534285,9.487944788915684
1-a4ada3fb-0a33-4a99-8b4c-528ba1fedb8f,2617.8,2517.6,100.20000000000027,1496.9285757342825,1509.743484649482,-12.814908915199567,1510.5577583467207,1502.1519253452777,8.405833001442943
1-1e3ee842-813a-4344-9ce7-dd765a29675c,2629.8,2364.4,265.4000000000001,1518.7610671992825,1506.2043166577691,12.556750541513338,1495.1075544906562,1503.6594486440215,-8.55189415336531
1-3f49bc3f-ab1f-41ae-ac5e-4a3a72584a77,2124.4,2018.6,105.80000000000018,1500.0,1513.8166951208514,-13.816695120851364,1500.0,1499.80264079082,0.1973592091799219
1-5e42493d-2379-432a-b15b-45eeff2fe07c,2104.2,2200.4,-96.20000000000027,1526.262806496959,1500.0,26.262806496959,1499.9890060983012,1500.0,-0.010993901698839181
1-3a162586-b461-4efd-94cf-1d801302a9d3,2545.8,2807.2,-261.39999999999964,1512.0625040820012,1499.969452487317,12.093051594684084,1500.0,1498.3847262436586,1.6152737563413666
1-8cf80eb8-15c8-4225-9c0d-3a8d30a1169e,2211.6,2165.4,46.19999999999982,1518.426639064879,1500.0,18.426639064879055,1500.0,1500.0,0.0
1-d22536be-ed1c-47c6-b7a1-fa42b31b9d5b,2169.4,1969.8,199.60000000000014,1509.077399836545,1500.0,9.077399836545055,1500.0,1500.0,0.0
1-2ef30417-2e08-466a-8c57-83f937925077,2178.8,2402.6,-223.79999999999973,1506.2545238084845,1500.0,6.254523808484464,1500.0,1500.0,0.0
1-2271d61c-4748-48de-a2ad-55c3e61052bf,2120.8,2039.0,81.80000000000018,1500.0,1503.082917785418,-3.082917785417976,1500.0,1500.0,0.0
1-57bbc4e8-0e31-44ef-b0cf-d463cfd95f33,2451.6,2020.4,431.1999999999998,1500.0,1506.341316988643,-6.34131698864303,1500.0,1500.0,0.0
1-952d646d-f05b-40cd-b1d1-5f06380b4fa7,2083.2,1781.8,301.39999999999986,1506.4311008121442,1500.0,6.431100812144223,1500.0,1500.0,0.0
1-97a23588-d804-4602-81b8-9f5283dcb891,2046.0,1815.8,230.20000000000005,1496.7410554883713,1500.0,-3.2589445116286697,1500.0,1500.0,0.0
1-0a21ef2a-e21b-41b0-929b-f096f3f6e4a7,2062.8,2115.0,-52.19999999999982,1500.0,1503.2,-3.2000000000000455,1500.0,1500.0,0.0
1-99443044-fe29-4751-b3a1-602c3ddd740e,2506.0,2593.8,-87.80000000000018,1500.0,1500.0,0.0,1500.0,1500.0,0.0
1-6d22a7cb-9b41-4b6c-b70c-12f2994c2ca2,2782.4,2824.6,-42.19999999999982,1514.2185833588967,1528.993162790463,-14.77457943156628,1514.6500814280712,1504.7501899481304,9.899891479940834
1-7761fd8e-0a48-40e9-99b9-ab7d2487b28a,2561.2,2824.6,-263.4000000000001,1503.1974811352932,1513.4659034777192,-10.268422342425993,1499.7265176828093,1506.3526333587968,-6.626115675987421
1-fe422564-ad90-44c9-b2b8-5e5f1182b6d8,2744.0,2824.6,-80.59999999999991,1517.4120653019227,1530.0475318132026,-12.635466511279901,1530.7425906814583,1502.3990790403825,28.343511641075793
1-458c55f0-a098-4d30-b901-9958424cc4b1,2990.8,2862.8,128.0,1531.6361085396663,1525.3320128266748,6.304095712991511,1499.694827373907,1504.828999371079,-5.134171997171961
1-a5527a29-887a-4dd8-881b-4e791eeabec0,2774.6,2841.8,-67.20000000000027,1553.938815807831,1500.0,53.938815807830906,1503.12169255618,1500.0,3.121692556180051
1-492a3caf-c276-4845-af10-3c238889bfab,2506.0,2774.6,-268.5999999999999,1513.3050955536387,1539.125714948204,-25.820619394565256,1440.917899264458,1501.7275593283819,-60.80966006392396
1-75da47c8-5910-4f5f-9722-411ce4dbc586,2515.8,2774.6,-258.7999999999997,1506.0846137458752,1523.9476123659483,-17.862998620073085,1501.2800974187062,1501.7056661078732,-0.42556868916699386
1-46cd2d0e-f843-4ab1-880f-d5369cbff586,2266.0,2385.0,-119.0,1549.3952975664513,1503.1853052362771,46.209992330174146,1496.1521526954784,1495.7046525586816,0.4475001367968616
1-6c5aeea0-4d40-4118-94cb-9d1535f558b6,2266.0,2102.6,163.4000000000001,1535.0017569662311,1500.0,35.00175696623114,1494.3426649880198,1500.0,-5.657335011980194
1-911d5eeb-a32c-4560-8972-e0b557ed124a,2497.2,2559.6,-62.40000000000009,1483.8725911205463,1513.3607017346621,-29.48811061411584,1497.2332928552084,1497.2626210823817,-0.029328227173209598
1-595821dd-55e6-4ee6-aa66-8d13c17d4432,2497.2,2559.6,-62.40000000000009,1500.0,1497.2332928552084,2.766707144791553,1500.0,1496.715664080678,3.284335919322075
1-0879389e-226c-4d8a-a19f-9898e01611e2,2766.0,2669.0,97.0,1521.8210939370367,1496.8244410217894,24.996652915247296,1495.9095646483531,1502.6537018269812,-6.74413717862808
1-0ad8d977-52bf-41e2-86c1-c2e257581211,2766.0,2859.0,-93.0,1507.596417707267,1468.88636577156,38.71005193570704,1501.3992328336874,1496.2823852421698,5.116847591517626
1-d374438e-7ff6-43bf-88cd-b9961cbd9e82,2439.4,2559.6,-120.19999999999982,1500.0,1519.094149284008,-19.094149284007926,1500.0,1499.8480479390016,0.15195206099838288
1-5f13aeff-24b9-49dd-b0d6-186381fdd2bf,2759.6,2974.4,-214.80000000000018,1509.8348913196014,1496.7713109936371,13.063580325964267,1498.91929736987,1496.8850472528252,2.0342501170448486
1-32c7ddce-f1e0-420b-b3a0-cd7afb435c39,2743.6,2713.6,30.0,1499.7806943643172,1503.3274700079091,-3.5467756435919,1497.4487356338107,1501.5814460025256,-4.132710368714925
1-c284eefb-fa51-464a-ac41-9f77bb315d1f,2737.8,2809.0,-71.19999999999982,1499.5352147199153,1503.6430061406495,-4.107791420734202,1498.806228656346,1500.0771082487229,-1.2708795923767866
1-08b44a4e-f00d-4fde-a8c9-c758e32aeac1,2864.0,2950.2,-86.19999999999982,1553.8072244424231,1485.482236952713,68.32498748971011,1500.4991562185817,1516.5263845151433,-16.02722829656159
1-d7ce26e9-2644-4d17-9819-a6c1b26fde57,2631.2,2529.0,102.19999999999982,1526.8746474282812,1508.6569589173823,18.217688510898824,1498.489565694375,1503.8086967834902,-5.319131089115217
1-2dbb31e4-5d34-4c00-8a48-53492f40c080,2563.2,2721.8,-158.60000000000036,1506.2631677019267,1533.0592978084267,-26.79613010649996,1492.5706788653406,1500.7384773292986,-8.167798463957979
1-fc0b8ac6-42ad-411e-9e8b-36526dd11ac3,2563.8,2721.8,-158.0,1500.0,1517.8820712322836,-17.88207123228358,1500.0,1500.8466045164223,-0.8466045164223033
1-b77cc7c0-b36c-4c3e-ab5e-5885e5776475,2721.8,2577.6,144.20000000000027,1501.9729268969643,1500.0,1.9729268969642817,1502.4783301709058,1500.0,2.4783301709057923
1-4caf37e5-25e5-4c33-b772-3946eedf3b83,2528.0,2407.0,121.0,1516.9447049665007,1500.0,16.944704966500694,1499.8788555203319,1500.0,-0.12114447966814623
1-323a1d35-0779-44a4-97a7-2d5d8b2b4b91,2993.8,3013.6,-19.799999999999727,1550.9427321392634,1500.0,50.9427321392634,1499.3992852659244,1500.0,-0.6007147340756092
1-2c51430d-ed3c-44b2-8741-871a5a588907,2993.8,2853.0,140.80000000000018,1536.7736812618928,1496.8402008256173,39.93348043627543,1500.2265806364826,1496.4608010982527,3.7657795382299355
1-4d1baf07-5834-4fc9-9285-4f86f8c28377,2827.6,2993.8,-166.20000000000027,1500.0,1521.775153200564,-21.77515320056409,1500.0,1500.4536751331516,-0.4536751331515916
1-a54469ad-68e9-400c-bdf3-57261657420c,2688.2,2814.2,-126.0,1496.82866051962,1509.439551673427,-12.610891153807188,1503.1118595899782,1502.4788046828637,0.633054907114456
1-66f19ab2-bf4e-4d18-8cf7-6865fd00419e,2625.2,2837.4,-212.20000000000027,1506.6008598799415,1502.3086978192064,4.292162060735109,1506.3410604879493,1498.745290872991,7.595769614958272
1-6c01258b-3dce-4eb0-9c28-fc27e6cc48c6,1940.2,2121.8,-181.60000000000014,1500.0,1493.4417513316196,6.558248668380429,1500.0,1499.2144634515394,0.7855365484606409
1-c075ab7b-407d-4733-8a44-2774052cdd31,2549.0,2518.8,30.199999999999818,1531.5282482911903,1502.9663318062446,28.56191648494564,1498.9633642836918,1496.7091161863934,2.2542480972983867
1-969da046-f5fc-4122-b79e-e89feb594437,2586.8,2505.6,81.20000000000027,1490.0324485997098,1531.8184314242383,-41.785982824528446,1493.2948285573164,1500.1578005838464,-6.8629720265300875
1-cc394dd3-b558-409f-9e81-8597fb069c72,2484.0,2582.2,-98.19999999999982,1502.6645007924662,1535.4609181186688,-32.79641732620257,1494.579897616779,1499.6227439690897,-5.042846352310789
1-99870047-383d-4278-899b-11feb66bc104,2507.8,2382.8,125.0,1520.489105957488,1500.0,20.489105957487936,1501.8753305656264,1500.0,1.8753305656264274
1-bf8f01c1-8e61-4bd9-b01c-3d0decf4cf46,2449.2,2777.8,-328.60000000000036,1496.9914280252997,1514.8189860755167,-17.82755805021702,1500.8654702920624,1509.7639104216676,-8.898440129605206
1-260463ff-4e99-4029-aacc-e97f47c1e0f7,1581.2,1870.8,-289.5999999999999,1500.0,1511.8271782010854,-11.827178201085417,1500.0,1500.3201701278706,-0.32017012787059684
1-7b2d450c-9ed7-498e-a8a4-7d7e0e63636f,2570.0,2379.2,190.80000000000018,1515.3471922158526,1506.6891152907597,8.658076925092928,1496.2287121408763,1508.6798960844455,-12.451183943569276
1-51311a03-d030-41bf-90dd-2065722cff84,2395.4,2746.8,-351.4000000000001,1500.00011424235,1512.8052296139103,-12.805115371560305,1505.6666512456432,1497.2472166860928,8.419434559550382
1-f8c4198e-801f-4c66-ae7e-b426c9385e3b,2560.2,2474.2,86.0,1493.6029233193556,1526.370797227733,-32.767873908377396,1505.5836839756714,1500.7872366139536,4.79644736171781
1-f40024de-86f8-44b6-bfbb-dfadfcb31953,2548.6,2431.8,116.79999999999973,1517.1419930797717,1500.0,17.141993079771737,1501.323680092941,1500.0,1.3236800929410037
1-be166869-92d6-4861-a5c2-17502e9fc0b5,2595.0,2433.4,161.5999999999999,1504.1963540928714,1500.0,4.196354092871388,1496.9184855769515,1500.0,-3.081514423048475
1-92158563-9883-42f8-9bf5-2247d6e8e086,2571.8,2522.2,49.600000000000364,1504.1769214782205,1502.7938655484688,1.383055929751663,1499.4657096744677,1499.3530038780368,0.1127057964308733
1-dcaf96fc-2b9e-4b1c-831b-f3e4aab6e9d0,2636.4,2652.4,-16.0,1520.2987820358208,1503.7708809712146,16.527901064606112,1500.9313388368992,1505.1907939370512,-4.259455100152081
1-c3131de4-b13e-46b3-bf4e-4a167a9e2919,2693.4,2667.0,26.40000000000009,1493.7121103128106,1517.76736989945,-24.055259586639295,1501.819265003704,1496.9860082459388,4.833256757765184
1-89c389b0-21d6-4ae6-a54a-dc07c5791c0a,2639.8,2701.6,-61.79999999999973,1503.5541222203497,1521.5483930900316,-17.99427086968194,1500.7057702585764,1503.276348172677,-2.570577914100568
1-a71cb652-9d53-46f0-aa80-4d8f77d09a66,2479.2,2483.0,-3.800000000000182,1521.1353983089607,1509.5247113890352,11.610686919925456,1499.3892215459168,1491.3352854370273,8.053936108889502
1-3c6cdb20-3dd0-41cc-9c9c-24f798c36315,2572.6,2446.2,126.40000000000009,1515.0109624631486,1500.0422087652423,14.968753697906322,1499.3372967068367,1499.6507923901477,-0.31349568331097544
1-d58f1e16-90a5-450a-80a4-3773507f890e,2660.4,2560.8,99.59999999999991,1499.749322963031,1519.8924689042237,-20.143145941192643,1493.366697943271,1497.0659526578395,-3.6992547145684966
1-dda175a2-7dca-4493-9c43-6a431ec8c43f,2548.2,2578.4,-30.200000000000273,1520.539871097261,1499.945908141885,20.593962955376128,1500.0294987654693,1498.6634539504557,1.366044815013538
1-e56a9ec7-2085-4a6b-b14c-85be8f1555d8,2504.6,2395.6,109.0,1507.9730365251335,1496.8796591407195,11.093377384413998,1501.0326048391457,1511.850668504982,-10.818063665836235
1-1c7e13fb-b8ec-4f62-9d85-74a4a9d9ef45,2466.6,2416.6,50.0,1500.0,1521.0968051888708,-21.096805188870803,1500.0,1501.7551997736675,-1.7551997736675276
1-89ea5362-aa0f-4647-a93c-5392cbd8a507,2425.8,2476.6,-50.79999999999973,1503.3303937962628,1505.195533938939,-1.8651401426761822,1503.317561855271,1500.0192658017986,3.2982960534723134
1-90e4a50f-b3fe-457e-984e-f839ee5a1c7d,2646.2,2561.8,84.39999999999964,1485.3382236454859,1509.2194117332488,-23.881188087762894,1518.6537168706852,1499.1189831683466,19.5347337023386
1-51fb9c5e-6da1-49f3-bf57-e384d7d94204,2946.0,2912.8,33.19999999999982,1518.8184533382785,1500.0,18.81845333827846,1499.738109246101,1500.0,-0.2618907538990243
1-05fcad06-23cb-4e3a-ab66-7e6af48cbdc8,2835.2,2432.8,402.39999999999964,1506.2486368077953,1500.0,6.248636807795265,1498.7430329518738,1500.0,-1.256967048126171
1-6f104120-532c-450b-93d2-c19577c7f895,2596.4,2697.4,-101.0,1513.0613342781712,1500.0,13.061334278171216,1501.8845460688979,1500.0,1.884546068897862
1-b0ad0afa-3d97-40d9-9883-0af929a17501,2850.0,2851.4,-1.400000000000091,1503.1410604879493,1503.3189256670264,-0.1778651790771164,1493.6,1500.8578248403287,-7.257824840328794
1-b2a39720-1cf2-4f6a-ba96-67aa148f3faa,2436.0,2488.4,-52.40000000000009,1500.0,1503.2589445116287,-3.2589445116286697,1500.0,1500.0,0.0
1-77bd3ad6-306b-47c2-a216-41b44bfc1dad,2540.2,2637.8,-97.60000000000036,1500.0,1496.8,3.2000000000000455,1500.0,1500.0,0.0
1-7a5a0bf5-885f-4116-a7ba-ded298a8f15c,2570.6,2495.8,74.79999999999973,1500.0,1500.0,0.0,1500.0,1500.0,0.0
1-ed37a2a2-8a63-464a-a5ce-5121880b89e8,1773.4,2058.2,-284.7999999999997,1535.5141307185509,1500.0,35.51413071855086,1500.0387291093598,1500.0,0.038729109359792346
1-f4233a80-185c-44fa-b582-67a26f7870f6,1949.4,1839.4,110.0,1500.0,1519.7133618130943,-19.713361813094252,1500.0,1500.0738310458928,-0.07383104589280265
1-59e510f3-e0e1-41af-b6e9-d84c4b880bd3,1931.8,1839.4,92.39999999999986,1500.0,1503.8926158996596,-3.8926158996596314,1500.0,1500.0787548263265,-0.07875482632653075
1-bc0008e7-1a65-4b71-bf05-29a609543e7d,1902.6,1839.4,63.19999999999982,1500.0,1520.851721912674,-20.851721912674066,1500.0,1500.1054803609727,-0.10548036097270597
1-62c27dab-19e8-449c-9ff5-8b0ef399ce61,2164.6,2360.4,-195.80000000000018,1496.4840597303123,1508.8666999177124,-12.382640187400057,1490.738707480541,1500.8546123410197,-10.115904860478622
1-b951744f-db7a-40f9-8b46-9a0259b0e5fe,2250.0,2297.0,-47.0,1500.0,1502.4299088416644,-2.429908841664428,1500.0,1496.8574369620824,3.1425630379176255
1-ce651523-ab17-4337-a55d-7c42015b7fd8,2458.2,2466.2,-8.0,1527.758275205672,1500.0,27.758275205671907,1502.1582142998043,1500.0,2.1582142998042855
1-57a624dd-68de-44ba-83dc-d80044b9ad6c,2458.2,2346.0,112.19999999999982,1512.1733796924834,1503.1574770813731,9.015902611110278,1501.3878553158518,1507.966969245318,-6.579113929466303
1-713f77fc-95be-4e66-b6b6-99fcfaf389f2,1979.2,1987.2,-8.0,1496.6729310069527,1505.9116905617625,-9.238759554809803,1482.9109829248268,1500.1653478288224,-17.254364903995565
1-2ae56483-2009-410d-ab65-52a91a89eb37,2008.2,2102.4,-94.20000000000005,1515.7669368027043,1500.0,15.766936802704322,1500.135414170156,1500.0,0.13541417015608204
1-6afd85c5-8302-440b-9e9b-39951f0cfa4f,2076.6,2026.4,50.19999999999982,1500.0,1503.0804207224778,-3.080420722477811,1500.0,1500.1493538641428,-0.14935386414276763
1-441823af-57fd-4c38-89d4-08ade9a2f3f5,2046.0,2027.8,18.200000000000045,1500.0,1516.4873828089144,-16.48738280891439,1500.0,1500.3336992050276,-0.33369920502764217
1-2fdd23e1-bdc0-44eb-8af5-ebbe04296298,1887.2,2090.2,-202.99999999999977,1545.5030212446723,1500.0,45.503021244672254,1500.108331336125,1500.0,0.10833133612504753
1-84e29a5c-b072-4108-8a45-5dc92d2172ed,1911.8,1858.0,53.799999999999955,1500.0,1533.949812848142,-33.949812848142074,1500.0,1500.1160692887051,-0.11606928870514821
1-a632972a-ea27-4c90-bbea-6ed7766f31ad,1884.6,1891.6,-7.0,1521.9576886877007,1500.0,21.95768868770074,1500.1249976955287,1500.0,0.12499769552869111
1-c076d21a-8bcd-41f4-9057-29c4c7839623,1969.4,1836.8,132.60000000000014,1500.0,1515.4950811457609,-15.495081145760878,1500.0,1500.180552226875,-0.1805522268750792
1-99f41ae6-722d-42cf-9a60-f0dc7e22f1c6,2073.6,1829.0,244.5999999999999,1509.236311538666,1503.2499400837464,5.986371454919663,1500.0,1508.6226159644334,-8.622615964433407
1-01a32a39-6683-44e1-aca9-513c7b068cb7,2094.4,1953.4,141.0,1499.625976902555,1500.0,-0.37402309744493323,1500.0,1500.0,0.0
1-bedffca8-0ab2-4de8-9c51-334bc5999e32,2044.6,1922.2,122.39999999999986,1500.0,1489.7426378274897,10.257362172510284,1500.0,1500.0,0.0
1-961672fa-0ed7-4b6f-9583-049bbf56901a,1916.6,1875.8,40.799999999999955,1500.0,1479.5790345681773,20.42096543182265,1500.0,1500.0,0.0
1-654baaaa-26ef-4e3c-977e-13559b1e5971,2064.8,2273.2,-208.39999999999964,1488.9878488315617,1500.0,-11.012151168438322,1499.7905235870771,1500.0,-0.2094764129228679
1-e124db6b-3417-41f5-b5d8-8c7373ac9554,1875.2,1744.6,130.60000000000014,1482.578836970574,1500.0,-17.421163029425998,1500.0,1500.0,0.0
1-eb78492c-d0f0-49a0-8cca-55ff1087f204,1903.8,2092.2,-188.39999999999986,1495.2020865419129,1500.0,-4.797913458087123,1500.0,1500.0,0.0
1-f99c1480-c093-4e65-a277-04cd7611a418,2058.2,1900.8,157.39999999999986,1500.0,1481.7295998962013,18.270400103798693,1500.0,1500.0,0.0
1-aa81b1d1-0998-48ff-85af-c734390fee2b,1940.8,2049.6,-108.79999999999995,1481.2670206198322,1500.0,-18.732979380167762,1500.0,1500.0,0.0
1-ba68610f-da4b-4f5d-86df-0dc50494550f,1996.0,1664.6,331.4000000000001,1500.0,1487.4356780956496,12.564321904350436,1500.0,1500.0,0.0
1-dda80a72-8479-475a-95fb-e917f8304e78,1963.0,1937.8,25.200000000000045,1500.0,1487.2,12.799999999999955,1500.0,1500.0,0.0
1-96d840f2-8f70-4873-865b-70d3ed953094,1893.0,2272.2,-379.1999999999998,1500.0,1500.0,0.0,1500.0,1500.0,0.0
1-913b402b-0e36-4605-940a-86522a579f6f,2258.4,2422.6,-164.19999999999982,1519.1165487599094,1500.0,19.116548759909392,1499.1873203770758,1500.0,-0.8126796229241791
1-36db2949-c18d-4968-b461-c33d18c3e0a7,2115.6,2258.4,-142.80000000000018,1500.0,1503.2669950057896,-3.2669950057895676,1500.0,1498.9122721934057,1.08772780659433
1-e33d9597-1d32-4ef2-a278-d48c25956ed0,2367.8,2350.2,17.600000000000364,1500.0,1524.491211523872,-24.491211523871925,1500.0,1499.0630890794191,0.9369109205808854
1-4f977034-e7ed-45c2-ac5e-cd235d91bf29,2350.2,2287.4,62.79999999999973,1508.9010294203265,1500.0,8.901029420326495,1498.9845790373024,1500.0,-1.0154209626975899
1-064635a2-0200-40fe-a76e-5715b2bd2215,2146.0,2350.2,-204.19999999999982,1500.0,1492.5583826738698,7.441617326130199,1500.0,1498.8906304272375,1.109369572762489
1-6ff5c170-6028-4ae9-8027-501f393b4cde,2314.4,2363.0,-48.59999999999991,1479.3766634059584,1500.0,-20.623336594041575,1498.5801955628915,1500.0,-1.4198044371084961
1-e0816d21-deaa-4b3b-bf15-de0837108a06,2214.4,2314.4,-100.0,1500.0,1495.1534877438585,4.846512256141523,1500.0,1498.414090427624,1.5859095723760674
1-9a918dc5-6b0a-4ec3-9f82-39cc924bbd10,2268.6,2314.4,-45.80000000000018,1500.0,1478.1485143877796,21.85148561222036,1500.0,1498.1983816170964,1.801618382903598
1-e43664b3-4000-4b85-ad64-e3dcfd77b75e,2666.4,2592.0,74.40000000000009,1488.2153991462542,1500.0,-11.784600853745815,1498.1352297752508,1500.0,-1.8647702247492361
1-4d48e3d3-e98a-4767-a2dc-a4cd27b5d595,2509.0,2510.6,-1.599999999999909,1488.1635343951814,1503.401999646014,-15.238465250832633,1498.8282162571359,1521.9610337184033,-23.13281746126745
1-ab6f0494-f19d-4de4-af7b-b73137fa616b,2369.2,2280.8,88.39999999999964,1500.0,1496.2087767112105,3.7912232887895243,1500.0,1495.863986779977,4.13601322002296
1-d4f0e936-6550-4a06-9885-621a0b8e912d,2158.2,2280.8,-122.60000000000036,1490.2207576569913,1479.725603977795,10.495153679196392,1493.5122493258543,1497.5873015873017,-4.075052261447354
1-4b3997d4-0f89-4f45-914e-c860839e1e7c,2540.6,2596.0,-55.40000000000009,1500.0,1494.2910089864317,5.708991013568266,1500.0,1498.0,2.0
1-65dc19c1-2d11-44c4-bf80-d553c8ca7970,2322.8,2247.2,75.60000000000036,1493.4335749220868,1500.0,-6.566425077913209,1498.209523809524,1500.0,-1.7904761904760562
1-e14e2b9b-9855-482c-ba5c-f3da937f7444,2085.2,2322.8,-237.60000000000036,1500.0,1476.3459453687951,23.654054631204872,1500.0,1497.76,2.240000000000009
1-294101fa-e059-41e1-ad30-55df5151d9e9,2273.2,2299.6,-26.40000000000009,1500.0,1459.478249577523,40.521750422477,1500.0,1498.56,1.4400000000000546
1-2496e2f6-e7d6-4a36-8805-e10283053bba,2249.8,2299.6,-49.79999999999973,1500.0,1474.2967247314693,25.70327526853066,1500.0,1498.1333333333334,1.8666666666665606
1-39017e8e-e5a2-4ebe-b93c-8a0f38541826,2299.6,2481.4,-181.80000000000018,1489.8284409040248,1500.0,-10.171559095975226,1496.6666666666667,1500.0,-3.3333333333332575
1-f569e33e-4160-47d4-8380-b48e740d59aa,2348.6,2369.0,-20.40000000000009,1499.4121993884098,1500.0,-0.5878006115901826,1492.0,1500.0,-8.0
1-e52bb4ce-9dfc-43f7-8095-8bf531c77e20,2305.2,2293.0,12.199999999999818,1484.0,1516.0,-32.0,1500.0,1500.0,0.0
1-4b94ea1d-8dfe-451f-8026-441df5ba69de,2293.0,2305.2,-12.199999999999818,1500.0,1500.0,0.0,1500.0,1500.0,0.0
1-9629999f-a2fd-4e9c-aad2-80bffef5bd2d,3038.2,2728.0,310.1999999999998,1484.5566110371778,1503.6110143697726,-19.054403332594802,1498.9403435248912,1509.9536454941983,-11.013301969307122
1-e26a4ffb-5dae-42c3-b4a4-7ecb8e6b9acb,2967.4,2896.4,71.0,1500.0,1494.0709364313636,5.929063568636366,1500.0,1497.7461873539821,2.2538126460178773
1-60faf7e9-5e56-40e4-bb11-6cc03228d105,2839.6,2830.6,9.0,1494.5132146214814,1513.02928642976,-18.51607180827864,1508.5118645210832,1500.7729323887215,7.738932132361697
1-eff8781d-bcf2-4104-a8ea-d561d5693294,3022.4,2774.8,247.5999999999999,1509.8631722444325,1500.0,9.863172244432462,1498.4123781818087,1500.0,-1.5876218181913373
1-45a8dc55-5310-492e-8b29-11f74d3b62cf,3017.8,2644.8,373.0,1509.8673658468754,1494.1197532385595,15.747612608315876,1509.619856141403,1499.1043159724704,10.515540168932603
1-ff118b60-6144-4d16-ba5d-8846d15ad4f5,2639.2,2936.6,-297.4000000000001,1497.2948382818456,1500.0,-2.705161718154386,1499.0047955249672,1500.0,-0.9952044750327786
1-915b068e-c1fa-4456-bc9e-59df7e2c6900,3120.6,2816.6,304.0,1497.240490988704,1500.0,-2.759509011295904,1499.440197482794,1500.0,-0.5598025172059806
1-fcd1d59e-6564-4895-b49a-38bceb0c0672,2467.0,2427.6,39.40000000000009,1500.0,1490.7845654087532,9.215434591246776,1500.0,1498.7204513892434,1.279548610756592
1-f0b349ce-e7d7-4141-a876-3772f06cb1e1,2689.0,2614.4,74.59999999999991,1480.9506775700324,1506.3900920306573,-25.439414460624903,1499.1473926496692,1490.545723585361,8.601669064308226
1-8ce29ae9-945e-4a3f-a230-c306ccf535ab,2783.8,2744.8,39.0,1490.545723585361,1491.0835960666195,-0.537872481258546,1498.7138943254856,1524.782109880682,-26.068215555196275
1-66d8369c-adae-406a-8ae3-86ab40dd92c7,2771.8,2804.8,-33.0,1500.0,1490.3729729961458,9.62702700385421,1500.0,1494.6293357070338,5.370664292966239
1-5c5c0ff2-7796-48ac-92b1-76d384f3e025,2640.8,2763.4,-122.59999999999991,1500.0,1493.7159610489641,6.284038951035882,1500.0,1505.2693057591873,-5.2693057591873185
1-c21a0673-c953-4b73-917a-ffcf1cb35d47,2854.4,2940.8,-86.40000000000009,1496.8000191401106,1493.5694524873172,3.2305666527934136,1498.774328648784,1498.3847262436586,0.389602405125288
1-3491df7c-8856-4aea-9ce4-c13d4587c6bf,2624.0,2693.2,-69.19999999999982,1496.7694524873173,1496.7694524873173,0.0,1500.0,1500.0,0.0
1-b6762335-e753-4fd3-b36c-ae1cf2607f98,2856.8,2748.8,108.0,1503.316754800666,1500.0,3.3167548006661036,1512.6821209758987,1500.0,12.68212097589867
1-658da1a1-4f9f-4766-91db-1612c9dda261,2515.4,2439.8,75.59999999999991,1453.5155890554936,1500.0,-46.48441094450641,1497.5871499605732,1500.0,-2.4128500394267576
1-818412ba-95b2-4573-b62a-c7850593cfbd,2515.4,2521.2,-5.799999999999727,1468.7826835844342,1484.7086687826463,-15.925985198212175,1499.2625325424756,1501.0861396391435,-1.8236070966679563
1-cb9f7643-12e2-4f78-831f-3733bd0e1ebb,2302.6,2241.4,61.19999999999982,1504.5506215920516,1500.0,4.550621592051584,1499.2551775869297,1500.0,-0.7448224130703238
1-ae990778-753c-44b0-9d0b-da30d9c8ff7f,2339.2,2302.4,36.79999999999973,1498.2411919926076,1493.3240855797653,4.917106412842259,1499.7932858235279,1485.012196113692,14.781089709835896
1-fe92aa9d-4915-4bc8-8464-748997ad249f,2221.4,2040.6,180.80000000000018,1491.6881105339266,1500.0,-8.311889466073353,1499.785295520899,1500.0,-0.21470447910110124
1-3c6064a1-6afd-47e9-888a-ead83bff6d5c,2425.2,2311.8,113.39999999999964,1485.012196113692,1500.0,-14.98780388630803,1499.7768703556649,1500.0,-0.22312964433513116
1-e679183c-947c-4d5c-ad85-6b0bde2451ad,2494.2,2583.2,-89.0,1496.9876708483916,1455.0319499098596,41.95572093853207,1500.0,1499.6886289702527,0.31137102974730624
1-04450174-ae2e-41e0-ac8d-e777a9bcecad,2589.6,2545.0,44.59999999999991,1499.8495918666613,1469.8724404470665,29.977151419594747,1481.0592732954842,1499.4952136070758,-18.435940311591594
1-e1ff2244-18a7-45ff-b35b-5245cea2e822,2478.4,2487.8,-9.400000000000091,1467.397924954868,1499.8762926609265,-32.478367706058634,1499.326125930786,1494.821360834167,4.504765096618939
1-6bddf5a3-2c26-4f96-99c3-59dfbf2b1cfd,2591.0,2482.2,108.80000000000018,1456.4088985054495,1499.693828054456,-43.28492954900639,1498.9665757370185,1478.283413590876,20.683162146142422
1-c2645ce1-929a-4789-81fb-502c8d246755,2569.4,2440.2,129.20000000000027,1465.3325367982611,1489.8515062794108,-24.518969481149725,1500.6114229198904,1484.3785485078517,16.232874412038655
1-2c179b03-e63f-4c16-b4d9-e70919fa3947,2659.8,2476.6,183.20000000000027,1500.0,1469.1041588021312,30.895841197868776,1500.0,1500.5385647431576,-0.5385647431576217
1-bc3765ea-02a8-4ef3-83e9-33aed5e325fa,2538.2,2476.6,61.59999999999991,1500.0,1484.3855715278214,15.614428472178588,1500.0,1500.768146794282,-0.7681467942820746
1-c04bd8cf-cf7e-4b48-9190-f2f70e4b4c5c,2132.4,2227.2,-94.79999999999973,1510.166645820253,1496.741080356196,13.425565464056945,1500.9618556993942,1493.602157899301,7.359697800093272
1-447d669f-b0bd-48f4-84e1-3829e336e67d,2132.4,2143.2,-10.799999999999727,1493.718501426782,1503.452379245285,-9.73387781850306,1500.1081666869368,1527.4587565146485,-27.3505898277117
1-6ccf9e02-2950-4c0c-b6a8-1d512c60adff,2331.4,2405.6,-74.19999999999982,1489.9874844940932,1500.0,-10.012515505906777,1500.199421023993,1500.0,0.19942102399295436
1-8aaff69c-6e96-40b5-b765-022ebcc44777,2523.8,2551.2,-27.399999999999636,1493.867719682988,1490.078724011773,3.7889956712151616,1503.5004874306328,1500.1128054396163,3.387681991016507
1-67361f40-b28c-4f5c-a937-0b2c096ac66b,2407.6,2550.8,-143.20000000000027,1512.6211282874297,1483.2545830759095,29.366545211520133,1497.095661084495,1499.0042903702572,-1.9086292857621174
1-a836d431-4224-4e22-a203-0a5cbdcc0c41,2430.0,2472.2,-42.19999999999982,1466.6949691088412,1496.9451352951562,-30.250166186315028,1507.6940333263833,1500.0,7.694033326383305
1-47a64101-bfcc-4644-af90-28a741657297,2619.8,2365.4,254.4000000000001,1500.0,1484.9977411388973,15.002258861102746,1500.0,1500.3686487830917,-0.3686487830916576
1-00019927-7747-4836-be4d-df42a4161411,2368.6,2382.6,-14.0,1481.6286926670534,1500.0,-18.37130733294657,1500.414729880978,1500.0,0.41472988097802954
1-b78bb91f-99ce-4ac2-8fc0-33f4e559300c,2318.2,2138.4,179.79999999999973,1500.0,1484.687752899408,15.312247100592003,1500.0,1500.473977006832,-0.4739770068320013
1-e6b6f688-b728-4597-b069-b9abe595dcaa,2567.6,2561.6,6.0,1475.2852787165698,1503.3178390478247,-28.0325603312549,1500.0,1512.8,-12.799999999999955
1-af17939f-ebef-422c-bea8-d974499e1539,2566.2,2463.6,102.59999999999991,1487.6297337445044,1500.0,-12.370266255495608,1500.0,1500.0,0.0
1-f5240226-ded0-4ead-a78f-446056686656,1839.8,1618.6,221.20000000000005,1500.0,1481.0556326442052,18.94436735579484,1500.0,1500.0,0.0
1-1d2fe798-8d17-48e5-93cb-b4f93048ccc7,1624.6,1618.6,6.0,1500.0,1496.9134976995301,3.086502300469874,1500.0,1500.0,0.0
1-195f252a-09a6-460c-a57f-ab48ec1ef77d,2319.6,2194.4,125.19999999999982,1500.4713561912993,1500.0,0.47135619129926454,1500.0,1500.0,0.0
1-e54bc862-a743-4ae0-aad6-db8c19a0f6c8,2287.0,2272.0,15.0,1500.0,1487.2,12.799999999999955,1500.0,1500.0,0.0
1-aceaf98a-302f-4919-b98e-f49c1d3aad7b,2274.4,2304.0,-29.59999999999991,1500.0,1500.0,0.0,1500.0,1500.0,0.0
1-12333c8e-472f-41c0-a62d-8fbdeae148a7,2868.0,2798.6,69.40000000000009,1500.335105065265,1503.5923225361832,-3.257217470918249,1496.4266896589456,1500.996963874413,-4.570274215467407
1-f3223162-4476-412b-8739-214840f0b810,2877.4,3100.8,-223.4000000000001,1504.4589412764228,1503.3121485953736,1.1467926810491917,1510.288732693923,1498.3720741857674,11.916658508155706
1-e2d19ff4-f2a9-4b96-ae22-93c4adf5006e,2769.6,2995.4,-225.80000000000018,1503.239569059399,1499.4643009808842,3.7752680785147277,1503.011919511284,1498.4536248244453,4.558294686838735
1-632195d4-b8e3-4269-82d7-dcedd7b69349,2729.2,2802.4,-73.20000000000027,1518.8481499062073,1508.3737170600784,10.47443284612882,1500.5377280123398,1501.6557604043799,-1.1180323920400497
1-cf792508-db16-4771-8505-4299cf25ffb2,2795.8,2647.8,148.0,1512.9099801349996,1506.759934055887,6.150046079112599,1501.4946512715808,1500.7166703968599,0.7779808747209245
1-a7354897-6193-4333-9ec1-360989b8de14,2807.8,2867.0,-59.19999999999982,1525.2866721191233,1506.6417189741173,18.644953145005957,1509.9318127980923,1496.9443271181863,12.987485679906058
1-9ce8d52c-ad43-416c-acf2-3ffb4da6662c,2789.4,2940.4,-151.0,1499.846179837615,1481.9498655926702,17.896314244944733,1501.579985820577,1496.4582210651959,5.121764755381037
1-503c68dc-f6da-4e14-aa8d-412fd4b3e23c,2898.6,2777.0,121.59999999999991,1503.7291654733076,1523.1273708736494,-19.398205400341794,1512.2110460164977,1499.2188031455382,12.992242870959444
1-44eff620-8272-401b-86fd-ab170a8f0555,2636.8,2746.6,-109.79999999999973,1506.5359019807863,1503.9435041766087,2.592397804177608,1502.4759612517948,1498.183276339843,4.2926849119519375
1-c2a3e407-2ca6-4901-bc74-2f465e441cd5,2835.0,2931.4,-96.40000000000009,1485.2228536839707,1532.3049980968747,-47.08214441290397,1516.939718537838,1498.694603825099,18.245114712738996
1-57469bfa-1ab6-443c-9662-5ab2cd1463a1,2719.2,2761.2,-42.0,1497.6958715268247,1517.3486732105844,-19.652801683759662,1507.8716024842804,1501.858858620179,6.012743864101367
1-0cb73c57-172e-4137-9e02-5d11aad7168d,2736.4,2682.6,53.80000000000018,1520.2960759620416,1493.7049225147196,26.591153447322085,1496.895026270291,1501.6366405862473,-4.7416143159562125
1-4381d603-7d71-4cff-80d6-79c0d6dcfb1d,2599.8,2692.6,-92.79999999999973,1505.805311013063,1498.188556220263,7.6167547927998385,1498.3397935364405,1498.6667989733032,-0.32700543686269157
1-2020cc6c-3ab8-4b1f-a5d6-5037001505bb,2633.6,2486.6,147.0,1500.1226546553578,1494.2920274096698,5.830627245687992,1501.8986943642976,1502.8629377965765,-0.9642434322788631
1-c4f39fc2-3fd8-4cc5-9f59-b8ee4d209104,2684.8,2816.4,-131.5999999999999,1510.0402095173497,1499.4381617861538,10.602047731195853,1495.4638367497864,1494.2381010672946,1.2257356824918588
1-aa6b0bf1-c93f-4336-a0e0-e10da592b487,2519.0,2440.4,78.59999999999991,1497.4242211457693,1502.7969289515343,-5.372707805765003,1498.6372032615764,1491.5412467759852,7.095956485591159
1-b34aacf7-8716-4526-b956-c5c8cb86ce5a,2720.8,2556.0,164.80000000000018,1493.3307829840721,1494.2666590019046,-0.9358760178324701,1486.88783097728,1502.799194840996,-15.911363863716133
1-ceea5d11-ffd6-4347-8dc6-f64207271f11,2789.6,2866.0,-76.40000000000009,1495.8420804813115,1485.2049332702868,10.63714721102474,1501.6764103690584,1500.0514919701368,1.6249183989216363
1-512752ec-4367-40b4-ac87-f60fdefb90a8,2708.4,2662.2,46.20000000000027,1506.468776521806,1496.055211912106,10.41356460969996,1501.1926800733436,1500.9350415998827,0.25763847346092916
1-12a48bee-3419-4016-880e-03044febd12b,2643.8,2527.6,116.20000000000027,1503.3482370276263,1502.327497977945,1.0207390496811968,1499.746683996564,1498.87003420471,0.8766497918538789
1-d24639d4-01b8-43e7-a33c-f9650285c41e,2752.2,2674.8,77.39999999999964,1506.5578550247133,1518.7207010432103,-12.16284601849702,1500.0554708877144,1499.2956786227653,0.7597922649490556
1-5c6e6f1e-7ae5-4bc5-bfac-39cb32620017,2740.4,2870.0,-129.5999999999999,1503.7531821418866,1499.9912149549023,3.761967186984293,1497.834919610552,1500.9836589119084,-3.1487393013562723
1-36e4e8a6-182f-4b61-80c0-4033f0a0878c,2820.4,3024.2,-203.79999999999973,1514.067480850042,1506.672951569496,7.394529280546067,1498.7821366741682,1495.302002005352,3.480134668816163
1-3d22331e-d592-4256-ab78-7f6a29e36d67,2894.8,2729.6,165.20000000000027,1520.3129754066936,1500.4424226510705,19.870552755623066,1497.3215458581947,1505.176183093181,-7.854637234986285
1-8c400997-f4eb-4d7e-b2ab-6ec24c015f96,2754.4,2823.0,-68.59999999999991,1500.0101078303414,1501.528180454387,-1.5180726240455442,1500.4743325842771,1500.1696802898919,0.30465229438527786
1-510e3195-1a04-4e6e-83ad-e33b5150fe8c,2838.0,2774.2,63.80000000000018,1487.4177948008535,1513.9754391702677,-26.55764436941422,1502.654773346179,1503.426184335297,-0.7714109891180669
1-e5b6a268-cb1f-4a41-9d33-6f5b2d131b35,2977.0,2788.6,188.4000000000001,1512.3698486192,1520.709105576785,-8.339256957585121,1494.8253779822412,1498.557215064993,-3.731837082751781
1-37cc5a1a-d898-4e64-9f36-e5a43763e3f0,2882.4,2956.6,-74.19999999999982,1508.1500640784823,1493.5186688382255,14.63139524025678,1496.9200646364006,1496.3639464054554,0.5561182309452306
1-ce59d836-34a0-4699-ac9d-3cfc469f9f39,2690.8,2659.2,31.600000000000364,1490.1345941689322,1501.585889697521,-11.451295528588844,1500.0609543367132,1499.496621744673,0.5643325920402731
1-9f16c3ce-2f1d-4682-8a4b-8a4359e22de3,2887.2,2933.2,-46.0,1496.5102458002646,1505.1927834462879,-8.68253764602332,1499.0129954977147,1502.529700956411,-3.5167054586963786
1-9b1101eb-5579-4509-a819-7271e6c395b8,2885.0,2745.8,139.19999999999982,1496.949676098461,1508.7791371162991,-11.829461017838184,1503.364117336362,1511.368676745396,-8.004559409034073
1-407c2865-f009-40cb-91d9-951d7d2f386f,2839.6,2756.2,83.40000000000009,1493.757734704812,1523.2367320975432,-29.478997392731117,1495.6970503815517,1501.6785022740091,-5.981451892457471
1-ad4796c3-8eb3-4267-8ff4-24291c10ccdc,2793.2,2638.4,154.79999999999973,1503.4482053982306,1511.3029391292703,-7.854733731039687,1511.4978781290156,1499.9494470641125,11.54843106490307
1-af0506e1-65d3-4af1-b5ac-f70b04732ea4,2586.0,2689.4,-103.40000000000009,1503.036252045738,1511.1562506212256,-8.11999857548767,1497.5161644654409,1497.6511134314435,-0.13494896600263928
1-fa99cc97-2efa-475d-bc00-784c64004a29,3403.0,2841.0,562.0,1493.6199749991192,1523.2653764734564,-29.645401474337177,1502.8916578486132,1499.7704404302676,3.1212174183456227
1-94c93502-dc8c-4559-ac8e-72f8ea5a7f01,2655.0,2857.2,-202.19999999999982,1499.5200893311505,1507.5433678231025,-8.023278491951942,1498.3012099783898,1498.335409030375,-0.034199051985297046
1-05c55278-227d-4508-904a-8b0f9dcb4ed0,2809.6,2905.6,-96.0,1509.9565182580072,1493.420698003438,16.535820254569217,1498.5407682218984,1503.8272330899608,-5.286464868062467
1-6f149b2c-4c5e-4447-a677-a5944357cf65,2880.4,2799.8,80.59999999999991,1525.6759712088078,1505.9789355312466,19.69703567756119,1499.7003109195432,1500.0,-0.2996890804568011
1-f5022ed1-4bfe-46ff-b6e2-b2b39afce8be,2660.8,2918.8,-258.0,1522.891313459786,1500.0,22.891313459786033,1499.232763763573,1500.0,-0.7672362364269247
1-057dd81f-e1eb-4ebb-86e0-90f94b090793,2441.8,2686.0,-244.19999999999982,1500.0,1516.800550037633,-16.800550037633002,1500.0,1499.1759042537783,0.8240957462217011
1-81757493-20cc-4528-8e72-de459ead16f4,2815.4,2855.4,-40.0,1500.723891948529,1510.582096151977,-9.858204203448167,1541.499051963543,1499.0158799698438,42.483171993699216
1-da13b3d3-2ca0-4c56-8a4e-28aef4ab3a19,2611.0,2546.0,65.0,1500.0,1514.0941001830286,-14.094100183028559,1500.0,1499.0749910993402,0.9250089006598046
1-a02f0ac5-a6ea-4f82-8cfa-4b4f9d1cc9ae,2851.0,2801.4,49.59999999999991,1500.295750768351,1490.719699553994,9.576051214356994,1500.0039233266396,1511.5358851739682,-11.531961847328603
1-a6a14377-6b88-499c-928a-bfbc284c948c,2776.2,2975.4,-199.20000000000027,1511.3109470531977,1484.1467302267702,27.16421682642749,1500.6253143950537,1498.2850112324613,2.340303162592363
1-126fc730-cf71-4c43-86a2-230049525b50,2841.0,3016.0,-175.0,1505.6513259692015,1500.1106876505412,5.540638318660285,1499.9884154235176,1504.411304715144,-4.422889291626461
1-2e288386-bcd3-46e9-b2f8-dc4e5edd5040,2847.0,2968.6,-121.59999999999991,1543.0906686363317,1500.0,43.09066863633166,1500.2679638293307,1500.0,0.2679638293307107
1-e26e7ac8-f50b-4064-b328-c35c06e58daf,2847.0,2736.2,110.80000000000018,1528.4051155999884,1499.7977882564496,28.607327343538827,1500.4350312989982,1498.4151076927567,2.019923606241491
1-12543962-7139-4436-b968-25c5f668dabb,2624.6,2847.0,-222.4000000000001,1500.0,1513.0036776173145,-13.003677617314452,1500.0,1500.6514410794584,-0.6514410794584364
1-47f084dd-89db-4362-b2d9-f34de30f5430,2847.0,1383.6,1463.4,1496.859034763173,1500.0,-3.1409652368270145,1503.2461467069045,1500.0,3.246146706904483
1-0e7676b4-bcb2-47bf-bfd8-41bc9462ee7f,2870.0,2857.0,13.0,1493.7067630131737,1500.1483003075653,-6.441537294391537,1500.4610747112395,1508.0228987064422,-7.561823995202758
1-2c574ad6-be47-4f10-817a-8a65563b3a9d,2970.2,2809.8,160.39999999999964,1506.4259412714814,1500.0,6.425941271481406,1503.1705277441856,1500.0,3.1705277441856197
1-b77e2382-2eb3-428e-8aad-61ab9da0cb43,2174.6,2267.8,-93.20000000000027,1500.0,1508.8981509369748,-8.898150936974844,1500.0,1501.6797397361308,-1.6797397361308413
1-93113393-dc05-4dd9-b51c-2a8f8fdccab9,2268.4,2172.0,96.40000000000009,1499.109529257425,1505.9368541214458,-6.8273248640207385,1500.7348079713145,1474.8132590550097,25.9215489163048
1-ae2dc182-a2c4-40ce-9091-a144b2c23dfa,2265.2,2142.0,123.19999999999982,1489.1159478813122,1503.368121661428,-14.252173780115754,1498.6592875958722,1500.0,-1.3407124041277712
1-beaaa4d1-a622-484c-b688-3c03c68fb022,3031.4,3113.6,-82.19999999999982,1507.0007782326995,1491.2699033244285,15.730874908271062,1506.5109035826263,1501.304268989566,5.206634593060244
1-aaa2446b-d927-4097-946b-a05dccba0490,3078.4,2998.4,80.0,1519.758154551033,1526.0419434274324,-6.2837888763995124,1503.8993405783697,1507.1753585239358,-3.276017945566082
1-35248e80-59b9-4788-97c0-f7737d1a47bd,2452.6,2307.2,145.4000000000001,1491.9654525443973,1500.0,-8.034547455602706,1500.4476022619037,1500.0,0.4476022619037394
1-8a4fefbe-96de-4c72-95c7-81650cb972ab,2455.8,2605.2,-149.39999999999964,1495.3156731830666,1493.436298664897,1.8793745181694703,1499.309851240359,1500.0,-0.6901487596410334
1-543473e2-a0a9-4da0-952d-9d7e2023a6f9,1893.2,1857.2,36.0,1501.7478698641987,1500.0,1.7478698641987194,1498.5621900840808,1500.0,-1.4378099159191606
1-236fd6b8-d6c1-42f8-ae97-fe6bb4b54d1f,3134.2,3015.8,118.39999999999964,1528.1993143925517,1499.7786908501314,28.420623542420344,1503.6675702630462,1500.214897198491,3.452673064555256
1-51a7336c-fb71-4240-bc32-6b5da9b83efc,3148.4,3288.2,-139.79999999999973,1514.841659836286,1488.9171059488917,25.924553887394268,1501.2322040514562,1512.0295393441538,-10.797335292697653
1-2a90d23c-f5b5-46a7-9af4-4ae23d2ab2eb,2831.4,2794.4,37.0,1505.7691730925774,1473.242074334106,32.52709875847131,1500.1823261336144,1502.7058893406047,-2.523563206990275
1-d7c15e1b-e158-4c60-9acf-59abc883cf93,2836.2,2825.2,11.0,1518.9026407750848,1506.6369709231976,12.265669851887196,1500.5657046523315,1512.9634541053342,-12.397749453002689
1-e521ada4-1e6b-4588-9eb8-c672788f4dd4,3070.0,3055.0,15.0,1499.9269330900165,1515.3937077196788,-15.466774629662268,1502.7131645195236,1499.4517783425638,3.2613861769598316
1-2be4d610-1ba6-4eca-9a7d-e4e60e65fee5,2821.4,2769.2,52.20000000000027,1522.6136256902912,1513.5214404011265,9.092185289164718,1499.197284459268,1491.1151442378368,8.082140221431246
1-8f7478ab-ea66-4b86-9c00-743b174c787f,2753.4,2688.6,64.80000000000018,1533.480711024823,1487.3542538191812,46.12645720564183,1499.9290811000762,1501.3784939617115,-1.44941286163521
1-b2ae01a4-4b8a-4ca9-8623-e3df02bab7cf,2892.4,2688.8,203.5999999999999,1524.448924657649,1500.769351103653,23.67957355399608,1498.075662861928,1499.6346433509443,-1.5589804890162213
1-6389d0fd-b937-430a-a25f-33c113e59613,2782.8,2758.4,24.40000000000009,1531.6919949576072,1500.0,31.69199495760722,1499.6535315456495,1500.0,-0.34646845435054274
1-814e6b8c-f438-4ae2-95e7-ee3bf72f068f,2685.6,2701.6,-16.0,1507.3715832843227,1542.252567035926,-34.88098375160325,1495.7584818361042,1499.0518527719405,-3.293370935836265
1-58e2f441-a100-44e4-9066-89dd8310ed11,2807.6,2788.8,18.799999999999727,1533.7476574013147,1493.9417554716317,39.80590192968293,1499.4831249849922,1500.0,-0.5168750150078267
1-1b832dea-5228-4bd7-9409-bf5f723b2326,2781.8,2952.8,-171.0,1500.233865078206,1524.8260315467546,-24.592166468548612,1509.5226186019222,1499.4128665194137,10.109752082508521
1-0c0b1998-9e78-45e1-b398-425fcf9041fd,3012.0,3060.2,-48.19999999999982,1496.7753565462176,1529.546011981165,-32.77065543494746,1504.3964018013894,1502.1799289543983,2.2164728469911097
1-3ccbab86-637e-4b83-b7e4-8be50408c69f,3025.0,3117.4,-92.40000000000009,1536.8749438449227,1506.4906806694657,30.38426317545691,1500.961885979506,1498.546859728265,2.415026251240988
1-a6e42a7c-5ee9-42a2-9e54-8c48da2a3855,3341.2,3218.0,123.19999999999982,1527.191925410474,1500.0,27.191925410473914,1499.0454132215448,1500.0,-0.9545867784552229
1-8ec0a13e-e556-43d0-b269-901cf622a4a9,3088.6,2978.8,109.79999999999973,1496.7402492295278,1524.9012228301958,-28.160973600668058,1500.0885982704197,1504.957488736117,-4.868890465697405
1-daaf1a78-f046-49ec-a797-89cf5c6bb95a,2646.4,2766.2,-119.79999999999973,1503.2,1511.850668504982,-8.650668504981923,1500.0,1500.2169415013675,-0.21694150136750068
1-e363d5d9-68e5-475a-ae2d-1c22af4f066c,2935.6,2664.2,271.4000000000001,1524.9645782238388,1493.7922512682617,31.17232695557709,1495.8564644048568,1504.6764614582003,-8.819997053343513
1-c4b39f06-a3df-4f2a-b453-0be23135718f,2814.0,2523.8,290.1999999999998,1509.3529229164005,1493.6,15.752922916400621,1500.6577777777777,1500.0,0.6577777777777101
1-35bd6aaa-267d-4a37-8335-2d43a0d0594e,2799.4,2849.0,-49.59999999999991,1519.4909124731514,1500.0,19.49091247315141,1500.8355555555554,1500.0,0.835555555555402
1-0d652266-6b43-47e4-936b-9743e22cbb57,2896.8,2812.2,84.60000000000036,1506.784964429056,1500.0,6.78496442905589,1498.330760202365,1500.0,-1.6692397976351003
1-7f84742e-58c6-4ad8-9522-23f94d8983de,2698.2,2911.4,-213.20000000000027,1500.0,1506.8131817306141,-6.813181730614133,1500.0,1499.0177266830613,0.9822733169387448
1-1472c581-60f3-469c-9fd1-55c49f9df485,1464.0,2932.8,-1468.8000000000002,1506.513035533407,1504.17238018703,2.340655346376934,1500.0,1500.0,0.0
1-ea4cbc78-225a-4a25-a75a-75afa479b163,2342.4,2911.4,-569.0,1500.0,1487.7201625461475,12.279837453852451,1500.0,1500.0,0.0
1-759628a0-f493-4c2e-b2d2-c5bb241beadb,2850.0,2983.4,-133.4000000000001,1493.9476693581742,1500.0,-6.052330641825847,1503.2,1500.0,3.2000000000000455
1-1a69f90f-0244-4662-8c9d-14080dcf777a,2347.6,2356.2,-8.599999999999909,1500.0,1497.1492538736743,2.850746126325703,1500.0,1500.0,0.0
1-9ef0c6ae-a316-47a2-a110-f70fb0af29d6,2336.4,2550.8,-214.4000000000001,1500.0,1490.5756943127167,9.424305687283322,1500.0,1500.0,0.0
1-278fcce7-b82f-46f1-ac8c-762ee333cc2a,2865.6,2969.4,-103.80000000000018,1487.3178790241013,1500.0,-12.68212097589867,1500.0,1500.0,0.0
1-38141560-1603-4fca-b04b-3bd17942ac17,3055.4,3011.6,43.80000000000018,1493.6,1500.0,-6.400000000000091,1500.0,1500.0,0.0
1-52afae07-1ef6-49ba-b370-88768444bf48,2824.0,2863.6,-39.59999999999991,1500.0,1500.0,0.0,1500.0,1500.0,0.0
1-58a54ab3-bf91-4daf-8304-8aeb6dc7e81c,2522.2,2341.6,180.5999999999999,1491.3919356098243,1500.0,-8.608064390175741,1503.324931637296,1500.0,3.324931637296004
1-fae26d18-57ac-4873-b53a-6659a7512365,2457.2,2418.0,39.19999999999982,1491.4582376146639,1503.0833278710281,-11.625090256364274,1502.816830638303,1487.3268669456772,15.489963692625679
1-916f8800-b5b6-4f2f-bf8b-311369f21fdb,2327.8,2183.2,144.60000000000036,1500.0,1487.9778652743275,12.022134725672458,1500.0,1499.4741714928114,0.5258285071886348
1-ec957b43-c890-4790-a445-f8127cc653d0,2351.8,2471.0,-119.19999999999982,1494.2723679497428,1500.0,-5.727632050257171,1499.449132040088,1500.0,-0.5508679599120114
1-ebf130a0-3086-44f3-9350-555394ce96e8,2247.0,2179.0,68.0,1487.6448740047938,1500.0,-12.355125995206208,1499.4215886420923,1500.0,-0.5784113579077257
1-23b1dd82-aacc-46e1-9a1a-1310c18bd81b,2375.0,2352.2,22.800000000000182,1500.0,1493.9331294771277,6.06687052287225,1500.0,1499.3911459390445,0.6088540609555366
1-da4096d1-8eef-425b-aa9f-f717e08ec9bb,2494.2,2290.6,203.5999999999999,1497.0375676629217,1500.0,-2.962432337078326,1501.1687653657063,1500.0,1.1687653657063493
1-06e632d4-044d-4e3e-9d68-cbe4c9c84dd0,2762.2,2739.4,22.799999999999727,1500.49195741636,1500.0,0.4919574163600373,1501.9555555555555,1500.0,1.9555555555555202
1-222e55b4-3d0a-4f9c-8511-bc85012f7496,2697.6,2739.6,-42.0,1503.2,1487.5180996515587,15.681900348441332,1500.0,1500.0,0.0
1-189e7e6f-300b-4204-937b-599155c5b7f1,2789.4,2718.0,71.40000000000009,1496.8,1500.0,-3.2000000000000455,1500.0,1500.0,0.0
1-d659668f-5242-44b8-abb1-a0b984232052,2518.2,2356.6,161.5999999999999,1500.0,1500.0,0.0,1500.0,1500.0,0.0
1-fcff3e66-79d9-40f9-a96a-acd1370e62f3,2795.2,2705.4,89.79999999999973,1498.0297947541965,1495.038006137831,2.991788616365511,1500.567312903573,1499.5559477163793,1.01136518719386
1-8cc17412-e22f-48df-bd6e-e60850a81764,2894.2,2783.8,110.39999999999964,1484.2036802982275,1511.1712333177113,-26.96755301948383,1497.8259053306924,1500.4134811125518,-2.587575781859414
1-764f594c-d88d-4db8-b754-ba31127b10ea,2805.4,2870.6,-65.19999999999982,1503.6134048927493,1504.3051643157482,-0.6917594229989845,1500.3825460037292,1491.8248069488995,8.557739054829653
1-cc0b158a-d96d-4a70-91c3-7dbfca41e21d,2825.2,2911.8,-86.60000000000036,1491.5428848515648,1516.3863500563953,-24.84346520483041,1495.9054503584457,1499.0828708287752,-3.17742047032948
1-ddb9e690-3881-4c44-8816-7cd9776c33ca,2781.8,2876.4,-94.59999999999991,1495.2991057013592,1509.9207795453883,-14.621673844029146,1501.4327534688075,1507.3105805257737,-5.877827056966225
1-826e09d0-95f6-4443-807b-346def74f166,2911.6,2769.0,142.5999999999999,1524.7745340287147,1479.4523242694218,45.322209759292946,1499.9682041672372,1501.1310020926744,-1.1627979254371894
1-d1388402-dd59-4696-89f0-8803bcf5bc4a,2913.8,2923.8,-10.0,1503.4886384812949,1497.533666353423,5.95497212787177,1501.0069220566527,1496.2006940182237,4.806228038429026
1-4c75729f-0ac4-4447-9c4f-8948241ba57a,2969.6,2901.0,68.59999999999991,1481.311352950375,1511.924598585748,-30.613245635373005,1502.3389547385527,1508.0629600677137,-5.724005329160946
1-47a10fa8-0f2f-4c13-8a4c-29c025232c54,2725.8,2762.2,-36.399999999999636,1493.155007471488,1504.7803139061325,-11.625306434644472,1500.0561925724223,1501.6561608918987,-1.5999683194763747
1-46d5b8c5-8f2b-4d61-9403-1ed2139c8df4,2885.4,3069.4,-184.0,1515.4733749256363,1509.8184878806687,5.654887044967609,1505.760465745099,1500.7736176393203,4.98684810577879
1-4342ad81-fd01-4e65-957d-b71f06b4956c,2930.6,2945.4,-14.800000000000182,1509.4112917004875,1506.7050862754027,2.7062054250848178,1504.87486664479,1504.1834587736375,0.691407871152478
1-cb872f57-b36b-49c2-8e8d-fc1067ac27c2,2980.8,3010.4,-29.59999999999991,1487.4317584594373,1502.7946657554614,-15.362907296024105,1504.4145230283093,1500.780883456858,3.63363957145134
1-8d59aafd-e77f-492c-b698-96cbd39c5429,2802.4,2897.2,-94.79999999999973,1512.5187566505322,1515.960354304386,-3.4415976538539326,1501.1570068895924,1499.8668462852088,1.2901606043835727
1-f196f833-dca1-4cec-bcf8-3bf647c08819,2694.2,2929.2,-235.0,1493.441206598906,1500.438075864416,-6.996869265509986,1505.210815816507,1513.648637057669,-8.437821241162055
1-72461e2b-1b16-4797-bbea-dfcfa6a55057,2966.8,2874.2,92.60000000000036,1509.628563931627,1497.1092591943877,12.519304737239281,1496.4395455604993,1499.8980375037975,-3.4584919432982133
1-81595c4f-3132-45b6-b22f-dc86c4a7d804,2953.6,2986.4,-32.80000000000018,1501.8088158328062,1500.0,1.8088158328062036,1500.9321038574808,1500.0,0.9321038574807972
1-d08f69da-df74-40d6-bc41-dff309248b69,2739.8,2767.6,-27.799999999999727,1511.353415156023,1502.7431175809236,8.610297575099366,1500.718832640154,1492.5612427633382,8.157589876815791
1-c0d0ba79-916b-4d36-9061-071ccf40bf15,2937.0,2819.4,117.59999999999991,1485.1282347641322,1501.1628526626093,-16.03461789847711,1502.9337771917144,1495.5886014216285,7.345175770085916
1-1ea84fb7-f878-4183-b202-0f85d2ada597,2822.4,2830.8,-8.400000000000091,1490.6693778386423,1500.6507731783727,-9.981395339730398,1498.453970986234,1500.509791762658,-2.0558207764240706
1-725c05d7-375a-4a06-975b-fedfd6fb40bb,2823.4,2990.2,-166.79999999999973,1474.0055210427163,1494.2923264709711,-20.286805428254866,1495.7758130330458,1501.9729430247362,-6.197129991690417
1-1a60c3eb-f416-4cf6-b884-35f4838c1d37,2848.2,2868.4,-20.200000000000273,1500.853959793177,1482.6378267704254,18.216133022751592,1499.3825618464641,1497.4378855019045,1.944676344559639
1-de57e0b3-af17-4174-ba83-4a6061f482be,2855.8,2894.0,-38.19999999999982,1474.1898062202606,1479.6007955696386,-5.410989349378042,1498.720656522614,1497.5711112841996,1.1495452384144755
1-028d2cf4-7d37-49b5-8532-159a2bd45497,2987.8,3004.6,-16.799999999999727,1494.7621978212642,1505.8662959057049,-11.104098084440693,1503.0709278615543,1500.2750015880458,2.795926273508485
1-4c76e1d1-f142-4429-83b4-7f234a6fb722,2876.0,2831.8,44.19999999999982,1507.0586090562533,1485.156691567382,21.901917488871277,1503.825128615881,1500.7270190824743,3.0981095334068414
1-f836035a-0db2-42ae-b309-8168d928934a,2870.2,2917.4,-47.20000000000027,1494.054326934953,1500.3226159412352,-6.2682890062822025,1506.4540750065055,1498.1290491519526,8.325025854552905
1-1accedad-f0c0-4f51-ac9f-2171fc1e215b,2867.4,3020.4,-153.0,1487.1489197568146,1515.5325408246567,-28.383621067842114,1504.7983531536943,1492.9617915894073,11.836561564286967
1-6d29deea-9ba8-446b-9c90-7c02e560d4fa,2900.4,2981.8,-81.40000000000009,1487.3992765730727,1506.9787713382016,-19.579494765128857,1502.7864683325147,1500.2062027382435,2.580265594271168
1-37f06e94-eb9c-4927-80b1-989641902d07,2653.0,2896.0,-243.0,1498.3423384135547,1513.1273401285694,-14.785001715014687,1500.4385633978354,1498.8371142942356,1.6014491035998617
1-6e8be001-0b70-49e5-a57a-624c1f92a471,3049.4,2845.0,204.4000000000001,1496.7362769198214,1498.1820465494607,-1.4457696296392442,1502.4686836658243,1500.1697208697447,2.2989627960796497
1-4a3421bf-67e3-41bb-9fff-f0cf4ec0dde7,2741.2,2829.6,-88.40000000000009,1512.6852114962464,1490.7002931390487,21.984918357197785,1498.6758633435159,1497.548418000278,1.1274453432379232
1-3839f3c6-8d3d-4b66-b6c2-0c2645c3e4df,2773.2,2832.0,-58.80000000000018,1494.3963825463604,1499.2957838769203,-4.89940133055984,1500.5502120303586,1494.4440129113661,6.106199118992436
1-4d4b10cb-b144-49a0-9733-0fe15d9f2a7b,2828.2,2787.4,40.79999999999973,1510.3940102606516,1497.62267716011,12.771333100541597,1503.1283290118877,1501.6302775768997,1.4980514349879286
1-6fed42dc-79bb-4703-9f60-ee9795f9cb67,2882.4,3039.0,-156.5999999999999,1492.0941957615894,1494.6634319045331,-2.569236142943737,1498.5378353737806,1505.457139678929,-6.919304305148444
1-e25c205e-1781-45df-81cc-9edfeffe4262,2910.6,2862.2,48.40000000000009,1481.7040098758675,1483.9535280327323,-2.249518156864724,1502.222111371232,1498.4882390331634,3.7338723380685224
1-f730a7de-0543-4f26-9dbb-8cc276315c4f,2880.8,2831.8,49.0,1496.6665272647278,1478.0469287263604,18.619598538367427,1490.9212537357068,1497.5029786830028,-6.581724947295925
1-9ebc1907-c021-4495-b248-9c2d7b4e1b91,2645.4,2745.4,-100.0,1503.5146763016899,1483.7207715632774,19.793904738412493,1507.732315171524,1494.7267290491611,13.005586122362956
1-19b6af7d-bf70-47d0-a9a8-24b2e3b5f98c,2971.8,2836.6,135.20000000000027,1480.8488107934313,1477.590220959118,3.2585898343133977,1496.6281316772734,1503.6195321558198,-6.9914004785464385
1-dff87217-1f43-4050-af57-466a5f4b86ba,2890.4,2875.6,14.800000000000182,1484.2505270241622,1487.4283443083373,-3.1778172841750347,1502.7558367939755,1501.918361821488,0.8374749724875983
1-f268e038-fd13-4dee-aeac-48d4d35b79bc,2958.2,2986.8,-28.600000000000364,1496.8228686779735,1490.653503368486,6.169365309487375,1490.3483571826462,1499.3021897822905,-8.953832599644329
1-3062b5f9-15d4-45a0-8b70-dec5d5931ab4,2842.6,2730.4,112.19999999999982,1497.013454098467,1496.667484642799,0.3459694556679551,1511.6785476441007,1501.2802341588492,10.398313485251492
1-15597b5c-e468-4760-a1d7-a1357e54e1a0,2840.8,3059.4,-218.5999999999999,1510.2829327206618,1477.1725074025496,33.11042531811222,1497.4310449973127,1496.7246006217658,0.7064443755468801
1-427e685d-dda4-4f69-bb02-8cc4b56ba3e4,2960.2,2927.0,33.19999999999982,1494.0923698560266,1500.3058397666712,-6.213469910644562,1505.4898980015107,1502.7164147618762,2.7734832396345155
1-af50c648-474a-49c1-afeb-0a141041815f,3027.2,2876.0,151.19999999999982,1496.6230036286527,1491.1490466421624,5.473956986490293,1506.1672914569965,1504.3873975741317,1.779893882864826
1-cb9272aa-acf5-4bc2-ba3f-f0087aa49e9a,2914.2,2760.8,153.39999999999964,1500.0584450676279,1503.6119166038966,-3.5534715362687166,1501.5705302439746,1500.521015872942,1.0495143710327284
1-2940eea7-eabd-4769-bcc8-d4b1fcbc0bdc,2948.0,2801.8,146.19999999999982,1499.9130516472994,1500.534334210509,-0.621282563209661,1495.3174460002242,1506.6509278565807,-11.333481856356457
1-ff8f862b-5088-4c9c-9ecc-8b70677f5fbf,2674.2,2735.4,-61.20000000000027,1498.5101641676113,1499.9773670578486,-1.4672028902373313,1500.2655155012676,1500.6954529185844,-0.4299374173167507
1-c531b5f2-1f93-448f-b1af-2caec5529cb2,2446.6,2673.2,-226.5999999999999,1511.2132982870173,1475.0074282474247,36.20587003959258,1506.6190877124586,1494.6255559667063,11.993531745752307
1-4f3d62bf-744d-4996-a6c6-91d1de295b10,2543.0,2672.4,-129.4000000000001,1493.2248245606834,1488.5233897326245,4.7014348280588365,1496.5166676811286,1503.3848901174495,-6.868222436320821
1-97312e5d-9529-4bb4-95fa-badeda98b69d,2646.2,2433.2,213.0,1475.6586972781129,1496.8218060431357,-21.1631087650228,1498.5338286983736,1507.0063627612715,-8.472534062897921
1-3ff6e553-2cae-413a-8d4c-3a0a924c7b26,2493.6,2649.4,-155.80000000000018,1500.0330599985236,1481.2664557304392,18.766604268084393,1500.209723012863,1499.1819517879321,1.0277712249308024
1-de814b3b-3aeb-4235-bd91-36714b7d9e54,2594.2,2499.0,95.19999999999982,1474.236919257393,1496.799301995914,-22.56238273852091,1497.4675573506295,1502.686693155106,-5.219135804476537
1-f6afc3ab-ead9-438e-be42-e66b4be2dee4,2520.0,2567.2,-47.19999999999982,1496.7101836225625,1474.1488712942676,22.56131232829489,1495.0556840856448,1500.5225220629643,-5.466837977319528
1-dcee0538-066a-4729-b32d-e3c1574529b5,2548.2,2227.0,321.1999999999998,1486.9430996725744,1496.6028627956337,-9.659763123059292,1495.8454276323803,1492.1414285465917,3.7039990857886096
1-aa0f4983-e5e1-4f54-9b92-3a481323ef50,2451.6,2365.0,86.59999999999991,1493.3088872836593,1496.9335944158095,-3.6247071321502062,1493.0120128822668,1504.83770299632,-11.825690114053259
1-b62e42e4-b0c5-4ca5-b36c-98faa65e42ce,2579.4,2574.6,4.800000000000182,1497.0472903532077,1493.1724705390795,3.874819814128159,1503.727109986696,1502.9443569852347,0.7827530014612876
1-faca6dd6-b239-4def-b36a-19ee0d8a6394,2816.4,2989.6,-173.19999999999982,1503.8075842119458,1485.1736171089174,18.633967103028453,1498.4057472901045,1502.8017212295856,-4.3959739394811095
1-5bf0d003-9edb-494f-aca4-72d3239cdd01,2658.6,2613.2,45.40000000000009,1494.2846767213068,1499.8762755918906,-5.591598870583766,1501.498556030873,1501.8946405789916,-0.39608454811855154
1-9c5e4164-0192-4238-b2c4-ed7011a9e903,2644.4,2568.6,75.80000000000018,1489.9652176680534,1496.849240713372,-6.8840230453185995,1499.1990425399824,1496.3307751082004,2.8682674317819874
1-3424ac5c-6387-4cfc-90d3-a9db53d691cd,2646.0,2717.4,-71.40000000000009,1503.177294100028,1487.612449645882,15.564844454145941,1503.5138607811757,1495.266503332565,8.247357448610728
1-83dad072-809f-417d-b3d3-f78361455d86,2719.0,2547.2,171.80000000000018,1499.4136997274597,1495.9968316144818,3.416868112977909,1503.623721326662,1485.366264116183,18.25745721047906
1-49a93bbf-aac7-4cec-9d15-f4992d9afd0f,2497.4,2629.6,-132.19999999999982,1499.8696139257886,1499.9895982523387,-0.11998432655013858,1502.061957675283,1498.8174312395302,3.2445264357529595
1-81ee382b-693d-4561-aa04-3d4f00b92075,2556.4,2595.0,-38.59999999999991,1503.7242469835187,1509.6328591766514,-5.90861219313274,1504.0933407407263,1500.850056241526,3.243284499200172
1-001aed1a-a4f2-4a1e-87d4-fb8f68090e57,2703.0,2565.2,137.80000000000018,1496.8014561487587,1506.7898512913332,-9.988395142574518,1494.8413934449336,1517.990017913909,-23.148624468975413
1-45e0ce62-6664-4096-9910-b7370b94cba4,2465.6,2606.0,-140.4000000000001,1496.8632815867225,1503.4566260672539,-6.593344480531414,1506.8716068336482,1500.758888151044,6.112718682604282
1-005bd5c3-53a0-41e8-a685-d0bcf00aa1d0,2580.0,2655.6,-75.59999999999991,1500.0,1506.718498008874,-6.718498008873894,1500.0,1500.8221288302975,-0.8221288302975154
1-c3d53902-f0e9-4279-ab4e-0d2e9e3b9788,2436.8,2552.4,-115.59999999999991,1503.5512046736724,1500.0,3.5512046736723732,1500.8968678148701,1500.0,0.8968678148701201
1-db1c9e4b-9c2f-456d-834c-2756b9d4b9b0,2075.2,2185.2,-110.0,1496.6205982986746,1500.0,-3.379401701325378,1500.1973109192713,1500.0,0.19731091927133093
1-e18b16f3-22ca-4602-8766-4f5e9a8aed43,2114.6,2075.2,39.40000000000009,1500.0,1513.2295471824664,-13.229547182466376,1500.0,1500.2740429434325,-0.2740429434325051
1-31d51e48-58ec-4df1-8b2a-48c251c90f81,2185.8,2097.8,88.0,1500.4459775952441,1500.0,0.4459775952441305,1501.2331932454465,1500.0,1.2331932454465004
1-c04a6c4b-8fa9-447b-93d8-d6c064b0a54f,2392.8,2551.8,-159.0,1503.2889595412234,1490.656561664306,12.632397876917366,1509.6611487946889,1500.8857466980426,8.775402096646303
1-a2a6335b-e91c-466a-81db-d9e6549f4503,2553.6,2649.4,-95.80000000000018,1500.0,1493.5164426413642,6.483557358635835,1500.0,1501.5182346393437,-1.5182346393437456
1-d41b6906-b643-4d99-b3a8-7a7e6767e7e5,2741.4,2532.8,208.5999999999999,1503.1726605387933,1487.0804373729884,16.092223165804853,1503.082883003856,1501.2112016877295,1.871681316126569
1-f879eb22-199e-413c-b275-06f8c0081c1f,2474.2,2652.6,-178.4000000000001,1500.1229951859582,1500.0,0.12299518595818881,1500.8509814708887,1500.0,0.8509814708886552
1-061f7992-14e6-48d7-a5ec-217b2bc4d31f,2504.8,2657.2,-152.39999999999964,1500.0,1496.8943922432404,3.105607756759582,1500.0,1501.1346419611848,-1.1346419611847978
1-c26b0daf-aeb0-436e-a170-f82f8c76314d,2413.0,2337.8,75.19999999999982,1493.6357821861234,1500.0,-6.364217813876621,1501.701962941777,1500.0,1.701962941777083
1-3597f5e9-f215-47ba-88d2-f8e02e4fe7f9,2610.6,2692.6,-82.0,1481.5138320290198,1500.0,-18.486167970980205,1500.5649483847128,1500.0,0.5649483847128067
1-456fcd2f-2345-42b9-9873-163d1588d48f,2621.0,2600.2,20.800000000000182,1493.8298963488237,1500.074831608718,-6.244935259894191,1501.0349420245311,1507.2065924186777,-6.171650394146582
1-21f4f591-c8eb-4b49-8fc1-40ecdddb610f,2702.6,2581.0,121.59999999999991,1490.7678749829538,1503.3581409137628,-12.590265930808982,1502.072806059928,1502.23066404811,-0.1578579881818314
1-bc5f20a2-7eaf-4b89-a057-215f0323eb08,2726.4,2665.4,61.0,1490.852837325881,1509.6182827525352,-18.765445426654196,1502.4595264072325,1505.5062393284927,-3.046712921260223
1-2b4619d0-72d2-4439-a761-85099f0e39fd,2537.8,2527.6,10.200000000000273,1500.0,1500.256176241533,-0.2561762415330122,1500.0,1500.8539806755416,-0.8539806755416066
1-5d8fb21c-ab8f-4b62-adb5-ba298ea879a4,2877.0,2565.6,311.4000000000001,1487.5221420402145,1500.0,-12.477857959785524,1505.763530781214,1500.0,5.763530781214058
1-d120d910-a976-4671-a360-4d02d7e8a7d5,2616.4,2678.6,-62.19999999999982,1496.789253614087,1496.8373502146046,-0.048096600517510524,1501.2272388930735,1502.9282279079625,-1.7009890148890463
1-e1775016-dede-4a5a-9760-cf4e4d56ed1a,2674.4,2697.4,-23.0,1496.4954654405333,1503.30027375751,-6.804808316976732,1502.1133529126794,1510.8906503957091,-8.77729748302977
1-bd80a899-57a2-4739-9a47-a60e71b723a9,2645.8,2806.2,-160.39999999999964,1506.5157540498194,1496.3439292045903,10.171824845229139,1503.1727753119346,1499.225612302136,3.9471630097987145
1-4b878751-1bca-4c19-be9b-eb385e158f74,2687.8,2725.2,-37.399999999999636,1496.8881718337348,1503.1727753119346,-6.28460347819987,1509.5755589782107,1511.2086174157537,-1.6330584375430135
1-339a9e4b-1f11-43d8-a0ba-613d47bedaf0,2879.4,2857.8,21.59999999999991,1500.1145127403017,1506.1149437724334,-6.000431032131701,1507.891902505326,1502.5836229317101,5.308279573615891
1-553b8f40-1ccc-4e86-b45e-ac4ba8dcb753,2614.0,2745.0,-131.0,1503.0937260371156,1509.0773292355302,-5.983603198414585,1501.4814753963067,1481.0651903175697,20.41628507873702
1-a51d7b98-a329-4f5e-9a39-0d83380b8ff1,2824.4,2788.2,36.20000000000027,1502.6537018269812,1500.0,2.653701826981205,1501.335629195637,1500.0,1.3356291956370114
1-b97c8b5b-7699-49c6-8b50-a44e267096ab,2733.8,2727.4,6.400000000000091,1503.195468907775,1512.243437286384,-9.047968378609085,1500.0,1500.3587710496615,-0.3587710496615273
1-3c8ace43-cffa-470a-848f-0b96f072ce3c,2722.8,2770.0,-47.19999999999982,1503.228939446955,1512.475447621416,-9.246508174460814,1500.0,1493.5819819974306,6.418018002569397
1-c0f1168f-88f9-458c-8949-e82e236a50d9,2820.2,2828.6,-8.400000000000091,1500.0,1516.0,-16.0,1500.0,1500.0,0.0
1-94bbf723-fc37-4e6f-933f-c6e49252c473,2810.2,2847.0,-36.80000000000018,1500.0,1500.0,0.0,1500.0,1500.0,0.0
1-bdee86c7-7850-41f1-bcee-0068516922fb,2866.0,2381.4,484.5999999999999,1485.885043483019,1509.0860315357284,-23.200988052709363,1499.9304790451285,1484.5492393983666,15.38123964676197
1-e3ee0367-4678-4982-9901-dca99993ea08,2866.0,2615.4,250.5999999999999,1468.5937180264698,1496.6956166810053,-28.10189865453549,1501.652758985831,1500.0230794345025,1.629679551328536
1-83356793-87b2-4831-baca-fcf7bf2fe03a,2891.2,2813.8,77.39999999999964,1490.3773258264555,1480.8389591991897,9.53836662726576,1504.1129897877854,1501.2170897802519,2.8959000075335553
1-2ea63ea0-c48d-4026-b648-0223b9fafadf,2929.2,2813.8,115.39999999999964,1518.62434767232,1495.7888576930673,22.83548997925277,1484.0152120695134,1492.3037469056476,-8.288534836134204
1-fbc295ab-069b-4241-b660-850123e15556,3435.6,3355.2,80.40000000000009,1512.9203942317872,1502.9176148609192,10.002779370867984,1500.0561021081191,1508.6503180626587,-8.59421595453955
1-e5b9fb82-78f5-4dbe-81bd-065799551de0,2448.0,2455.0,-7.0,1490.051097937107,1465.4554515594357,24.5956463776713,1487.367249187634,1500.1542682697986,-12.787019082164761
1-52486804-eb45-442c-9d05-85b6fd52549f,2455.0,2558.8,-103.80000000000018,1480.6553840148508,1498.0431319155944,-17.387747900743534,1501.0311089059874,1514.571239155117,-13.540130249129561
1-813f9988-e4bb-4907-8b5c-d8181f19ba72,2717.4,2659.2,58.20000000000027,1496.1847753810198,1509.806591527301,-13.621816146281162,1499.7390275130606,1491.5857912599288,8.153236253131809
1-e91d5eab-e3e6-4530-9427-d2b89193797d,2571.6,2669.8,-98.20000000000027,1509.477288390705,1499.537245867357,9.940042523348211,1500.476659225338,1501.6384763608314,-1.161817135493493
1-6176b377-210c-45a9-b6fd-18d5b0d63113,2571.6,2457.2,114.40000000000009,1493.1624481361303,1500.0,-6.837551863869749,1501.100755208106,1500.0,1.1007552081059657
1-406c25ee-67c9-4c1f-8103-a93f0a3a2680,3006.0,2800.0,206.0,1500.0,1490.1340742769298,9.865925723070177,1500.0,1500.6689386599348,-0.6689386599348381
1-3bf20f65-57c7-4f33-b653-15607b1e9219,2807.0,2775.8,31.199999999999818,1500.0,1499.7265176828093,0.2734823171906555,1500.0,1501.5301874444008,-1.5301874444007808
1-15d80998-37e7-4aea-929b-3eebddd6ed10,2828.2,2724.6,103.59999999999991,1496.37293766964,1500.0,-3.627062330360104,1498.942174150872,1500.0,-1.057825849127994
1-afb14f10-07aa-434a-bd54-f8bca2485bde,2474.8,2460.6,14.200000000000273,1506.4216552921698,1499.5328268701978,6.8888284219719935,1501.1756012231804,1498.7291204415942,2.4464807815861604
1-43432cdc-f954-47f5-a0ad-7f3c5afff4af,2906.4,2743.2,163.20000000000027,1487.9853456557164,1508.1493455133864,-20.163999857669978,1500.7239675928213,1500.175575079754,0.548392513067256
1-a2b7c4a4-b899-4cf6-8786-8824b19b22bc,3277.2,2743.2,534.0,1500.0,1525.3129937664644,-25.312993766464388,1500.0,1500.2194688496925,-0.2194688496924755
1-96406b5e-7e49-494d-8a7f-3a9d638f50ae,3029.8,2743.2,286.60000000000036,1500.0,1509.7624530631913,-9.762453063191288,1500.0,1500.2926251329231,-0.29262513292314907
1-2f6113c9-2935-4a0f-a072-b8266735ffc6,2743.2,1729.4,1013.7999999999997,1493.461373740745,1500.0,-6.538626259254897,1500.7315628323083,1500.0,0.7315628323083274
1-a73e9e21-ebec-4889-a68c-2d18db64932e,2757.2,2653.6,103.59999999999991,1500.0,1506.4808510108,-6.480851010800052,1500.0,1504.3893769938495,-4.38937699384951
1-57c2ef76-7610-43ba-bf21-8ec80ce905e2,2976.8,3101.4,-124.59999999999991,1500.0248070589705,1493.4669409548922,6.557866104078357,1501.4855563657998,1495.1025184893358,6.383037876463959
1-0f9cb06f-651d-4cb1-b0ec-b69077db531a,2981.8,2788.2,193.60000000000036,1500.0,1496.7952914393945,3.204708560605468,1500.0,1502.9711127315995,-2.9711127315995327
1-85585ee2-7072-4aee-890f-ddefaf326350,2889.8,2765.2,124.60000000000036,1503.482338572719,1502.9711127315995,0.5112258411195398,1505.9828834183595,1496.9139725334346,9.06891088492489
1-3ce137a9-401f-4b6f-8c98-0be6c5e8cf45,2802.2,2750.0,52.19999999999982,1482.9357809840674,1499.3897039544963,-16.45392297042895,1494.574619970892,1497.825321259064,-3.2507012881719675
1-9328d9af-6a70-4b0f-b8f7-2c7e0dc1b378,2767.8,2804.0,-36.19999999999982,1486.7572126009873,1475.10717925583,11.650033345157226,1500.9493264069629,1499.7710839091287,1.1782424978341624
1-a20f6337-1f4f-4d5b-be3e-d0c4531c1c8a,2743.4,2685.2,58.20000000000027,1476.4523001905923,1502.9803190268963,-26.528018836304,1500.8880044300572,1499.2011215560924,1.6868828739648052
1-eb9a5e8e-ff86-4d0f-b07c-536bff571ebc,2555.8,2507.4,48.40000000000009,1500.4268928704023,1450.3096129516903,50.11727991871203,1516.9863342205915,1495.2842229289101,21.702111291681376
1-55648e9d-59ec-4389-8eb4-ceba6f544c54,2507.4,2770.4,-263.0,1465.2969732067427,1487.3155967738614,-22.018623567118766,1501.2770559973621,1501.1957351003032,0.08132089705895851
1-9407ff62-1c1f-4fd1-863b-8220fd9b7182,2792.4,2729.4,63.0,1515.9831478317453,1467.4026922820215,48.580455549723865,1495.171109920257,1499.899234775469,-4.728124855211945
1-640bc381-e966-4bcc-b5c2-aab47d9f6000,2981.8,2897.0,84.80000000000018,1493.7782693264119,1482.5260868932517,11.252182433160215,1501.047239733974,1499.0601401755368,1.987099558437194
1-24d4af3a-eb8a-4fb2-91cf-93371c840265,2632.0,2702.0,-70.0,1501.2563681145816,1503.0454199752107,-1.7890518606291153,1493.9047006287879,1499.2133824202613,-5.308681791473418
1-2712f179-ad61-45c0-bfd9-8120cb56ce4a,2996.6,2868.0,128.5999999999999,1488.066773130156,1515.904794422659,-27.838021292503072,1500.8326972600544,1505.1963637903143,-4.363666530259934
1-0962d67d-2005-463c-8605-e8b3ca5febcd,2805.6,3275.8,-470.2000000000003,1478.7786687177481,1500.391038035476,-21.612369317727826,1500.8450300354318,1506.860958291054,-6.015928255622157
1-2e764a76-e3ba-4777-95bb-303d11a4209f,2805.6,2950.0,-144.4000000000001,1494.9906165581483,1490.3879584498268,4.602658108321521,1501.722954227455,1499.0653339454238,2.6576202820310755
1-36f58583-991e-48a5-82d0-d241604d0eee,2904.0,2972.2,-68.19999999999982,1513.0138758218623,1481.3373350474355,31.676540774426712,1501.2485931163005,1503.2933788476219,-2.0447857313213262
1-45d8fa38-48f4-4f71-b49f-732dbeac9cb2,2727.8,2840.4,-112.59999999999991,1503.0802320073503,1516.6750969574343,-13.594864950084002,1483.7803867248433,1502.8694430731578,-19.089056348314443
1-7689d707-a0d0-46d5-8496-440a4b2f8676,2999.4,2871.4,128.0,1493.413388136841,1527.1139631761357,-33.70057503929479,1506.1035629140695,1504.7178451992468,1.3857177148227038
1-8422b1a0-65cd-4043-94c3-582cac0b12f6,2802.4,2949.6,-147.19999999999982,1490.2936365702267,1517.642755505091,-27.349118934864237,1499.1430186530847,1499.8914103360557,-0.7483916829710324
1-6b67e5f6-ae51-4ef9-873d-d7138e14b485,2966.4,2811.6,154.80000000000018,1493.4242108134063,1518.0908372569525,-24.666626443546193,1500.085648290172,1498.9358974207069,1.1497508694651515
1-bea12e17-d553-42fe-a6b0-c25329a22b7f,2936.2,2794.6,141.5999999999999,1488.1132524635254,1510.0730869043707,-21.95983444084527,1499.3548350667284,1497.358444661165,1.996390405563261
1-9fcb51e1-0d84-4c8e-b141-2a4a062ca498,2553.6,2808.6,-255.0,1499.5666706507131,1502.4416175303436,-2.8749468796304427,1500.7489026897692,1494.9865959247127,5.7623067650565645
1-33ef833c-8cbb-42fe-85f9-5c7e73f726b8,2959.2,2883.4,75.79999999999973,1494.2381078879232,1496.9100639944797,-2.671956106556536,1503.1741651548127,1492.9825440604945,10.19162109431818
1-ceff8e42-41d8-4241-bc47-ee9a67fc8880,2769.4,2966.6,-197.19999999999982,1504.2257679460508,1480.440502619603,23.78526532644787,1514.985399005516,1501.9561968110988,13.029202194417167
1-4ddd7a2b-f53d-41dd-86e7-a5737466f8b3,2963.8,3018.8,-55.0,1515.1894657696391,1481.4473483707438,33.74211739889529,1500.8850320438617,1503.418619550104,-2.533587506242384
1-c8515c64-ae34-4cac-bd97-9a34c2acaa7f,2881.2,2949.8,-68.60000000000036,1525.9148796753084,1491.923556726255,33.99132294905348,1504.4475767321233,1519.8124339271567,-15.364857195033437
1-2009e250-892d-4b13-aac3-c99393a52cfa,2818.8,2881.2,-62.399999999999636,1496.5903056600011,1510.5577583467207,-13.967452686719525,1477.5337934497634,1505.5067772767488,-27.972983826985455
1-9871359e-5ed3-4e7e-8b55-0de45962bf84,2824.0,2881.2,-57.19999999999982,1508.7161579664971,1527.418187765864,-18.702029799366983,1486.4769074944159,1505.1116869995676,-18.634779505151755
1-5e96d3ed-0161-471f-84ca-4efd4a415257,2881.2,2848.6,32.59999999999991,1511.0698364183486,1518.6353853716198,-7.565548953271218,1502.7248114669026,1497.656483886088,5.068327580814639
1-73ef82be-f31c-41d1-b431-80915a25b966,2881.2,2799.8,81.39999999999964,1494.8878520062208,1498.8397637286569,-3.95191172243608,1503.7495793338126,1506.2818900463378,-2.532310712525259
1-e2349060-406b-4dc8-ba80-b84fb18cd8c1,2764.2,2909.2,-145.0,1490.871507499267,1496.973609244882,-6.102101745615073,1497.8946181051247,1507.0035288043423,-9.108910699217631
1-22e60dae-d063-4875-89a9-4994f4670cff,2825.8,2992.4,-166.5999999999999,1488.3362827187411,1500.5152128979385,-12.178930179197323,1504.5556611949573,1513.571799378747,-9.016138183789735
1-5764a45f-b724-46df-b4c3-65c385f90b0a,2884.2,2930.6,-46.40000000000009,1497.5167009738748,1503.9066749834371,-6.389974009562366,1502.3094199356601,1500.6746445024287,1.6347754332314253
1-5723ac71-d9ee-4cc2-b8ed-3d271b1fe344,2849.6,2716.8,132.79999999999973,1513.0234673814934,1511.2970182117224,1.7264491697710582,1501.8682878324976,1502.3798835309633,-0.511595698465726
1-ddfbfdc3-86f8-42fb-bda0-151e74f46290,2793.4,2793.4,0.0,1500.0,1500.9392143555992,-0.9392143555992334,1500.0,1502.2513535324815,-2.2513535324815166
1-fe94bab9-facf-4b7a-97d3-1aa82bd9ae93,2725.2,2785.8,-60.600000000000364,1503.896763817158,1497.0771076514202,6.819656165737797,1499.1475667410455,1512.3122044038244,-13.164637662778887
1-3d4b2bc9-bc3e-40c7-b9d5-c4e6c387939b,2687.6,2809.6,-122.0,1503.7552510548965,1506.2177315910492,-2.462480536152725,1502.4099570563,1499.4409863333199,2.9689707229802025
1-3273b633-21d1-4e1e-82f2-ace2e0acb45f,2676.2,2764.2,-88.0,1497.2833409786354,1496.8,0.4833409786353968,1503.1103404779724,1500.0,3.110340477972386
1-75d03808-6422-4a7b-98fe-0413172cdf29,2833.4,2716.8,116.59999999999991,1499.9121770096513,1485.286236241553,14.62594076809819,1495.2295980063723,1504.1779251575117,-8.948327151139438
1-4e17247b-34a9-44d4-859c-fd106e76c05e,2831.0,2716.8,114.19999999999982,1515.7570887863308,1500.5881230745888,15.168965711741976,1494.724844697587,1498.3883433431024,-3.6634986455153467
1-bb6bc93f-8955-4b46-9772-ffdfda16f5fb,2691.4,2716.8,-25.40000000000009,1496.7766866862048,1484.0,12.776686686204812,1487.9251434387165,1500.0,-12.074856561283468
1-a97317e6-1fe8-4bba-a96c-c1dca471db63,2948.6,2716.8,231.79999999999973,1500.0,1500.0,0.0,1500.0,1500.0,0.0
1-c9edb802-c84b-4c53-8e94-17c90c23db63,3242.4,3560.0,-317.5999999999999,1523.0473665550608,1488.4100055258016,34.63736102925918,1503.7233968848345,1509.4659191602452,-5.742522275410693
1-85c4b0b2-fb86-4f84-a3e1-979b6034e99a,3517.2,3267.0,250.19999999999982,1486.859130848243,1504.6876453387324,-17.828514490489397,1503.049840938508,1504.0945199684318,-1.0446790299238273
1-03edf0cd-e8e3-4c0e-9884-f26e3a0f3def,3419.4,3369.0,50.40000000000009,1529.1184400651618,1521.5167161913184,7.601723873843412,1506.365597814835,1505.506488388594,0.8591094262408205
1-3bab193e-643a-492e-bcb3-a84d32dc0ac7,3545.8,3441.2,104.60000000000036,1509.0256179334858,1488.3160800412395,20.709537892246317,1503.7554160828631,1500.3672452580395,3.3881708248236464
1-10cf2864-ca44-4ffd-beb8-58d1eb689f4c,3547.8,3349.2,198.60000000000036,1499.7109960803293,1506.341905257587,-6.630909177257763,1501.3291859670705,1503.1833414537991,-1.8541554867285868
1-175909e0-19f2-4043-9867-e9182ba5aab7,3285.6,3546.2,-260.5999999999999,1506.452779263007,1481.4584886550142,24.994290607992752,1503.1741099039202,1499.7414155089132,3.432694395007047
1-55d276d8-9d45-40b6-af33-4614815b38c9,3252.6,3302.6,-50.0,1487.6020339882512,1497.0623618945224,-9.460327906271232,1503.7841526330567,1509.6851190321645,-5.900966399107801
1-f1cf8005-bf10-49ab-9738-e1539122f951,3530.4,3649.2,-118.79999999999973,1525.9724197059888,1512.3283962009714,13.644023505017458,1505.5730674169633,1500.3067496756132,5.266317741350122
1-63785052-f091-428e-a414-5f4551605e3c,3535.8,2855.2,680.6000000000004,1502.7841843285728,1531.5805748371808,-28.796390508608056,1501.8757022007146,1504.2550703158079,-2.379368115093257
1-e321220e-cbd0-4ddb-9be8-da47fe536604,3343.0,3554.0,-211.0,1510.1284800047774,1511.826460589309,-1.6979805845314786,1503.185555551458,1499.2833249026762,3.902230648781824
1-0f53a17c-45d9-4402-a0ac-8256627bb653,3523.4,3499.4,24.0,1514.4952797543117,1490.3880887706514,24.107190983660303,1501.4116280442352,1500.918212136774,0.49341590746121256
1-a2dd1f62-8c80-41fc-8be4-01c4165e31f9,3494.2,3600.6,-106.40000000000009,1501.2246326218471,1506.0078371063337,-4.783204484486532,1506.9477389971557,1497.0797651635053,9.867973833650467
1-64d13324-7b23-42e8-ae51-30159aa12dce,3519.2,3555.0,-35.80000000000018,1502.9188685319061,1503.1681239242055,-0.24925539229934657,1502.563988877014,1507.8792737210658,-5.315284844051803
1-345421d8-8351-4994-b869-2adb4539112e,3432.4,3542.6,-110.19999999999982,1486.7853806254282,1491.2397184675594,-4.454337842131281,1501.0103819098713,1506.1944297896914,-5.1840478798201275
1-dab87d8d-1736-4e69-94fc-2921b347a838,3290.4,3218.0,72.40000000000009,1497.7648434150544,1503.8081761060853,-6.043332691030855,1507.8188757259734,1510.931708787254,-3.1128330612805257
1-de0a94ec-1018-4117-b3c2-c29de36a003d,3689.2,3744.8,-55.600000000000364,1512.5355791097725,1513.0937967212528,-0.5582176114803588,1504.4996902117455,1515.1035700835582,-10.603879871812751
1-7eb1ccef-cd9a-4dec-bc4c-e7884013c296,3056.4,3151.8,-95.40000000000009,1516.8228033706432,1495.0415113726365,21.781291998006736,1505.4928243446502,1506.1265814592894,-0.6337571146391383
1-9a23e3ee-2780-40cd-b634-aef30e41414d,3444.6,3293.2,151.4000000000001,1499.8404772278175,1500.4910369281283,-0.6505597003108505,1501.0914549098482,1502.840320439421,-1.7488655295728677
1-2ae6e4bf-3c44-42a5-8814-25e87a6b2430,3223.8,3371.8,-148.0,1489.800919319698,1506.705500552275,-16.904581232576902,1499.4370256866885,1499.9982871505983,-0.5612614639098865
1-f24cadba-a460-4c6d-8141-8db114102dfe,3333.4,3432.4,-99.0,1490.2566939265705,1505.0170099302534,-14.760316003682874,1506.281682113872,1506.332279270544,-0.05059715667198361
1-cc9f8a79-da9c-4518-bab7-537e585b7d2a,3312.4,3133.0,179.4000000000001,1496.7698587696116,1506.546029779972,-9.776171010360486,1499.858661824108,1504.084545466933,-4.225883642825011
1-49788ad7-e549-41ca-b589-ba35285f2c39,3304.8,3400.2,-95.39999999999964,1523.880423076318,1503.6569656911724,20.223457385145593,1505.809997815677,1507.703264573618,-1.8932667579410918
1-d2b4a3b0-ca47-4b62-9998-04a3cf50efa7,3248.6,3102.8,145.79999999999973,1521.2015199058853,1493.5565396918794,27.644980214005955,1501.914220071599,1509.1852947890984,-7.271074717499459
1-dc23dabf-b7eb-4f9c-8bdc-44eeef8a3557,3148.4,3265.2,-116.79999999999973,1514.7229147157068,1501.4498073469254,13.273107368781439,1509.8624935302203,1496.1369316398118,13.725561890408471
1-3f0d3246-4453-49b8-9650-9d1829eefc6a,3173.6,3299.6,-126.0,1506.043644073016,1472.2910653478734,33.752578725142484,1492.8311967632585,1505.4855943612743,-12.654397598015748
1-10ca5106-7925-4442-a312-63809a637e78,1975.4,2250.6,-275.1999999999998,1519.4561468362508,1503.3162974412692,16.13984939498164,1500.3505677362507,1503.2889595412234,-2.9383918049727527
1-f1787f5d-d40b-4956-8328-c4fa4561ccf3,2329.4,2311.6,17.800000000000182,1510.4201060280989,1500.0,10.420106028098871,1501.030363145719,1500.0,1.0303631457190932
1-3103f198-19cb-4550-a788-b47eaacf9cf2,2655.4,2572.6,82.80000000000018,1507.167654188719,1503.1278509411325,4.039803247586633,1499.274026848357,1500.9502783293565,-1.6762514809995537
1-f06aa41f-f177-4cf1-a9be-ea3a50d7c081,2639.6,2669.4,-29.800000000000182,1507.3485274905147,1516.1236649893385,-8.775137498823824,1498.6297396961759,1501.5331914465212,-2.9034517503453117
1-00d0050d-dcd9-4c53-9bcf-591873c1c1b2,2380.4,2680.6,-300.1999999999998,1497.0274444816982,1487.3310858209456,9.696358660752594,1509.959438632462,1499.9218452893472,10.03759334311485
1-0d67fcbd-6e0b-4a6f-b45f-f133e812b1de,2911.4,2639.2,272.2000000000003,1497.1512423801591,1490.5256547749436,6.6255876052155145,1525.8990312584176,1504.1005670594793,21.79846419893829
1-c7fb5091-b8a7-4495-9916-322085430460,2571.2,2430.8,140.39999999999964,1516.563202583006,1500.0,16.563202583005932,1501.7258263269803,1500.0,1.7258263269802683
1-9a119fe5-bc51-47a2-8989-279a3f5a4af4,2282.0,2195.2,86.80000000000018,1500.0,1529.9943086485594,-29.994308648559354,1500.0,1500.177792150718,-0.17779215071800536
1-74d76e69-a2c3-4c05-89de-a68381fcb290,2195.2,2161.6,33.59999999999991,1514.6694611479948,1500.0,14.669461147994753,1500.301693178841,1500.0,0.3016931788411057
1-d4d26c3c-355d-442f-94f8-60f90a54be57,2028.0,2195.2,-167.19999999999982,1500.0,1498.6052299589505,1.394770041049469,1500.0,1501.0790560529647,-1.0790560529646882
1-82640f65-b3fb-4e6a-a227-9b45d3502d44,2124.6,2274.0,-149.4000000000001,1501.7038281625687,1500.0,1.7038281625686977,1500.3294006075353,1500.0,0.3294006075352627
1-a367c14d-bd02-4e9c-b897-e6f592f9b8e6,2283.8,2267.8,16.0,1488.611263085158,1503.0367358841213,-14.425472798963256,1499.7242285899538,1482.2584191058572,17.465809484096553
1-7369fb68-c0bb-4d57-9418-e0766449f7b2,2237.0,2176.0,61.0,1501.465244362348,1500.0,1.465244362347903,1498.8233753171367,1500.0,-1.1766246828633484
1-9b292dae-a754-4000-8b43-8152189db92f,2403.0,2360.2,42.80000000000018,1500.0,1501.6555374196037,-1.655537419603661,1500.0,1499.369665348466,0.6303346515339854
1-9055e88d-8d0d-4d8b-a33b-e869769d0c69,2544.2,2463.2,81.0,1507.458465386831,1496.6706211685791,10.787844218251848,1492.8985617064975,1489.1054235960205,3.7931381104770026
1-4650d22e-8bdd-4b35-b02a-c949c80d35d1,2480.6,2439.0,41.59999999999991,1499.9493911007228,1504.3171788773247,-4.367787776601972,1504.8157960152785,1499.405442395323,5.410353619955458
1-9748cb1e-2524-4170-b3bd-13227c1a61be,2602.8,2572.8,30.0,1530.1032135814128,1503.0616024623955,27.04161111901726,1510.344563081492,1507.1567162190938,3.187846862398146
1-9b4f21a5-0f2a-484a-b699-655755a76fb7,2747.2,2796.4,-49.20000000000027,1506.1122104598285,1493.8874161196004,12.224794340228073,1493.5562468193846,1502.9599112698409,-9.40366445045629
1-8116a291-e3c0-426f-a682-3abb9f41b8d2,2748.4,2780.0,-31.59999999999991,1516.622255060479,1494.3191515551039,22.30310350537502,1492.2506132438573,1507.6261429661577,-15.37552972230037
1-af83ccf6-df87-44f5-bc44-2fec708d3fcb,2612.2,2765.2,-153.0,1515.054655623211,1487.739121216539,27.315534406671986,1497.6131721549395,1527.9489372878063,-30.335765132866754
1-256ee2f7-dac0-4b4c-a9a4-df277f9ac934,2815.0,2708.6,106.40000000000009,1524.3964234038438,1500.0,24.396423403843755,1500.1920950324031,1500.0,0.19209503240313097
1-55b95a2e-5088-418d-8633-656c49b7408b,2815.0,2792.0,23.0,1508.8016685308137,1500.0,8.801668530813686,1500.3735181185614,1500.0,0.3735181185613783
1-c8a4529c-87b4-48ff-9088-87c81485d12a,2555.2,2517.2,38.0,1505.8530602213007,1500.0,5.853060221300666,1500.6723326134108,1500.0,0.6723326134108447
1-0c5be38c-0f78-41b7-a1eb-0d4cc89880d3,2570.2,2703.8,-133.60000000000036,1500.0,1515.5999677682173,-15.599967768217311,1500.0,1494.9221829643543,5.077817035645694
1-bbe917f0-798e-4659-b075-893844dca77a,3357.2,3324.8,32.399999999999636,1496.8758898515948,1503.2503476053803,-6.374457753785464,1500.7009144711956,1500.9350381878426,-0.23412371664699094
1-b268a0f2-6ae8-4c29-b213-dc141a551fb4,2613.0,2631.4,-18.40000000000009,1503.4256248484453,1518.9665420848817,-15.540917236436371,1524.238352834047,1501.0992337618875,23.139119072159474
1-85640d13-acc9-4cd6-9911-2c935b6200d6,2608.0,2521.0,87.0,1512.8022617876918,1500.0,12.802261787691805,1501.6488506428311,1500.0,1.6488506428311211
1-c37ad35c-d1e5-4379-95ec-0e928a39c580,2716.4,2582.0,134.4000000000001,1506.5223946245205,1500.0,6.52239462452053,1503.2977012856622,1500.0,3.2977012856622423
1-a39a89e0-221e-4263-be3c-83548842855f,2600.8,2533.2,67.60000000000036,1496.6524773241435,1503.2977012856622,-6.645223961518695,1493.5715675305307,1510.6110802813387,-17.039512750807944
1-1609e218-e052-4ccd-842c-6e6bcad812bd,3389.8,3346.4,43.40000000000009,1504.6160144784365,1508.8656880915971,-4.249673613160667,1511.3995133529781,1506.8871144637235,4.512398889254655
1-d9ed91b6-636d-446b-ac81-214c9fb3bcca,3513.4,3503.0,10.400000000000091,1512.7979009245134,1497.28523120762,15.51266971689347,1504.9775363994213,1508.280158923783,-3.3026225243615954
1-28e27705-49f8-41f3-8299-65c6431386cf,3275.4,3192.0,83.40000000000009,1521.0133424225528,1506.8814386186582,14.131903803894602,1510.8928733194994,1501.3633972336456,9.52947608585373
1-e076e77f-580c-42ae-b3e3-be83276d1e12,3368.0,3365.6,2.400000000000091,1539.911460743941,1531.8569202162641,8.054540527676863,1498.54063926024,1508.046675024058,-9.50603576381809
1-67b1d0ad-e27b-4d3f-b8cb-ab270f8c7d98,3276.8,3112.6,164.20000000000027,1483.3823545313926,1516.0830615346517,-32.70070700325914,1505.8157434691175,1500.3049463152397,5.510797153877775
1-8750438a-244f-46e4-a5a1-2346bb175816,3257.8,3259.0,-1.199999999999818,1525.630829135374,1523.7753503501983,1.8554787851755918,1501.7000632018683,1499.3506224803305,2.3494407215378033
1-8c1f32d7-7c9e-416b-98cf-46e9837d7f96,3256.4,3525.6,-269.1999999999998,1502.8038807575078,1503.7658974529663,-0.9620166954584874,1499.8852607087483,1502.1565543161578,-2.2712936074094614
1-c0bfebbb-afa5-4902-a80f-6f755882f6c6,3292.6,3227.6,65.0,1512.1698727961677,1503.4985536907973,8.671319105370458,1491.2425331708382,1501.2091898005883,-9.966656629750105
1-7aaad3eb-f62e-4d0b-a930-88ab03530b65,3351.6,3506.6,-155.0,1503.4505909771178,1496.7750008934297,6.675590083688121,1511.7808930782257,1497.8733307604998,13.907562317725933
1-15dfb510-65c2-407e-9114-7926895d24c7,3037.8,3018.4,19.40000000000009,1500.0,1496.8478814674734,3.1521185325266288,1500.0,1500.9485717179718,-0.9485717179718449
1-8979c3a7-8b14-4923-9b80-242ed4ed8948,3326.0,3360.0,-34.0,1500.3801277259263,1496.7848424327283,3.5952852931980033,1501.5019706282903,1491.9542757354188,9.547694892871505
1-74e0b898-c2d0-4a53-945c-3f024197cbff,3390.6,3372.6,18.0,1500.1165118967274,1496.7713367937595,3.3451751029679144,1500.0000012498945,1496.8878486904869,3.1121525594076047
1-acc9c0be-a1f1-4e55-b6b2-704fabe875c2,3411.6,3350.2,61.40000000000009,1500.0,1496.8878486904869,3.1121513095131377,1500.0,1500.000001666526,-1.6665260318404762e-06
1-d7841f60-2ce4-4527-85db-c7feebd654f1,2973.4,3160.0,-186.5999999999999,1493.5410604879494,1493.6594669988986,-0.1184065109491712,1496.8,1501.076490751938,-4.276490751938127
1-f500fb16-f5ea-4daa-9fb4-4d28a4fb7b94,3068.4,3200.0,-131.5999999999999,1496.8,1506.4589445116285,-9.658944511628533,1500.0,1503.2,-3.2000000000000455
1-aa686256-c65e-4d4a-a47c-ccb023e67a44,2895.4,3111.6,-216.19999999999982,1500.0,1500.0,0.0,1500.0,1500.0,0.0
1-b2bcad3c-09a4-431a-884d-4e4827b203e7,3474.8,3336.8,138.0,1510.8249925932773,1472.1513216004807,38.67367099279659,1498.905833339031,1507.8967751066612,-8.990941767630147
1-c39256c3-2a6a-4086-9df9-387dad245d11,3463.0,3462.4,0.599999999999909,1513.8187854952566,1521.9299110085065,-8.111125513249817,1507.4739870851656,1516.4414662037977,-8.967479118632127
1-4f5e797c-6e17-4379-a82f-9b34a304c6f2,3414.0,3040.8,373.1999999999998,1480.1377682152358,1501.6150804331303,-21.47731221789445,1501.3306254341853,1507.4302264605174,-6.099601026332039
1-3fffc23c-7c93-4f9b-8182-3e147b33b13e,3174.6,3307.4,-132.80000000000018,1499.7761743272072,1480.2907696561474,19.48540467105977,1503.5846341054696,1496.0294977100045,7.55513639546507
1-13de74df-6059-43a7-a7a1-cfbb0eb205d9,3254.8,3264.0,-9.199999999999818,1497.5539284990018,1466.5900944168854,30.963834082116364,1504.6127700415705,1506.083364532697,-1.470594491126576
1-295d5098-ad41-48db-a12d-806ec8b8741c,3435.6,3408.4,27.199999999999818,1489.0886553345185,1493.4046859266227,-4.316030592104198,1499.1862099151306,1500.5551988512605,-1.368988936129881
1-aacd9bb1-ff38-4c85-8ac3-ee5df6bca4a9,3386.8,3325.0,61.80000000000018,1479.0084007669964,1489.3422037097907,-10.333802942794364,1500.4199467748542,1503.1955123404537,-2.775565565599436
1-f5540907-a585-43c2-ad65-f3a3fb924b29,3301.0,3272.0,29.0,1509.0277600465918,1516.2848125434207,-7.257052496828919,1503.3370388377505,1507.8943751123647,-4.557336274614272
1-e98378bc-f2e3-42ea-b523-ab33e8d1895b,2872.4,2919.2,-46.79999999999973,1504.7232544590386,1486.2904404067463,18.432814052292315,1503.0908644837982,1498.430519081578,4.660345402220173
1-f52dd0e3-5b58-4af0-968a-2d725c816f40,3119.0,3126.8,-7.800000000000182,1487.542196797743,1506.4271084751795,-18.88491167743655,1501.0052926882204,1503.9454124913723,-2.9401198031519016
1-212105a3-8d37-4208-ab15-b6aa096fd653,3186.8,3071.4,115.40000000000009,1480.9531019460878,1480.8003935913089,0.15270835477895162,1498.3449198177964,1498.1563996569705,0.18852016082587397
1-af30598b-4b91-4f4a-b6dd-231fbf17a157,3217.8,3082.6,135.20000000000027,1487.4860859099056,1502.4120447055716,-14.92595879566602,1505.9786834113747,1497.0351298892947,8.943553522080038
1-3e08f925-d530-42d3-b3b0-12fa6ec83afd,3380.0,3446.0,-66.0,1496.9533924825014,1488.8379163560821,8.115476126419253,1503.1984363268152,1503.8410863516517,-0.6426500248364846
1-c263b3eb-7032-4f25-984f-21e7f82c72c9,3146.0,3032.6,113.40000000000009,1476.3933967218707,1524.5370709006643,-48.14367417879362,1508.9081109619597,1505.3044041956052,3.603706766354435
1-58b2e5c7-fbd4-4f1b-84b5-3803a818eb78,3420.6,3507.6,-87.0,1512.7820732583618,1475.109597970124,37.67247528823782,1510.8746911690905,1504.1025365841424,6.772154584948112
1-9869157e-56e7-42c9-b695-a9184643b5e5,2901.6,2865.8,35.79999999999973,1481.2114517469242,1506.7989770147722,-25.587525267847923,1500.539429009086,1504.2971333362595,-3.757704327173542
1-7aa2a7ea-889a-4820-91a3-bf4e09775a1d,1776.0,1876.8,-100.79999999999995,1500.0,1471.3825086468119,28.617491353188143,1500.0,1501.8805333575708,-1.8805333575708119
1-23ce0f00-79e7-4677-879c-189965146003,3216.8,3139.8,77.0,1455.0297989882297,1493.4277020061907,-38.39790301796097,1505.2079330464012,1500.1587221870936,5.04921085930755
1-0fa76f29-6820-4839-be99-186fdc4ff47e,3217.2,3405.2,-188.0,1458.0206702060818,1495.1694718963918,-37.14880169030994,1512.2622391929674,1500.4929841281858,11.769255064781646
1-9de37417-e192-4bed-810c-cd5237747a3b,3050.8,3247.2,-196.39999999999964,1509.591497184702,1460.1793158567075,49.4121813279944,1505.451223054236,1498.9332989438121,6.517924110423792
1-51db9ca7-1ec8-4fa9-8831-d275fba64071,3339.0,3177.0,162.0,1464.1312050969973,1493.2875318791844,-29.15632678218708,1522.1608778668146,1495.8635952429167,26.2972826238979
1-26f6cd3b-0558-4b1f-a4f3-dbbb33f4f555,3358.6,3187.6,171.0,1484.5982253025686,1475.4466858853787,9.151539417189952,1509.3476122842408,1501.398286395253,7.949325888987687
1-9a94d928-62d2-408c-bb9b-09a2a559062e,3269.6,3228.8,40.79999999999973,1510.3577991886693,1487.5054156187095,22.852383569959784,1509.4395466602139,1501.8863839022035,7.55316275801033
1-426e2ac9-79ca-4a5b-b5d1-4090ce764490,3490.4,3438.0,52.40000000000009,1495.6487927501894,1482.038854985037,13.609937765152381,1512.0576496203219,1501.8929026903904,10.164746929931425
1-1cf5e782-6e35-447e-99a6-75a9abe07548,3351.4,3295.0,56.40000000000009,1499.46243221353,1478.850314541869,20.612117671661053,1498.4153598284813,1500.0893991677008,-1.674039339219462
1-6d0605d6-61a9-4b53-9e3d-fdbfd788219e,3407.0,3455.4,-48.40000000000009,1494.5137434795392,1493.81059362624,0.7031498532992373,1503.879735639893,1502.2969019638488,1.5828336760441744
1-c51fd517-1a93-4834-91f0-28dd024f3ce2,2452.0,2638.6,-186.5999999999999,1503.2848573902684,1507.442106987064,-4.157249596795737,1500.0,1500.6705900848078,-0.6705900848078272
1-d46ecfcf-03ce-4838-8c7a-448a4fe9051d,2485.6,2548.4,-62.80000000000018,1506.3021899516311,1520.7749966991914,-14.472806747560298,1493.6630460116394,1500.3696931513641,-6.706647139724737
1-25053230-2bf0-4c2f-a072-3d62d34e7d3d,2646.8,2667.8,-21.0,1509.033905251717,1500.5408257292063,8.493079522510698,1495.2687877576489,1496.381384736651,-1.1125969790020918
1-c584be2d-7ac9-4329-8937-4720415f5fa5,2599.6,2586.4,13.199999999999818,1502.3790224226807,1493.9565482094313,8.422474213249416,1496.16240345579,1506.8559155521325,-10.693512096342602
1-4c215edc-396f-4af8-bab5-b03389beda30,2599.6,2562.0,37.59999999999991,1485.9996599328547,1494.2389559287428,-8.239295995888142,1499.2461171439954,1504.30578860133,-5.059671457334616
1-1b28f2e4-dfbc-4332-a777-2604b4d89542,2587.6,2589.0,-1.400000000000091,1492.0554616601244,1490.7974102991802,1.2580513609441368,1502.0521810833657,1499.8011621035375,2.2510189798281317
1-f300c7d9-1a30-4307-bdbb-d4878bfbb643,2663.2,2627.2,36.0,1479.0231128528683,1505.8321359709432,-26.809023118074947,1501.0970213947094,1505.932754389201,-4.835732994491536
1-e02388ef-02b1-4719-9a55-a84ff97dc931,2818.6,3009.8,-191.20000000000027,1485.9285056837764,1500.0,-14.071494316223607,1502.456063685739,1500.0,2.456063685739082
1-bc16f69b-5086-4a6b-af80-81cb887239b1,2663.2,2691.2,-28.0,1481.344407663184,1494.917150852839,-13.572743189655057,1505.0429257240573,1500.264362301475,4.778563422582238
1-3b85097c-96d0-45fb-bc00-b888bd378e42,2657.2,2904.4,-247.20000000000027,1507.1567162190938,1522.1924173617633,-15.035701142669495,1502.0871407677525,1507.3827909608583,-5.295650193105757
1-1c2ffac1-583d-4285-8c6a-2e6fd00e223b,2443.6,2545.4,-101.80000000000018,1503.1413505967912,1510.646157185094,-7.504806588302699,1500.0,1499.285947909154,0.714052090846053
1-ae726fc8-f5da-4e7e-842e-21d7fb0d89e5,2626.8,2623.8,3.0,1494.1330543093372,1516.1680013619534,-22.03494705261619,1498.2907135899577,1504.2910000804493,-6.00028649049159
1-5590c322-9058-41e0-a006-b2c9121658ad,2656.6,2703.0,-46.40000000000009,1499.6876662209156,1500.6974361924404,-1.0097699715247472,1492.1703913942813,1500.2600660365679,-8.089674642286582
1-608b94e6-6670-4745-88a1-ce5828680b84,2472.0,2531.8,-59.80000000000018,1500.0,1500.8335151854646,-0.8335151854646483,1500.0,1496.9866030936546,3.013396906345406
1-84ca5c7c-0bed-4a4e-af75-cd0cc2204cf0,2874.4,2633.0,241.4000000000001,1496.7455162335834,1484.2260306569597,12.519485576623765,1496.7449812502302,1491.9124052977124,4.8325759525178
1-1acfd935-0fd1-4163-9d27-e147918e3eda,2768.2,2557.4,210.79999999999973,1496.7225822075725,1506.9044166479027,-10.181834440330249,1497.4149347787727,1500.2277411325508,-2.8128063537781145
1-4aacf476-8c00-410b-b53a-90d4d47d1eaa,2852.8,2810.6,42.20000000000027,1494.930322841988,1474.7899374762628,20.14038536572525,1501.5929392365715,1499.0750778954616,2.5178613411098922
1-131e66c9-e3a5-42ce-b175-998af46d354b,2744.6,2742.8,1.7999999999997272,1488.2869835464905,1487.563275110731,0.7237084357595904,1500.757123869081,1509.8631722444325,-9.10604837535152
1-aa2b5621-2c0c-48b1-ad00-9ae282e1baba,2699.0,2560.0,139.0,1481.6364617014412,1500.0,-18.36353829855875,1501.1920131430272,1500.0,1.192013143027225
1-291b5ae7-1b4b-4066-aa0e-f6bfc77cff57,2553.0,2556.4,-3.400000000000091,1487.8120432900628,1500.0,-12.187956709937225,1501.3946930007828,1500.0,1.3946930007828087
1-6e510757-f61c-4f0a-9699-14866bc2ac66,2631.4,2595.8,35.59999999999991,1503.3159128621426,1494.041238036385,9.274674825757529,1500.0,1500.9930131199494,-0.9930131199494099
1-cc287f29-7700-43bd-b8ed-81ba5cf4a798,2494.0,2660.8,-166.80000000000018,1500.0,1487.4094123121,12.590587687900097,1500.0,1501.249723460202,-1.249723460201949
1-4fa81607-b2ea-489a-92a0-50457ae7348a,2809.2,2598.8,210.39999999999964,1503.486462975758,1493.6278588365956,9.85860413916248,1531.185806511221,1500.4,30.785806511220926
1-411b80bc-3fcc-4da2-9719-53cde00ff594,2562.8,2561.8,1.0,1500.0283816458314,1500.0,0.028381645831359492,1500.5333333333333,1500.0,0.533333333333303
1-594b8e68-a9e6-484b-aa4c-0497ef84c5f3,2647.6,2765.4,-117.80000000000018,1500.0,1503.3178790241013,-3.3178790241013303,1500.0,1502.4,-2.400000000000091
1-e9949a08-7c92-4b95-a434-11663c6d468c,2822.4,2884.4,-62.0,1496.8,1503.2,-6.400000000000091,1500.0,1500.0,0.0
1-c4ec4bbb-0b89-4223-9dcc-1189c4ad7dd8,2398.0,2467.4,-69.40000000000009,1503.1653838180202,1496.9128948320847,6.252488985935543,1500.791247414914,1507.177269909243,-6.386022494328927
1-9972f548-6d8b-40d7-ab67-90926252f8c4,2597.0,2656.8,-59.80000000000018,1490.6299981384273,1503.1675034797859,-12.53750534135861,1495.4241482341727,1504.8465471154357,-9.422398881263007
1-1123397b-752d-4736-8751-8e046e628ec6,2611.6,2511.4,100.19999999999982,1499.728168115595,1530.2514378586675,-30.523269743072433,1506.4505584862563,1502.437899249508,4.012659236748277
1-8a5bdaa6-5264-428f-a517-feb0989dbf76,2409.6,2483.4,-73.80000000000018,1507.2177523970738,1526.5927725026042,-19.37502010553044,1544.6371534952889,1501.2525060379357,43.38464745735314
1-87a05b88-65d9-49d9-802a-1e33d0c0f9bf,2483.4,2487.2,-3.799999999999727,1544.6371534952889,1500.0,44.637153495288885,1502.2729921471919,1500.0,2.2729921471918715
1-81c6439a-ead9-40a4-ae8c-c7e99cfac2fd,2533.2,2546.2,-13.0,1502.9320889182957,1529.4877287387378,-26.55563982044214,1464.1312050969973,1500.186679475665,-36.05547437866767
1-b71fe7b1-a1f1-47bc-8cbd-6214a40252e2,2516.0,2274.2,241.80000000000018,1520.4521918370942,1500.0,20.452191837094233,1500.2534940050311,1500.0,0.2534940050311434
1-1228fa2c-f465-4a01-8e79-63b8eadde5ef,2356.4,2515.8,-159.4000000000001,1500.0,1511.1604607419454,-11.160460741945371,1500.0,1500.3458101847598,-0.34581018475978453
1-c91cbcbe-aa12-4c19-b11b-03dd470f38ea,2434.2,2472.0,-37.80000000000018,1500.0,1498.4579646457687,1.5420353542313023,1500.0,1499.6666330020453,0.3333669979547267
1-2705bf4e-4c7f-4a4b-b493-712984bdde8b,2411.4,2376.8,34.59999999999991,1481.829392002915,1496.8681317086925,-15.038739705777516,1501.029800310193,1507.3984243522286,-6.368624042035663
1-a0b284e2-1926-42a1-9e55-47b1c989227a,2386.4,2502.8,-116.40000000000009,1500.0910580688674,1494.5512039036996,5.539854165167753,1498.2796536792648,1501.8837396069637,-3.6040859276988613
1-74d3a515-0305-4304-b09e-8128d47eba67,2356.4,2600.0,-243.5999999999999,1506.5382221494342,1493.822175096902,12.716047052532303,1510.646157185094,1500.5665889825839,10.079568202510018
1-02da3127-2eed-4dd1-abd4-ac0cc78d6d5b,2556.4,2594.2,-37.79999999999973,1500.1264140809908,1506.740779661864,-6.614365580873255,1501.5960228322108,1499.190287930594,2.4057349016168246
1-ba74de35-bb00-4612-ab8f-227836602936,2500.4,2388.4,112.0,1494.3158888319483,1490.529177256666,3.7867115752824247,1507.4824223417063,1506.9917326446357,0.49068969707059296
1-9b4e0217-3fe6-40b4-a3bc-9164cd033e0d,2649.6,2569.0,80.59999999999991,1501.7751979339068,1506.9454523737459,-5.170254439839027,1498.4678739655415,1498.7120045932552,-0.24413062771373006
1-d4b89eab-ebd2-4da0-a7ab-c663af90fe09,2994.8,2859.4,135.4000000000001,1500.0,1500.0,0.0,1500.0,1500.0,0.0
1-a56b4726-a98d-487a-8082-cb7d422988dc,2698.6,2758.6,-60.0,1493.3956440466004,1506.7299644511165,-13.33432040451612,1504.7533311214975,1507.9068185772364,-3.1534874557389685
1-9d5fa354-6234-4d54-8f12-ebeb511e7f98,3053.8,3108.0,-54.19999999999982,1499.7749147659788,1500.1820885097643,-0.4071737437855063,1500.1006074703794,1501.3137210770024,-1.2131136066229828
1-5e118c99-3711-4954-aeb7-57153960c58a,2911.6,2898.8,12.799999999999727,1535.9104231311314,1493.8824230752919,42.028000055839584,1511.787586240067,1523.9486312824795,-12.161045042412525
1-eabc4959-9fd9-4ea0-bac7-9363caf0c8a3,3026.8,3211.0,-184.19999999999982,1490.3557749358042,1501.5903761168456,-11.234601181041398,1501.7044506163195,1510.1195837094624,-8.415133093142913
1-01eb7091-f13e-4fde-93ed-018b56c00d60,3166.0,3082.0,84.0,1499.1975632329165,1536.767176300697,-37.56961306778044,1514.4212709834576,1507.1477247700486,7.273546213408963
1-5b252ad9-0efd-449b-84d9-dd6285c81e6f,3282.6,3262.2,20.40000000000009,1501.0206658203601,1485.3855944180361,15.635071402324002,1507.4435816325245,1500.7245435235136,6.719038109010853
1-c8055a14-1d14-43fe-a863-aecfe26af07d,2710.4,2626.2,84.20000000000027,1494.200795921972,1503.257600071108,-9.056804149136042,1502.5605440434408,1506.2545238084845,-3.6939797650436503
1-b351437b-4a7b-4745-bb51-b6b41c26506b,2735.2,2880.0,-144.80000000000018,1497.7304213956277,1502.8835950927783,-5.153173697150578,1504.680976595529,1486.451716542275,18.229260053253938
1-5ecea6ab-0254-48f0-afcf-c287c970133e,3333.2,3129.6,203.5999999999999,1501.9767945098592,1513.686810679586,-11.710016169726714,1504.2836207973767,1507.6688571927746,-3.3852363953978966
1-36a2eabd-6d88-4ee4-999b-c48533ed45e8,2801.2,2911.6,-110.40000000000009,1509.6110345744528,1531.1618347435983,-21.550800169145532,1509.7363928108796,1515.7205822466017,-5.984189435722101
1-3bfc4c2e-3ee7-4ffc-8edf-b0480cee17d6,2930.4,2765.4,165.0,1507.1184958613605,1535.2441455669593,-28.12564970559879,1499.4967153720327,1505.048001518026,-5.551286145993345
1-017f10eb-a6dc-4048-8f65-7f824241fdb3,2571.0,2504.0,67.0,1507.238190332018,1506.2883695626592,0.9498207693586664,1492.930543252639,1490.1872809352342,2.743262317404742
1-4e34eb52-64d4-45fd-923c-cef7e7d5d1c2,3196.2,2822.2,374.0,1493.616392642726,1500.6979216182467,-7.081528975520769,1505.9722338934882,1502.21683445064,3.7553994428483293
1-ac1e4c74-5dbb-47d6-b9f2-23786f60c907,2800.6,2702.8,97.79999999999973,1481.4188260790252,1505.09018797912,-23.67136190009478,1501.7481465259943,1500.559400207759,1.1887463182354168
1-c84ba7a7-e987-4b7a-ab29-56f10fa587a9,2855.6,3084.8,-229.20000000000027,1527.1328791397714,1493.3227432729327,33.810135866838664,1500.6392127554,1497.0950154098214,3.5441973455785956
1-5b8d6031-9596-4c7e-9995-7b5b23dbb7f7,2748.2,2681.0,67.19999999999982,1520.0231534336383,1503.357053297092,16.66610013654622,1504.7309797414364,1509.7026620264573,-4.971682285020961
1-64bfb3e7-5d41-4bff-b1c7-94982aff1194,2760.4,2807.4,-47.0,1527.7516743494134,1490.6120143771443,37.1396599722691,1505.4919585329983,1500.887291085716,4.6046674472822815
1-e5f3faa0-4f1b-4abf-95de-477330c40f91,2627.6,2652.0,-24.40000000000009,1496.9899948327902,1524.96399115577,-27.9739963229797,1508.3468944794517,1505.3133644170503,3.0335300624014963
1-a618e318-f734-4ce6-8ba4-35cdb5ea4009,2770.8,2649.0,121.80000000000018,1500.1520539067203,1512.6232497635247,-12.471195856804343,1494.9884217386052,1511.93397231823,-16.94555057962475
1-89e75407-08f3-47b1-b750-e5e114b79317,2863.2,3340.6,-477.4000000000001,1537.4527183895937,1500.0,37.452718389593656,1502.1956376147414,1500.0,2.195637614741372
1-dad24fd9-9bd1-455c-bfbf-b53ac4cb547f,3064.0,2863.2,200.80000000000018,1506.3410554883715,1522.1817020743533,-15.840646585981858,1500.0,1500.2507675261454,-0.25076752614540965
1-eea11862-81ed-4c5f-9d44-87e936e1ff8c,2764.8,2863.2,-98.39999999999964,1500.0,1506.480086486723,-6.480086486722939,1500.0,1500.2604163733806,-0.26041637338062174
1-edec25f6-6520-4f75-a9af-3d742d9ebb60,2853.2,2638.4,214.79999999999973,1496.7737209926,1499.4946259092103,-2.7209049166103796,1502.5639712282805,1481.5280887911322,21.035882437148302
1-aee53461-2b2f-43b9-8976-afafb624e805,3343.0,3355.2,-12.199999999999818,1496.6139538888528,1500.0,-3.3860461111471523,1498.8882445620075,1500.0,-1.1117554379925423
1-9255b575-d695-476a-b141-37b8f4067414,2909.8,2933.0,-23.199999999999818,1515.9185430734622,1506.4,9.51854307346207,1503.779866360384,1498.3847262436586,5.395140116725315
1-c33e7cf7-7497-4a88-9b03-1190da789d31,3041.0,3280.2,-239.19999999999982,1499.9410604879492,1509.619856141403,-9.67879565345379,1498.4,1500.7186187450363,-2.3186187450362468
1-3ac4d44d-a610-420e-98b8-24ee57e0cd37,2736.8,2680.6,56.20000000000027,1484.2702347404825,1496.1370376293542,-11.866802888871689,1499.1440150228684,1496.3345340963717,2.80948092649669
1-ed38e2eb-60cf-447a-9745-6384091ab3b8,2913.6,2694.2,219.4000000000001,1508.683411242218,1486.0670974378013,22.616313804416677,1482.3323744932225,1498.972204097321,-16.639829604098622
1-1b20a5e4-7c66-4ec5-af61-b6d220e928bc,2814.4,2694.0,120.40000000000009,1506.9821706880293,1506.3723286135341,0.6098420744951909,1513.0731246304524,1502.8533415994302,10.219783031022189
1-e916fc53-7435-4394-a9cd-685b8785ae42,2937.2,2806.4,130.79999999999973,1503.316754800666,1521.9858395451713,-18.6690847445052,1512.6821209758987,1496.2534285748586,16.428692401040053
1-8ef5f3af-a823-4375-b60e-f08311adc176,2917.8,2863.6,54.20000000000027,1516.13074717766,1509.224260136132,6.906487041527953,1500.7153721578256,1497.4877354889231,3.2276366689025053
1-db092028-053a-497c-8035-9e2cbdbb37d0,2788.6,2795.4,-6.800000000000182,1502.169723667454,1514.8459234777906,-12.676199810336584,1498.2513959002263,1501.4942378186267,-3.2428419184004724
1-8ece39c4-eb79-42a5-8c28-f1f18dc08ffb,2745.8,2901.2,-155.39999999999964,1508.7931667714925,1505.6868010169098,3.1063657545826118,1499.3026547848444,1498.8590254549895,0.4436293298549572
1-94e38355-2896-422f-886a-8abf147d6d00,2805.4,3161.0,-355.5999999999999,1522.0785978640604,1495.1085897327619,26.970008131298528,1500.8139990089385,1502.6726207039183,-1.8586216949797745
1-1e88c623-5506-4541-ad85-50fea1f3153e,3427.4,3076.8,350.5999999999999,1501.431424234972,1497.9501981386452,3.4812260963267363,1500.941792821743,1500.6573050280708,0.2844877936722696
1-647bb0b0-1244-4549-9c05-cbc7ee3e2ac5,3129.0,3380.6,-251.5999999999999,1537.0389551911262,1492.5433725125336,44.495582678592655,1503.6984829693913,1505.5084777167328,-1.809994747341534
1-fb159ded-a36e-4866-a89c-8e0f55bdd6de,2815.0,2912.2,-97.19999999999982,1530.1470334607895,1490.5817036496387,39.56532981115083,1499.8101025215133,1497.9994833636583,1.8106191578549442
1-cbf5a4ad-455e-44b1-87dd-36e85828215c,2932.6,2910.8,21.799999999999727,1525.0415548665862,1511.1938854245432,13.84766944204307,1506.0635781587825,1501.2836640882394,4.7799140705431
1-babc6875-4ef1-466f-b441-bfd46a5c987f,2952.2,2730.4,221.79999999999973,1503.397827277778,1528.110913320578,-24.713086042799887,1524.702258903129,1499.2046343504148,25.497624552714115
1-7d88f497-5461-4843-a029-9c0b6442ca83,2556.4,2643.0,-86.59999999999991,1514.7530079765272,1496.8865010917466,17.86650688478062,1500.1466526133565,1496.4771712440102,3.6694813693463857
1-4da5734c-d913-416c-b22b-fb300e1ca310,2739.4,2729.6,9.800000000000182,1516.214095383677,1512.293118781029,3.9209766026478974,1499.8729273634667,1496.7083143639666,3.16461299950015
1-066bc8e0-f59c-4973-86ec-24c4ed048052,2605.0,2794.6,-189.5999999999999,1521.1616300091234,1500.290175017492,20.87145499163148,1500.6659796095166,1506.0490694795415,-5.383089870024833
1-acc2283b-59f9-4bbe-9cd0-ecb469ac34e8,2584.6,2605.6,-21.0,1503.254511808929,1518.5021875313541,-15.247675722425129,1505.9191170530196,1501.3500722830465,4.569044769973061
1-3a2f4a88-5d05-47f5-b125-df21ff4c88a7,2927.8,2843.8,84.0,1493.5518550545921,1491.360198021896,2.1916570326961846,1496.77449385589,1501.9555386694587,-5.18104481356886
1-65c06ed9-5c3f-400d-b35b-963b3a80a329,2921.0,2710.2,210.80000000000018,1491.916855958779,1499.18750997543,-7.270654016650951,1502.322877172225,1499.874408338536,2.448468833688821
1-89d19a22-c534-44a9-8cd4-a00782f379f2,2755.8,2756.8,-1.0,1493.9769145096961,1500.7627216166263,-6.785807106930179,1508.9911971884935,1505.043085571199,3.948111617294444
1-91868f71-cdfe-4991-ba4b-cb526dc3657f,2858.8,2784.8,74.0,1509.1567207169032,1489.5980386815004,19.558682035402853,1497.904024123254,1499.1603867753065,-1.2563626520525304
1-680b6766-4abd-46ae-a786-d9a073b00473,2907.8,3172.4,-264.5999999999999,1508.1295569391395,1503.3861713767835,4.743385562356025,1504.9088878412606,1502.5407461225961,2.3681417186644467
1-c02ab584-504e-4680-a7ae-c0bac845d161,2775.8,3016.4,-240.5999999999999,1501.5016099901954,1495.6618267402516,5.839783249943821,1499.9642536070194,1497.80952124273,2.15473236428943
1-ad85770e-3b42-4022-aa20-349707e21c0b,2490.4,2577.6,-87.19999999999982,1501.0296777320607,1550.350699516965,-49.32102178490436,1520.5850214914392,1500.9097870025685,19.67523448887073
1-62e9503e-0986-4b8e-8fda-4439266a3efd,2775.8,2824.2,-48.399999999999636,1522.172545904545,1500.0,22.172545904544904,1499.9706986955923,1500.0,-0.029301304407681528
1-10372155-91bb-4f98-a8fc-c967daa7da6b,2412.6,2662.4,-249.80000000000018,1519.1117223801782,1505.3120487120543,13.799673668123887,1497.9490086279297,1531.2789058655649,-33.32989723763512
1-1d3e7b67-cae9-44b6-b268-63d651aa4be3,2648.2,2736.6,-88.40000000000009,1490.2562422619899,1546.5809808714748,-56.32473860948494,1494.7968450230012,1503.0876852840174,-8.290840261016228
1-9c61e8ea-e2f0-416a-a5c3-230495b58949,2462.2,2563.0,-100.80000000000018,1487.6855692285412,1573.4525666788018,-85.76699745026053,1508.3845138568854,1499.5899711808725,8.794542676012952
1-53e2de05-a8f3-4f6e-afe4-67337a7bc5b7,2563.0,2539.0,24.0,1560.1973459164794,1500.0,60.197345916479435,1499.5691590348201,1500.0,-0.43084096517986836
1-621c4bd0-efd2-404a-8a94-59f7c8f2a6bb,2577.2,2563.0,14.199999999999818,1490.3940833348256,1546.7710520555652,-56.37696872073957,1496.1502238782562,1500.538739398658,-4.388515520401825
1-51678bc2-780f-46a2-91ca-fbcd6a23c2b5,2468.0,2553.4,-85.40000000000009,1481.0319508866557,1569.4391797095238,-88.40722882286809,1548.3534476766897,1499.6062816272529,48.74716604943683
1-e0927336-da7f-4349-84da-3e2fa3cf2198,2553.4,2475.0,78.40000000000009,1556.5339316624375,1488.4748657657665,68.05906589667097,1500.915185688114,1534.7193077004436,-33.80412201232957
1-27484694-90c5-438f-927f-8dbce79426a2,1931.2,1919.8,11.400000000000091,1500.0,1504.7423499030624,-4.742349903062404,1500.0,1500.5550183385556,-0.5550183385555556
1-f7469a41-8e8e-4455-9be6-dbcb0c395bad,1931.8,1919.8,12.0,1500.0,1521.7423155266101,-21.742315526610128,1500.0,1502.907238916244,-2.9072389162440686
1-51230d0b-105f-4752-a852-c6fcfe55d8e8,2504.0,2673.6,-169.5999999999999,1568.2487332507837,1509.3470270821595,58.90170616862429,1503.2745583071821,1498.3099800925734,4.964578214608764
1-c13b7e7f-d96e-467d-bacb-0869dce55f63,2504.0,2576.6,-72.59999999999991,1554.7493706160406,1500.0,54.74937061604055,1503.7673853083786,1500.0,3.767385308378607
1-bd277523-bfef-4373-bb58-b84194b4f8a4,2703.4,2703.4,0.0,1601.569262357368,1499.923452900448,101.64580945692,1503.1882268069417,1549.6502440543331,-46.462017247391486
1-900abe6a-6eb0-4d4f-9ebb-fcc92f13381e,2703.4,2703.4,0.0,1512.4524976184607,1589.040217639355,-76.58772002089427,1490.565283676801,1502.456585986819,-11.891302310017863
1-eaace01a-e743-4639-ae39-cbc9342ccba4,2703.4,3063.4,-360.0,1576.6570484387144,1496.7382327876119,79.91881565110248,1502.9689020648484,1499.6538320643472,3.315070000501237
1-d4b5a18b-6873-4d50-880c-54f7f69f481f,2760.2,2703.4,56.79999999999973,1500.0,1597.0120218444677,-97.01202184446765,1500.0,1503.2720566388773,-3.2720566388773022
1-fa496c84-1dd9-4ded-ad21-122147b47e42,2616.4,2707.2,-90.79999999999973,1556.4243633929932,1484.1529843530216,72.27137903997163,1504.9603967678697,1496.2453632956724,8.71503347219732
1-576d9a3b-8ad5-4fa7-a164-cffc6622ad8f,2625.0,2616.4,8.599999999999909,1500.0,1542.3657663223826,-42.36576632238257,1500.0,1505.5494342928293,-5.549434292829346
1-a921e11e-83ed-48a6-9817-a3a1d83b6cf3,2696.0,2654.8,41.19999999999982,1500.0,1551.1333353249975,-51.13333532499746,1500.0,1506.442694395116,-6.44269439511595
1-0348587b-b8ee-4515-9577-c176d9c2cd70,2436.8,2577.6,-140.79999999999973,1548.052224045796,1550.4333681560101,-2.381144110214109,1500.9231522562545,1501.6162127814484,-0.6930605251939141
1-88b6ebd5-93b6-4d63-a47b-6aeff56d8d28,2553.0,2577.6,-24.59999999999991,1500.0,1536.089394443356,-36.089394443356014,1500.0,1501.9207937367378,-1.920793736737778
1-5967c206-18d1-4420-b6bc-3e55a7bf332a,2616.0,2656.4,-40.40000000000009,1520.6856695105898,1510.8641031284335,9.821566382156334,1497.506948341441,1546.0166185861383,-48.50967024469719
1-4dabea47-17c4-4b6b-b72a-175ab3d14672,2563.0,2447.6,115.40000000000009,1514.9333442151244,1487.143394009288,27.789950205836476,1502.5927708391198,1501.7229397966046,0.8698310425152158
1-a6466b56-8087-49ae-9ecc-6fde0392a9c9,2686.2,2447.6,238.5999999999999,1501.8356834986466,1503.2065231820961,-1.3708396834495034,1502.249220351862,1500.7082464782277,1.540973873634357
1-15e8fafe-de73-4457-a984-b3896e1b8ce0,2668.2,2589.4,78.79999999999973,1518.1455072630486,1509.1715781338066,8.973929129241924,1500.0,1484.4845900240482,15.515409975951798
1-51d7d29e-63dd-48ad-90ea-468d1572141c,2442.0,2668.2,-226.19999999999982,1500.0,1502.2490797672328,-2.2490797672328426,1500.0,1500.0,0.0
1-84db7d40-240f-4318-a345-8aea8bddf73a,2341.2,2594.6,-253.4000000000001,1500.0,1515.6243130115722,-15.624313011572212,1500.0,1500.0,0.0
1-8b8ceb77-499a-47cf-98ce-d5554e2a3cb9,2752.2,2783.0,-30.800000000000182,1511.357292434373,1499.3430181859171,12.014274248455877,1500.8782767764703,1500.581656823319,0.29661995315132117
1-8bf6c1cb-d6b4-4976-8966-98f8bec50a5e,3013.8,2691.6,322.2000000000003,1493.5184289508209,1499.0430122371217,-5.524583286300867,1495.7363930820188,1498.8379152621558,-3.1015221801369535
1-8890b422-7d7c-4be6-905d-15c76d056e89,2375.8,2497.4,-121.59999999999991,1500.0,1527.3043562284522,-27.304356228452207,1500.0,1500.085684795551,-0.08568479555106023
1-05549d6f-55e2-4617-bf00-0ab3260fde27,2497.4,2236.8,260.5999999999999,1511.849850510238,1500.0,11.849850510237957,1500.2856159851704,1500.0,0.28561598517035236
1-2a58a38f-42a9-4240-8d36-f574b47061e7,2427.2,2486.0,-58.80000000000018,1500.0,1508.0427241593334,-8.042724159333375,1500.0,1505.3802416627855,-5.3802416627854655
1-121703cf-b32c-4ab9-92eb-2da77292e853,2576.2,2642.0,-65.80000000000018,1500.0,1512.251671565624,-12.251671565624065,1500.0,1500.0,0.0
1-2b1c27c8-6cac-499a-acc7-d8aab04e6574,2493.6,2424.4,69.19999999999982,1500.0,1506.1713979365045,-6.171397936504491,1500.0,1500.0,0.0
1-c128f259-9006-489b-bb9f-1a28b7623024,2354.0,2826.6,-472.5999999999999,1500.0,1522.1738816578918,-22.173881657891798,1500.0,1500.0,0.0
1-71ead73d-6c17-4ce3-b8a0-9271dfa507e5,2738.2,2659.4,78.79999999999973,1489.992850137423,1500.0,-10.00714986257708,1500.0,1500.0,0.0
1-692a8bea-fd6b-4e7a-ac67-418be04c40a9,2738.2,2825.8,-87.60000000000036,1506.2821209758986,1500.0,6.282120975898579,1500.0,1500.0,0.0
1-dc3a2f06-6583-40d5-9980-a42bcf111613,2826.6,2510.4,316.1999999999998,1506.4,1500.0,6.400000000000091,1500.0,1500.0,0.0
1-ce1498c3-e19f-44ba-82ca-0e49587e91ce,2717.6,2730.0,-12.400000000000091,1556.7977500212553,1500.0,56.7977500212553,1499.4166162071538,1500.0,-0.5833837928462344
1-309dcee3-7b53-4427-8871-087720e378cc,2717.6,2625.0,92.59999999999991,1542.7568975882016,1500.0,42.75689758820158,1499.3012824097477,1500.0,-0.6987175902522722
1-62114866-f021-4219-994a-357192e01445,2659.4,2717.6,-58.19999999999982,1483.5392811161614,1528.830919481105,-45.29163836494354,1489.992850137423,1502.4759287294576,-12.483078592034644
1-636951ce-702a-4c41-aae9-aae4ca97b373,2644.4,2717.6,-73.19999999999982,1500.0,1513.4500059124157,-13.45000591241569,1500.0,1503.0679986430237,-3.0679986430236568
1-d0b79c92-53b5-468e-bf4b-c96dbc940579,2717.6,2550.8,166.79999999999973,1497.3269079009115,1500.0,-2.673092099088535,1504.0368403197676,1500.0,4.036840319767634
1-74a5aeff-d47c-4173-a754-b93048a6c724,2744.4,2662.6,81.80000000000018,1504.3893769938495,1500.0,4.38937699384951,1507.5354352635666,1500.0,7.535435263566569
1-8264a49f-9a64-4542-81e1-76173dcdf412,2567.8,2744.4,-176.5999999999999,1516.1473612790712,1487.0526387209288,29.094722558142394,1503.2,1500.0,3.2000000000000455
1-e830f259-0d97-4017-8562-2de729ed5119,2744.4,2567.8,176.5999999999999,1503.2,1500.0,3.2000000000000455,1500.0,1500.0,0.0
1-c1f9d38f-7bd6-40f5-88ff-32e860a8b579,2852.8,2658.4,194.4000000000001,1500.0,1500.0,0.0,1500.0,1500.0,0.0
1-be843117-7c1d-489c-87a6-3329d82dbe34,2344.2,2431.0,-86.80000000000018,1503.083603679664,1503.7010189890061,-0.61741530934205,1509.0971317500082,1503.40902327793,5.688108472078284
1-1aba6c24-efe4-4698-99ac-1f010061518e,2431.0,2548.4,-117.40000000000009,1486.3108853773174,1516.5735552114904,-30.26266983417304,1502.3817373985635,1506.9646086210555,-4.582871222492031
1-1c074b94-0d8c-4cdf-ab2c-407853dd882b,2431.0,2548.4,-117.40000000000009,1502.3990078794793,1500.4854327093285,1.913575170150807,1502.633353221973,1525.2270115873612,-22.593658365388137
1-6f56cc49-d2d3-40f4-bcfb-82c69cb8d482,2575.4,2664.0,-88.59999999999991,1515.974149767506,1475.0348001858242,40.93934958168188,1502.6952623956145,1500.8053872942128,1.8898751014016852
1-9072ed95-6811-4d64-b5b4-b0ece3abb1de,2575.4,2664.0,-88.59999999999991,1500.4274513019357,1490.5814986513947,9.845952650540994,1503.4107902899782,1498.5105631551114,4.900227134866782
1-90c2f727-bd4c-4b1b-8a2f-3765c6b1dd42,2575.4,2664.0,-88.59999999999991,1483.3057503628652,1507.703199590465,-24.397449227599736,1503.0819186412928,1511.6820526524418,-8.600134011149066
1-8df86c18-65ed-45d0-93aa-c52735bb45ef,2427.0,2575.4,-148.4000000000001,1506.2306477678026,1465.435657995549,40.79498977225353,1488.5750515005336,1502.7751558285913,-14.200104328057705
1-6f1bff51-173a-4a7f-aee8-71da2727baab,2499.4,2370.8,128.5999999999999,1472.515937416952,1500.0,-27.484062583047944,1503.757996399227,1500.0,3.7579963992270677
1-9703014a-7957-40ea-9642-0465b00f07ea,2340.8,2499.4,-158.5999999999999,1480.5486153501656,1488.9004809754988,-8.351865625333176,1492.882937907392,1505.0831677999472,-12.200229892555171
1-cafafb68-9bd3-49d7-80b0-f277d0de6e49,2601.2,2499.4,101.79999999999973,1490.5243430722244,1505.5940308727477,-15.069687800523297,1504.5003775236576,1505.979544839264,-1.4791673156064462
1-c60167f1-2a3e-4e0d-be5e-8101d8970598,2499.4,2662.8,-163.4000000000001,1521.69737017527,1519.453354529509,2.24401564576101,1505.1389580343753,1508.423412422603,-3.2844543882276866
1-52af9405-4192-461c-ab15-1e829973b323,2501.2,2549.0,-47.80000000000018,1501.3111120865192,1500.0,1.3111120865191879,1503.8244317259666,1500.0,3.824431725966633
1-3be82248-ee07-40b5-8598-c0b8ee1e61e1,2523.6,2501.2,22.40000000000009,1500.0,1484.6024946181678,15.397505381832161,1500.0,1504.120043255567,-4.120043255566998
1-441bb880-9153-48f1-ae4e-3753b8b4a7fd,2575.4,2765.4,-190.0,1505.8032869568376,1519.8926282760501,-14.089341319212508,1501.4173339940464,1505.3831953173024,-3.965861323255922
1-be9bac40-353b-4e49-811e-a761fae63113,2721.6,2575.4,146.19999999999982,1503.2597507704722,1522.697495417845,-19.43774464737271,1506.576709839101,1498.6928283985571,7.883881440543973
1-bc9160e9-0eab-484d-87f2-3209dba0d02c,2436.4,2561.4,-125.0,1527.5565800234958,1506.9346305835084,20.621949439987475,1504.5168254695336,1530.8239450374952,-26.307119567961536
1-4175be87-ec71-4701-9b2c-71c012b6097a,2356.0,2480.8,-124.80000000000018,1500.0,1515.3206479937064,-15.320647993706416,1500.0,1505.0716766551327,-5.0716766551327055
1-e407a8fb-9ceb-464a-81c5-f3ff80adc2e0,2424.4,2485.2,-60.79999999999973,1503.3690484718438,1538.901917178476,-35.532868706632144,1500.0,1500.3380454173944,-0.338045417394369
1-5836c4d8-3b7a-4588-9a9e-9ea980c95b44,2485.2,2576.8,-91.60000000000036,1524.005662957828,1500.0,24.005662957828008,1500.3640489110403,1500.0,0.36404891104029957
1-d3586c79-1149-49a7-ab84-27659e59e524,2778.6,2485.2,293.4000000000001,1500.0,1541.9271617404488,-41.92716174044881,1500.0,1500.3943863202935,-0.3943863202935063
1-49cf141a-a62d-4982-9bcb-99dfaacb6ec7,2485.2,2855.2,-370.0,1527.1761223152546,1500.0,27.176122315254588,1501.075599055346,1500.0,1.075599055345947
1-15da0329-9eaa-4442-a446-52976ebd5453,2656.8,2600.2,56.600000000000364,1500.0,1560.679125013026,-60.679125013025896,1500.0,1504.3533795406001,-4.3533795406001445
1-b2a5c4ad-c9d7-4fc7-a7a4-a910b325a275,2659.2,2600.2,59.0,1512.1449472135728,1546.244441934677,-34.09949472110429,1481.537732263808,1499.9738868662694,-18.43615460246133
1-d1af1e5e-01ce-4071-b822-d780fa505748,2531.0,2498.6,32.40000000000009,1534.7193077004436,1500.0,34.71930770044355,1499.960830299404,1500.0,-0.0391697005959486
1-5af016ff-5b84-464c-a3e2-8996ebc4b67d,2204.6,2350.2,-145.5999999999999,1500.0,1532.5562107987414,-32.556210798741404,1500.0,1499.1769640558082,0.8230359441918154
1-a122af95-633a-4367-a333-443a35f8eb7b,2142.8,2010.8,132.00000000000023,1541.4480883422693,1500.0,41.44808834226933,1499.5427578087822,1500.0,-0.4572421912178015
1-ba22c02d-c6a7-4111-840d-e617f26d0a8b,2122.8,2200.6,-77.79999999999973,1500.0,1529.7411233195376,-29.741123319537564,1500.0,1499.3141367131732,0.685863286826816
1-66046768-814f-49f7-8921-cc03e33b3701,1841.4,1973.6,-132.19999999999982,1500.0,1520.7127610008768,-20.712761000876753,1500.0,1497.6484687308803,2.3515312691197323
1-7c418fe8-5ffb-4c0f-a39d-46b6bfc072a4,2786.6,2694.4,92.19999999999982,1494.6198035643654,1506.043039784729,-11.423236220363606,1492.2773736524712,1496.1469726407267,-3.869598988255575
1-7c3a296b-8081-4c92-9ab9-a4603c6f4f02,2479.6,2690.4,-210.80000000000018,1506.2660696415185,1473.1392652721663,33.12680436935216,1509.6226722431293,1498.7542880031515,10.868384239977786
1-0d5c2abe-eb25-4ced-9ddb-128c114b2137,2512.4,2659.2,-146.79999999999973,1503.3469015728774,1475.730121438161,27.616780134716464,1503.0876386643176,1498.8755840410668,4.212054623250879
1-0300579c-6250-4ce9-9cdc-1789419237f3,2623.8,2711.6,-87.79999999999973,1506.3741035836183,1478.1839193771307,28.19018420648763,1502.3622219496215,1497.3183995702789,5.0438223793426005
1-0a67bd35-7027-43d6-84e5-be810eec8dec,2491.0,2335.2,155.80000000000018,1491.0768108502652,1488.1223346499582,2.954476200306999,1524.5353056547267,1499.8083230388759,24.72698261585083
1-9e3ee57c-6cd6-4e15-ab90-3393e3990ae2,2804.8,2720.8,84.0,1488.1705424909358,1490.6281615203702,-2.457619029434454,1502.945094609543,1501.8461957100508,1.0988988994922693
1-830d2e17-f1e9-4ef5-8240-2b05bd5a4e94,2983.8,2818.0,165.80000000000018,1491.2525222338022,1485.5980482082346,5.6544740255676516,1505.0032372977903,1506.407321380445,-1.4040840826546628
1-460309a7-e171-435f-9254-b2d748033d49,2818.2,2846.4,-28.200000000000273,1497.7923602664728,1509.2348359158589,-11.442475649386097,1499.6669984823227,1502.1671748986187,-2.5001764162959716
1-a8fa3daa-5e9e-41fe-b46b-b94eee7829ee,2820.8,2802.0,18.800000000000182,1481.8719248979048,1506.0164600604744,-24.144535162569582,1500.8339567662324,1490.978123295682,9.855833470550351
1-2281bf5f-f739-4e25-b045-331198cb2463,2873.4,2850.6,22.800000000000182,1496.6721384520574,1512.6847770396894,-16.012638587631955,1496.962511978418,1501.113983356018,-4.151471377600046
1-ccf17e42-9a76-42f1-b02e-ab6bb9fd2c93,2969.0,2808.2,160.80000000000018,1494.5054114986121,1510.1595321490222,-15.65412065041005,1505.709640269536,1501.979547067033,3.730093202502985
1-337eafbe-90ae-4910-841e-174d9b7afc78,2696.0,2622.4,73.59999999999991,1490.2674335059983,1500.960711833048,-10.693278327049711,1501.7012929413077,1500.6429208651273,1.058372076180376
1-2124fdc7-0e61-4f15-aac2-147f5ca64901,2729.8,2868.0,-138.19999999999982,1484.0585967959414,1487.5756683686327,-3.517071572691293,1499.6991594075268,1495.6042141030898,4.094945304437033
1-95d84af7-6961-48cd-911e-48458665074a,2857.4,2855.6,1.800000000000182,1503.5556769203552,1490.4180920162248,13.137584904130335,1488.8328801363823,1498.6565767220068,-9.823696585624475
1-f92b54f0-1530-416c-aa42-29bd7fcb7632,2563.2,2550.6,12.599999999999909,1484.741376383168,1500.0,-15.258623616831983,1502.5222156972443,1500.0,2.5222156972442917
1-13c545fc-9e6a-4de2-84ea-0f08237c9c75,2563.2,2490.4,72.79999999999973,1500.6197045469094,1503.2618258319735,-2.6421212850641496,1499.40299034643,1503.0257875423204,-3.622797195890371
1-5cc81e8c-113a-4c6c-9c9d-5f0fef6aa4e7,2753.2,2732.4,20.799999999999727,1490.7265004288765,1494.2084672106666,-3.4819667817901063,1495.8044853741958,1503.9821954347071,-8.177710060511345
1-99bfcc3d-41cf-4b28-b057-154479516eb3,2852.0,2905.6,-53.59999999999991,1500.315126002477,1497.622309594723,2.6928164077539805,1501.8622604028246,1505.4467390007649,-3.584478597940233
1-5e9f0b81-8db9-406d-9d90-5e530a9697d1,2966.8,3061.6,-94.79999999999973,1500.6084357660952,1506.2783623911687,-5.669926625073458,1502.660010864864,1500.5776184959618,2.0823923689022195
1-b043a3fe-d452-4c2d-ab66-968b4b5087b1,2715.6,2752.8,-37.20000000000027,1491.123799314098,1496.7922640937163,-5.668464779618262,1502.986040342361,1498.993142612213,3.9928977301481154
1-0004666f-dc77-4fa3-acda-5bfd3d9af8bd,2656.0,2626.2,29.800000000000182,1477.955173537449,1493.7229539192092,-15.767780381760303,1503.1177837580196,1500.111188579588,3.006595178431553
1-59d883ed-7dd1-498a-a69a-bbe1d67ef5e4,2801.6,2715.4,86.19999999999982,1493.8995729640005,1469.5853968301064,24.31417613389408,1511.4577269545962,1501.50834053803,9.949386416566085
1-460a0997-d379-4a1c-a776-28899b6b3a30,2733.4,2714.4,19.0,1511.3815919724645,1477.8908900615634,33.49070191090118,1501.3880335527858,1500.6376333908274,0.750400161958396
1-b720c800-8b7d-44eb-a31b-09b2b11ab560,2570.2,2609.6,-39.40000000000009,1496.631488280814,1463.8881392326143,32.74334904819966,1500.3368522264352,1501.8256002509115,-1.4887480244763083
1-d61831fd-b582-478d-ba36-9f0415f51272,2681.0,2721.2,-40.19999999999982,1496.7677456741517,1495.9465059466609,0.8212397274908199,1500.2269942147543,1501.458084557249,-1.231090342494781
1-8e721b8a-266a-444a-81c6-038960ec0dd8,2720.6,2747.2,-26.59999999999991,1496.3282676546219,1479.8686408634337,16.459626791188157,1494.8169804610482,1498.4817373012631,-3.6647568402149773
1-a28a468d-e72f-4070-97d1-281010226c2d,2663.8,2852.2,-188.39999999999964,1499.9741876102419,1480.5249316891272,19.449255921114627,1509.5169119166726,1500.2829700609138,9.233941855758758
1-ff4565c9-8da7-4369-92e0-1cba04a06ed6,2856.4,2684.4,172.0,1500.0,1492.9991914882073,7.000808511792684,1500.0,1515.9041703226158,-15.904170322615755
1-d7c05651-627f-4a9c-b723-f95d3d6b5131,2261.0,2339.4,-78.40000000000009,1499.9050534286357,1492.2513177237554,7.653735704880319,1500.0,1500.0531923615747,-0.05319236157470186
1-55a55ba7-34e3-42a0-acc7-f3552e4455ff,2431.6,2542.6,-111.0,1498.5416797427185,1499.4661316040858,-0.9244518613672881,1498.4822080020642,1487.1086280660256,11.373579936038595
1-1e7b3d73-3683-4ee9-97dd-7b80433657c3,2452.2,2512.8,-60.600000000000364,1495.3422988995535,1496.483227539714,-1.1409286401606096,1500.1609143233438,1471.6989886493998,28.46192567394405
1-08773c32-f32b-4a6d-bea3-c2d753a3cd14,2390.6,2478.6,-88.0,1495.1843471846,1506.1268463054275,-10.942499120827506,1497.5178654639567,1491.803056833132,5.714808630824791
1-d425097d-a324-4041-bbe2-aa5545a8f5b7,1959.6,2011.2,-51.600000000000136,1501.7016753704042,1509.732247224419,-8.030571854014852,1499.7946825162403,1500.0,-0.20531748375969983
1-0a4fdd0f-57b4-41ab-a220-3a471a768a95,2058.8,1897.0,161.80000000000018,1500.0,1495.2135105541247,4.786489445875304,1500.0,1499.5722552421673,0.4277447578326701
1-8702813d-9e1a-4091-af41-b9090098d27d,2452.4,2658.6,-206.19999999999982,1493.635894716664,1482.688283727479,10.947610989185023,1492.8505884353146,1496.1212036836255,-3.2706152483108326
1-708ad207-9060-4e3d-88ff-18b751fa871c,2400.8,2528.8,-128.0,1488.8362387459188,1500.0928728798835,-11.25663413396478,1499.620771654575,1503.4689868726368,-3.848215218061796
1-66aa87ff-0cb9-4086-9fef-42be110fae5a,2473.0,2580.4,-107.40000000000009,1498.1295812427209,1506.76190406725,-8.632322824529183,1499.4877835308673,1503.18284130691,-3.6950577760426313
1-5b400f9b-c908-4ec0-a926-0cfb1a4245bd,2445.4,2483.8,-38.40000000000009,1501.8820567735318,1490.101546500513,11.780510273018763,1507.594584342706,1496.1488060636889,11.445778279017077
1-3de586bd-c99e-45ce-9325-a491916b3a29,2438.8,2435.6,3.200000000000273,1495.3341829362298,1499.7161539411475,-4.381971004917659,1500.417448610855,1494.0817671975906,6.33568141326441
1-7f9006c6-ebf9-452a-8936-eaede5472885,2503.0,2536.8,-33.80000000000018,1478.5959441911514,1512.8875436931303,-34.29159950197891,1488.7902600759523,1499.9214693030517,-11.131209227099362
1-f3ce1ffe-e90e-4809-ada7-80bfa42cad7a,2495.0,2475.0,20.0,1486.8313213978151,1497.9855683093688,-11.154246911553628,1485.7813118002289,1499.9827581538595,-14.201446353630672
1-5ae60c34-e23a-4564-b443-9681fea6ed4b,2645.4,2596.0,49.40000000000009,1501.5997890473686,1506.3798687299693,-4.780079682600672,1498.8447810009432,1497.9365827549718,0.9081982459713345
1-00c53af1-74e6-4e2c-ad49-7ceefa0c7818,2504.6,2574.4,-69.80000000000018,1500.0,1491.7724972294034,8.22750277059663,1500.0,1498.6322732570052,1.3677267429948188
1-7bec0322-c35a-4c76-b9f4-97fa8822bb12,2406.4,2456.0,-49.59999999999991,1503.2679150823974,1488.1264108019109,15.141504280486515,1508.9371913712632,1499.289936057375,9.647255313888309
1-cfb18cb5-7f54-48ca-b4bc-89b1f44a4b4b,2267.4,2407.4,-140.0,1478.6960361119309,1500.0,-21.30396388806912,1502.4878678078403,1500.0,2.4878678078403027
1-8a8ce015-ce03-4789-bf48-758e627d58c9,2663.4,2517.2,146.20000000000027,1493.4094776993502,1500.7401694391003,-7.3306917397501365,1493.0686628205988,1495.99809730557,-2.929434484971125
1-967e7a7d-9417-4106-bfd7-2b4594f327c8,2483.2,2523.8,-40.600000000000364,1491.2207578467128,1506.2167808836655,-14.996023036952693,1500.858774960817,1488.441914033726,12.416860927090966
1-c79ec3c8-c5f7-4207-a4ac-c0f73cf3b6ee,2304.8,2365.0,-60.19999999999982,1506.1816571400466,1487.689758933255,18.491898206791575,1499.9729540709425,1498.4251189080187,1.547835162923775
1-d6f8dc44-e7dc-4c8c-a4ab-8d6af8f686ef,2516.0,2606.2,-90.19999999999982,1471.6989886493998,1506.205129547402,-34.506140898002286,1500.4169494675084,1489.3453655697854,11.07158389772303
1-f851b130-cb05-463f-8d65-36f58f5085fe,2276.0,2447.4,-171.4000000000001,1487.1459114065053,1511.841780968389,-24.695869561883683,1495.7755348205496,1476.8284264121858,18.947108408363874
1-44793fa2-7317-4c9b-b0f5-737c52a825a0,2181.8,2432.6,-250.79999999999973,1486.9081692181946,1505.7952409605746,-18.88707174237993,1489.0326823251214,1484.2966544515903,4.736027873531157
1-9b072f59-e97d-4363-a22a-9b7b28417331,2687.0,2570.6,116.40000000000009,1490.7402345596358,1486.7517055146525,3.988529044983352,1498.4095734435593,1495.8646752973725,2.5448981461868243
1-0bdc5ccc-0a1b-4a33-8b26-3b48944f1041,2544.2,2641.6,-97.40000000000009,1499.5811158931326,1500.1598166198416,-0.5787007267090303,1497.3939349758643,1515.6630911934,-18.269156217535738
1-b0c7e96f-19c6-465c-90bb-84fae515564e,2588.2,2471.0,117.19999999999982,1499.5449651047163,1503.6126062082508,-4.06764110353447,1494.1448985496318,1511.9888543262696,-17.843955776637813
1-b1aaeed4-04ef-4f00-995d-0768416b92b7,2840.8,2622.2,218.60000000000036,1487.0345004130668,1499.8436324093768,-12.809131996310043,1492.4156959015038,1494.977895517538,-2.5621996160341496
1-c8771f87-10be-49f5-9e67-76343bbfdfd0,2396.0,2358.0,38.0,1494.2586349700448,1499.8621280782554,-5.603493108210614,1531.626390129419,1492.3016224164908,39.32476771292818
1-3862e3d7-aee8-4fd4-9d83-b010a78759f7,2605.0,2578.4,26.59999999999991,1484.6227699495325,1509.2423460846621,-24.61957613512959,1499.1305872985567,1493.5602436864515,5.570343612105262
1-8d06d2e0-cd7b-4ae3-a927-f0a3e2ca9814,2447.4,2573.4,-126.0,1499.9804748834492,1490.3688256706585,9.61164921279078,1500.290992850478,1496.7957388105463,3.4952540399317513
1-1863f8aa-3b2c-4bec-a2ab-bb4a1f7af1ea,2610.0,2714.0,-104.0,1506.9409593863268,1495.5431098678805,11.397849518446264,1499.077249100142,1482.6627066204437,16.414542479698184
1-8531043c-5fcb-48eb-8484-bf61c573f2e4,2683.8,2610.0,73.80000000000018,1501.946471512197,1490.4098746386178,11.536596873579128,1473.67237567001,1498.2658239005445,-24.593448230534477
1-1c693f60-c3f4-4b69-b332-668f6536d052,2603.6,2610.0,-6.400000000000091,1498.9875356494117,1506.7681240917561,-7.780588442344424,1503.1087712686322,1497.9205944582939,5.188176810338291
1-97f86fc9-d3ea-4b21-b38b-310a5779243d,2642.0,2826.8,-184.80000000000018,1528.7283522787222,1504.0444491910357,24.68390308768653,1496.1343311630476,1505.773510834208,-9.639179671160491
1-a98046c8-d044-4a31-bbcc-ac79085029d0,2533.4,2711.6,-178.19999999999982,1476.8788635128906,1489.1000402166799,-12.221176703789297,1494.5858066587243,1499.7898761403662,-5.204069481641909
1-375ea139-a648-4f77-8285-b73d484cb54c,2605.0,2643.0,-38.0,1494.1726796379103,1515.3754747704336,-21.202795132523306,1524.9645782238388,1496.5254416014225,28.4391366224163
1-dec4ef0d-ad04-4a47-b2a2-a193aeffda1b,2643.0,2714.6,-71.59999999999991,1499.6416059602163,1493.862107569897,5.779498390319304,1498.2551115285987,1514.2369471373092,-15.981835608710526
1-e84e46e8-6115-4ded-b73e-7bf2ebe2423b,2450.0,2644.8,-194.80000000000018,1492.800284589398,1500.0990485410268,-7.298763951628871,1505.0655938637653,1505.3807391443556,-0.31514528059028635
1-ae91c348-5e2a-4c47-bc8d-f9f7ec454631,2711.2,2753.4,-42.20000000000027,1478.9294798184728,1503.083494456343,-24.154014637870205,1504.2330866243374,1500.0,4.233086624337375
1-cb90859d-204f-4969-84fd-4d97fc1daa0d,2526.6,2654.2,-127.59999999999991,1465.0226227775586,1506.4,-41.37737722244151,1499.5927308604705,1500.0,-0.4072691395294896
1-ac1ef873-234c-42a9-859a-e999cf8a047f,2587.8,2717.0,-129.19999999999982,1500.0,1475.8291215385846,24.17087846141544,1500.0,1498.2933483676857,1.7066516323143333
1-c0d0ed9a-29cc-479d-83f2-5a325573c0c0,2717.0,2605.4,111.59999999999991,1458.0548462587333,1496.7418468837636,-38.68700062503035,1500.0,1493.6854104308597,6.314589569140253
1-6216d1d9-5ca9-434f-bc3f-b0302b8ad1ba,2582.4,2824.4,-242.0,1460.6220722617838,1500.0,-39.37792773821616,1500.0,1500.0,0.0
1-d9e35902-b562-4ba6-8979-68e0626a8034,2582.4,2625.4,-43.0,1475.4954641453915,1500.0,-24.504535854608548,1500.0,1500.0,0.0
1-003d912c-22fc-4a6f-94e6-739a1f4236f5,2616.0,2669.4,-53.40000000000009,1500.0,1468.9620846701957,31.037915329804264,1500.0,1500.0,0.0
1-c3c05cc7-cac4-415d-b786-5591b3c422d1,2909.8,2680.0,229.80000000000018,1500.0,1481.0651903175697,18.93480968243034,1500.0,1500.0,0.0
1-a08e1ddf-a580-4d9c-aa40-2db3965cb345,2595.2,2644.6,-49.40000000000009,1490.4,1500.0,-9.599999999999909,1500.0,1500.0,0.0
1-80530571-4735-48b9-8889-231718b3f5bf,2662.8,2720.8,-58.0,1522.4514317348353,1500.0,22.451431734835296,1500.5977253713525,1500.0,0.5977253713524533
1-b8f2b0f4-ed67-48f8-90fe-f97b890d7603,2827.0,2674.0,153.0,1511.2421495490776,1552.4273859585933,-41.18523640951571,1495.7957420376597,1496.6478582318734,-0.8521161942137496
1-12df0cd3-5237-4f9d-b3f1-ac330abbf3bf,2810.0,2870.8,-60.80000000000018,1499.8519771503848,1484.7847724765493,15.067204673835477,1495.4596784144794,1504.6191375934927,-9.15945917901331
1-56cdab5a-457d-48a7-ac5b-6495629a9bb7,2620.8,2497.6,123.20000000000027,1513.1796729259593,1490.4095209594711,22.77015196648813,1504.0325496038884,1500.344575126371,3.6879744775174004
1-61dabe1f-951b-436a-86fd-7d53ff758093,2633.4,2666.0,-32.59999999999991,1503.3982077769695,1516.4902923139464,-13.092084536976927,1504.8432765167108,1510.4869182637583,-5.643641747047468
1-7ed0ce61-2c11-488c-8596-b6e42431e0bb,2793.4,2690.4,103.0,1503.012171341292,1503.2212818624225,-0.20911052113046935,1495.875059058876,1510.2509501454067,-14.3758910865306
1-eba5e3be-0d0e-4125-9de9-dbbb5802b21d,2866.0,2725.4,140.5999999999999,1514.3733009605323,1506.1260789910064,8.247221969525981,1508.0399953989283,1494.7146420442039,13.325353354724484
1-3efb278b-561b-427d-a587-5f4b029c29fc,2536.2,2595.0,-58.80000000000018,1503.3917886217725,1499.680464895501,3.71132372627153,1513.1877830363364,1493.0493604710593,20.138422565277097
1-229379b9-bf81-4ee3-be9f-4d5c1bfd69b2,2533.4,2643.8,-110.40000000000009,1461.441437492403,1510.3951019600806,-48.95366446767753,1492.3651298985665,1496.0384943608474,-3.673364462280915
1-f349aaab-d28e-47ec-8eb7-a89117aee532,2648.6,2556.4,92.19999999999982,1500.0,1506.0379887402105,-6.037988740210494,1500.0,1491.7709818530968,8.229018146903172
1-8262a080-51c6-4c8e-befe-4b33aa94ecf2,2783.4,2852.4,-69.0,1493.189640058726,1507.5094618154965,-14.31982175677058,1494.3429025802923,1515.763367301042,-21.420464720749806
1-245705f0-72ac-4302-a2d8-bfec99852fbe,2608.0,2755.0,-147.0,1500.0,1502.828165383194,-2.828165383193891,1500.0,1496.124077476036,3.8759225239639363
1-a448470a-86ea-41c3-a237-f5d76b12da5c,2712.8,2633.0,79.80000000000018,1500.0,1496.6557490370476,3.344250962952401,1500.0,1492.8992986380815,7.100701361918482
1-230eecb9-ca6d-4a72-8f74-e0aee51f8e18,2794.4,2741.6,52.80000000000018,1500.0,1499.2883039135545,0.7116960864454995,1500.0,1478.387030034661,21.61296996533906
1-34f5e191-6e8b-44f3-8606-91f66cba0408,2553.0,2608.4,-55.40000000000009,1500.0,1493.6294722558143,6.370527744185665,1500.0,1500.0,0.0
1-ceaae5ee-761f-48fa-933e-ac2e41a4e317,2584.2,2667.8,-83.60000000000036,1496.8,1500.0,-3.2000000000000455,1500.0,1500.0,0.0
1-54481816-8161-4609-be91-5dcfcfeefb72,2712.8,2834.2,-121.39999999999964,1500.0,1500.0,0.0,1500.0,1500.0,0.0
1-7600a2e3-5525-4f88-8089-99f21bde9aa2,2499.2,2501.6,-2.400000000000091,1503.1585523092585,1493.043493599414,10.115058709844561,1500.0,1500.0,0.0
1-e0d5e40e-63e0-4318-a8e8-3aab680dad0f,2586.4,2384.4,202.0,1500.0,1499.433050003806,0.5669499961938982,1500.0,1500.0,0.0
1-2f308086-6d00-4b82-b1a3-c435627f2183,2418.0,2308.8,109.19999999999982,1500.0,1492.9023241682223,7.0976758317776785,1500.0,1500.0,0.0
1-d6e979fc-55cf-4701-9d24-4455789662e4,2509.4,2282.0,227.4000000000001,1500.0,1505.851002803236,-5.851002803236042,1500.0,1500.0,0.0
1-c042a282-c0fb-4671-bb60-ec62b1014590,2535.4,2570.4,-35.0,1500.0,1505.9191170530196,-5.9191170530195905,1500.0,1500.0,0.0
1-6b9218e3-6c52-481a-b85e-acd62b58e161,2069.8,2223.2,-153.39999999999964,1496.0224182429045,1500.0,-3.9775817570955496,1500.0,1500.0,0.0
1-c4100f65-85f9-426d-a535-82060a592e54,2427.0,2226.0,201.0,1500.0,1515.6307139973947,-15.63071399739465,1500.0,1500.0,0.0
1-90d92b05-f98f-4c1c-92d3-0a24200bf423,2173.0,2034.8,138.20000000000005,1500.0,1499.5526405017451,0.44735949825485477,1500.0,1500.0,0.0
1-2f99aa7a-3852-49c8-aa5c-4669cdf295c9,2277.2,2405.6,-128.4000000000001,1506.2402820060674,1500.0,6.240282006067446,1500.0,1500.0,0.0
1-a227bdf3-34e0-4697-ac14-30081094b9a5,2315.8,2343.8,-28.0,1500.0,1499.7172342212573,0.28276577874271425,1500.0,1500.0,0.0
1-87dd956e-8def-4871-84b5-2e1781c1cf6a,2209.4,2282.0,-72.59999999999991,1500.0,1493.3118889255475,6.688111074452536,1500.0,1500.0,0.0
1-ede13ec4-6ac7-48f6-b2f0-02273999b153,2146.2,2017.6,128.5999999999999,1500.0,1502.8464828565257,-2.846482856525654,1500.0,1500.0,0.0
1-c66232e7-6f7c-4511-8a72-5c1caaa9bbdd,2294.4,2092.2,202.20000000000027,1500.0,1512.8,-12.799999999999955,1500.0,1500.0,0.0
1-841ce073-76bc-47a2-9855-a12f47f1a06b,2105.6,2226.0,-120.40000000000009,1500.0,1500.0,0.0,1500.0,1500.0,0.0
1-29cca870-700f-448d-81d3-d2c6e176add1,2313.4,2552.4,-239.0,1500.0,1540.8553097593951,-40.85530975939514,1500.0,1498.6124700885346,1.3875299114654354
1-a331b642-6e12-4dc5-85ff-29309b906f99,2552.4,2140.8,411.5999999999999,1526.2100931942718,1496.720733015711,29.4893601785609,1498.983196288092,1491.3919356098243,7.591260678267645
1-93769325-c5d8-4245-815a-590fcc72ac0f,2395.8,2442.6,-46.79999999999973,1499.6015215204957,1520.3214127299375,-20.719891209441812,1554.8546644955102,1499.5187702971498,55.33589419836039
1-4076b29e-78e5-40ce-bd6f-f670c478cfff,1526.8,2134.2,-607.3999999999999,1500.0,1491.080194263413,8.919805736587023,1500.0,1500.5411305402001,-0.541130540200129
1-9d839f65-a8b0-4f9b-92e4-c52968a368d3,2482.8,2547.8,-65.0,1516.9800431012213,1493.8820339851052,23.098009116116145,1498.8263411877087,1515.3206479937064,-16.494306805997667
1-32e4ff9e-8f41-4860-b87c-1c1b645cb2d2,2367.6,2564.2,-196.5999999999999,1496.8274635902176,1507.6798069468173,-10.852343356599704,1499.8901212133858,1499.9642940026624,-0.07417278927664483
1-1dc23777-115e-491d-a7da-7680d471c731,2481.6,2438.4,43.19999999999982,1496.879793511796,1507.2001035832236,-10.320310071427684,1497.1292926577594,1502.8373899948206,-5.70809733706119
1-1a2f1b57-983a-4ce0-bb65-3f18d8493283,2390.6,2521.4,-130.80000000000018,1514.2796298957744,1501.0708510989455,13.208778796828938,1527.6217884802127,1498.7698602201374,28.851928260075283
1-e06c1751-0b29-457a-9998-cab9e9716edf,2565.6,2157.0,408.5999999999999,1496.8570859309386,1494.8916980096044,1.9653879213342407,1506.198683817653,1501.9275331575348,4.271150660118337
1-f5bc1895-82ed-45be-8c9d-ba5daad2cbfb,2456.2,2635.6,-179.4000000000001,1500.1967358315628,1536.5581787994593,-36.36144296789644,1510.9208560884772,1511.718150257579,-0.7972941691018605
1-a50238ea-0557-4e4b-887f-a7b80da5a5de,2673.6,2676.0,-2.400000000000091,1528.0338590227736,1513.4135648659149,14.62029415685879,1523.273280644358,1513.8763090279492,9.396971616408791
1-cb4356ae-161f-4ee9-95c8-49b2e53f3e34,2362.0,2218.2,143.80000000000018,1500.0,1507.614926280757,-7.61492628075689,1500.0,1499.7477622690685,0.2522377309314834
1-7bcf758d-31a5-4bc7-84a8-7c49257d8ae4,2103.4,2101.6,1.800000000000182,1500.0,1494.6166107623537,5.38338923764627,1500.0,1498.9189811531508,1.081018846849247
1-af2cbd48-5e55-44da-b809-0fcbd371e28a,2537.0,2451.2,85.80000000000018,1504.5373194755343,1482.4353881651584,22.101931310375903,1500.3782962982855,1465.9159639350662,34.462332363219275
1-f67ba231-8988-45a4-bc7e-a22863cd261f,2537.0,2428.6,108.40000000000009,1487.9841915569,1500.0,-12.015808443100013,1500.4379722976582,1500.0,0.4379722976582343
1-0532bcee-b0fe-4477-a3c4-6efaf1beba81,2357.0,2537.0,-180.0,1506.4479433617346,1470.326714981053,36.12122838068149,1502.6186350085923,1499.2967140356848,3.321920972907492
1-dd566c02-c7ca-4dfc-a0c5-32fcbbbf33a3,2537.0,2517.2,19.800000000000182,1485.9700618006405,1493.7159703121326,-7.745908511492189,1500.6035031523318,1501.6,-0.9964968476681406
1-0e6ab2a5-e5a7-4c9b-a4ce-c2bb2950e89b,2416.0,2500.8,-84.80000000000018,1508.8892462193776,1501.7136959110226,7.175550308355014,1500.0,1498.9123903305947,1.0876096694053103
1-684d8584-3069-49e6-a861-c774513957d6,2260.4,2500.8,-240.4000000000001,1496.7426366812265,1485.1814814582217,11.56115522300479,1493.7711895466023,1499.6994022287965,-5.928212682194271
1-44ce403d-1d5b-475e-9f84-215665acf9c9,2500.8,2323.6,177.20000000000027,1501.2385170338212,1500.0,1.2385170338211537,1499.6332673804477,1500.0,-0.36673261955229464
1-4abe7ed0-dcff-4c02-a753-04e0eb7bcb60,2500.8,2316.4,184.4000000000001,1484.5264022916945,1500.0,-15.473597708305533,1498.8176227990584,1500.0,-1.1823772009415734
1-00709e2a-0d32-4abb-b680-c317b72b73ca,2478.2,2495.0,-16.800000000000182,1503.1753031077283,1487.5446854212114,15.630617686516871,1497.318515750624,1497.7017264434135,-0.38321069278936193
1-7cbe9215-63ea-4673-bf01-e7a2900ec5b1,2451.0,2446.6,4.400000000000091,1496.7116032274766,1487.4112582521584,9.30034497531824,1490.4,1499.0626700998182,-8.662670099818115
1-c7f2dd48-3047-4c71-aa71-fc882357fbcd,2462.6,2561.8,-99.20000000000027,1493.7666527778479,1499.947645069275,-6.180992291427174,1498.6090508421246,1503.214326898512,-4.605276056387311
1-89afa64f-d451-4b03-b212-5efd2c5973b9,2334.6,2314.4,20.199999999999818,1490.409099146645,1500.0,-9.590900853354924,1498.16460639768,1500.0,-1.8353936023199822
1-c3c5f3b0-76d5-4dd2-a71a-3497320ec319,2223.8,2480.8,-257.0,1496.8,1496.8284334576172,-0.02843345761721139,1500.0,1500.0,0.0
1-50634e3e-21d5-4108-b65e-892ea38e436d,2160.0,2157.0,3.0,1500.0,1496.9127953158597,3.0872046841402607,1500.0,1512.251671565624,-12.251671565624065
1-4e699b79-b0f3-4982-a792-c3db9ea0691c,2502.4,2730.6,-228.19999999999982,1519.7410621623108,1500.0,19.741062162310755,1501.7882924200628,1500.0,1.7882924200628167
1-62f78b6e-8097-4ef0-8499-a91c8189d864,2349.6,2547.4,-197.80000000000018,1500.0,1510.4291435273344,-10.429143527334418,1500.0,1502.9715723704649,-2.9715723704648553
1-c49ce64a-8d90-4289-8593-3dac0b33633b,2575.6,2468.4,107.19999999999982,1496.818270851496,1506.769672900781,-9.95140204928498,1499.0936895208893,1504.6083324745114,-5.514642953622115
1-d3910feb-c7eb-4a07-834b-8680590c3afa,2481.0,2528.0,-47.0,1504.4526948697076,1509.7935410618888,-5.340846192181289,1499.2341862389374,1499.264232685953,-0.030046447015593003
1-e37c8cdb-3c94-4125-83f5-1a48b054ce3b,2684.0,2670.2,13.800000000000182,1506.3398011776824,1506.3834334171763,-0.043632239493945235,1498.687428710027,1497.494288288107,1.1931404219199067
1-d008af8c-7973-40c4-a9f3-a734da57151a,2798.6,2638.4,160.19999999999982,1512.7984363075552,1509.4347681826287,3.363668124926562,1495.0906978328621,1497.0319069418251,-1.941209108962994
1-f080d832-18a8-4e27-b2e0-656dbef22e2b,2511.2,2543.4,-32.20000000000027,1496.7994571964982,1499.7568342413713,-2.9573770448730556,1500.9406090862897,1490.786971180094,10.153637906195627
1-303ba42c-4e47-4710-9ec4-6ff423de9c47,2649.6,2669.4,-19.800000000000182,1493.4068372363467,1497.0018311007339,-3.5949938643871064,1494.9938111879046,1500.2783850082546,-5.284573820350033
1-2d3d8db7-1658-41a3-b599-6eb3ea982e2f,2560.8,2248.4,312.4000000000001,1493.5748580981617,1500.0,-6.425141901838288,1499.4184050637919,1500.0,-0.5815949362081483
1-1e8d372d-f85c-4431-bd15-cb2bbe063d20,2439.2,2464.8,-25.600000000000364,1506.726762526249,1490.652996001781,16.073766524468056,1500.7029379753199,1501.2819069572995,-0.5789689819796422
1-0289560b-20bf-4e1f-bd5c-cb2e42434cc5,2402.2,2438.0,-35.80000000000018,1500.0305062838283,1497.0417215798702,2.9887847039581175,1501.656136494344,1501.5554050025082,0.10073149183585883
1-81f5cf3d-221d-439d-a5d3-70f8318561c3,2518.4,2782.0,-263.5999999999999,1496.6583606992735,1503.4993655567555,-6.841004857481948,1498.2500310442906,1504.4345070321185,-6.184475987827909
1-2025fd58-9efc-4a15-8d07-88195c668f87,2066.0,2313.4,-247.4000000000001,1500.0,1496.8578427995456,3.1421572004544487,1500.0,1500.0011827955523,-0.0011827955522676348
1-23670cdc-693a-48f0-85de-e70a91673a46,2494.6,2521.8,-27.200000000000273,1493.7202965043198,1500.0011827955523,-6.280886291232491,1501.7636568712633,1499.9956496191796,1.7680072520836347
1-e841a996-c68f-4ef4-acd4-bc63f13e3f8b,1811.0,1937.6,-126.59999999999991,1500.0,1500.4198000815568,-0.4198000815567866,1500.0,1501.0221154347362,-1.022115434736179
1-534df4e6-94bd-46b0-ab39-c84d3a85f3ee,1899.0,1951.6,-52.59999999999991,1481.5785749430174,1503.0872483158196,-21.50867337280215,1500.2226347434853,1487.7530715746568,12.469563168828472
1-62f6932f-fcaf-446f-bf43-631488820c76,1754.6,1937.0,-182.4000000000001,1500.0,1487.7530715746568,12.246928425343185,1500.0,1500.247371937206,-0.2473719372060259
1-e85b9696-2fb6-4a1d-a643-c608b38cc3a8,2108.2,1874.0,234.19999999999982,1500.0,1490.6583902045427,9.341609795457316,1500.0,1500.0,0.0
1-df871a59-e23e-4ce9-b591-52614b25f7d6,2043.6,2175.2,-131.5999999999999,1500.0,1494.2142381296433,5.785761870356737,1500.0,1500.0,0.0
1-440d5709-bccf-422d-8ed8-5219da2e0e4f,2101.8,2114.2,-12.399999999999636,1500.0,1484.1773439859298,15.822656014070162,1500.0,1500.0,0.0
1-a363dba5-8217-4efe-815f-4fe34e893bce,2208.0,2350.0,-142.0,1493.6005403758495,1500.0,-6.399459624150495,1500.0,1500.0,0.0
1-496de6eb-1028-4022-bfa1-b1ce84dad46b,1892.8,1916.0,-23.200000000000045,1500.0,1496.7707991936927,3.22920080630729,1500.0,1500.0,0.0
1-5bb52386-2b42-423f-a081-123632495f7b,1901.2,2051.6,-150.39999999999986,1500.0,1499.9705277441858,0.029472255814198434,1500.0,1500.0,0.0
1-f9343ce4-8c5c-46c0-a677-23f06001a216,1899.0,1861.0,38.0,1500.0,1503.2,-3.2000000000000455,1500.0,1500.0,0.0
1-43ca0dad-6515-402a-88e9-9d13d19b933a,2000.4,2079.8,-79.40000000000009,1500.0,1500.0,0.0,1500.0,1500.0,0.0
1-253b9f31-ecaf-4061-9ba6-26dc952b09c7,2828.2,2754.2,74.0,1502.918081401978,1493.938555244752,8.979526157226019,1498.2118721217942,1506.9365644405484,-8.72469231875425
1-760f4a28-d49c-439a-ad88-7ec9c0f87d70,2721.0,2628.4,92.59999999999991,1502.6881216441066,1493.435457905116,9.252663738990577,1500.0582889171042,1504.0336660643688,-3.9753771472646804
1-4324b310-1aed-4f70-9bb9-2e706218fa41,2702.2,2834.8,-132.60000000000036,1506.929083908065,1500.827161745111,6.101922162953997,1501.8195534468286,1507.4643365714187,-5.644783124590049
1-8825e251-fe76-49b0-bc2e-3e86727e9245,2626.6,2766.2,-139.5999999999999,1512.4808150189776,1496.4432760278244,16.03753899115327,1503.3712082025677,1499.1978274298806,4.173380772687096
1-12e77202-bce7-4456-ac3b-bdd912202d06,2808.4,2871.4,-63.0,1518.7741973018942,1517.5671003080602,1.2070969938340568,1499.31496493943,1501.850803500213,-2.535838560783077
1-634f68fc-351e-43fc-b2e9-5a1b5bb6085c,2756.2,2853.8,-97.60000000000036,1503.5832989364258,1485.532842552243,18.05045638418278,1503.2486945740322,1506.196098891493,-2.947404317460723
1-f0c9021c-bb84-467d-a2a2-a76092419cd2,2834.8,2921.6,-86.79999999999973,1502.3552473401583,1490.214383343408,12.14086399675034,1492.6649734356372,1498.8020095036572,-6.137036068020052
1-63a084c3-b30a-409a-896e-e82b5ce63c27,2695.4,2761.8,-66.40000000000009,1500.2473352447553,1518.6174666009708,-18.370131356215552,1497.5084956796015,1499.4954536130576,-1.9869579334560967
1-c6369dcc-33c8-480c-9fff-fa009e70fffc,2847.0,2882.0,-35.0,1494.7712468375742,1505.9065059123707,-11.135259074796522,1510.9252685178374,1496.180764141416,14.744504376421446
1-0d0548b1-085f-484e-aab2-36f828f2cca8,2843.4,2970.6,-127.19999999999982,1509.278986796511,1522.2946940012455,-13.015707204734554,1497.181237713666,1497.800031051459,-0.6187933377930221
1-8e1051f8-32aa-4a46-9cdd-1f1f78ed6b88,2684.6,2823.4,-138.80000000000018,1490.3707691422853,1499.227658138974,-8.856888996688667,1498.1043755815422,1495.7406473129035,2.3637282686386243
1-a6a0e16f-0288-44fa-8b85-b898a147593a,2800.0,2689.0,111.0,1496.6031620335207,1503.5702839259434,-6.9671218924227105,1497.4131177830432,1500.6802469971026,-3.2671292140594232
1-20ece2a8-fe06-4492-88cd-b18b68ca17ea,2811.6,2773.8,37.79999999999973,1519.41318930475,1513.5751368168571,5.83805248789281,1497.9296678869437,1505.296883268,-7.36721538105644
1-db20edc2-ef12-4295-af4f-f87ad4af99f1,2836.6,2854.0,-17.40000000000009,1505.6882272871617,1499.5846048013238,6.103622485837832,1488.529344483875,1498.3945472736268,-9.86520278975172
1-3a587d48-8cfd-40fa-806a-8e90f5105de8,2805.4,2807.4,-2.0,1493.2530780963002,1499.9272363461969,-6.674158249896664,1503.9643760909114,1496.129047185216,7.835328905695405
1-a14488f1-ec66-421f-98f7-730fa98f8ab0,2547.0,2623.8,-76.80000000000018,1503.380183359358,1493.0010568452922,10.379126514065774,1503.1728032763535,1492.9604127739794,10.212390502374092
1-4a217a23-6937-4a08-90b2-001185d3e692,2801.2,2674.4,126.79999999999973,1502.8529320234938,1496.7492471689654,6.10368485452841,1496.6261534887135,1501.7005083617578,-5.074354873044285
1-cf908aa6-af33-4e45-9ef0-e0a85ddf24eb,2866.0,2703.0,163.0,1506.4820347856516,1496.5418093790017,9.940225406649915,1503.0810763375166,1499.5475558885296,3.5335204489870193
1-684dede5-67fc-433a-9993-1300831179f5,2870.8,2854.2,16.600000000000364,1503.3154179845728,1486.8750818775143,16.440336107058556,1509.4791746052047,1503.4475431469957,6.031631458208949
1-bae2528d-e3fb-4c78-8377-e87050317c3b,2758.4,2824.4,-66.0,1503.0810763375166,1498.6274255744502,4.453650763066435,1503.890826862018,1526.544790164807,-22.653963302788952
1-9c082843-e9f2-4aab-8850-e9441d30e828,3004.6,2939.4,65.19999999999982,1490.9532309325346,1516.4913946008223,-25.53816366828778,1502.0718020373145,1499.0610061765478,3.0107958607666205
1-63d21202-174e-403b-a761-a3f917419740,2888.8,2771.2,117.60000000000036,1502.6874411566123,1496.5917135586458,6.0957275979665155,1493.6682761487302,1492.1181555722576,1.5501205764726365
1-e385ebff-6fcd-4bda-9eea-af37e90fa409,2781.2,2837.2,-56.0,1505.99076889168,1499.848659818448,6.142109073232177,1496.609784654865,1496.7593344191127,-0.14954976424769484
1-e83a2203-1c20-4228-88aa-4415103695eb,2750.4,2917.0,-166.5999999999999,1500.1355871524556,1503.4993720905607,-3.3637849381050273,1505.4852004662662,1503.1270667213344,2.35813374493182
1-03317aa7-f0fa-4879-a9d8-c66f5bb8dfc5,2896.2,2724.4,171.79999999999973,1499.6015013459414,1493.6809648133308,5.92053653261064,1499.7173112471014,1498.559651499706,1.157659747395428
1-44f71c60-b1c5-4587-a780-03bf72ad98c0,2733.6,2837.8,-104.20000000000027,1496.6619091164807,1496.69380229001,-0.03189317352916987,1489.1361867055198,1501.0037992258497,-11.867612520329885
1-70231dd3-db07-471a-ac4e-f10b3d7b4f60,2428.8,2407.2,21.600000000000364,1521.3271143653783,1496.8480028933134,24.479111472064915,1499.7692307053142,1506.4567520240732,-6.687521318759082
1-e87d19e1-ff85-4057-a9bf-faf676b4ff1c,2390.2,2314.4,75.79999999999973,1528.1467620728156,1496.699202133873,31.447559938942504,1499.4279783202967,1482.688283727479,16.739694592817614
1-a9b5aab3-2769-4d22-bea0-cdba3d508c32,2341.2,2328.0,13.199999999999818,1500.0,1531.6373501083049,-31.637350108304872,1500.0,1499.4067923321595,0.5932076678404883
1-fc8261df-c527-42c8-8622-309961b9a934,2316.2,2300.8,15.399999999999636,1503.1428448665788,1528.6720606133908,-25.529215746812042,1496.1420298997127,1499.2630980039128,-3.1210681042000488
1-54b242e0-d01f-47f0-a656-6ea5256a78ef,2299.2,2110.6,188.5999999999999,1525.7084126414782,1500.0,25.708412641478162,1499.2336219240692,1500.0,-0.7663780759307883
1-ae3cfc01-70be-4af4-bf38-c28f08d27b9b,2408.0,2503.6,-95.59999999999991,1496.9140000666434,1522.7458957563024,-25.83189568965895,1508.8666999177124,1499.3302728347953,9.536427082917044
1-cf51ed43-2480-4708-8a4f-09dbc166ea10,2130.6,2201.6,-71.0,1496.9430669439912,1519.7557065030262,-22.812639559035006,1518.7548781672672,1499.434064395265,19.32081377200211
1-c024f8d6-1578-40ee-aa00-93c2cacc6bc1,2588.2,2544.4,43.79999999999973,1520.1092361109913,1500.3326538593235,19.776582251667833,1509.0199203718958,1527.1645260393702,-18.14460566747448
1-53c0f987-feaf-4dbf-9298-303b00d192a2,2184.8,2352.6,-167.79999999999973,1493.2541276245834,1520.1852079101682,-26.931080285584812,1493.4813502398051,1499.6855571241517,-6.204206884346604
1-f067bc76-0456-4bb8-8092-35799f1d7d27,2463.0,2457.8,5.199999999999818,1524.5997422326284,1493.3878423814485,31.21189985117985,1517.0909305188404,1499.7993172233698,17.291613295470597
1-c3b286e6-131f-4bfd-8ae7-27e06ca63f72,2454.8,2146.4,308.4000000000001,1520.6602967226204,1500.1827117793002,20.477584943320153,1499.9908497603387,1500.0,-0.009150239661266824
1-84db8d53-ddca-4a6c-9ea1-9e4fca479139,2405.6,2396.4,9.199999999999818,1500.0,1517.6224665918912,-17.622466591891225,1500.0,1499.9903414136909,0.00965858630911498
1-67b472e8-76de-488a-9260-859de59d434d,2181.8,2279.6,-97.79999999999973,1521.073971796123,1493.710704997582,27.363266798540963,1500.3597317911092,1504.400731646233,-4.0409998551238
1-c1781de4-c4c5-4f1a-a76a-df7d9510c4dd,2209.2,2154.6,54.59999999999991,1518.0399769665887,1500.0,18.03997696658871,1500.3822150280535,1500.0,0.38221502805345153
1-a9c7bcb4-862b-40c6-b650-855594af18fd,2285.8,2267.6,18.200000000000273,1521.4371704258247,1500.0,21.43717042582466,1500.4076960299237,1500.0,0.4076960299237271
1-8c17adc8-1b52-4353-9db8-642af8e63ae7,2319.4,2252.6,66.80000000000018,1521.6989874472943,1499.7303310309107,21.96865641638351,1500.2280396220694,1491.4816905651503,8.746349056919144
1-27c2bbcf-f666-484b-b1ae-b8ee2b181313,2100.4,2190.2,-89.79999999999973,1518.7548781672672,1500.0,18.75487816726718,1509.623020215093,1500.0,9.623020215092993
1-2c7ceaba-2547-41ff-bc77-af17e67aecb5,2224.6,2046.4,178.19999999999982,1518.7548781672672,1503.211220118617,15.543658048650286,1500.2644907749439,1501.2182138926999,-0.9537231177559988
1-93a9aa25-c69e-408b-b9fc-6247f92851f7,2236.6,2173.2,63.40000000000009,1515.6993764350432,1500.0,15.699376435043177,1500.288535390848,1500.0,0.28853539084798285
1-455cd03f-0593-4097-b37b-ab3989ee6d4f,2286.0,2206.6,79.40000000000009,1496.7211790278811,1512.6459463356036,-15.924767307722504,1500.0,1500.6452710271446,-0.6452710271446449
1-119c3aca-7b10-4d32-8997-21fb68047d32,2247.8,1973.0,274.8000000000002,1506.3342960025948,1500.0,6.334296002594783,1501.9879561597836,1500.0,1.9879561597836073
1-aa98753b-8b45-4f3a-944c-e47c2ac03052,2461.0,2352.0,109.0,1500.0,1512.8223252866608,-12.82232528666077,1500.0,1500.806588783931,-0.8065887839309198
1-222babde-49ea-4af6-8dea-58f973c52415,2117.0,2091.2,25.800000000000182,1502.7389459443807,1506.54739302477,-3.8084470803892145,1506.2403235219456,1503.5389653928896,2.7013581290559614
1-1525b178-fe55-4bfb-9d63-69e21c3985ab,2154.8,2218.4,-63.59999999999991,1496.7740534016225,1506.54739302477,-9.773339623147422,1497.1828221358458,1501.156618487574,-3.973796351728197
1-bab2b72f-b85e-4c04-ba78-9dc17c4fcc8d,2326.8,2217.6,109.20000000000027,1506.576125381563,1503.2770196279398,3.29910575362328,1500.3662691297504,1508.3639151722798,-7.997646042529368
1-a7678d7f-c306-4650-ab46-7c7684c353d1,2274.8,1773.2,501.60000000000014,1500.1794306153502,1500.0,0.17943061535015659,1500.915672824376,1500.0,0.9156728243760881
1-77f144e2-9994-495b-9c81-ff166817802a,2274.2,2134.2,140.0,1490.5778785094255,1497.2037467858756,-6.625868276450092,1501.8912268798454,1540.3440093260426,-38.45278244619726
1-ad24b527-76ab-4728-8690-cd8618420811,2180.0,2041.0,139.0,1496.8,1506.4589445116285,-9.658944511628533,1498.4,1500.0,-1.599999999999909
1-f97e936a-48ef-41e3-99b7-03257ace3d45,2078.0,2260.0,-182.0,1500.0,1496.8,3.2000000000000455,1500.0,1500.0,0.0
1-a7b93b96-c24d-4a84-a759-4768c7c4b08e,2052.8,2137.0,-84.19999999999982,1500.0,1500.0,0.0,1500.0,1500.0,0.0
1-f3cb0079-ebb1-4a31-b96e-327dd7da26c6,2597.4,2693.2,-95.79999999999973,1494.535509513154,1500.0,-5.464490486845989,1498.5118677292242,1500.0,-1.48813227077585
1-c7ac35d7-f74f-4f19-a83e-43a09f87b058,2742.0,2834.6,-92.59999999999991,1500.700250645496,1503.2596839215516,-2.5594332760556426,1497.4402948922925,1506.4808510108,-9.040556118507538
1-08dd77c3-8290-4f1e-b489-60aee5b4fa2f,2750.6,2727.0,23.59999999999991,1494.43013091618,1487.3783771414955,7.051753774684357,1498.3165135288987,1501.1730942392949,-2.8565807103962015
1-387b25b9-a4dd-431a-85b1-b2ba7f7ec701,2806.4,2567.2,239.20000000000027,1493.4619102694771,1500.0,-6.53808973052287,1498.4998077283817,1500.0,-1.500192271618289
1-b3b926a2-a2ce-48bd-983b-5b502909158f,2518.0,2841.0,-323.0,1500.0,1506.501402849163,-6.501402849163014,1500.0,1497.7411891984204,2.258810801579557
1-8b56e511-23f1-4683-9016-5dadfb4b0f29,2660.8,2632.4,28.40000000000009,1512.6091132439576,1496.8586681542076,15.750445089749974,1498.4668682923514,1500.0,-1.5331317076486357
1-ab91adeb-ead1-4a52-b169-2d903ffe185f,2582.0,2328.4,253.5999999999999,1493.5122493258546,1500.0,-6.487750674145445,1498.0109422138464,1500.0,-1.9890577861535803
1-b54d58d2-14ad-4d4d-bc50-15938d63fe48,2677.8,2489.8,188.0,1515.5580679378918,1500.0,15.558067937891792,1497.6189100012728,1500.0,-2.381089998727248
1-b7f792dd-f06d-43e6-871f-d787a7ce1087,2789.2,2677.8,111.39999999999964,1500.0,1533.0767219338536,-33.076721933853605,1500.0,1496.2915871783575,3.7084128216424688
1-9c211d68-e446-4bcc-b13c-4be0d59dd420,2716.4,2677.8,38.59999999999991,1500.0,1521.2027182488196,-21.202718248819565,1500.0,1496.0443596569148,3.9556403430851788
1-2b974264-02b9-471d-93ce-4d99d36b7225,2662.2,2821.2,-159.0,1483.8178349601058,1512.226330527359,-28.40849556725334,1496.0441654874649,1500.0,-3.955834512535148
1-e1188860-1acd-4241-b366-f4c9a1113135,2662.2,2821.2,-159.0,1500.0,1496.0441654874649,3.955834512535148,1500.0,1500.0,0.0
1-347ee929-325d-4e48-939b-f9951ebc7377,2821.2,2863.8,-42.600000000000364,1512.6253275217393,1500.0,12.625327521739337,1500.0,1500.0,0.0
1-1763bb4a-5465-4728-9011-7c3134e873f9,2650.0,2676.6,-26.59999999999991,1506.3421411038962,1500.0,6.3421411038962106,1500.0,1500.0,0.0
1-49561c78-2486-4dee-b90a-2b88895aef7a,2585.0,2671.6,-86.59999999999991,1500.0,1503.1410604879493,-3.1410604879492894,1500.0,1493.6,6.400000000000091
1-f397384f-3028-46c5-8abb-faae6d7322fd,2205.4,2174.6,30.800000000000182,1504.861631779615,1493.8395294650186,11.022102314596395,1495.2044416451915,1511.6344956943021,-16.430054049110595
1-837c445b-b4bb-4308-b227-028ae8c83693,2384.4,2238.6,145.80000000000018,1493.7822714260633,1500.0,-6.217728573936711,1517.257891872552,1500.0,17.25789187255191
1-096579fc-eaae-471b-8096-20f17a54b1c0,2378.6,2365.6,13.0,1496.3366486319508,1501.8267155234244,-5.490066891473589,1491.2685891153142,1499.5674432645465,-8.298854149232284
1-86c3321a-8fd0-4ee4-9869-e97f580c151e,2431.4,2389.4,42.0,1508.8691574111674,1503.80264204278,5.0665153683874,1508.6221500962527,1506.8696816648983,1.752468431354373
1-c74c3623-b345-43e2-a5fa-3a2436c62b43,2399.2,2493.2,-94.0,1500.0,1508.3502705762373,-8.350270576237335,1500.0,1499.380733043999,0.6192669560009563
1-593a8fc9-102c-41c2-9c66-c2d5ce880fd4,2294.6,2530.6,-236.0,1511.6576007720569,1500.0,11.657600772056867,1499.3549302541658,1500.0,-0.6450697458342347
1-df23e6f0-3ba6-4f7f-a8ff-a9fa15fca4ad,2358.0,2387.4,-29.40000000000009,1514.9956299286482,1500.0,14.995629928648214,1499.3268837434773,1500.0,-0.6731162565226896
1-5717916c-811d-49bc-a815-7ac4a9d9c388,2297.8,2384.4,-86.59999999999991,1500.0,1511.9052383299368,-11.905238329936765,1500.0,1499.2962875499989,0.7037124500011487
1-984fca2a-12e0-4998-bffe-158bfba530fe,2521.6,2692.0,-170.4000000000001,1522.3511983358121,1500.0,22.351198335812114,1527.9226371683947,1500.0,27.922637168394658
1-55946ad4-cef7-4bf9-aab6-96df7d05af65,2347.6,2464.6,-117.0,1512.2547147111234,1496.6206701477497,15.634044563373664,1499.3948827976114,1500.0,-0.6051172023885556
1-2dcde239-3c8f-4459-871d-3301b75e6307,2284.6,2344.0,-59.40000000000009,1491.477923226155,1518.7350035266106,-27.257080300455527,1539.1765406442744,1499.95289122008,39.22364942419449
1-a1e80585-427b-46d4-8452-19ddb5f1401b,2310.6,2321.8,-11.200000000000273,1500.0,1506.1619960506848,-6.16199605068482,1500.0,1499.80109626256,0.19890373744010503
1-65135e25-f3bb-4452-8c07-1a772d332f19,2368.4,2272.0,96.40000000000009,1512.7649473668678,1496.7013635504215,16.063583816446226,1504.5303813582254,1500.0,4.530381358225441
1-0378f822-b892-454c-8ade-b24d4c49b80b,2411.4,2294.2,117.20000000000027,1500.0,1506.3684911960381,-6.368491196038121,1500.0,1499.9823980734784,0.01760192652159276
1-b8db85d2-b9d7-4706-a402-bf8a75825622,2428.6,2501.6,-73.0,1503.2856170671087,1490.5631537586246,12.722463308484066,1500.6103476944688,1503.8450924023775,-3.2347447079087033
1-cd059886-89ca-40e9-a9c9-2c66721f76ff,2410.2,2502.2,-92.0,1509.1976792306466,1496.8344622560976,12.363216974549005,1485.2631317068356,1501.648620313983,-16.38548860714741
1-3f330795-4dcc-4d76-9ce2-478f246003b4,2216.8,2166.6,50.20000000000027,1496.7417872998958,1500.0,-3.2582127001041954,1499.996733552799,1500.0,-0.003266447200985567
1-3b6f0af5-e831-45cd-96ed-49a2a850c138,2023.8,2141.4,-117.60000000000014,1499.6724720800844,1500.0,-0.32752791991561025,1499.7728387714671,1500.0,-0.22716122853285015
1-1b1802d6-cdb2-4a93-8c21-bf30c56134a0,1944.2,2005.8,-61.59999999999991,1509.535892381386,1500.0,9.53589238138602,1499.5743541801141,1500.0,-0.42564581988585815
1-7b3f6c1d-42df-48e4-88ef-bab91433c471,2268.2,2147.0,121.19999999999982,1503.2583393111088,1496.6102748276815,6.6480644834273335,1500.1673630679352,1479.3766634059584,20.79069966197676
1-fad37929-8679-4f06-8deb-eea2cc330ee7,2137.4,2109.6,27.800000000000182,1500.0,1496.799383443045,3.200616556955083,1500.0,1500.1859589643723,-0.18595896437227566
1-e7efb8f3-7a34-4a7a-b288-00f41dd61281,2375.8,2390.4,-14.599999999999909,1500.0588651229086,1500.0,0.05886512290862811,1500.418407669838,1500.0,0.4184076698379613
1-6883a255-2acb-442e-9af1-a4a2ac00ecba,2300.6,2300.4,0.1999999999998181,1503.2891584871204,1500.0,3.289158487120403,1500.4781801941006,1500.0,0.4781801941005597
1-dd0438df-4d88-4715-8865-fa741d8a16a0,2466.2,2447.4,18.799999999999727,1500.089987300771,1500.0,0.0899873007710994,1500.5578768931173,1500.0,0.5578768931172817
1-9fa0611c-9f06-4e38-8f5f-d957062831ee,2253.2,2326.0,-72.80000000000018,1496.8610775431048,1500.0,-3.138922456895216,1500.669452271741,1500.0,0.6694522717409654
1-159c8714-d9cb-46ba-883f-8a1b20cd4c4d,2080.4,2122.4,-42.0,1500.0,1493.602157899301,6.397842100699108,1500.0,1500.8368153396761,-0.83681533967615
1-dad09bb2-5952-442d-b363-a6af0da0eac0,2144.4,2369.4,-225.0,1496.772431752266,1500.0,-3.227568247734098,1501.1157537862348,1500.0,1.1157537862347908
1-3d40d8c1-edcb-456f-b90a-993e442e97c5,2573.8,2300.2,273.60000000000036,1499.9410604879492,1503.3472613587044,-3.4062008707551286,1500.0,1516.0,-16.0
1-7001eda8-ba16-4f9c-9b3b-7fc9f9ee90eb,2193.2,2186.6,6.599999999999909,1506.4,1500.0,6.400000000000091,1500.0,1500.0,0.0
1-274740ff-9f5c-418d-bbbc-0a603e3a7073,2163.0,2117.2,45.80000000000018,1500.0,1500.0,0.0,1500.0,1500.0,0.0
1-9fdde28d-2f6e-4c3a-a50e-dc172a058fd7,2791.4,2360.0,431.4000000000001,1484.0,1500.0,-16.0,1500.0,1500.0,0.0
1-f84ed406-79fe-46b9-b8f9-cd0cda4ebd27,2791.4,3059.8,-268.4000000000001,1500.0,1500.0,0.0,1500.0,1500.0,0.0
1-e8dc8a1e-5487-44b8-8c0c-a81c2d905b63,3526.0,3338.2,187.80000000000018,1503.1996991308529,1496.727351848974,6.4723472818789105,1500.0,1500.8279168598874,-0.8279168598874094
1-c1ed4319-bd58-4aef-bacf-bb1fc528aedc,3005.6,3226.0,-220.4000000000001,1512.7025129672209,1514.0918994405208,-1.3893864732999646,1506.2920808106778,1504.7196998908178,1.572380919860052
1-4f558e50-7447-412f-ac5d-ff82da5f6915,3337.8,3290.2,47.600000000000364,1511.837156308417,1526.559587577426,-14.722431269009121,1503.7324397439409,1503.6975729954004,0.03486674854048033
1-c3f9ea15-dcc5-44ff-8b3b-d1a473affd2f,3057.0,3120.4,-63.40000000000009,1503.6601356471049,1494.1002897287367,9.559845918368183,1507.820344117809,1521.7144184846798,-13.894074366870655
1-389ce586-22c5-4598-8231-990be1b91b06,3239.8,3277.6,-37.79999999999973,1506.6273712834934,1503.5411197200342,3.0862515634592,1494.2340978716845,1531.4085754567036,-37.174477585019076
1-fee6effa-a6af-4ca6-9301-e0629873c4b5,3062.4,3103.8,-41.40000000000009,1500.0326664526688,1500.0,0.03266645266876367,1509.0992849752492,1500.0,9.099284975249248
1-bffcc50e-b4f5-49aa-b76b-9d1c300523f4,3286.2,3185.8,100.39999999999964,1500.3982760560916,1506.2390067442373,-5.840730688145641,1514.7693178455843,1504.0086233081638,10.760694537420477
1-66ff0412-a1c5-42ac-8583-5376c9beb193,3444.4,3100.8,343.5999999999999,1509.6497245703226,1520.2924914006667,-10.642766830344044,1509.6219359406125,1504.4042448196944,5.217691120918062
1-8c4911a0-d21a-4cc6-8590-ea5abeaec476,2945.2,3122.8,-177.60000000000036,1509.1959623712269,1503.3403546599484,5.855607711278481,1489.9845053701658,1506.0943449938045,-16.109839623638663
1-57d813c6-0acf-4d2c-b9e6-1e1f783113c0,3339.4,3241.2,98.20000000000027,1499.051435536653,1508.9765458203765,-9.925110283723598,1497.242985407277,1505.1902216076548,-7.947236200377802
1-ef0c6289-48fc-4b5e-98ce-75269d8d0d14,3341.2,3205.0,136.19999999999982,1506.605967872276,1513.1048747373811,-6.4989068651050275,1508.2391325932415,1507.3684375698544,0.870695023387043
1-adf6a8f3-842d-4391-8cf6-1cd266a87ad0,3075.6,3144.4,-68.80000000000018,1516.69251555862,1489.7474121064774,26.945103452142575,1499.8658405039819,1495.74136071912,4.124479784861933
1-74442e23-55f9-49eb-9a12-147e8bdc6688,3117.4,2940.4,177.0,1506.8953580030488,1478.1647493409782,28.73060866207061,1506.632861005031,1501.4374004636436,5.19546054138732
1-d5f4bdba-a9a3-4c6e-b712-dbfdf8a3bb88,3217.0,3081.8,135.19999999999982,1509.6015400037454,1520.0596122363731,-10.458072232627728,1508.5722025603854,1503.5162539730077,5.05594858737777
1-e4563196-94a2-40ac-aab5-662add94eee2,3126.2,3556.4,-430.2000000000003,1527.2445912291887,1493.50665218404,33.73793904514878,1504.1445827831499,1494.2658059057226,9.878776877427299
1-1016dcc1-cd2c-40ee-922f-cbee406de459,3537.0,3416.8,120.19999999999982,1489.0961170341745,1510.358692429472,-21.262575395297517,1509.944188260463,1496.939424289889,13.004763970574004
1-d04f6d36-c861-4689-91bd-f2433df91f37,3359.0,3537.4,-178.4000000000001,1540.22147840882,1493.5436284385275,46.67784997029253,1510.8934528304865,1502.1321212222822,8.761331608204273
1-117c704e-c8af-4d21-9b0c-ae0129048969,3284.2,3110.4,173.79999999999973,1503.7445800641385,1528.0815216294818,-24.336941565343295,1513.0891664629894,1501.3789521121844,11.710214350805018
1-33161d20-d85f-493a-8ebf-d0a252c52ebd,3017.0,3300.6,-283.5999999999999,1520.961835211364,1513.5087373770234,7.453097834340497,1503.2968400290663,1505.2347775811854,-1.9379375521191378
1-bab74f58-ab69-46ab-bc0e-61d5abe9b492,3035.6,2841.0,194.5999999999999,1513.0134299161227,1517.97156974185,-4.958139825727358,1503.4498996436662,1500.4601080894563,2.989791554209887
1-b86518bc-410f-4eca-9a9a-35e4a599648f,3522.4,3576.6,-54.19999999999982,1515.1305016423314,1509.420907590561,5.709594051770409,1498.7155726403428,1501.6996508553837,-2.9840782150408813
1-1bed27a8-6da4-46e1-8498-a0709b30dda4,3415.4,3194.4,221.0,1506.2555586032136,1515.5192015594207,-9.26364295620715,1495.3921883078924,1501.2535347434034,-5.861346435510995
1-c1f26f86-0ad1-4030-b129-b55ae415542e,3073.4,3414.8,-341.4000000000001,1484.49263452163,1512.3134066978619,-27.820772176231912,1496.6810212641506,1499.618164708319,-2.9371434441684414
1-5647fe55-c6c0-4068-99d1-0d7b8c0dbc4a,3224.8,3352.2,-127.39999999999964,1512.0083716680697,1491.1941122403446,20.81425942772512,1500.0695488566669,1508.7360835009868,-8.666534644319881
1-ebb465ea-ed20-4bf7-9d59-1f89df0e9bfc,3002.2,3140.2,-138.0,1509.266630409368,1500.0,9.266630409367963,1503.3543764443868,1500.0,3.354376444386844
1-17b5e8fb-32fd-46f9-862a-e689b6e67b9d,3337.8,3324.0,13.800000000000182,1506.3605187336018,1500.1504056490187,6.210113084583099,1500.2609708396244,1501.349296892254,-1.0883260526295544
1-939a1f04-2d38-4c8a-93d8-7f1bc728aa7b,3361.0,3280.0,81.0,1490.9996300606672,1506.7741492396744,-15.774519179007257,1508.4932949788013,1498.0676212623694,10.425673716431902
1-a4e1ab7f-1b12-48fb-b8b3-8bfef3b36b0f,3112.4,3011.2,101.20000000000027,1509.296521189191,1499.9346843723233,9.361836816867708,1497.5551869221458,1496.8845603867721,0.6706265353736853
1-5a860a95-a139-48b8-ac0c-393d586cdf71,2501.6,2917.8,-416.2000000000003,1500.0,1506.8716068336482,-6.871606833648229,1500.0,1499.2321172096074,0.7678827903926049
1-6fa849de-bde1-4842-8480-c1bbe143ece3,2774.6,2730.2,44.40000000000009,1500.632451938158,1500.0,0.6324519381580558,1498.769642347212,1500.0,-1.2303576527879159
1-7c4a798f-65b6-4cef-a8f7-400b53e7b775,2814.8,2686.8,128.0,1487.3672491876337,1500.0,-12.63275081236634,1498.2984415440164,1500.0,-1.7015584559835588
1-a3d79573-09cc-42c0-a5f6-9d1abaeaeeaf,2825.0,2853.0,-28.0,1493.7173226240607,1500.3201760588588,-6.602853434798135,1503.1111233024562,1500.0,3.1111233024562353
1-dfe76341-50f1-4032-83d9-c07d8a8e1719,2513.2,2702.0,-188.80000000000018,1500.0,1490.4565470075718,9.543452992428229,1500.0,1500.0,0.0
1-dd1e0eba-ad91-42a3-8053-24a61af30166,2657.8,2741.8,-84.0,1500.0,1496.7975575073863,3.202442492613727,1500.0,1500.0,0.0
1-4d54bb53-a18c-44bb-9489-0013aaad36cc,2699.4,2622.0,77.40000000000009,1500.0,1500.2651903175697,-0.26519031756970435,1500.0,1500.0,0.0
1-71d8e54d-d46e-42ca-87cd-5220c20461ee,2763.0,2766.4,-3.400000000000091,1474.948386897819,1490.6840292166494,-15.735642318830287,1509.4984181428474,1497.9577726182374,11.54064552461
1-5026b543-eae7-403b-be40-be0da741a010,2808.2,2751.4,56.79999999999973,1498.6427125292823,1487.659855598616,10.98285693066623,1541.83712137903,1503.4871155700687,38.350005808961214
1-52938b1d-eb58-4b1b-aa69-2b6a4950a83a,2711.6,2815.0,-103.40000000000009,1508.739686851699,1497.245617584418,11.49406926728102,1495.6718750148586,1507.7530694391826,-12.08119442432394
1-96218dc4-3780-42b3-8d13-aec6d681d140,2781.6,2635.8,145.79999999999973,1506.430762641959,1488.1508536397466,18.279909002212435,1501.5320598887233,1495.6451596866273,5.886900202096058
1-21849a90-aaee-4305-a31e-4588be559d76,2497.8,2471.0,26.800000000000182,1509.4595140066288,1500.0320921798896,9.427421826739192,1497.9184181058417,1500.1496183939594,-2.231200288117634
1-cd4f75c6-0d64-4ec8-a391-629719cadc2c,2397.6,2380.2,17.40000000000009,1500.0,1497.0396747619025,2.960325238097539,1500.0,1498.86693318541,1.133066814589938
1-2a7c9120-1025-4781-bb02-ed4d0928870e,2521.4,2596.6,-75.19999999999982,1496.60079955623,1491.9408866304168,4.65991292581316,1478.3440848553369,1500.0,-21.65591514466314
1-0d745f11-58de-496f-ba2f-4ca70077d7a8,2544.4,2544.6,-0.1999999999998181,1478.3440848553369,1500.0,-21.65591514466314,1500.0,1500.0,0.0
1-861f49ac-f12c-4aa6-a4d0-d80747da0d96,2490.2,2561.0,-70.80000000000018,1510.0454381711547,1508.4973196133901,1.5481185577646102,1511.889294232268,1500.180823442879,11.708470789388912
1-06327146-ce14-4ba7-9321-330ff18cde4d,2613.4,2590.2,23.200000000000273,1498.3910864216828,1516.729287046753,-18.338200625070158,1498.3091096150638,1504.5821124917204,-6.273002876656619
1-aad5918d-56de-456e-bc89-ad0827462e2f,2651.4,2553.2,98.20000000000027,1503.2,1508.1272214553826,-4.927221455382551,1500.0,1497.654214366655,2.345785633345031
1-bb9b44ec-8b23-43b7-8b0d-c705d59248a0,2588.2,2587.4,0.7999999999997272,1493.5202904777252,1498.6694886424395,-5.149198164714335,1490.9006844189898,1498.244854764688,-7.344170345698103
1-484dd17e-8a38-454e-bd3a-f6f144f08f83,2503.6,2413.6,90.0,1489.0391472291133,1490.1372432505386,-1.0980960214253628,1499.732470335444,1490.4881404100222,9.24432992542188
1-adb399f2-e745-4bc4-af97-8a4b1d047e62,2533.2,2510.0,23.199999999999818,1482.14626404023,1500.0,-17.853735959769892,1499.7723749702832,1500.0,-0.22762502971681897
1-c4ac138f-78f7-45c0-8cfe-9c9d97ea5841,2514.6,2691.2,-176.5999999999999,1490.6874107430654,1500.0,-9.312589256934643,1500.0,1500.0,0.0
1-bd20fb04-c120-4679-9a68-85716b8c402c,2443.0,2403.2,39.80000000000018,1484.343978655453,1500.0,-15.65602134454707,1500.0,1500.0,0.0
1-064ae0c1-bd66-4575-81e0-b1d739ee5f8c,2357.4,2479.2,-121.79999999999973,1500.0,1493.7719085598187,6.228091440181288,1500.0,1500.0,0.0
1-ff4a8d06-36c3-40f6-b75f-97e5fde1c038,2471.8,2349.8,122.0,1500.0,1490.4,9.599999999999909,1500.0,1500.0,0.0
1-95f44889-7cf6-4712-b620-16e427c3c247,2430.8,2552.8,-122.0,1500.0,1500.0,0.0,1500.0,1500.0,0.0
1-b4d1f63f-fb07-4c8e-99b6-a4d235d4cc72,2131.6,2116.2,15.400000000000091,1496.404413844426,1497.9264825968853,-1.5220687524592904,1495.0134041547499,1499.8126401049606,-4.7992359502106865
1-00c4c954-2c73-45e9-9a00-09b402a50335,2018.8,2107.0,-88.20000000000005,1500.0,1484.5579507953294,15.442049204670639,1500.0,1499.8065872049563,0.19341279504374143
1-eb74f395-c52b-4241-b52a-9b9a59ce645a,2140.4,2040.0,100.40000000000009,1494.0841226444745,1500.0,-5.915877355525481,1499.8400882328667,1500.0,-0.1599117671332806
1-83be5862-2afd-44bf-8026-75797ef26d4a,2002.2,2084.8,-82.60000000000014,1510.3201183084188,1500.0,10.320118308418841,1499.7931613180892,1500.0,-0.20683868191076726
1-073e5c42-e4a0-4a80-bd3a-986014df60d5,2283.8,2429.2,-145.39999999999964,1507.109156216151,1500.0,7.10915621615095,1499.7296350333934,1500.0,-0.27036496660662124
1-ac6dc1f5-f085-40aa-80b4-3c191fbe28e7,1919.4,2257.0,-337.5999999999999,1496.8584067910783,1513.8213776432863,-16.962970852207945,1506.3421411038962,1499.857302541751,6.484838562145114
1-3ce49f4b-6ecc-40fd-9a51-e39f13fe9ee6,2037.4,2142.6,-105.19999999999982,1500.0,1533.6504923363393,-33.65049233633931,1500.0,1499.8690117520862,0.13098824791381958
1-e76ed7a1-2c14-42d3-a416-2f84920d55e0,2126.6,2138.6,-12.0,1500.0,1521.6469656780112,-21.646965678011156,1500.0,1499.863315800897,0.13668419910300145
1-8845ecbc-34d9-4f22-9965-44e986d157a1,2124.2,2134.6,-10.400000000000091,1493.644796294326,1512.6236623839554,-18.97886608962949,1506.616195006803,1500.112082928324,6.504112078479011
1-3d3f5c10-8a6f-43e1-9af0-b6f727ba507b,2040.2,2148.8,-108.60000000000014,1500.0,1456.560997940184,43.43900205981595,1500.0,1500.1962773630462,-0.19627736304619248
1-ca1128b9-8d74-42ab-83a1-8fab5599221e,2220.4,2127.0,93.40000000000009,1468.19242652926,1500.0,-31.807573470739953,1500.2095356877776,1500.0,0.20953568777758846
1-4fdfb902-e854-4819-93b0-fc3d5322a27a,2130.6,2095.0,35.59999999999991,1480.1463190104332,1503.1460964223847,-22.999777411951527,1500.0,1500.0,0.0
1-bf7a4e50-4ef4-4caa-a0bd-c5f8d343b97e,2028.6,2061.4,-32.80000000000018,1500.0,1492.6765532116638,7.323446788336241,1500.0,1500.0,0.0
1-121e39c8-e5d7-4c70-83f9-39b1f678f2d8,2018.8,1923.4,95.39999999999986,1500.0,1490.8391492921673,9.160850707832651,1500.0,1500.0,0.0
1-9c9530eb-26c2-456a-b715-0bc3494938bc,1848.4,1957.2,-108.79999999999995,1500.661022194946,1500.0,0.6610221949460993,1502.5424252171888,1500.0,2.542425217188793
1-7fae4691-fd22-479e-adc8-d1a31cf4fbf9,1842.4,1814.0,28.40000000000009,1500.0,1490.5976817361257,9.40231826387435,1500.0,1500.0,0.0
1-d1ab1d2a-ec1e-4f7a-b127-605bbca202b3,2037.0,1934.8,102.20000000000005,1516.0512453922306,1500.0,16.051245392230612,1500.0,1500.0,0.0
1-278ccabb-3ac2-4248-90f4-eaf2071cd18c,2157.2,1991.4,165.79999999999973,1500.0,1526.3787190404485,-26.37871904044846,1500.0,1500.0,0.0
1-45f00cd2-692e-4b1f-b8f8-6379d8e0ba1e,2278.8,2403.8,-125.0,1514.3263381782917,1500.0,14.326338178291735,1500.0,1500.0,0.0
1-7029bb1f-007a-4ab3-a262-9b4bf30ca275,2022.8,1864.2,158.5999999999999,1510.9447860961002,1500.0,10.944786096100188,1500.0,1500.0,0.0
1-e5f2692e-e41b-419b-9636-af3752b76695,2161.0,2193.8,-32.80000000000018,1498.7709035823168,1500.0,-1.2290964176831949,1500.0,1500.0,0.0
1-39338022-74ac-46d9-a0c0-f8b45fb427c8,2142.2,2122.0,20.199999999999818,1505.2679350973053,1500.0,5.267935097305326,1500.0,1500.0,0.0
1-e1097140-9267-4af5-aefa-5b0fc5484882,2540.6,2275.4,265.1999999999998,1500.0,1511.8868128882978,-11.886812888297754,1500.0,1500.0,0.0
1-1907bb43-860b-406c-bef8-91211c2135fa,2470.0,2391.2,78.80000000000018,1500.0,1511.7550347803613,-11.755034780361257,1500.0,1500.0,0.0
1-83c2bb14-0159-43ad-924a-a8e1429d1933,2307.4,2446.6,-139.19999999999982,1521.9610337184033,1500.0,21.961033718403314,1500.0,1500.0,0.0
1-fb194656-8f13-4616-909e-c2649c1abd63,2377.8,2276.8,101.0,1512.7121260859435,1500.0,12.71212608594351,1500.0,1500.0,0.0
1-b96e3183-c1a6-43b9-b1e8-0d9ea5201398,2470.2,2490.8,-20.600000000000364,1503.1705277441856,1500.0,3.1705277441856197,1500.0,1500.0,0.0
1-278d8649-e06f-4cc3-b312-4803b8e7c5a2,2244.8,2220.4,24.40000000000009,1503.2,1500.0,3.2000000000000455,1500.0,1500.0,0.0
1-817d259d-ec09-4d53-9303-532cf6c71e7f,2017.0,1864.0,153.0,1503.5219784040123,1493.7434779969997,9.778500407012643,1500.000152240312,1507.7902680654486,-7.790115825136581
1-95b0d3a3-5ee7-4c4c-b26d-2df5448b1f9f,1790.8,1681.4,109.39999999999986,1483.4824518018522,1500.0,-16.51754819814778,1500.0000624783693,1500.0,6.247836927286698e-05
1-d269b0e6-fac9-4ddf-98af-746f7365c359,1616.2,1707.0,-90.79999999999995,1500.0,1499.6478699191664,0.35213008083360364,1500.0,1500.0001069084065,-0.00010690840645111166
1-abe3607b-c215-4053-95a1-4d3e3265a936,1655.0,1790.8,-135.79999999999995,1500.0,1509.510591660689,-9.510591660688988,1500.0,1500.0001098384885,-0.0001098384884699044
1-841ec764-bf77-4755-b331-aa08a203fa08,1714.6,1816.0,-101.40000000000009,1519.653046972641,1500.0,19.65304697264105,1500.0001129337415,1500.0,0.00011293374154774938
1-889e8976-b847-430f-9a17-9d0ba27b5a8d,1686.2,1596.8,89.40000000000009,1510.3386295774928,1500.0,10.338629577492839,1500.0001743128091,1500.0,0.00017431280912205693
1-db72637a-c3a4-4e2d-9930-a97c85ea458e,1916.6,1784.2,132.39999999999986,1500.0,1517.0524961765334,-17.052496176533396,1500.0,1500.0001795184617,-0.00017951846166397445
1-0f0214c8-09bd-4073-883b-1c2ef8e0e8d5,2029.0,2038.4,-9.400000000000091,1523.8919089874,1500.0,23.89190898740003,1500.000185044683,1500.0,0.00018504468289393117
1-e47b6de2-ad6f-4cec-9fc3-e1fd10aaed88,1848.2,1846.0,2.2000000000000455,1517.7596731627061,1503.2151198120725,14.544553350633578,1499.8980979038067,1501.6416249541794,-1.743527050372677
1-73298922-0e10-4a24-971e-0a1b19805bdf,1891.4,1940.0,-48.59999999999991,1513.9514559606932,1500.0,13.951455960693238,1499.9579020334882,1500.0,-0.04209796651184661
1-9e3b863a-4a96-45c0-80f3-031e02bf4f60,1980.0,1891.4,88.59999999999991,1500.0,1531.3932467526508,-31.39324675265084,1500.0,1499.8911854426929,0.10881455730714151
1-423d0c7f-9c23-499f-b837-a94120244840,2152.4,2169.4,-17.0,1500.0,1513.2323900136064,-13.232390013606391,1500.0,1500.140543566675,-0.14054356667497814
1-04295c5c-04e6-4483-b0e6-7e691dfbbac8,1804.0,1752.0,52.0,1500.0,1501.021115134054,-1.021115134054071,1500.0,1500.1284656039138,-0.1284656039138099
1-b2fd5b01-32d0-4b80-8fa5-029cf3301ac2,1782.2,1795.8,-13.599999999999909,1500.0,1494.5201815165744,5.479818483425561,1500.0,1500.1339370759529,-0.13393707595287196
1-4b5e8662-945c-42b2-b940-ae846161e482,1805.6,1932.0,-126.40000000000009,1500.0,1487.8973322679335,12.102667732066493,1500.0,1500.1398955919044,-0.1398955919044056
1-c6ad158d-5f4e-4c98-af6c-f7eb1b95a3f6,1882.0,1857.2,24.799999999999955,1500.0,1481.1504510171137,18.84954898288629,1500.0,1500.1464092490935,-0.1464092490934945
1-48fb4060-c390-4e24-ba55-51d1c013afa9,1833.0,1836.6,-3.599999999999909,1474.277488671075,1500.0,-25.722511328925066,1500.1535594682355,1500.0,0.15355946823547129
1-3ae0e304-14cb-4eea-b3b0-add42820a0fe,1820.0,1873.8,-53.799999999999955,1500.0,1467.2764752105934,32.72352478940661,1500.0,1500.161444421675,-0.16144442167501438
1-aa5b4ea9-42de-4b66-a137-4ecea15f774a,1781.6,1938.8,-157.20000000000005,1500.0,1473.1834751782335,26.816524821766507,1500.0,1500.1701835784038,-0.17018357840379394
1-2c8c5fad-053e-434d-8939-0298ba5a4e8a,1567.8,1825.4,-257.60000000000014,1500.0,1466.1621217896352,33.837878210364806,1500.0,1500.1799238150056,-0.1799238150056226
1-c5eb66ba-3e27-4003-a5a6-cff8fe06d911,1728.6,1737.0,-8.400000000000091,1500.0,1472.048341196179,27.95165880382092,1500.0,1500.1908477609168,-0.19084776091676758
1-5dab5f8c-93a6-46cd-ba29-f74340525679,1913.2,1873.4,39.799999999999955,1500.0,1478.0444423756767,21.95555762432332,1500.0,1500.2031853939457,-0.2031853939456596
1-acf9264d-c82f-4e2c-a037-ad3ec3b1a80e,1866.4,1927.2,-60.799999999999955,1500.0,1500.8915140912954,-0.8915140912954485,1500.0,1500.0,0.0
1-d7c69b6e-f939-401e-85c6-b691a9894f79,1873.4,2053.4,-180.0,1500.0,1507.4283281054554,-7.428328105455421,1500.0,1500.0,0.0
1-feb6a9be-2947-48c8-9ea4-ad37cef47904,2164.8,2079.4,85.40000000000009,1500.0,1520.880823881378,-20.88082388137809,1500.0,1500.0,0.0
1-d4577a41-bf78-4c64-bc48-78a38920e7a1,2230.6,2268.8,-38.20000000000027,1511.6012594432764,1500.0,11.601259443276376,1500.0,1500.0,0.0
1-80f1e651-8f27-46dd-b5d7-6dda3fb6a4a8,2047.4,1992.8,54.600000000000136,1500.0,1509.1435421574956,-9.14354215749563,1500.0,1500.0,0.0
1-dddd18a6-87d4-48d3-a855-269e128a267c,2364.6,2195.4,169.19999999999982,1500.0,1500.0,0.0,1500.0,1500.0,0.0
1-947b84af-ed07-4188-b009-b9aba96a623c,3250.8,3276.6,-25.799999999999727,1484.44508019868,1578.9559331681887,-94.51085296950873,1498.0798992535606,1500.5386849722388,-2.4587857186782003
1-e0b39249-4d22-4040-8550-8b7353c51ed5,3219.8,3276.6,-56.79999999999973,1506.3962516381466,1565.658916284506,-59.262664646359326,1507.7228175920502,1500.2772320963688,7.445585495681371
1-fb89862f-cacb-4e66-b284-4fcac54190d4,3076.4,3089.2,-12.799999999999727,1483.3163648896782,1553.3306353600688,-70.01427047039056,1499.0361366416607,1503.6679846393824,-4.631847997721707
1-bc0a5787-1edb-4310-9a88-5baaa0badab7,2980.8,3059.4,-78.59999999999991,1555.288345630922,1507.4835295016182,47.804816129303845,1504.1716490616468,1524.6014886821606,-20.429839620513803
1-b12c75ba-4e37-45a4-b9f5-e700fea45293,3043.6,3044.6,-1.0,1555.9731665992826,1501.9705133846498,54.0026532146328,1503.44073331946,1488.0568044104089,15.383928909051065
1-5f7af6d7-c4ec-404f-8a15-07a88987ce39,3147.6,3229.4,-81.80000000000018,1585.4602488637506,1496.2483690598194,89.2118798039312,1499.8082226046113,1503.410514708878,-3.6022921042667804
1-31d2f6e4-d16f-41c0-97d7-bf418b227841,3129.2,2914.6,214.5999999999999,1565.5663955273717,1497.3126263087431,68.25376921862858,1499.3443818892556,1509.709997380216,-10.365615490960408
1-9d685091-a54c-432c-be9a-2a3028e08864,3104.8,3289.4,-184.5999999999999,1572.4557631542289,1493.6115649768894,78.84419817733942,1503.7572129626826,1502.8063222359476,0.9508907267349969
1-b45b0656-8df9-4448-a265-cbcd3ab64925,3377.4,3216.0,161.4000000000001,1507.2524411287598,1575.873921582993,-68.62148045423328,1510.2270473481967,1503.2536500544097,6.973397293787002
1-a475a3f1-5500-41f9-8588-c59617702463,3504.6,3396.6,108.0,1569.1590637280785,1522.0186877762303,47.14037595184823,1501.6967346843562,1501.6079428695848,0.08879181477141174
1-eab2ba4b-1c1f-4817-9b4a-c2ff7e0b2bfe,3100.8,2957.0,143.80000000000018,1555.1332587550326,1491.473782910985,63.65947584404762,1502.3742526918086,1506.445364333524,-4.0711116417153335
1-6eb3370a-bbc7-489c-80f3-c9eb8d7cbb06,2958.2,2634.0,324.1999999999998,1546.8436925690153,1500.5583915652728,46.28530100374246,1500.1029355829949,1505.8099446951935,-5.707009112198648
1-a5aeab6e-9850-4c77-a45a-931e5699e918,3256.2,3465.8,-209.60000000000036,1553.5629354088194,1510.6487829972036,42.91415241161576,1499.3133408355352,1538.1088197613244,-38.79547892578921
1-284acd05-fa7b-42f6-aaec-eac6511ed295,3256.2,3234.2,22.0,1540.0282024262547,1486.0658424805963,53.96235994565836,1501.4916598217997,1520.1991006673427,-18.707440845543033
1-9d9936d0-e8ea-4c82-b376-0b9c8c9eb004,3228.2,3072.0,156.19999999999982,1502.985991036467,1527.796557715576,-24.810566679108888,1508.9048448740743,1501.0310557927771,7.873789081297218
1-afd05289-f59f-4fbe-bc48-95637263ad6e,3358.2,3298.8,59.399999999999636,1486.989458786109,1519.4238580945007,-32.434399308391676,1502.5639561860712,1500.5389821935273,2.0249739925438917
1-9d20c7c6-4190-486c-9e94-274679a99539,3399.6,3366.6,33.0,1530.7700743767546,1508.5880231450308,22.18205123172379,1502.2254611147648,1484.146436056476,18.079025058288835
1-ce3ac605-cfb2-44e3-aab7-9ce6532217b3,3383.6,3041.8,341.7999999999997,1528.1227871531391,1467.5067364101703,60.61605074296881,1502.4428820906705,1497.1744560920802,5.268425998590374
1-17c4d455-f5ae-4ecd-baaf-c42c4a63ae82,3474.0,3413.4,60.59999999999991,1573.1604763360053,1528.8793677178614,44.28110861814389,1504.418202512995,1505.4343643418385,-1.016161828843451
1-a5d3f769-7ad8-461d-aacf-cc9708477e7a,3462.6,3367.8,94.79999999999973,1503.0240641223568,1491.0754401073157,11.948624015041105,1504.0137356339078,1508.557527574288,-4.543791940380288
1-b6facfa4-a1b4-4483-b45b-503f19ca1920,3245.4,3246.8,-1.400000000000091,1536.2747024295886,1487.0234767075458,49.25122572204282,1506.34845110646,1500.7570713547025,5.591379751757586
1-50613e4d-0e2f-4630-a19a-bb786f66d4af,3026.6,3072.0,-45.40000000000009,1548.9083344587525,1509.6884167674427,39.219917691309774,1499.8807188021701,1500.0,-0.11928119782987778
1-bbbe59d9-3426-4cc9-bd98-95c800c7564d,3460.6,3524.0,-63.40000000000009,1490.7819059128983,1580.1155603110933,-89.333654398195,1500.8892324826877,1503.3691139902214,-2.479881507533719
1-6b6c37ad-86eb-45ae-9df0-b3a788fb7e18,3278.8,3524.0,-245.19999999999982,1522.8589378847328,1566.0965080761714,-43.237570191438635,1510.5134570474481,1500.298497450788,10.214959596660037
1-a2189a7e-f98a-42f8-8bb9-bd8894711084,3056.4,3113.2,-56.79999999999973,1490.3754966421143,1553.2905863705043,-62.91508972839006,1498.299029712872,1499.244517196199,-0.9454874833270424
1-9453ddad-be9c-42a7-a309-6395d88cae01,3538.6,3363.4,175.19999999999982,1546.9197261315992,1497.5731828535916,49.34654327800763,1498.3847983674975,1508.8062228271483,-10.42142445965078
1-89928314-758b-498b-9e9f-cb6753386f06,3189.6,3074.6,115.0,1520.6422108401919,1509.1152693207864,11.526941519405455,1500.9775484178579,1499.80862208603,1.1689263318278336
1-553b0059-3971-4273-b319-ed26e635cf3f,3287.2,3104.0,183.19999999999982,1506.776808554858,1533.1511903339942,-26.37438177913623,1510.0888043807493,1501.1013076367617,8.987496743987549
1-4ade8aba-4945-4485-960b-1c20559d1a28,3131.0,2935.4,195.5999999999999,1513.802555760261,1490.5551297973047,23.247425962956186,1502.0106814828719,1519.4061027809123,-17.395421298040446
1-495768b1-e419-4ad7-bd5c-2c998f7cc43c,3104.0,3304.6,-200.5999999999999,1539.4297982931967,1490.8344776992344,48.59532059396224,1502.3714057985683,1515.7350214705573,-13.36361567198901
1-526a34d9-e27e-488a-a505-668f880c476d,3053.6,3106.0,-52.40000000000009,1500.6406055754037,1553.3294759635392,-52.688870388135456,1504.473541502105,1500.274854628121,4.198686873984116
1-ab45f043-c1a8-4e77-aa83-441912fef104,2957.8,3175.6,-217.79999999999973,1540.9956047692033,1490.4146937469063,50.58091102229696,1501.0952374130784,1499.5787307970852,1.516506615993194
1-04eb500f-a804-46b6-a69d-afd38c3f335e,2961.2,2679.4,281.7999999999997,1523.1496727110946,1506.690357450337,16.45931526075765,1503.6021018321028,1508.5388971210912,-4.936795288988378
1-395c8690-8644-4da7-b238-8a1b4871db01,3007.0,2912.6,94.40000000000009,1543.329534296885,1509.6,33.72953429688505,1491.433622512263,1500.0,-8.5663774877371
1-b17d973f-ddde-4706-863f-85cb20b35c8c,3167.0,3336.8,-169.80000000000018,1544.3065569042876,1463.5368282343125,80.76972866997517,1500.284500661206,1502.783075990164,-2.4985753289579407
1-8d6a4083-37fa-4e8e-b603-436a0a017c3d,2986.6,3399.4,-412.8000000000002,1500.0,1524.897638753074,-24.897638753074034,1500.0,1501.6284689211607,-1.6284689211606747
1-6b6d1134-c674-4b77-bd1d-18c8facc6767,3306.4,3334.4,-28.0,1545.992150402792,1493.6,52.39215040279214,1500.0323250394872,1501.5555616512281,-1.5232366117409128
1-81bc1c69-23d0-4c6d-9ead-b189c3466cf2,3291.4,3306.4,-15.0,1514.3174964956963,1530.748251025988,-16.43075453029178,1534.9042161074017,1497.4991332794084,37.40508282799328
1-2f831aaa-ddf5-4012-a590-f6f1c5d4e2bc,3198.6,3228.0,-29.40000000000009,1552.9418752214835,1499.5663965592742,53.37547866220939,1497.9773706774645,1480.7912387651565,17.18613191230793
1-0b16e9f1-4122-4645-af12-0bc0dbcae249,3198.6,3212.2,-13.599999999999909,1572.220670987545,1500.0,72.22067098754496,1497.8711253581332,1500.0,-2.128874641866787
1-5a8d854d-69e8-41b5-913a-c0e2f8dbeb93,3059.2,3198.6,-139.4000000000001,1506.74631012781,1558.5906257401298,-51.84431561231986,1518.8184533382785,1496.5095350840902,22.308918254188256
1-813e43ab-b3e5-4c6c-9d15-0d998ed5d586,3007.8,2982.8,25.0,1496.8,1532.0084067806558,-35.20840678065588,1500.0,1498.9843438732503,1.0156561267497182
1-f5d9b951-38a1-4766-ac2d-ba18386f5e3d,3104.6,3450.0,-345.4000000000001,1527.096573287634,1503.2977012856622,23.79887200197186,1498.7327675675292,1510.6110802813387,-11.878312713809464
1-da2f0d81-d5e6-4679-b91d-bd9c2774301f,2958.0,3027.8,-69.80000000000018,1503.1287120423842,1531.750516806123,-28.621804763738737,1498.649283251363,1496.5012034804374,2.1480797709255057
1-7dea78e7-9e6b-4b12-a057-df1eb1968bff,2767.2,2820.8,-53.600000000000364,1496.7830769267443,1526.361609851078,-29.578532924333558,1498.161492973176,1501.0726909720656,-2.91119799888952
1-60ec30fa-0289-44a3-bfec-9d25cdbb8920,2738.4,2666.2,72.20000000000027,1493.6256668306103,1514.9084399467836,-21.282773116173303,1495.5417980333098,1497.0707820317798,-1.5289839984700393
1-b555ed8f-4e82-46da-a05d-eb97e693be0f,2712.0,2874.6,-162.5999999999999,1503.3726018761038,1524.099974008567,-20.727372132463188,1500.0,1496.2006825681035,3.7993174318964975
1-29f72cdf-26d5-4fed-a793-f125df0b7fd7,3295.6,3122.0,173.5999999999999,1536.1089586117946,1497.005391668019,39.103566943775604,1503.1728529905336,1515.0908679259283,-11.918014935394694
1-f4bee48c-0a4f-4037-8079-7fef4cb790f5,3405.0,3288.6,116.40000000000009,1521.507132828812,1524.7127876110405,-3.205654782228521,1501.71143006876,1499.542077891717,2.1693521770428106
1-261becec-67e9-4463-8e6d-b443c79f349f,3655.8,3469.0,186.80000000000018,1531.18773438799,1519.0009587884924,12.18677559949765,1502.2671733574446,1504.5960172765201,-2.3288439190755525
1-0b817044-d256-42cf-ae58-c03e7e2ac32d,3537.2,3420.8,116.39999999999964,1506.3218070877626,1503.413614670375,2.9081924173876814,1505.19769091946,1507.1420037197329,-1.9443128002728827
1-136e04d8-0afb-4873-b85b-421b3e7194ed,3242.0,3362.4,-120.40000000000009,1500.9851399026086,1528.4486317836404,-27.463491881031814,1501.1848935311045,1499.6572890194348,1.5276045116697787
1-21db087d-9576-4496-9667-ffaf6b186654,3368.4,3515.0,-146.5999999999999,1500.2332095033448,1506.5500553451159,-6.316845841771055,1503.0331867445095,1503.5846546532523,-0.5514679087427794
1-27a7474f-4ff6-442b-82e4-d3457d8a2ff1,3171.8,2914.0,257.8000000000002,1527.2034209450612,1500.0,27.203420945061225,1501.4693449329068,1500.0,1.469344932906779
1-e5cf4a44-b1d7-4f3f-ae89-b4d50dd63a54,2972.2,2919.2,53.0,1528.991535024621,1493.9083247191165,35.08321030550451,1503.871948347608,1500.8428556901472,3.029092657460751
1-82e101cb-bed8-46e8-b174-f0cd206fc277,3403.4,3456.6,-53.19999999999982,1502.531086050397,1532.4294404407744,-29.898354390377335,1493.0904336258463,1500.9262050897005,-7.835771463854144
1-a35ec824-1454-494c-912a-32486425368c,3081.2,3071.6,9.599999999999909,1539.7427027875306,1502.9536947595132,36.789008028017406,1505.0283455979757,1498.5405181950266,6.487827402949051
1-b6421940-2746-469b-bf31-75e47d736f51,3249.0,3236.6,12.400000000000091,1515.113862642211,1529.7146898987648,-14.600827256553885,1494.8092435481626,1505.5207473585235,-10.71150381036091
1-a6384fee-848f-41cc-a80f-77e6290610c1,3108.6,3205.8,-97.20000000000027,1491.0622093977058,1524.403580808546,-33.34137141084011,1510.379290887775,1507.1552147326775,3.224076155097464
1-47d3aff2-50ec-44e1-b5ac-e96948e8d6a4,3239.6,3057.4,182.19999999999982,1521.6539443882373,1487.357251316879,34.29669307135828,1500.5196260968976,1500.304832527963,0.2147935689345104
1-edb18d55-b2d3-42e7-a8fb-963e1bc5474e,3238.6,3171.6,67.0,1505.7994776251905,1500.2717758672632,5.527701757927389,1500.8807050560326,1503.4706209865737,-2.5899159305411104
1-c14e9273-df56-41c2-b3db-bdb830a94076,3402.4,3373.0,29.40000000000009,1515.9739129425302,1513.3849266826285,2.5889862599017306,1502.1791370481599,1501.8704258409603,0.30871120719962164
1-ad66371c-1c36-40f8-9f58-9e284a05c729,3382.0,3373.0,9.0,1498.9345875055437,1497.3101176251553,1.6244698803884603,1516.5539661530997,1502.1280588273942,14.425907325705566
1-7a2329a0-1efe-48f0-bb6d-64ee0d57caa1,3254.0,3334.0,-80.0,1515.6716167958016,1508.969404068591,6.702212727210508,1501.6773574934673,1494.1332045069414,7.544152986525887
1-33aed987-4bf1-47df-b662-c447c62e6980,2933.2,3254.0,-320.8000000000002,1503.3133839770805,1499.4958184826232,3.8175654944573125,1509.6233475388613,1501.5842168665633,8.039130672297915
1-9686dc49-035f-4771-80f4-08a2ef45fb19,3241.2,3254.0,-12.800000000000182,1520.119739347262,1515.2726146207067,4.847124726555421,1525.4851881902832,1499.5573460413307,25.92784214895255
1-8b8f634e-005e-420f-b860-1a98afd7d086,3229.4,3306.2,-76.79999999999973,1517.5731744225097,1516.6986009790282,0.8745734434814949,1534.271775401538,1498.188860882342,36.08291451919604
1-2577a422-e17c-4ea2-b318-ad4c800867a9,3229.4,3306.2,-76.79999999999973,1500.0,1534.271775401538,-34.27177540153798,1500.0,1497.8608831422407,2.1391168577592907
1-98b7f4ec-b8b7-442c-8bf3-d4cefd3cab90,3413.6,3201.0,212.5999999999999,1487.609105244322,1525.8990312584176,-38.2899260140955,1501.492207043315,1498.2346519707355,3.2575550725794074
1-c89fe91d-c215-4fe3-b832-40f239359483,2819.4,2879.0,-59.59999999999991,1516.6241124718242,1544.464645827138,-27.84053335531371,1504.1190466473831,1499.6221709671206,4.496875680262519
1-cac3bbf1-7118-43c1-a161-8742bd3bf527,2734.8,2767.6,-32.79999999999973,1500.0,1532.6685057098828,-32.668505709882766,1500.0,1499.6226146519111,0.3773853480888647
1-4157438e-b84c-4017-a06a-5d9b11fb75c1,3296.0,3350.6,-54.59999999999991,1546.614703950951,1505.9682383092725,40.64646564167856,1498.2194849147313,1541.0045449786426,-42.78506006391126
1-8ebf8a68-cf35-4766-8c8e-ffd3ff46daef,2782.6,2918.2,-135.5999999999999,1496.9746266277893,1523.5101546754436,-26.535528047654225,1501.5852651219873,1495.5667409569185,6.018524165068811
1-4c61030e-de92-44cd-8d88-0e9647921ef6,2913.2,2751.8,161.39999999999964,1514.2369471373092,1500.0,14.236947137309244,1494.2588254830357,1500.0,-5.741174516964293
1-8e0ac4d6-b1f6-4201-b7cd-0cea8a531a68,2913.2,2755.4,157.79999999999973,1498.945084924821,1483.558016137384,15.387068787437101,1498.9650184215302,1490.4,8.565018421530112
1-1221d3a3-cc70-4664-b7f4-cf5ff0ebb80c,2913.2,2749.0,164.19999999999982,1515.6660443895685,1500.0,15.66604438956847,1498.1806964440962,1500.0,-1.8193035559038435
1-deea32d4-0faf-419d-babe-e2847b985c15,3088.6,3220.4,-131.80000000000018,1487.1559872138964,1519.4502635916226,-32.29427637772619,1502.4786712858127,1501.9893383090343,0.48933297677831433
1-0032fb7a-ca62-40de-b831-a94c39bf5df1,3220.4,3088.6,131.80000000000018,1503.4651903175695,1503.1410604879493,0.32412982962023307,1500.0,1493.6,6.400000000000091
1-3230b243-4ed2-4ab5-b64c-a40f444644e8,2891.0,2755.4,135.5999999999999,1490.4,1500.0,-9.599999999999909,1500.0,1500.0,0.0
1-6718fbd4-4846-4ddf-82fb-acbc0e73ae29,2784.0,2850.8,-66.80000000000018,1500.0,1500.0,0.0,1500.0,1500.0,0.0
1-a7ad1f64-c7d1-46c7-ab4e-30be0458c67c,3491.6,3355.4,136.19999999999982,1477.0277326028713,1520.204337897169,-43.17660529429759,1502.8872149489855,1502.1673018872928,0.7199130616927505
1-ee84bd95-6e0b-4260-989e-3e26f00b879f,2722.4,2661.2,61.20000000000027,1499.687334042099,1496.8589395120507,2.8283945300483992,1505.3557602540182,1500.0,5.355760254018151
1-47138e17-a21b-4370-881a-901ed41dc3a0,2736.8,2799.4,-62.59999999999991,1489.5559162975474,1506.3723488891806,-16.816432591633202,1501.047722016413,1504.6830568320863,-3.635334815673332
1-fc2b02db-25a8-4585-afaf-976c7024c9ad,3016.4,2880.2,136.20000000000027,1511.435344781788,1516.3536665305132,-4.918321748725248,1497.103629363064,1510.4748728688935,-13.371243505829398
1-4de46315-3db1-40f3-b439-759d9e7660bf,2955.4,2701.8,253.5999999999999,1498.890334809877,1514.722576537974,-15.83224172809696,1496.586386205432,1483.8413677579483,12.745018447483744
1-930a5a10-2c20-4d30-bcf2-710c735be888,2995.2,3056.4,-61.20000000000027,1469.945521628971,1466.1557385561075,3.789783072863429,1502.9333773237345,1500.6076716224222,2.325705701312245
1-6b4db190-cb95-4949-9499-ad1339381e24,2814.6,2852.4,-37.80000000000018,1499.0417719960938,1479.2977049413062,19.744067054787592,1497.6492234402913,1511.818998203619,-14.169774763327723
1-0ee51269-4c04-4512-adb5-6af9f51c1a3d,3016.4,2835.8,180.5999999999999,1488.9993275254842,1491.386855453818,-2.3875279283338386,1497.7784606968132,1505.705616449714,-7.927155752900717
1-fd0e363d-c011-422e-ae2c-a933cebfffb1,3016.4,2662.8,353.5999999999999,1471.0746141752356,1513.0726025714584,-41.99798839622281,1497.0917724416809,1503.5163232454195,-6.424550803738612
1-06804f52-915d-480e-a185-cb686c582acb,3016.4,2801.2,215.20000000000027,1486.7112859449635,1494.6022147373099,-7.890928792346358,1497.206465742976,1523.3740365960607,-26.167570853084726
1-32492552-69fe-436a-b70a-c5c52b96c76f,3016.4,2964.6,51.80000000000018,1502.8421697808055,1500.0,2.842169780805534,1497.0663790432582,1500.0,-2.9336209567418337
1-cd9e563d-33b1-480f-9e07-21e15d3898b9,2879.4,2814.0,65.40000000000009,1491.4590519611677,1514.7436406776033,-23.284588716435564,1501.498204247368,1514.6389716595402,-13.140767412172181
1-c38ee079-8c01-4978-ab1c-d003bbd84141,3174.0,2937.0,237.0,1496.6600423490077,1499.9052254382964,-3.24518308928873,1503.8738697594104,1496.5559874968349,7.317882262575495
1-507af697-17f4-445a-abfe-51da86f1c029,2727.8,3016.4,-288.5999999999999,1519.7235520973775,1502.5445338885804,17.17901820879706,1514.784459287797,1495.353435264319,19.43102402347813
1-292d014c-9e1b-4b75-b850-e2fada8f19b7,2940.2,2942.4,-2.200000000000273,1484.6760250700513,1517.4092808643775,-32.73325579432617,1503.8327926610266,1497.0224850374927,6.810307623533845
1-a93996f8-42b6-4173-b86f-7e14e684128d,3016.4,2939.4,77.0,1484.6482413762824,1506.3469104484798,-21.69866907219739,1496.4001420147638,1497.1178714823707,-0.7177294676068868
1-fa1e3e6e-3f2a-47c8-9660-3a0426488643,3016.4,2907.0,109.40000000000009,1520.34053070813,1496.7475358695115,23.59299483861855,1500.5585813740065,1505.227237805578,-4.668656431571435
1-a5dc5c54-8b95-4bc7-8725-8b5f546b0192,3016.4,2907.0,109.40000000000009,1503.9142090728599,1513.1738575047816,-9.259648431921732,1499.4109079443704,1507.4503813140666,-8.039473369696225
1-421861ca-6c74-4e7f-a2f0-866af0e7f61d,2053.0,1943.2,109.79999999999995,1484.7488952688436,1500.0,-15.251104731156374,1499.9108159965713,1500.0,-0.08918400342872701
1-7e82055d-4c6a-4384-a467-59654f18654e,2979.8,2835.2,144.60000000000036,1513.9525688726503,1499.3645140195626,14.58805485308767,1505.7636529304198,1496.4250884288033,9.338564501616474
1-6182da19-ad4d-439f-8612-be3ae040d607,2731.0,2917.4,-186.4000000000001,1506.4995958538454,1481.2082965885916,25.291299265253883,1501.912486715871,1498.8000618972928,3.11242481857812
1-ecf3cae8-9886-466b-ab7b-1ea76f44d1ea,1968.0,1983.4,-15.400000000000091,1500.0,1490.7084133047888,9.291586695211208,1500.0,1499.7159851879394,0.2840148120606045
1-22b63c5d-91f5-4436-9cf2-ac4297c0aca5,1880.4,1891.0,-10.599999999999909,1500.0,1490.3840650935754,9.615934906424627,1500.0,1499.5412068420555,0.45879315794445574
1-62784efb-9905-4a7f-9bcf-eab2b0203b32,2705.8,2834.0,-128.19999999999982,1500.0,1469.5939902447049,30.406009755295145,1500.0,1498.5283165840178,1.4716834159821701
1-28f39f1c-1935-43e6-b07b-51cff0e76a74,2941.2,2834.0,107.19999999999982,1500.0,1484.8990011345675,15.10099886543253,1500.0,1498.2845748708928,1.7154251291071887
1-de96d8c3-04ab-457b-bf1d-8cd606bbcf93,2827.2,2834.0,-6.800000000000182,1497.1193091037271,1501.0814568729284,-3.9621477692012377,1506.5150034867806,1498.4882002403058,8.026803246474856
1-c2ca51b8-ec19-4cfb-9d9f-cf50d6f07bf6,3110.0,2834.0,276.0,1496.8308092492819,1518.0577805417597,-21.226971292477856,1500.1165118967274,1498.8811750084813,1.2353368882461382
1-f9562a98-444d-4127-864b-f8f8b7d4173d,2878.4,2698.0,180.4000000000001,1512.0026564768748,1503.233405265079,8.76925121179579,1496.7738592613034,1500.0,-3.2261407386965857
1-3c4b8096-0872-4fc7-a558-12f737c617c6,2842.6,2890.6,-48.0,1500.0,1505.485442311996,-5.485442311995939,1500.0,1494.078668820112,5.921331179888057
1-32af0743-8a37-43ac-8a8b-2f9d435cb522,2648.4,2781.6,-133.19999999999982,1500.0,1522.3919754988112,-22.391975498811235,1500.0,1498.1269478232673,1.873052176732699
1-2483a69f-0bff-4094-9b75-98b25bf5b8f7,2765.8,3033.8,-268.0,1500.0,1510.1646204953788,-10.164620495378813,1500.0,1495.4439271376773,4.556072862322708
1-1dd5ad09-dd27-43e9-b026-06c6f3f36c70,2986.8,2973.0,13.800000000000182,1497.6123283457202,1490.8878542753546,6.724474070365659,1500.0,1517.6326160065828,-17.632616006582793
1-aba2aa4a-1996-4def-ab16-4d9e56fbafc9,2751.4,2875.4,-124.0,1500.0,1481.2417840761132,18.758215923886837,1500.0,1500.0,0.0
1-11c9e739-3606-4ae7-a6bb-8d792ccb22ed,2576.2,2350.0,226.19999999999982,1484.0,1500.0,-16.0,1500.0,1500.0,0.0
1-5ae0b66d-5160-459e-9cc1-0971e920a87c,2576.2,2309.2,267.0,1500.0,1500.0,0.0,1500.0,1500.0,0.0
1-7ed78835-fd38-4918-8238-797d44fcd3e1,2290.6,2561.2,-270.5999999999999,1500.0,1498.3016691599435,1.698330840056542,1500.0,1500.2633668553055,-0.2633668553055486
1-8b02be56-9776-4d29-bf75-f3b045823c44,2480.4,2294.4,186.0,1484.8253525620287,1503.2,-18.374647437971362,1499.207241296865,1500.0,-0.7927587031349503
1-5e835d70-2bbd-4d8b-866a-488d5225b98a,2398.0,2569.4,-171.4000000000001,1500.0,1470.9578866337683,29.04211336623166,1500.0,1498.2013888257122,1.798611174287771
1-6f024d38-29a9-4fdb-a8ef-7b782a95cf0f,2630.0,2547.0,83.0,1496.7447394819762,1502.6943134053388,-5.94957392336255,1500.1145127403017,1498.8609817844194,1.2535309558822973
1-c8a0cefe-e0dc-4374-aa60-4e6f905ac76d,2692.8,2864.6,-171.79999999999973,1500.0,1509.4085807272459,-9.408580727245862,1500.0,1503.9709231580257,-3.9709231580256983
1-b25741f9-bcfa-43f1-89e4-523f0d05cc98,2876.6,2867.2,9.400000000000091,1519.2259054831927,1500.0,19.22590548319272,1496.8613720281776,1500.0,-3.138627971822416
1-14b32d22-967a-4a42-aa9d-9981a5174b0e,3599.6,3502.6,97.0,1499.1377328695733,1519.327100567324,-20.18936769775064,1502.642919953604,1503.5011048256756,-0.8581848720716607
1-ff0253d8-a280-4e66-8bd6-d232f70d196c,3475.8,3615.6,-139.79999999999973,1488.8254173250862,1494.4963451597912,-5.670927834705026,1506.202094971099,1502.6116216723065,3.590473298792631
1-3a793864-50d6-48f6-8eb3-0a56a2480a57,3230.2,3237.8,-7.600000000000364,1494.5774438836347,1502.5391290746877,-7.961685191052993,1504.6915180394217,1498.8669665627476,5.82455147667406
1-c86be84b-9e1e-47ab-9222-240cb5851b0c,3434.0,3226.0,208.0,1492.0753216839598,1496.5546901824594,-4.479368498499525,1503.3483185432099,1506.6353609875455,-3.2870424443356114
1-1b34e92f-8471-4f54-b353-22cf4b319e2f,3169.6,3176.2,-6.599999999999909,1507.0483237580563,1480.5377469415737,26.510576816482626,1505.6742286432827,1501.9315786468474,3.742649996435375
1-2bf97e8d-8d0f-4914-8606-54d6c33730ce,3211.6,3193.6,18.0,1505.4404894485936,1494.1645881677177,11.275901280875814,1506.4326145713544,1505.2877376138315,1.1448769575229107
1-6cacf501-824b-48ff-ba30-f391058f8e00,3299.0,3339.2,-40.19999999999982,1503.4608253943684,1482.8734612699277,20.587364124440683,1507.041811912032,1500.835451221275,6.2063606907570374
1-fd2d0b63-ab0a-4c24-80c3-dde57538c5b9,3396.4,3189.6,206.80000000000018,1468.995138929188,1513.006142337507,-44.011003408319084,1499.9016168058088,1499.5512057267217,0.3504110790870527
1-8706264d-5971-4c4f-a40a-940709c544e0,3248.4,3364.6,-116.19999999999982,1499.21318230659,1496.6270637118887,2.5861185947012473,1503.680089625815,1505.2487281952956,-1.5686385694805267
1-f9df57c3-c1f7-4510-a78f-b08bdfce8a46,3459.2,3317.0,142.19999999999982,1518.1729818177039,1501.1874216194603,16.985560198243547,1492.3869298475936,1506.8371199636276,-14.450190116034037
1-07279995-7a14-4833-98a9-a3f60ec5dc2e,3522.2,3299.0,223.19999999999982,1499.1796829651835,1475.3580900660709,23.821592899112602,1500.5638901885968,1502.278565701899,-1.7146755133021543
1-1a371809-cc34-4f14-b159-ba3d3e5a150b,3142.2,3487.0,-344.8000000000002,1494.4776349193967,1489.8853583510827,4.5922765683139914,1501.6033500535123,1489.9438399133583,11.659510140153998
1-8c5734b7-092d-4a16-b591-0e79003189bb,3348.2,3377.0,-28.800000000000182,1503.3272205538565,1507.4884543186674,-4.161233764810959,1507.455846907862,1504.23666411428,3.219182793581922
1-4524a1e9-8ab2-4488-8847-bbeae5525458,3553.8,3545.6,8.200000000000273,1494.0370236258657,1500.5553149448383,-6.518291318972615,1504.1204479255848,1502.4964917177044,1.6239562078803829
1-1d3756b4-0326-4a7a-a357-6becffa7e7f5,3422.4,3455.0,-32.59999999999991,1500.3729388609167,1512.5022932350814,-12.129354374164677,1503.9924924551408,1519.8809190103548,-15.888426555213982
1-888327ad-e9a7-4332-8147-e888e4c83178,3428.6,3407.2,21.40000000000009,1505.4087594101018,1514.5658032648766,-9.157043854774884,1499.1265434441018,1490.7257635879405,8.400779856161307
1-a27c9d49-497a-4dac-a950-2c6f6e92b7f2,3390.0,3455.0,-65.0,1507.1280812980729,1496.5369832343797,10.591098063693153,1500.9521380220156,1500.4882608852377,0.46387713677791
1-bc6a1df2-a1be-43df-a007-e122bc91ec28,3649.0,3327.8,321.1999999999998,1496.9819361279704,1496.6516746970508,0.3302614309195633,1501.1596165587569,1503.4852085742975,-2.3255920155406784
1-fa4dc40c-ae61-401f-bb98-14c9bee2961a,3228.2,3345.0,-116.80000000000018,1494.345823705864,1518.9225087351547,-24.57668502929073,1504.828101285504,1499.819469693101,5.008631592403162
1-3c21397b-7b69-4d1e-91eb-ac538f3b64e6,3079.2,3105.8,-26.600000000000364,1493.553740678065,1509.4950226017697,-15.941281923704764,1504.840269281013,1498.512504771958,6.327764509054987
1-9ccf4ff4-9d5e-4f81-afc8-7f13564517ee,3557.4,3903.8,-346.4000000000001,1490.5636270212674,1509.6669117038587,-19.103284682591266,1503.6276242924698,1501.6573340783236,1.970290214146189
1-63bb1a53-2010-40f9-b134-e5c70f2bf46c,3692.8,3428.2,264.60000000000036,1503.152719845762,1509.5894599402236,-6.436740094461584,1500.4672856463308,1500.6170758447674,-0.1497901984366763
1-9dbca9f8-2312-451e-8ea7-71cf2b5a4f33,3351.2,3196.8,154.39999999999964,1510.5731187652575,1509.0225658677118,1.5505528975456855,1515.5955308523087,1498.7872165972526,16.808314255056075
1-d24a23b6-1324-4dcf-9bed-373fcb0b20ab,2144.0,2179.8,-35.80000000000018,1506.9697070854968,1503.2375289923534,3.732178093143375,1501.8582845026488,1505.6584467104049,-3.8001622077561024
1-1e429afb-40d3-4507-bd07-057610ae9160,1952.2,1982.6,-30.399999999999864,1500.0,1503.7353049806832,-3.7353049806831677,1500.0,1498.0284132884435,1.9715867115564834
1-dcd56528-928f-4def-a570-25fb81999f7c,1972.2,1990.2,-18.0,1500.0,1527.1591243536247,-27.159124353624748,1500.0,1499.3247219909604,0.67527800903963
1-48e88055-e6cb-48b4-9380-d4b6cac23117,1990.2,2053.4,-63.200000000000045,1511.697616022931,1500.0,11.697616022931015,1499.286514894331,1500.0,-0.7134851056689513
1-2ead8ecc-8eb8-450f-b86c-091717f9a989,1809.8,1990.2,-180.4000000000001,1500.0,1495.4899313514638,4.510068648536162,1500.0,1498.108232176584,1.891767823416103
1-2b8b4f38-b8c9-4992-9892-65d2d9857dfa,2262.6,2214.8,47.79999999999973,1504.113009013194,1502.9811038015814,1.1319052116125476,1499.1703052128494,1479.535448868876,19.634856343973297
1-19eb09e7-103a-4ed9-82b0-638d0831b20a,1475.0,1725.6,-250.5999999999999,1500.0,1494.4100471607053,5.58995283929471,1500.0,1497.3864614204751,2.6135385795248567
1-a4e39b09-48dd-401a-915b-47a3eb9bf3a0,2913.8,2775.2,138.60000000000036,1487.7664929266034,1500.2936654835803,-12.527172556976893,1503.2213747988076,1505.6928853601285,-2.4715105613208834
1-4adc2bd3-8175-40de-9a9f-0ae087749945,1903.0,2088.8,-185.80000000000018,1500.0,1485.4659755050275,14.534024494972527,1500.0,1497.6981879105524,2.301812089447594
1-65049961-b7ac-4c6d-a8a0-729c180de297,2294.8,2381.0,-86.19999999999982,1481.4828455774216,1479.0206204004166,2.462225177004939,1500.037415804359,1498.9986093337793,1.0388064705796296
1-bcc73051-0693-46dd-8b0b-cc4a154f555b,2811.4,2873.0,-61.59999999999991,1484.3934695834898,1506.6469491309633,-22.25347954747349,1503.462425521747,1505.7263535536854,-2.263928031938349
1-fbf049fd-a3d0-482a-9ed0-61c69ee598bb,2047.4,1960.2,87.20000000000005,1500.0,1498.4947547721263,1.5052452278737292,1500.0,1499.4574102429006,0.5425897570994493
1-eceb2289-9861-4742-aa14-12b57229cd87,1955.4,1960.2,-4.7999999999999545,1500.0,1481.6505145463802,18.349485453619764,1500.0,1498.5466345791979,1.453365420802129
1-937c2019-2c4a-4f40-8681-de053bb271c6,1787.6,1963.2,-175.60000000000014,1500.0,1487.826359525934,12.173640474065905,1500.0,1498.434837239136,1.565162760864041
1-530142c8-0fff-4477-a400-a1b6f5e34b76,2108.6,1881.4,227.19999999999982,1497.8174208117634,1500.0,-2.1825791882365593,1498.8696046727093,1500.0,-1.130395327290671
1-00ceaf7a-8f67-45c7-adf3-f3f62899f536,1888.2,1834.8,53.40000000000009,1500.0,1487.8827443490063,12.117255650993684,1500.0,1498.7668414611373,1.2331585388626536
1-67718bd6-6fef-4052-a3a8-dee1db88600a,1546.6,1541.2,5.399999999999864,1493.84975800626,1500.0,-6.15024199374011,1497.9652884108768,1500.0,-2.0347115891231624
1-1eb91b9e-102b-40fd-9529-f360b5657b86,2826.6,2943.4,-116.80000000000018,1493.995736618038,1492.353722746479,1.6420138715591293,1500.378534397625,1504.4280927213247,-4.0495583236997845
1-55c631a4-3ef9-4109-aa75-6bf564ab34f7,2919.0,2783.6,135.4000000000001,1500.0,1502.1650876117312,-2.1650876117312237,1500.0,1497.5128305676383,2.487169432361725
1-eca9b2a4-c2f2-4d0e-ae99-52b49b9c3e3b,2806.2,2779.6,26.59999999999991,1499.2043057342912,1487.9655708125501,11.23873492174107,1499.5633928976515,1507.6699154311702,-8.106522533518728
1-436d81ae-c89d-4067-8afe-380037a930ba,2936.2,3193.6,-257.4000000000001,1516.0992912156264,1481.2371520150043,34.862139200622096,1498.6429159487216,1500.7246097217699,-2.0816937730483005
1-9506a9df-9be4-442b-abb7-b704f02c6da9,2691.2,2698.8,-7.600000000000364,1487.4963430806815,1509.8487504121244,-22.35240733144292,1506.1794377956053,1502.1539113010967,4.02552649450854
1-278c77bc-089a-4f49-8dfd-c2a302299785,2981.2,3036.0,-54.80000000000018,1508.6109656912627,1499.3681440260823,9.242821665180372,1502.7384656759073,1494.3906516115044,8.347814064402883
1-8fa565c9-6ab1-46a7-a17f-274a12503603,1625.2,1767.2,-142.0,1500.0,1491.359119591432,8.64088040856791,1500.0,1500.0,0.0
1-1881600e-b6ba-4e8e-b968-a85b18169d88,1756.8,1943.8,-187.0,1500.0,1474.8419838626162,25.15801613738381,1500.0,1500.0,0.0
1-8731711a-3b1f-4d5c-b55b-dbf1c711c2e8,1943.8,1884.2,59.59999999999991,1490.4,1500.0,-9.599999999999909,1500.0,1500.0,0.0
1-73431663-2cd7-43cf-8f7d-eeb6ea1a2739,2008.2,2008.2,0.0,1500.0,1500.0,0.0,1500.0,1500.0,0.0
