kd_diff,adr_diff,hs_percent_diff,win_rate_diff,label,date,match_id
-0.024,-1.04,1.8,-11.0,0,2026-06-05 00:18:07,1-940c55c7-1c50-4fa6-9fec-fe69d5a1fb2d
-0.02,1.88,0.2,5.0,0,2026-06-04 22:59:46,1-c65e751f-2dff-47f3-8d80-93d14ef3a1c1
-0.06,-0.76,-4.44,-10.0,1,2026-06-04 22:19:27,1-b9df7359-e086-4b3f-a546-1106764c9c8f
-0.054,-0.8,-2.62,-1.0,0,2026-06-04 21:18:19,1-9995bf8a-faa0-4b8b-ac2a-2360e9064ca2
0.128,4.32,-2.04,9.0,0,2026-06-04 11:35:53,1-77e0e6ee-eedf-49aa-b847-64835c73bb91
-0.002,-0.5,1.36,-1.0,0,2026-06-04 10:27:29,1-4e20f049-7f17-46a7-97ba-3acd0659ae02
0.098,2.94,-3.92,5.0,0,2026-06-04 09:43:59,1-83aca532-2c75-4ad9-abb9-de1e7514d2d3
0.088,2.18,-0.62,10.0,1,2026-06-04 08:50:28,1-35016757-35ee-47a8-b0db-6658b2c09b4a
-0.088,-2.8,6.68,-7.0,1,2026-06-04 07:36:37,1-b21f6fcf-d2d8-417b-9b14-e309d641cda7
-0.052,-0.1,2.1,-4.0,0,2026-06-04 06:56:51,1-8f876302-d16b-4602-b31c-e6f9537d0115
-0.098,-1.64,3.66,1.0,0,2026-06-04 06:19:48,1-fd707322-da10-457b-989e-b94dc4f38c6a
-0.034,-3.54,-0.62,-9.0,0,2026-06-04 05:50:15,1-aafb8b5e-820b-44a0-b0d5-b8bc304d2f1c
-0.112,1.14,-2.9,2.0,1,2026-06-03 23:14:09,1-48d3a9df-d6c0-4e20-9219-a375125ab082
0.026,2.62,-4.28,6.0,1,2026-06-03 20:00:11,1-5244a81f-62ce-4300-97d3-d595dbf2a8ec
0.094,2.12,-10.84,20.0,0,2026-06-03 19:17:12,1-e59d6520-421a-4935-8bcf-4bffe3f3235d
-0.036,-3.56,5.4,-1.0,0,2026-06-03 06:20:29,1-2fe605fe-e9e1-4ac5-b3c7-adf2b1da1fe7
-0.04,0.32,8.5,-1.0,1,2026-06-03 05:47:34,1-8c155137-dc0d-473a-9265-bbfb1adcaa48
-0.03,-3.84,4.22,-6.0,0,2026-06-03 04:49:13,1-fc2b0fc4-c10a-4074-810f-53e728f4829e
-0.09,-8.38,1.96,-5.0,0,2026-06-03 04:02:34,1-b8a1934a-7881-4306-ba16-83d7f1c4d8ae
0.02,-1.2,-2.4,13.0,1,2026-06-03 03:00:03,1-1cb59856-1a0e-4812-b5aa-b14fd9e1e7be
-0.02,1.02,5.96,1.0,1,2026-06-03 01:51:02,1-a261d21b-521f-4ca1-8717-82f846e7124f
0.014,1.82,3.12,-6.0,1,2026-06-03 01:10:04,1-a34af1c9-2e66-4d88-bca7-1ec31ae03d98
-0.058,-2.2,3.0,-1.0,0,2026-06-03 00:39:10,1-d33debf7-5e13-43b9-a08e-6dc382810042
0.002,3.06,-2.28,-8.0,1,2026-06-03 00:01:19,1-904c8c48-4010-4795-ae85-24f7cb0a8a13
0.098,3.16,2.96,5.0,0,2026-06-02 23:08:47,1-3f1d135f-3a01-4e04-81cb-c61dd755c334
-0.05,-5.7,-4.74,0.0,0,2026-06-02 22:38:41,1-d19be764-bd81-4b7d-943f-bcf6d6c9412e
0.046,9.46,-5.22,9.5,1,2026-06-02 21:25:49,1-b30a2d52-7d7b-4f42-91b6-35ef7c3c7e5c
0.084,2.36,-3.9,13.0,0,2026-06-02 20:45:24,1-c7a5bc8d-bc03-4ea1-8b29-bb3d2ace51f3
0.066,7.0,0.86,-12.0,1,2026-06-02 20:07:58,1-7870ce0f-1126-4b36-85d5-ac4bcd1f0341
0.094,2.8,-3.0,-1.0,0,2026-06-02 07:09:19,1-82783a27-ad69-42d6-a3eb-2d57b5041472
0.03,-3.34,1.68,7.66,0,2026-06-02 05:59:40,1-138d03a6-6f76-4433-a698-3e1a53107d34
-0.022,-0.06,-1.86,-14.0,1,2026-06-02 03:33:21,1-5f34c837-5787-462a-8938-1f7a38428d70
-0.04,-4.02,4.74,-4.0,1,2026-06-02 02:29:59,1-3f4da3dc-3af3-438d-95ad-4504e02b2d32
-0.122,-9.4,5.02,-5.0,1,2026-06-02 01:41:46,1-9c5e8862-98c8-4861-8849-02b024b8cdfc
-0.038,-2.1,-5.14,2.0,0,2026-06-02 01:02:42,1-1af66aa2-8d91-40d8-83c2-f2dcf70c5ac2
-0.22,-12.88,-3.22,-20.0,0,2026-06-02 00:24:00,1-66308867-756d-4e03-8104-7c76ddf5cc4a
-0.062,-6.82,1.06,-5.0,0,2026-06-01 23:42:36,1-9ca9ab9c-7da0-4d23-ada7-d6bd006eea5c
0.088,0.94,-1.6,4.0,1,2026-06-01 22:59:03,1-8b430d3b-45d8-4da7-83dd-bdc15b2fe9f1
0.028,5.7,1.1,-7.0,1,2026-06-01 22:05:14,1-1be6be89-41dc-47ed-a3c1-aefddf1292ca
0.032,0.58,3.34,13.0,0,2026-06-01 21:29:39,1-2f837aba-136b-419a-955a-5636b31faa23
0.03,4.36,4.6,8.0,1,2026-06-01 18:07:53,1-41cfb742-7e13-4e3c-97f0-4be6ba70476e
0.044,5.96,-0.7,14.0,0,2026-06-01 04:49:09,1-df8ec2fa-124b-4763-8c9f-bc11d1e2ae27
-0.02,7.64,1.88,0.0,1,2026-06-01 03:59:36,1-64c44e66-3f33-4448-b2cd-dd0c0ce6e81f
-0.008,3.08,4.62,-1.0,1,2026-06-01 03:18:29,1-747572c3-6d2d-4437-8d28-745aaa51bcb3
-0.024,-2.42,4.84,-7.9,0,2026-05-31 22:02:36,1-b8e486e3-9899-408d-a2d1-a1df5d182d31
-0.124,-4.26,-5.26,-10.0,0,2026-05-31 20:11:41,1-34248bc8-fd88-467c-a1b4-41e02963d0e7
0.086,1.1,2.76,4.0,1,2026-05-31 19:29:51,1-d1f74571-5fc9-467a-a44c-0e4478162dfc
-0.052,-4.22,-5.98,-3.0,0,2026-05-31 18:36:50,1-68749722-8c17-4cec-ac67-0250cbb3c03f
0.094,4.68,-3.88,0.0,1,2026-05-31 06:56:19,1-3f2a309a-f068-419d-a04c-4e5a3a3ad9a1
-0.036,0.9,-0.22,-2.0,0,2026-05-31 03:38:55,1-394f84b8-282f-4622-9814-82a1e74e3dc7
-0.09,-2.1,5.2,-11.0,1,2026-05-31 02:52:55,1-6c02f0da-10b0-4eee-949b-4942bf33f556
-0.002,-3.24,-2.26,-5.0,1,2026-05-31 02:11:49,1-45c4fe05-f318-4f1f-8c7a-1c5be0d95eef
-0.124,5.2,3.3,-8.0,0,2026-05-30 23:30:10,1-e9ce7058-deca-45b4-b9fa-357dd4a53bc3
0.118,2.22,-4.52,-3.0,0,2026-05-30 22:34:04,1-5467ed06-0b00-4c55-9e4c-efbbf77c0796
-0.038,1.42,9.98,12.0,0,2026-05-30 21:55:34,1-896913be-e082-498f-9fa5-825f0bf40cd6
0.056,4.24,2.0,21.0,0,2026-05-30 21:04:29,1-ef1d50bd-61cc-4ab7-a449-2a295ea88e6f
-0.022,-2.88,8.02,2.0,1,2026-05-30 20:16:04,1-0f922c30-ccc0-4eff-9722-c25558377459
-0.106,-7.28,0.34,-20.0,0,2026-05-28 22:34:41,1-01c58eb7-8a3b-48be-88b7-3da7d3834c1b
-0.116,-5.06,-1.0,-5.0,0,2026-05-20 23:17:33,1-47829fbf-529d-4a68-a65c-a5f34302ae18
0.09,1.76,-0.08,1.0,0,2026-05-20 21:57:31,1-bbde99ad-c588-4775-9eae-0dd4269d5e01
-0.122,-4.44,2.3,-5.5,1,2026-05-11 02:37:44,1-5a168ee8-d137-404a-bb1b-72d2205ac512
-0.074,-4.34,0.0,4.0,0,2026-06-04 01:19:11,1-85182c44-aaf7-4509-ad82-e5b109e1d594
0.094,3.24,-4.08,2.0,1,2026-06-04 00:02:52,1-ecab8aba-ef4b-4aac-bf2d-af6413ff51eb
-0.066,-3.24,-7.4,-5.0,0,2026-06-02 21:06:48,1-b135342c-9871-468c-befc-91690338ed36
-0.07,-1.14,-1.76,-11.0,1,2026-06-02 20:32:29,1-2d35c4d3-9748-476c-990f-be5d2cbfe825
-0.028,-2.26,0.0,6.0,1,2026-06-01 02:18:48,1-e6600a87-3404-432c-8aaa-46c887905e21
-0.012,0.52,3.2,3.0,1,2026-06-01 01:20:24,1-089945f6-8381-47de-be82-91f8614b22d6
-0.006,0.98,0.18,5.0,0,2026-05-31 23:07:28,1-9d7d4012-f866-4264-a402-270892cf9786
0.066,4.58,-0.48,1.0,0,2026-05-31 22:29:29,1-d4f36359-4b5e-4015-af05-04d65ca307ba
-0.03,6.66,0.02,1.0,1,2026-05-31 21:00:37,1-ae51c562-95d4-4510-b90a-106a4388a504
0.036,4.2,3.6,11.0,0,2026-05-31 20:27:09,1-9bcd6c95-01f5-41ed-bdde-39b47c621400
0.048,4.74,0.94,12.0,1,2026-05-31 19:56:18,1-cd43028d-814a-476a-8b00-9b35225dbe67
-0.062,-2.8,-3.46,-2.0,1,2026-05-31 19:18:31,1-22cfe78e-ca55-4de2-98e5-d0b9acb641ac
0.058,-3.16,-4.08,3.0,0,2026-05-31 18:37:49,1-e0b65213-b37c-416b-a814-bfaa2422572e
-0.066,-2.98,-7.38,-18.0,1,2026-05-29 22:02:33,1-91840da9-d359-48de-8cd3-b92896ccb5d2
0.112,3.06,3.02,-3.0,1,2026-05-29 21:00:42,1-a559b0e4-b7ca-496e-a2f8-5fc8f81e1d47
0.034,3.98,-4.32,-1.0,0,2026-05-27 22:34:21,1-195858f0-6c5c-44c8-afbe-8b29c1da2c81
-0.22,-7.66,4.22,-9.66,0,2026-05-27 21:49:50,1-5bad4e51-d999-414f-9f3b-825e33e6bace
0.012,1.6,-1.46,7.28,0,2026-05-27 21:16:43,1-74c59d62-b37b-4dcb-a488-c0e4fbacdca2
-0.128,0.8,5.88,-11.0,0,2026-05-27 20:34:34,1-84bbc113-cc21-430d-9b5e-41bad56d5509
-0.008,0.04,-4.96,-5.0,0,2026-05-27 17:20:53,1-798dc677-e64e-42c9-93ed-ea8260afe81a
0.266,10.6,6.14,-0.24,1,2026-05-27 16:28:19,1-1b820833-3b6b-4e98-ba85-2d79b36da26b
0.19,4.6,-3.86,15.0,1,2026-05-25 21:49:03,1-e5f2568d-3077-4515-877f-db974150f91d
0.084,3.3,0.84,5.0,1,2026-05-25 20:57:50,1-0a99f3b7-97be-4bc3-a018-8d16eda5fd86
0.154,5.8,-4.34,4.0,1,2026-05-25 20:25:15,1-063cb9db-477c-4200-aa31-acb69828354f
0.046,-2.52,4.86,15.0,1,2026-05-25 19:36:57,1-20c786fa-662c-4da0-9195-5ca15d912da3
-0.1,-2.78,7.46,0.58,0,2026-05-25 18:08:34,1-c93cb8b4-110d-499d-9cba-dfe9998b598d
-0.04,0.18,-7.24,-4.0,1,2026-05-25 17:30:09,1-e01f38ca-afb6-4d6c-a5ee-69a007cd8cc4
0.16,7.8,-0.12,8.0,1,2026-05-25 16:11:52,1-8d09b22c-e452-4eef-a78c-bd2cfddde5b3
-0.036,-5.6,-3.92,-2.0,1,2026-05-25 02:25:26,1-883664ce-a792-486c-ad46-d0b1ab9adbe1
-0.014,-1.54,3.58,11.0,0,2026-05-25 00:32:52,1-701efcb8-7d61-44ac-8f9a-c972d361dcfd
0.194,5.26,1.96,15.0,0,2026-05-24 21:59:46,1-a8d50fea-3b3b-4e89-befc-fbe69646f0aa
-0.086,-2.62,1.68,-11.0,1,2026-05-24 21:27:38,1-1ba583dd-afc5-45ef-96ee-00aa3db7e702
0.1,2.02,1.38,11.0,0,2026-05-24 20:41:21,1-f6504211-466c-448e-96de-f39413318884
-0.188,-6.02,1.68,-22.0,0,2026-05-24 19:57:05,1-be59d7be-99bd-4b5a-b4db-9a0e0918ebb9
-0.1,-3.08,3.0,-8.76,0,2026-05-24 18:57:47,1-59c6f540-7bd6-43dd-ad1c-9553a109778e
-0.154,-4.72,3.26,-17.0,0,2026-05-24 18:19:36,1-09c10376-f7c8-49d1-a749-7b34a4e00335
0.104,5.56,-5.08,13.0,1,2026-05-24 00:26:02,1-361f97a9-bee2-42ac-877a-144a3fb8c7d7
0.226,7.68,4.6,15.0,1,2026-05-23 23:35:30,1-bbf15088-e0a0-47a1-bcd1-54256fd42b0d
-0.076,-1.32,-0.8,-16.0,0,2026-05-23 22:41:59,1-2fbf71a8-d3e9-48b6-b0a6-5e5a896fb286
-0.166,-5.5,1.86,-6.0,0,2026-05-23 20:49:29,1-38eba7e7-23e6-443a-b8fe-c18fe134a0c5
-0.234,-10.82,-5.24,-19.0,0,2026-05-22 16:30:43,1-ad0fae5f-3d04-4401-bca8-136e2290eaf5
0.224,13.58,3.28,-12.0,1,2026-05-21 21:07:45,1-58c1b41b-feaf-4fed-9fbd-93cf1637b733
-0.102,-7.94,-2.92,-5.3,0,2026-05-20 20:31:51,1-4cec4b24-f90b-47de-81a1-211e65dde363
-0.12,-5.66,1.18,-10.0,0,2026-05-20 19:48:28,1-256c9251-8398-4867-9af6-2b25418c1739
0.002,0.28,3.2,-5.0,1,2026-05-20 18:54:52,1-f6ac4c3c-e61d-4f6e-8a91-05392e3e5556
0.064,4.42,7.96,4.42,1,2026-05-18 23:28:24,1-1147fe9a-33dd-44c0-bbce-7665dda83205
0.01,-1.3,-4.9,2.0,0,2026-05-18 22:51:17,1-c9f6606f-74cb-4f08-af8f-709e15982282
0.162,10.0,-1.68,2.34,0,2026-05-18 22:14:30,1-209a7809-963f-457c-8441-ef707efb42a2
0.004,2.06,5.12,-5.66,1,2026-05-18 20:28:53,1-78f8ecac-3a2a-4ccd-9308-b13037c8574d
0.204,6.7,2.34,4.72,1,2026-05-18 19:51:47,1-1e9057b0-887d-4646-88c4-07d4d09f215c
0.014,-0.98,4.92,11.92,0,2026-05-18 16:49:17,1-4b3372ae-c79b-4bd7-80ed-2b9c8ea5a519
-0.082,3.54,1.2,-7.14,1,2026-05-17 20:47:59,1-2601df6e-505a-45ff-9f8c-1d783d091814
0.176,5.2,4.34,3.0,1,2026-05-17 19:55:14,1-416260a8-69c5-4c81-a388-fc12677305de
0.01,2.54,10.2,11.96,1,2026-05-17 19:08:58,1-7872e75d-42a5-433e-86f5-7f6db15309cc
-0.022,-0.28,-2.98,-2.0,1,2026-06-05 00:20:41,1-1fb67c7b-3b0f-490b-917b-4e624ba99121
-0.09,-11.08,1.38,9.0,0,2026-06-04 23:45:22,1-661b9a23-36fa-4f75-a8a2-118862f5856e
-0.002,0.98,4.76,0.72,0,2026-06-04 03:49:31,1-bc65a942-ba7c-4eb0-b545-233388feb3d8
-0.106,-9.88,-2.1,-9.0,0,2026-06-04 03:03:30,1-c4063f45-9a8b-4fc0-86c8-43000849ca1a
0.06,7.84,-0.94,10.0,0,2026-06-04 02:26:18,1-bebd3a96-4b3a-44b4-ae39-d4eaecee9a04
0.076,10.48,-4.48,-2.0,0,2026-06-04 01:42:50,1-5e166fe2-152f-41dd-ba75-5d66c85d11dd
-0.122,-11.68,-3.0,-12.0,0,2026-06-04 01:02:03,1-2689a617-cc36-4cc6-9b00-a2e25427ea8c
0.06,7.64,9.08,3.0,1,2026-06-03 04:23:11,1-9ffab209-8acf-4160-a8f1-27af1d3708a6
0.082,3.94,1.5,-5.0,1,2026-06-03 03:43:07,1-d544dd34-427a-49b3-ad57-4903a7a4c26e
-0.004,-0.72,-10.04,-2.0,0,2026-06-03 02:56:13,1-3cb90176-a548-46aa-8e9d-abd174dcf82b
-0.036,-7.38,8.98,19.46,0,2026-06-03 02:10:42,1-b2d9d298-2c29-4703-9d71-ae2e1075436d
0.012,-5.56,-6.08,-8.0,0,2026-06-03 01:22:35,1-04e3d5e6-6279-4b94-b4ca-cafcea2135c4
-0.0,-1.76,0.34,0.0,1,2026-06-03 00:39:10,1-cb3200f5-3078-4e43-bd28-07e96f1e48fe
0.052,3.08,-2.94,-8.76,1,2026-05-31 02:07:59,1-2583dd1f-f865-4f9c-89d3-91ef307dc62c
0.274,10.04,-3.42,10.0,0,2026-05-31 01:16:15,1-461f0897-6829-46c2-930a-057a90f5c0de
0.132,6.16,-0.72,3.0,1,2026-05-30 23:42:00,1-300cba2d-88a9-4e65-96d9-fcfaaa701950
0.096,9.12,2.62,3.0,0,2026-05-30 22:44:32,1-38ec9cc2-9e5f-4cc7-baa4-52b7acef26f5
-0.18,-6.02,-5.74,-8.0,1,2026-05-30 22:00:44,1-c7ef6120-6146-4e1d-8474-6cd2e72455db
0.116,4.5,-3.62,5.0,0,2026-05-30 20:58:55,1-5c9d6876-736f-4b6b-babd-d2e2327b88ab
-0.008,-3.8,-4.52,-1.0,1,2026-05-30 03:21:29,1-052c4772-c39e-463c-8e60-43ddc20d2d3f
0.054,3.84,-3.14,-3.0,0,2026-05-30 02:42:13,1-4766c5c8-b47c-4b02-89df-c1949ae12caf
0.136,5.02,-2.32,3.0,1,2026-05-30 01:46:11,1-bf80a7c2-af46-44c0-827d-0a36b86abffa
0.16,3.98,1.0,15.0,1,2026-05-30 00:49:24,1-8340a84c-8193-48e1-a00f-e5afba28a1d7
-0.058,-0.28,5.34,10.0,0,2026-05-29 23:52:19,1-2a8ebf2a-ab04-4beb-b66c-b29ce3b6eb66
0.148,13.6,3.28,5.0,1,2026-05-29 04:25:04,1-fca6bdc9-7c10-4311-8cd3-63a27c200a65
-0.14,-9.7,-1.0,-12.0,0,2026-05-29 03:35:39,1-9b470d5d-4cf0-480e-b7cc-b24f02257a09
0.024,3.24,0.3,-10.0,1,2026-05-29 02:56:24,1-f4c4b646-da5f-4a05-9793-4ff6c5f8b04c
0.136,9.8,2.78,2.0,0,2026-05-29 01:43:25,1-a33c9696-c310-42a2-a701-d88dfdc76449
0.056,6.16,-1.52,0.0,1,2026-05-29 00:46:58,1-cb9c31c5-ccc0-4bc2-ac16-fca8ce8fcd9f
0.026,4.84,-2.24,-11.0,0,2026-05-28 23:53:39,1-16c4a2a3-8e2d-4d6c-b840-3f3213e30461
-0.022,4.28,8.58,-6.0,1,2026-05-28 22:35:25,1-a91b9442-a309-4324-a456-c04eaa28614f
0.102,6.5,-1.88,2.0,1,2026-05-28 02:51:24,1-bb51f5a2-9840-4d3d-b247-0e9b5591345f
0.008,2.7,-0.36,-6.0,1,2026-05-28 02:11:36,1-f4f35a23-f2d3-4dbb-add7-c218effee68f
-0.03,-1.9,1.5,2.0,0,2026-05-28 01:26:06,1-1a269984-2554-4e11-9f40-cfc9a2810ba2
-0.06,-3.82,-0.94,-1.0,1,2026-05-28 00:29:21,1-9a7f3ea6-183a-45dd-a212-8070de6c9f7f
-0.058,-5.68,-6.6,3.0,0,2026-05-27 23:51:37,1-62c700ab-667e-41fa-8748-36b3f0e4e8ea
-0.078,-3.36,4.9,1.0,0,2026-05-27 23:25:02,1-a60a745b-7952-4a78-97a0-5bcea477d4e2
0.008,-1.12,-3.3,-4.0,1,2026-05-27 22:38:19,1-90a9ccb9-5caa-42e7-8332-ecedfdf832f3
0.074,2.2,3.02,16.0,1,2026-05-27 21:31:36,1-5dc53e82-b464-4e4d-b299-3988f72b2166
-0.082,-9.18,-0.38,-2.0,0,2026-05-27 20:12:27,1-997de2e3-7590-496f-9771-21c9eb363371
-0.046,-0.92,-4.7,-4.0,1,2026-05-27 19:27:17,1-db0c737d-29f2-4443-80bb-9d0e09dd48f7
0.086,3.84,5.16,-7.0,1,2026-05-26 04:46:06,1-198ab3ea-419e-4501-a39c-377d69ea128d
0.042,2.38,-6.7,17.0,0,2026-05-26 04:01:13,1-017be77b-1021-41a2-9d2f-2937d5d90788
0.164,5.88,-0.28,12.0,1,2026-05-26 03:12:39,1-ce6dcec5-d526-4ef2-a659-d0a4e632126f
0.046,2.88,-7.26,-5.24,0,2026-05-25 23:26:46,1-05f7ffb1-f9bb-4cef-bc14-5883555bdd0a
-0.108,-6.16,3.32,-6.0,1,2026-05-25 22:25:24,1-eac2d496-1aff-4a0e-b5bb-10063c3db579
0.04,4.32,-5.76,-1.42,1,2026-05-24 17:14:06,1-e1a76a32-d6a7-4b81-bd40-7cb78f91bf9e
0.09,3.22,10.1,2.0,0,2026-05-24 16:03:33,1-4a207b73-3bfc-4868-a509-d2adc315ecce
-0.004,-1.28,1.54,1.76,0,2026-05-24 14:18:23,1-26625680-039d-45d5-a6f5-44d3d52c6382
-0.036,-1.02,-3.4,-9.0,1,2026-05-24 13:43:53,1-b4f7e589-6239-407d-94da-841c430c8d96
0.012,-0.94,-0.48,-6.0,1,2026-05-24 13:01:34,1-abe425c9-4832-48be-8e14-07374058c63b
0.006,-0.74,2.54,-4.0,1,2026-05-24 12:24:04,1-b17b5a07-39f9-4b41-abb3-1e9c0bf9c70f
-0.118,-4.22,-5.0,-4.0,0,2026-05-24 11:30:48,1-e7fbf4c9-758f-4754-8a71-9e3673fb4580
0.184,8.6,-6.04,4.0,0,2026-05-24 10:53:27,1-cf84fc10-940f-4de0-95a1-54b4d238c5b4
0.028,3.38,3.0,4.0,1,2026-05-17 00:22:18,1-8380f500-5657-4581-b6a7-e54b0a732e3a
0.146,10.5,1.86,5.0,0,2026-05-16 23:35:55,1-e3b0d38c-3dbd-4c04-9655-dea8280c7b6c
-0.142,-9.2,-4.5,-4.0,0,2026-05-16 22:54:40,1-75517293-773d-4049-b1ce-a4beb8774ae2
0.14,7.9,-0.66,19.0,1,2026-05-16 22:07:00,1-f1213419-b6ce-48f8-8387-d4be3ae7d367
0.15,9.32,2.86,19.0,1,2026-05-02 23:58:30,1-b2170ab6-8df8-4aca-acf2-176717b8f2a7
-0.106,-7.3,1.88,3.0,0,2026-05-02 22:07:22,1-1e8422c1-20bd-45d6-a2cb-319fc7289896
-0.118,-8.18,5.92,-2.0,1,2026-04-25 23:36:53,1-7fe9af8d-22e5-4552-8b3b-e0e9b9a8b696
-0.03,-2.56,-5.78,5.0,0,2026-05-24 23:27:02,1-872c6c5e-85a6-4492-bd92-eef76f3a99d7
0.096,0.88,-4.26,-4.0,0,2026-06-04 22:04:42,1-82613323-eca3-4af9-bb0f-bdcbebaeea56
-0.01,-1.94,1.84,-7.0,0,2026-06-04 21:02:04,1-30e7945c-fab5-4688-931f-fd82b2337f64
-0.072,0.68,-0.64,-1.0,0,2026-06-04 19:33:37,1-6f9cd34c-cec5-46d5-b9ba-f1ff2d2ade11
0.034,1.44,6.98,-2.0,0,2026-06-04 18:58:33,1-13997a7a-cab1-459e-a47a-23910b6a080e
-0.114,-6.02,-2.36,0.0,0,2026-06-04 14:26:38,1-b66e4ccd-2291-40ce-8b45-7cf844fc85c4
0.018,-1.84,-1.78,-4.0,1,2026-06-04 13:34:45,1-219e72b2-058b-4c4a-bb7f-66fb4512bcf7
-0.072,2.32,6.72,-12.0,1,2026-06-04 12:33:08,1-85d3c10b-aec8-4e84-8387-010bb08b92a1
-0.102,-6.84,-3.92,-14.0,0,2026-06-04 11:51:03,1-e598bb27-efbe-4b1a-967b-477f87c5ef32
0.03,4.2,-0.02,5.0,0,2026-06-04 11:18:37,1-9883d887-7779-486f-9fe4-80939d29c825
0.092,6.32,-4.86,6.0,1,2026-06-04 10:37:37,1-23217415-2cff-49be-9f7c-c631301b252f
0.132,5.2,5.3,3.0,0,2026-06-03 22:37:24,1-47883871-f729-4dc1-b8e5-647e92c95a19
-0.018,-3.52,2.06,7.0,1,2026-06-03 22:01:25,1-423b6168-c718-4bc7-a8b7-31528be8c983
0.022,0.8,-0.8,-8.0,1,2026-06-03 21:21:41,1-5e4e4908-7564-428c-b864-47349c3d6ca7
0.028,4.34,6.82,-2.0,0,2026-06-03 20:41:23,1-e48ef482-f2e3-4c28-960f-9e1499953d41
-0.008,1.7,-4.94,-7.0,0,2026-06-03 19:17:42,1-88dff66f-49ee-4b4f-9399-a02ab69a74c2
-0.064,-5.48,5.16,-5.0,1,2026-06-03 18:30:41,1-c34fdc2d-a085-4ac3-8cc5-547671f5138a
0.138,7.0,0.98,2.0,1,2026-06-02 13:54:45,1-15ddd7b3-85c0-4e05-8854-26d7b2ba6dbc
0.104,4.18,0.64,5.58,1,2026-06-02 12:53:44,1-f150d19d-52fe-47b7-8344-2b1073debe89
-0.074,-7.32,-5.78,-3.0,0,2026-06-02 11:58:06,1-bf987f79-dd23-4c7a-8527-7ae58802125a
0.082,1.82,0.92,10.28,1,2026-06-02 08:11:11,1-e94fefd0-0c3f-4b98-8d1b-484b0dfbdc74
-0.018,-2.12,3.8,-8.0,0,2026-06-02 07:27:01,1-0fb4d627-b55f-4004-b7b9-1eb3d6efe577
-0.07,-6.44,0.06,-16.0,1,2026-06-01 19:42:57,1-dce7ec59-ded5-471d-a776-53293c7e4a8a
0.012,4.2,1.04,-13.0,1,2026-06-01 18:58:17,1-0dd491ea-b017-459e-91ee-b9d30688b27b
-0.004,-0.88,-7.76,6.0,1,2026-06-01 17:34:41,1-d0a67c2b-987b-42dc-89f4-369bb9b28354
0.034,0.82,1.68,-9.0,1,2026-05-31 19:59:12,1-cf5a6020-7bcc-4e30-89ff-9f67084be495
-0.112,-4.2,-3.26,-6.0,1,2026-05-31 18:30:14,1-e1dc233a-a75d-4c3b-b502-329fcc2a8fa4
-0.036,-1.48,-4.14,14.0,0,2026-05-31 15:41:03,1-1ea0af87-3c84-4758-937a-ea9333ccaf16
0.016,-4.66,2.92,2.0,1,2026-05-31 14:56:30,1-5d194e7a-d6ea-463b-8ce9-34c4815abfd6
-0.282,-13.34,1.44,-9.0,0,2026-05-31 12:14:19,1-b090054d-4aff-4f07-8942-e0650d1a834d
0.154,5.12,4.36,-5.0,0,2026-05-31 11:06:35,1-38e820a8-0390-4b90-baba-9378ebafbfeb
-0.082,-3.78,1.04,-16.0,0,2026-05-31 08:41:51,1-f2a135b0-0a13-4d64-89a9-fa5079cd0403
0.012,3.72,-1.06,6.0,0,2026-05-30 11:13:45,1-be609194-0aed-496d-ae97-fcd8cfb58b5d
0.118,4.4,1.42,-2.0,0,2026-05-30 10:39:16,1-2c5b0c39-26cf-43b4-93fb-b54b173e1a6d
0.032,2.04,-2.66,4.0,1,2026-05-30 09:51:33,1-578b35ae-80f0-4231-8ff2-e6fe58acfc82
-0.064,-3.06,-5.96,9.0,0,2026-05-30 08:33:25,1-de27f699-aa1a-407f-8cd3-b61595f27548
0.016,0.64,-0.54,13.0,1,2026-05-30 07:02:21,1-f85cce52-72d2-461f-ad7f-af9ab31a3d96
-0.126,0.32,-1.22,-16.0,1,2026-05-30 06:18:05,1-a29fb571-9939-4449-9959-f47e78d5e497
-0.054,-3.44,8.08,-14.0,0,2026-05-30 05:28:11,1-ac6e3683-5091-4f86-9920-03007e2f8123
0.006,2.6,8.78,-2.0,0,2026-05-30 04:32:04,1-ad7d6eab-5a96-4680-8306-e1a492ef9094
0.014,-1.78,-7.68,-6.0,0,2026-05-30 03:54:22,1-9454e522-862f-4728-ab1f-838e32937064
-0.064,-3.42,2.48,-9.0,0,2026-05-29 13:20:10,1-6bac2edb-102a-4804-ae70-b4777d48b7b4
-0.072,-0.14,4.88,11.0,0,2026-05-29 12:16:26,1-35d454b5-1aea-4d3f-8048-9bf934e16e8f
-0.062,-1.84,2.4,3.0,1,2026-05-29 10:58:48,1-23e803a1-92a7-4e8a-8faf-e5cf8dcf2555
-0.132,-3.12,2.9,-10.0,1,2026-05-29 10:14:24,1-6b44fe3c-f348-4715-8bfd-cc7f8780200f
-0.02,2.22,-6.42,-9.0,1,2026-05-29 08:10:49,1-51c11e69-9f78-4298-a954-100664d88f27
-0.018,3.2,-4.64,-9.0,1,2026-05-29 07:10:45,1-8ac4cf5c-237d-48a3-be57-de6df37dffe6
0.008,-4.24,4.84,5.0,1,2026-05-29 06:26:51,1-d88b4525-7d20-493e-b567-535eae2f83b7
0.12,6.02,-4.14,16.0,0,2026-05-29 05:37:57,1-374aa261-61dc-499d-9516-0b1c45d3ab87
0.054,5.02,1.64,-8.0,1,2026-05-27 10:53:39,1-9b738972-5e66-4baa-a3fc-65f9ce79e177
0.058,7.54,-7.36,-4.0,1,2026-05-27 09:53:21,1-938df5e5-df8b-43ba-8aff-21f594c8154a
-0.012,1.68,2.76,3.0,1,2026-05-27 08:55:41,1-a5f3e1ae-5a63-495e-991c-98021c674172
0.008,2.18,1.94,11.0,0,2026-05-27 05:44:50,1-6fc95c80-0957-44ec-b5f9-d7cd43d0df5b
-0.072,0.18,4.54,-2.0,0,2026-05-27 05:02:57,1-65b6260c-2501-4206-9ac6-2d832a2baae4
-0.094,-5.6,-0.86,7.0,1,2026-05-27 00:20:24,1-adf60cad-61b6-4ef2-93b8-d3609e754dcc
0.074,9.24,-2.04,-1.5,1,2026-05-26 06:26:45,1-74e6bebd-5a48-4ccf-a62b-ee225f97ec54
0.01,1.94,2.16,3.0,1,2026-05-26 05:35:47,1-07a27861-20ad-496c-80f4-ffeccc1227d0
0.008,1.1,3.5,-12.0,0,2026-05-26 04:33:17,1-b4636e41-e307-464b-9b05-01de37d5efee
-0.094,-2.2,-3.82,-1.76,0,2026-05-25 07:35:03,1-0e90aa54-5621-4d6b-8eac-a1d850105144
0.092,4.94,-0.66,11.66,0,2026-05-25 07:01:00,1-f4b13c7f-b1ab-478a-b955-b2934d825caa
-0.088,-7.0,2.66,2.9,1,2026-05-25 04:39:01,1-5737406e-100e-4830-9abb-73d87765e3da
-0.146,-3.38,1.34,-3.0,0,2026-05-24 11:25:44,1-e4ed0162-3c99-41fc-802f-278c81467019
-0.066,-5.18,-0.02,-3.0,0,2026-05-24 10:41:40,1-c3528df3-89c4-49f2-a906-1aafce14976c
-0.106,-5.44,6.58,1.0,0,2026-05-24 06:35:23,1-08cea9cd-8824-42ac-84a9-0e04d60cc3b7
-0.002,-0.1,-1.3,7.0,0,2026-05-24 05:45:22,1-e5a171c4-5e25-4bf6-b8c5-54f5cbe55bd0
-0.004,4.26,-0.18,-12.0,1,2026-05-24 03:56:19,1-9bfcf319-649b-4e74-b30d-6740a048b460
0.024,1.32,-3.18,-1.0,0,2026-05-24 00:50:49,1-9ccf625d-d447-47a9-acf8-cffda3a9551e
-0.056,-3.3,3.6,3.0,1,2026-06-06 01:45:22,1-48aa70e0-c150-42a6-a94f-f5f257ae8729
-0.016,0.5,-4.58,12.0,0,2026-06-06 01:15:26,1-6d418bbc-d7ee-4847-91e7-ca1c69dc930e
-0.02,5.22,4.82,1.0,0,2026-06-06 00:27:44,1-7ea922ac-2283-4dfe-9435-08d6dea8aa5d
-0.006,2.14,2.64,-4.0,1,2026-06-05 23:42:21,1-db66882d-393e-4c22-ba6a-d5cd87231bdf
0.014,2.5,-7.64,4.0,0,2026-06-05 22:27:21,1-1f437d9f-c001-4aff-98f9-c4572443848a
0.104,7.98,-1.66,-2.0,1,2026-06-05 04:25:55,1-d2c1b9b8-02a9-416b-8c48-69ff26d46ad4
-0.098,-0.48,4.5,7.0,1,2026-06-05 03:23:54,1-efce0261-ef28-44bf-a5ca-195b82657bb8
-0.18,-7.14,1.48,5.0,1,2026-06-05 02:37:37,1-a8aea43f-c32e-4558-8d7f-af1616f038a1
-0.006,4.48,1.0,9.0,0,2026-06-05 01:43:43,1-8e8169f4-dacc-47cc-8af4-b1d47ed69c44
0.104,5.74,2.34,7.0,1,2026-06-05 01:07:38,1-4ececbf1-4797-4cc4-a4bc-aebeda8d9c7b
0.166,1.06,1.2,14.0,0,2026-06-05 19:05:58,1-88e2e812-9293-47c9-9715-7ac6930f077e
0.018,0.3,2.18,5.0,0,2026-06-05 18:13:29,1-ad3808be-a717-43a7-b38a-646933135acf
0.16,8.4,-1.62,5.0,1,2026-06-05 17:27:22,1-2491eddc-b570-41ff-be67-b8f7a8d03808
0.024,0.14,-0.14,11.0,0,2026-06-05 15:37:14,1-3f0f98ee-3f7b-4f3e-88c8-cb3661eae5cd
-0.098,-5.02,-2.86,-4.0,1,2026-06-05 14:45:42,1-0b823518-32db-4b69-b872-bb47ae868299
-0.014,-1.98,12.12,6.0,0,2026-06-04 20:07:44,1-a4c4d8d8-4bcd-4d53-a38f-08a8c5897f01
0.062,2.72,3.18,5.0,0,2026-06-04 19:18:08,1-82bf6b98-ad26-4ded-8b57-7cacf2deb643
-0.256,-11.04,1.7,3.0,0,2026-06-04 18:19:28,1-d5efa060-264c-4a74-86c9-c83196fb2106
0.032,-0.64,2.46,1.0,1,2026-06-04 16:20:00,1-cfa81161-740e-4e34-81a5-444edf98e2a1
-0.08,-3.84,-0.74,4.0,0,2026-06-04 15:36:23,1-88557024-f0cc-4eec-836b-bdc68a9cb21f
0.112,5.1,1.26,3.0,0,2026-06-04 14:16:34,1-736e72e4-3983-4eea-af6f-05515ddff4f2
-0.218,-8.6,7.1,-3.0,1,2026-05-31 22:10:44,1-2da7fb4a-328d-4b8d-b297-71e3c0d338b7
-0.242,-8.76,-3.2,-13.0,1,2026-05-31 21:13:42,1-dcf7e19c-5cb0-4199-913d-543e1b730fce
-0.06,-3.4,-0.74,-12.84,0,2026-05-29 15:17:03,1-991821f5-7d04-45d3-a610-74fd0e1990fa
0.108,11.48,-1.44,3.0,1,2026-05-29 14:24:34,1-439c0a97-0d1f-409f-b24a-055275c2ef61
0.214,8.12,-4.38,3.72,1,2026-05-29 13:38:23,1-3e323df2-448b-4ea1-a119-c72e0999db38
-0.07,-4.56,4.86,16.0,1,2026-05-26 14:12:46,1-8dc8f51f-666f-495e-99fa-ccfba4f24b67
-0.07,-3.98,0.72,7.34,0,2026-05-26 10:55:13,1-cfb36617-ca75-4c8a-99b8-d9df4950833b
-0.268,-11.14,1.8,-4.28,0,2026-05-25 21:37:36,1-549bcdac-9400-4023-b253-94e1e27de338
0.17,3.66,-1.96,9.0,1,2026-05-30 16:19:35,1-2297b6d9-269a-4ff9-9064-b5a7e0367f6d
-0.016,-2.98,9.1,0.0,1,2026-05-26 13:08:51,1-f12f429d-f366-4992-92e8-65962ad77e98
-0.012,3.26,8.14,9.0,0,2026-05-26 10:39:36,1-9bb8436e-29f3-443b-be97-63d7149365c2
-0.012,-6.36,2.7,-2.0,1,2026-05-26 09:29:00,1-d2f98f99-6be9-4333-9cbc-6ff614b7ac20
0.044,0.36,-0.08,1.0,1,2026-05-26 08:47:38,1-f95aa8f1-af6b-4f98-b941-b06a41139ff5
0.09,5.6,2.06,-16.0,0,2026-05-26 07:56:21,1-2605bb23-3d88-476f-bd78-945ab2f33902
-0.106,-5.72,2.9,4.0,0,2026-06-05 03:34:47,1-3108e3e7-254a-4a02-836e-863d8ca15d1f
-0.062,-1.7,7.1,-11.0,1,2026-06-05 02:56:02,1-925c56ac-fff1-4cb4-8f6a-fca06419ae56
-0.034,-1.44,-0.3,1.0,0,2026-06-05 02:25:11,1-0f8d69e2-566e-49e1-b8b1-141dacee0a59
0.034,-1.56,3.96,11.0,1,2026-06-05 01:42:27,1-c16510d3-9878-414b-b7c5-6b058da85ea5
-0.034,-5.3,-5.3,-7.0,1,2026-06-05 00:56:54,1-cda07eca-6c51-4016-9389-c2f4970a0161
0.08,4.58,-5.78,-13.0,1,2026-06-05 17:04:58,1-5af1cc02-be15-45e5-9df5-83a3882bf2de
0.186,5.58,4.5,6.0,1,2026-06-05 15:29:28,1-2035fa88-c3df-4997-8506-e3c32b9ba285
-0.078,-1.42,-4.12,-2.0,0,2026-06-05 06:09:15,1-333381e6-9153-4347-85b9-a1de60ddc864
0.042,-2.42,-0.74,13.0,1,2026-06-05 05:22:01,1-b0144fa4-e8bb-489d-b438-83a84fbc5413
-0.038,2.34,-0.38,7.0,1,2026-06-05 04:09:26,1-2abaca44-0800-40e1-9712-e13bc213a153
-0.08,-7.32,-1.72,1.0,0,2026-05-29 21:41:03,1-ed015ca5-858f-4901-bd15-a5eee450558d
-0.066,-8.3,3.76,-2.0,1,2026-05-28 21:07:50,1-6ca51cea-4852-4b20-bc96-1aadcc365d83
0.076,2.74,-1.44,-5.0,1,2026-06-06 02:19:22,1-42ec63bc-1e08-42e4-b06d-9d47f13a7979
0.032,-0.08,1.64,7.0,1,2026-06-06 01:17:44,1-aa8fe38c-bf8d-4a68-84c1-0070a76c11ff
0.216,4.92,-2.44,10.0,1,2026-06-05 23:59:41,1-508c1d58-a74e-4f66-ad5b-cfa4ab2356b0
-0.102,1.98,3.7,-5.0,0,2026-06-05 23:11:26,1-77985d18-f755-40bb-8a22-a87070d2dbab
-0.134,-3.76,7.1,-11.0,1,2026-06-05 22:01:05,1-aba0a4d7-a8b9-430e-bcf9-496b0b50f5d5
-0.082,0.56,-2.86,-18.0,0,2026-06-05 20:50:44,1-7c42f7bc-68f5-4b9b-920e-f7f436f29561
-0.058,0.22,6.62,-5.0,0,2026-06-05 00:10:08,1-5ecb1515-ba72-4b5b-bb75-47c6a2f4d03f
0.046,-1.26,-5.42,10.0,1,2026-06-04 23:23:46,1-30f16cbf-e01b-4939-97ed-949125f77073
-0.248,-8.54,-1.68,-16.0,0,2026-06-04 22:35:50,1-2e1753aa-03b8-4076-b714-74b918d1e799
0.076,2.1,-0.2,0.0,1,2026-06-04 21:48:58,1-320bc110-4690-41ec-b5f1-13cc094164eb
-0.086,-4.2,-0.12,-6.0,1,2026-06-04 21:08:19,1-51edc83f-9a0e-4715-adf7-af82f63d3f05
-0.102,-0.88,4.8,-7.0,1,2026-06-04 19:59:24,1-49b5546b-7a56-4858-b402-32c3932ba664
0.098,4.04,0.9,-10.0,1,2026-06-02 21:33:59,1-83208ad4-c8f9-42cb-b6d0-56d12ed1bf0f
-0.116,-4.46,3.98,0.0,0,2026-06-02 20:37:41,1-4de71787-2706-4531-8ec3-5043de88557b
0.1,4.0,-3.58,2.0,1,2026-06-02 19:52:19,1-b35b5136-329c-41e9-98d7-4d8d9fe58dd7
0.116,7.24,-0.82,9.0,1,2026-06-02 18:48:43,1-437607a7-1014-40d6-b866-6031bd9ea51d
0.09,-0.92,-8.72,3.0,1,2026-06-02 18:04:44,1-0ff0e651-5109-4a20-a412-080ae9bdc74a
-0.11,-5.4,6.26,-7.0,0,2026-06-02 17:12:58,1-f01aa245-206e-428e-bb35-24a412702f5d
0.036,-5.74,-4.38,16.0,0,2026-06-02 16:25:05,1-35e3556b-a2cf-470f-8c81-028bb1339f01
-0.092,-3.28,3.26,-5.0,1,2026-06-02 15:38:56,1-0a20bffe-3bd0-4f32-a5c9-1f4bf56c0aed
0.172,5.54,-6.08,8.0,1,2026-06-02 14:40:38,1-4f832328-064b-4ed5-91cb-79ddd30df19c
0.06,-1.24,-3.4,-3.0,1,2026-06-02 13:38:53,1-8c2326f6-f577-4b4e-a0c5-6648949a1cb9
-0.012,-0.44,0.06,-7.0,0,2026-06-01 21:09:06,1-b0529e62-d228-40f1-badd-8e659ec8d08b
-0.036,-1.66,11.8,8.0,1,2026-06-01 20:28:38,1-ff210d78-740b-4ed7-bcf8-9ad218440063
0.08,4.3,1.62,10.0,1,2026-06-01 19:36:05,1-5fb4e818-e29d-4e0b-8605-2cd398e7191d
0.184,9.64,-4.6,-5.0,0,2026-06-01 18:38:52,1-f1f76718-2b64-4f70-9f6a-cfe2ab044de8
0.084,3.5,-13.64,-4.0,1,2026-06-01 17:48:53,1-b2ab41f9-e2e9-4490-b094-c95a6aa448d9
-0.046,-4.98,10.62,7.0,0,2026-06-01 17:06:05,1-f5dcf4d1-5a09-49d1-b9f0-75b99a157404
-0.044,-0.7,7.26,-10.0,0,2026-06-01 16:07:03,1-9b946758-9e7f-4cba-a239-c086c7e90d44
0.14,5.38,-2.6,1.0,1,2026-06-03 19:19:23,1-ab387723-d6d1-42d4-86e6-8643c9672bc5
-0.028,1.12,0.78,7.0,0,2026-06-03 18:51:34,1-a9db08ea-a16f-426d-8a52-e2886c9e9a8c
0.04,1.08,12.48,-3.0,0,2026-06-03 18:06:01,1-4d6a91c9-50ec-4727-b11a-9b625654a427
0.04,4.16,2.72,10.0,1,2026-06-03 17:08:26,1-ffed0973-1e28-4dd6-b1df-c1955b17118b
-0.146,-3.2,9.76,-4.0,0,2026-06-01 15:02:59,1-ddc838c6-e4ca-460c-a9f9-88a340553a1d
0.096,8.68,0.12,-11.0,1,2026-05-31 19:58:54,1-2dc7ba24-ebb2-4297-9c21-cc56b10e8429
-0.022,0.34,10.8,-18.0,0,2026-05-31 19:11:22,1-fbe8e02f-4aa6-4c2b-85bf-a07d4e0aac46
0.114,4.2,-3.26,11.0,0,2026-05-31 18:07:18,1-032385e6-d893-49be-9175-67a451f20381
0.08,5.76,2.62,7.0,1,2026-05-31 17:28:10,1-654b138f-21c0-4225-af6e-16ce2bd0325d
0.034,-2.92,-0.72,13.0,0,2026-06-06 01:05:17,1-fb453236-5c0d-4efa-8a91-478870fba865
-0.082,-0.18,12.7,-10.0,0,2026-06-05 23:42:52,1-a07dde7e-d159-439d-8a86-affa7dbb9cf6
0.116,2.16,-6.98,27.0,0,2026-06-05 23:01:16,1-49777c87-737e-4474-8e05-14f31ddcbf6b
-0.084,0.18,15.52,-9.0,1,2026-06-05 05:53:39,1-d803c7fb-7d17-4e95-8b13-8aa7cce91203
0.006,-2.18,-7.5,21.0,0,2026-06-05 05:11:39,1-e10ed840-917a-4b0f-a9e6-5ce3ae27918a
0.096,4.92,-6.04,9.0,0,2026-06-04 06:07:54,1-bd2abf56-53d0-470c-979f-8a1034c53f50
-0.134,-2.84,9.72,-30.0,1,2026-05-31 00:00:11,1-e4dfb530-8149-43a3-9e4f-1cc495277c21
0.15,7.6,-10.7,16.0,1,2026-05-30 22:47:01,1-c61cee4d-f178-4f2d-a0ef-d29593814de6
0.092,9.72,7.48,-9.0,0,2026-05-17 22:42:39,1-10ce5305-96e1-4e6c-8863-43c97455e83c
-0.05,-0.8,1.92,2.76,1,2026-05-14 22:51:08,1-1ac78bf5-ce88-44ac-958e-816e80dd4f2e
0.094,3.72,2.4,16.0,1,2026-06-06 00:35:23,1-b1b0f2dc-4e4b-4344-bb7a-20cd60f12800
0.126,-0.26,-2.76,-5.0,0,2026-06-05 23:51:08,1-2a0dfc1c-0750-4897-89fe-76d59d189aab
0.03,3.46,-0.26,11.0,1,2026-06-05 23:16:46,1-95bb9350-bd01-4117-9f82-249de58c6cec
-0.18,-7.82,-4.8,-12.0,0,2026-06-05 22:36:32,1-21056e4b-00aa-4fb6-86e1-6c6e581439ba
-0.022,0.78,0.16,-13.0,1,2026-06-04 21:17:52,1-ef79f4cb-78a1-4a5c-b55d-7ac1f1c77537
-0.144,-0.62,3.7,6.0,0,2026-06-03 22:25:14,1-d779d68d-ad84-460f-94e4-995015f085c8
-0.004,2.94,-3.94,-10.0,0,2026-06-03 21:28:30,1-d61507db-e465-4ee0-9e4f-227416b9d9a0
0.064,7.12,9.28,0.0,0,2026-06-01 22:54:48,1-bf974848-ecd1-4012-abd3-95e06e60e7dd
-0.136,-9.74,12.34,-6.0,0,2026-06-01 22:06:16,1-5b057eca-64ff-47fc-9657-611c57ee3422
-0.072,-4.28,0.28,-5.0,0,2026-06-01 21:24:27,1-0dff4352-c987-48ae-9a02-939e665f1bc3
-0.124,-6.56,4.9,-6.0,1,2026-05-31 03:32:59,1-a2e98bd5-7bd0-4966-b456-73f1dd9191f6
-0.04,0.74,-6.7,-17.0,0,2026-05-31 02:48:22,1-27f17f66-09d2-4949-a952-24ce0ce89b9f
-0.156,-4.98,-1.36,-5.0,1,2026-05-31 02:15:41,1-08a0dc9f-0ee8-428c-9fc5-d8e9c99b083f
-0.002,0.62,6.42,6.0,1,2026-05-31 01:34:35,1-bdfa06c5-433c-41dd-9a5a-e16d312feba4
0.02,5.22,0.18,-8.0,0,2026-05-31 00:26:31,1-7b37f4a2-1a65-4997-a3bf-52ad7117f784
0.132,2.12,-3.6,2.0,0,2026-05-30 23:34:28,1-3bc77dc5-6e0a-4314-9019-20ee391143c3
0.028,-1.52,-2.28,1.0,0,2026-05-30 22:56:36,1-0f6cfd75-37af-4f59-9a63-df2b3e40400b
-0.132,-3.34,0.32,-4.0,0,2026-05-30 21:59:11,1-1b5510f7-e84f-4988-80b5-e4dc57f073d0
-0.098,-5.58,-0.12,2.0,0,2026-05-30 21:20:06,1-c7b48748-4083-4dda-ab68-79eb26e909b2
-0.092,-7.44,-2.68,1.0,1,2026-05-30 03:37:22,1-68646342-714f-4fc0-b93d-5e0eea8df6b2
-0.016,-1.2,0.16,2.0,0,2026-05-30 02:58:18,1-3b73dbfb-aa49-4905-b071-78d8b145edd1
-0.022,-1.28,-4.88,-1.0,1,2026-05-30 02:17:12,1-3fa03a27-397f-4a96-9ef7-529d0f787f24
0.134,4.16,-1.14,-3.0,1,2026-05-30 01:27:24,1-9feefa28-14e4-43dc-bc5b-723632202328
-0.004,-4.32,-3.9,3.0,0,2026-05-30 00:26:31,1-73853044-dfdf-4c86-8775-0c4699a20db6
0.148,4.34,0.18,5.0,1,2026-05-29 23:41:12,1-6c22118d-8d8f-4551-a805-2138675bcdd6
-0.092,-3.06,2.22,5.0,1,2026-05-29 23:06:59,1-9eb8ccaa-d863-4eb6-b3fa-7428d8bbb0e2
-0.052,-1.86,-2.1,6.0,0,2026-06-05 23:52:55,1-5f2effb1-6260-4e31-a8c2-87145055551c
-0.004,-0.76,-6.02,5.0,0,2026-05-31 14:11:13,1-3743691b-bdb7-4753-92d9-933b69f5d7e9
-0.036,-3.68,10.44,-4.0,1,2026-05-31 13:34:39,1-f01e502a-b030-48e7-8ab6-282958f16718
-0.01,0.28,-3.48,1.0,0,2026-05-31 12:35:03,1-559866cf-84b8-499c-a2ab-f4ab6cf2837c
0.032,1.46,-2.4,-2.0,1,2026-05-31 11:51:48,1-15e42ab5-3a2b-48f2-b3cb-321264d0f0d7
-0.044,-1.48,-4.62,-6.3,1,2026-05-31 02:23:48,1-bf1a1de5-f9c2-4a31-be24-1a3d1105fb62
-0.012,1.68,3.04,-2.0,0,2026-05-31 00:38:18,1-b3b3f919-5b97-462e-997b-81a650ee2123
0.052,1.56,9.38,11.0,1,2026-05-30 23:49:05,1-ec31e3d5-f3e1-4c5e-9a5b-91fe4864bda3
0.042,1.16,6.32,-7.0,0,2026-05-30 11:33:09,1-2cde0643-c134-443a-9b83-a367e8597a38
-0.052,-2.02,1.9,0.0,0,2026-05-30 00:59:27,1-6700186b-19bc-4628-a0f3-ece42a292ceb
0.002,-1.94,-0.56,21.0,0,2026-05-30 00:14:46,1-c6b44953-b721-4879-8d34-d6c929c37789
-0.14,-1.68,4.72,-15.0,0,2026-05-29 21:47:37,1-79de3b4e-447e-4235-92d2-197b15a5ec88
0.064,3.92,1.16,0.0,1,2026-05-29 20:51:43,1-e69919c8-891a-43c6-b6f0-dbdf54142aae
0.168,3.1,-2.44,8.0,0,2026-05-29 20:18:53,1-c76df245-450a-44db-a4c4-bb3b19735f9a
0.044,2.58,-8.18,-6.66,1,2026-05-29 19:26:55,1-bc3c5f9f-81ae-410c-ac8f-180a0fbb30d5
0.07,-0.8,-1.38,11.0,0,2026-05-29 18:45:47,1-c6c3fd8b-7541-4940-843a-45f48e0ac0f5
-0.028,-0.38,-5.34,-3.0,1,2026-05-29 17:57:53,1-46055470-60e2-4e92-b09a-33d9641de771
0.012,1.12,2.26,3.0,1,2026-05-29 17:20:56,1-0872c9a2-893a-436f-a820-5f50e23f9fa8
-0.006,-0.52,0.28,6.0,0,2026-05-29 16:43:00,1-5ee337c0-0516-4ce6-ac64-ff2f6b9eb818
-0.03,-3.72,3.08,-3.0,1,2026-05-29 15:51:42,1-2c32895f-aaf6-44bf-b931-8488fe0e692c
-0.036,0.68,4.78,-10.0,0,2026-05-29 14:32:28,1-84de33ca-23e0-4f86-8a61-574aae2c7600
0.002,-1.62,4.58,-7.0,1,2026-05-29 13:53:53,1-724b9a24-6823-4ecd-8848-5b20ad5a29c8
-0.106,-1.62,3.84,-12.0,1,2026-05-29 13:26:08,1-9a65b65f-c8f3-4217-8bc8-3d4f1018ffac
-0.062,2.04,-6.1,-6.0,1,2026-05-29 12:44:23,1-7961281f-f851-4489-81c8-80dce6b734c1
-0.088,-7.12,0.26,4.0,0,2026-05-29 11:44:05,1-7b31068a-c998-4eff-93a3-fe444e7359f4
-0.116,-7.24,0.76,-11.0,1,2026-05-29 10:48:29,1-f8f53502-8a00-4dcb-8caa-ad37ffda4950
0.056,-3.26,-1.44,10.0,0,2026-05-29 03:34:23,1-b0e9a5e8-6c27-406f-8867-c2ce018d888a
-0.104,-8.0,5.86,-4.0,0,2026-06-01 00:17:03,1-5683e876-4570-441d-a6bc-6025e6684c2c
-0.11,-3.26,-8.0,-2.0,0,2026-05-25 03:06:14,1-a4e5e997-8861-4bdf-8586-5128ec104f3f
0.03,2.9,-1.5,2.0,1,2026-06-05 13:59:09,1-a46745ce-0812-4a5a-b940-e2fd9602fe90
0.122,7.24,2.66,-3.0,0,2026-06-05 13:17:02,1-2eb0acd7-76fd-4bec-87b9-a3b5db656b0a
0.0,3.68,-6.5,13.0,0,2026-06-05 12:31:48,1-4634b82c-f3c9-4579-93f9-ba01188ad279
0.016,-2.2,3.56,-3.0,0,2026-06-05 10:55:55,1-210235e1-ac1e-4007-9b32-a8abd28d9713
0.024,-3.66,2.7,12.0,0,2026-06-05 10:13:38,1-1daf129f-fc9d-4594-a5ae-f77562ff77de
0.044,-0.68,-1.9,13.0,1,2026-06-04 22:32:29,1-c5797872-e816-4ce8-9a17-71ac0d7c0a6b
-0.062,-3.9,0.84,-12.0,1,2026-06-04 21:58:53,1-225b6ea5-680a-42ec-9ea4-fc770fa97a83
-0.028,-2.58,0.0,-7.0,0,2026-06-04 13:04:10,1-9deb338a-3595-4de6-b728-06a5a0cd75db
0.114,0.58,-3.56,3.0,0,2026-06-04 12:20:33,1-c0ceab65-ddc2-483b-ae97-3602b907a8c5
-0.08,-5.32,1.56,-4.0,1,2026-06-03 20:06:34,1-a78466eb-2bff-49cd-81ac-982ea77e4326
0.0,0.78,-2.96,-8.0,0,2026-06-03 19:21:57,1-5df86190-9402-4fd2-b716-7b6ad8539329
-0.08,-3.74,-2.6,-20.0,0,2026-06-03 01:00:45,1-8f119d4f-bb49-450a-9aaa-45456c136bfd
0.008,-4.06,7.66,-11.0,1,2026-06-03 00:04:31,1-8535edc7-f03a-475c-9580-bdcd76c84da4
-0.006,3.38,4.0,9.0,1,2026-06-02 23:15:30,1-3458db7a-fcab-47be-a285-dfa012eef481
0.038,1.76,-6.66,-1.0,1,2026-06-02 21:46:48,1-6c9d217d-0f9f-478d-b162-24ec1b0349bd
-0.032,0.46,-4.14,-22.0,0,2026-06-02 21:08:12,1-4bad81ed-d8d9-4b68-a215-c68e916402e9
0.008,1.0,2.02,-7.0,1,2026-06-02 20:25:11,1-480799ca-86a0-4439-925b-a49d7a2f5854
-0.03,-1.98,0.48,5.0,0,2026-06-02 17:31:53,1-a63d150e-dbbb-42f3-9f17-808ac9d52dd1
0.2,5.78,-9.86,1.0,1,2026-06-01 20:35:47,1-c16cca8a-2d39-417b-b143-0ecd7029ec3c
-0.31,-15.52,5.4,-11.0,0,2026-06-01 20:02:31,1-c6e31fb7-7f60-42d3-bf2c-4be392ff612e
0.006,-4.02,-2.48,8.0,0,2026-06-01 19:21:52,1-60b05b85-e296-4102-b7ab-3bc0cd0d1310
-0.068,-6.48,6.74,-1.0,0,2026-06-01 18:20:08,1-075fbd22-97b3-48d0-b47f-cda8f8b2a7b9
0.006,-1.28,-2.0,-10.0,1,2026-06-01 17:19:03,1-2f2d4d77-4df0-48c7-9084-6070e53cc894
0.032,0.18,-7.78,8.0,0,2026-06-01 16:19:28,1-7f406d19-8b47-429c-8701-0e151cac97ad
-0.016,-3.78,-3.2,0.0,1,2026-06-01 14:14:50,1-ab93d055-c7eb-48a2-98a1-f8e34fd259e9
-0.062,-4.66,6.06,4.0,0,2026-06-06 00:36:36,1-5b125807-ed56-4b27-94fe-bd7158157862
-0.012,1.12,6.52,9.0,1,2026-06-05 22:51:46,1-b376b59a-57bf-4a1a-bdde-98b7091d7880
0.084,5.54,7.42,-2.0,1,2026-06-05 21:38:43,1-34e89f73-c385-49dc-8eff-d0fd3b4e8453
-0.082,-3.84,1.46,-6.0,1,2026-06-05 20:54:47,1-1ec6a06f-ec81-477f-bd2d-1c5bebb10c6c
0.022,-1.44,-11.12,5.0,1,2026-06-05 17:38:49,1-655a2384-4cb6-49f1-9e5c-f1cd12e218bd
0.056,3.2,-4.58,7.0,0,2026-06-04 21:40:55,1-eaea018c-c438-4d1c-ac16-f2a0ba8b4c97
0.032,5.02,3.64,-1.0,1,2026-06-04 21:01:46,1-040b7ed5-506b-4663-8495-8e638b9b9563
0.022,2.04,-13.56,-1.0,1,2026-06-04 20:16:39,1-2f6d2ad8-1313-4183-8814-8fbb3ad408ef
-0.086,-2.9,-2.26,-11.0,1,2026-06-04 17:28:31,1-9f96aef7-3281-40be-adc8-c827fc819ae5
0.06,4.98,-13.32,11.0,0,2026-06-04 11:46:05,1-10d0f9e4-e5de-4ed1-ac08-ab9d38c0fa98
0.118,5.06,-1.88,-7.0,0,2026-06-02 14:42:44,1-0d54f660-eb31-4389-a8d0-e9dcd0db6d8f
-0.036,-0.98,-7.3,3.0,1,2026-06-02 13:06:55,1-59f41045-5d2e-49a0-a2d9-37a10be22c1a
0.212,6.32,-1.2,10.0,1,2026-06-02 10:58:24,1-86fc6bb4-ebc6-4d36-8373-1f84f19e103b
-0.018,-0.66,3.54,4.0,0,2026-06-01 23:30:19,1-f971c304-39a5-422d-9eb1-126e3d5614f1
-0.046,-3.86,2.72,-12.0,0,2026-06-01 22:52:25,1-040be4d3-de78-47a2-8cc5-58e808dcf420
-0.17,-6.16,0.78,5.0,1,2026-06-01 22:17:44,1-3a5d7b93-0e95-4b4f-a54c-5e371c6b9956
0.114,6.38,0.86,8.0,0,2026-06-05 23:59:56,1-9a315902-35e7-4fec-aa4a-402caacc60d2
0.11,4.3,6.88,6.0,0,2026-06-05 23:20:57,1-4ec0b4cd-41dd-4f7d-bb02-98dde7aa0abc
-0.024,0.72,-6.7,-7.0,1,2026-06-05 22:56:20,1-676c3bbe-e718-4060-92cd-5592d638aca6
-0.052,-3.5,-2.7,13.0,1,2026-06-05 01:44:46,1-7384b627-361a-4ca0-a259-f7c51d7090d5
-0.008,3.1,5.76,-4.0,0,2026-06-05 00:34:58,1-b8310947-60cb-4f62-88ae-b146ce5253ba
-0.17,-7.66,-0.78,-14.0,0,2026-06-04 23:48:19,1-707d5bd0-5712-4100-b651-ad79aa089941
0.082,4.96,3.52,8.0,1,2026-06-04 15:20:41,1-d44720aa-dbeb-4710-93d5-b92ecd1187c1
-0.056,-2.84,-2.26,0.0,1,2026-06-04 14:27:50,1-c3037646-1c05-4703-bb8a-ed7d20362fac
-0.08,-1.5,6.44,-8.0,1,2026-06-03 23:36:42,1-ade05fc6-8ef3-448a-84f2-20820ef592e1
0.05,2.92,2.16,-2.0,1,2026-06-03 23:03:30,1-cf621193-51df-4968-9a73-ca9a61a42dd4
0.072,3.24,1.6,16.0,1,2026-06-03 21:43:48,1-d540a50d-d20a-4611-add4-bce646827bee
0.032,0.62,-2.74,0.0,0,2026-06-03 20:57:13,1-ca111cbb-61a6-49a4-8eeb-58601ac802dc
0.042,0.38,-3.84,20.0,0,2026-06-03 20:10:28,1-611620b7-7805-45e1-9a69-ce712fa6fd42
-0.012,-1.98,-3.76,-1.0,0,2026-06-03 19:36:31,1-65f96aa1-8da5-4808-8660-08dbd18f28f7
-0.084,-4.18,-5.12,-4.0,1,2026-06-03 18:41:22,1-3001cfe1-620b-4a46-be87-eb618756a548
0.124,8.92,2.62,12.0,1,2026-06-03 18:07:08,1-d8c9e3fb-97aa-4ee8-b112-b767fc77a398
0.096,5.14,-0.44,6.54,1,2026-06-03 16:30:18,1-bdc50d3a-34ae-454d-92c7-8140114c67ae
0.166,8.4,7.38,5.0,0,2026-06-03 15:45:20,1-209668be-22fb-41d2-8c61-79321f5b9190
0.01,-1.72,2.52,-6.0,0,2026-06-03 15:04:42,1-de8946f0-5701-4591-86f3-dc7ce127b783
-0.002,0.28,-1.6,-6.0,1,2026-06-03 14:03:23,1-eb355db2-997d-471b-9c4d-c75dd9bd5a6c
-0.17,-6.86,4.44,-8.0,0,2026-06-02 15:58:37,1-1daac37f-0ee8-497a-90da-7164eb3b8027
-0.018,-0.82,9.7,-2.0,1,2026-06-02 14:53:36,1-d3525d47-f667-424d-b7cb-ceed93c5c22f
-0.004,2.26,8.14,-13.0,1,2026-06-02 14:01:45,1-4c280793-148c-4812-9aaa-2b3988e98963
-0.118,-7.6,-1.54,-10.0,0,2026-06-02 00:45:17,1-753f668c-5140-4f4e-8dbf-5beb4e3e1ca2
0.002,0.34,-7.86,10.0,0,2026-06-01 23:54:09,1-7a11b010-e4de-44b0-8b78-04c5b01c14a8
-0.016,1.92,1.2,-5.0,0,2026-06-01 22:05:50,1-25d4d5f1-4b75-4679-9b01-98aa855ee547
-0.02,-0.18,-4.54,-3.0,1,2026-06-01 02:06:33,1-e425224a-ed28-4e23-ae7b-c37662db48a6
-0.054,-2.16,-2.66,-6.0,0,2026-06-01 01:21:41,1-24b7cc81-5d54-47ff-a630-e38064fd8334
-0.002,-1.86,2.52,0.0,0,2026-06-06 02:22:56,1-3f1f07df-f5ca-4d4c-803e-c0206ae0a08e
-0.108,-2.04,-3.32,-3.0,0,2026-06-05 17:41:29,1-0ff54f82-94c3-4ff0-b838-82a9b972e2da
-0.138,-4.22,6.24,-11.0,0,2026-06-05 01:12:08,1-3caf9817-535b-4dd5-9840-dd362d3198f9
0.04,1.7,0.3,-16.0,1,2026-06-04 22:26:19,1-0bd3b863-fa67-4324-9270-080f5856f037
-0.026,-1.92,-4.98,7.0,0,2026-06-04 21:40:56,1-5ca06dbf-7268-466a-8cf0-3c0741e623dc
0.008,-2.5,-5.32,6.24,1,2026-06-04 21:05:16,1-8f8e1414-e3f3-4e98-84d0-c2a393f9b073
-0.128,-2.44,5.38,-19.0,1,2026-06-04 20:17:27,1-f81cf598-9a28-43f9-ae23-5ada0987c653
0.016,-1.44,0.92,5.0,1,2026-06-04 03:58:45,1-5479cb25-1855-454c-83d0-651702c13b92
0.06,5.12,-2.7,-3.0,1,2026-06-04 02:00:25,1-782d0ec9-a992-4e6b-8c57-85a87cf86b8f
0.038,4.82,-3.76,-11.0,0,2026-06-03 04:30:23,1-13a51d0e-7fc9-4d09-b0ce-165cf4fad629
-0.036,-5.5,0.94,-2.0,1,2026-06-03 03:29:55,1-dc04cb87-2ee6-4ac5-946e-eee6910c3a82
0.108,5.56,4.7,11.0,0,2026-06-02 23:34:46,1-eb8ddfa0-882d-46d7-91ce-eb221a7ebf40
0.144,2.82,-3.24,20.0,1,2026-06-02 02:09:28,1-c061910a-351e-4b63-b745-bb11ede220a0
-0.142,-8.08,5.0,3.0,1,2026-06-02 01:23:29,1-53209773-1c96-44ae-b7ff-0e0fc5bc6e8c
0.088,4.52,-12.14,-3.0,0,2026-06-01 22:31:36,1-85f7fe95-f00c-466e-b36c-c68b2cca2ce6
0.036,2.64,-4.44,4.0,1,2026-06-01 04:59:34,1-a9e39764-b9c7-4ec6-83c3-3ed11dbed253
0.018,2.28,3.5,3.0,0,2026-06-01 02:00:22,1-9b173765-cb85-4b4e-b6da-db52ae98ab35
-0.076,-1.54,-6.82,-3.0,1,2026-05-31 23:21:18,1-1d6bf838-b6cb-4468-9eba-50e2774fce83
-0.16,-6.54,1.02,-11.0,0,2026-05-26 22:53:01,1-88ce93a9-beb1-4850-9f87-95f6c44ee2f7
0.034,3.92,-11.84,3.0,1,2026-05-26 22:18:11,1-57f1d6fa-9c07-4e58-856c-d0f167fe94ea
0.076,3.4,-6.88,2.0,1,2026-05-25 00:04:47,1-d7b6c261-0d9f-4ba0-9014-e84b855b7bb0
0.226,8.74,0.0,17.22,1,2026-05-24 18:36:06,1-1df305b8-8c8d-4009-a7b8-74a1ac557ab3
-0.086,-1.3,3.04,-3.0,1,2026-05-24 16:49:33,1-1e980130-3390-4514-9c1e-000510f8ee00
0.05,1.44,2.7,-5.0,1,2026-05-24 13:10:36,1-1296202b-7387-4573-8180-9bd15f839dcd
0.006,0.26,4.76,-10.0,1,2026-06-05 22:12:19,1-eb05489d-ccc5-4747-ac70-d4079c297749
-0.04,0.3,1.14,8.0,1,2026-06-05 21:26:45,1-b0cb9917-c18e-4fb2-9b4b-e76482a43498
-0.056,-0.98,-2.04,4.0,1,2026-06-05 20:31:27,1-90aa1ecd-aa13-41af-ab68-5a360324f586
0.078,1.9,1.02,0.0,1,2026-06-04 22:32:01,1-d8e669fc-3fb6-4b14-8444-b5caeddcc4fd
0.004,-1.6,-1.66,6.0,1,2026-06-04 07:46:35,1-3cc4a2eb-1ee3-4c44-8a9e-0ea326a8e250
-0.014,-3.64,3.26,7.0,1,2026-06-02 22:18:39,1-a4bd8b64-1f69-4f0c-bb71-7047147d3a11
0.016,-1.76,3.0,4.0,0,2026-06-02 19:10:55,1-058c2750-8a1d-46e5-8656-5507b3b7c3ad
-0.048,-1.62,5.62,-9.0,1,2026-06-01 04:28:46,1-50aa2bd1-22cc-47b2-9ec2-75a8bdeb2b1c
0.31,11.92,-6.74,9.0,1,2026-06-04 19:37:25,1-549c1f60-3620-4ffa-bf3a-ac71a72f606c
0.058,0.5,-3.12,-1.0,1,2026-06-02 09:57:45,1-1ed8a48a-f2ac-47f4-88c1-c275afc84e3e
0.004,-0.42,0.98,4.0,0,2026-06-02 09:18:05,1-b385c48a-2f2b-4f1f-a5e5-9155960677c5
-0.066,-7.42,-4.02,1.0,0,2026-06-02 08:45:12,1-2fa2df49-368d-46bc-9d24-6587b9782afd
0.032,1.94,3.52,1.0,0,2026-06-02 08:08:38,1-9287df65-6bfa-4d92-a7eb-1e295f742ce2
-0.004,0.08,-2.34,4.0,0,2026-06-02 06:12:20,1-0366b7b5-701e-472e-a7a0-9f8d3b15b493
0.078,1.64,0.66,-2.0,0,2026-06-02 05:32:10,1-1f0669b7-df8b-4626-836c-0ea96f673080
0.014,1.0,0.5,-16.0,0,2026-06-02 02:05:54,1-febd8f2a-79f5-4a2e-99b4-446501b55d59
0.018,-0.16,2.76,1.0,1,2026-06-05 22:42:58,1-3b8703b7-83bd-412d-bb1c-dfd0b196b108
0.052,-0.88,2.52,-4.0,0,2026-06-05 17:52:54,1-14694948-489d-48f4-b445-956e8466be58
-0.06,-1.42,6.3,5.0,0,2026-06-05 16:57:55,1-1d43fdbe-5bce-4798-b07e-41946018c106
-0.106,-4.18,3.84,3.0,1,2026-06-05 15:32:22,1-325de13c-ef2e-4262-9997-111818ddb631
0.076,8.86,-4.32,-2.0,1,2026-06-05 14:39:22,1-c85bee54-12d6-46a7-ba56-5a4d8199cdab
0.058,6.34,-1.72,0.0,1,2026-06-05 01:24:42,1-8a70642b-13f9-4a24-bd3f-3653fe1fb9e2
0.04,-1.68,-9.8,-6.0,0,2026-06-05 00:25:34,1-47c7c548-c1c3-44e5-a4e7-d38294f8ce15
0.04,-3.06,0.52,0.0,0,2026-06-04 23:46:32,1-6e988368-db75-4954-b979-2f58980804de
0.108,9.1,-2.28,-5.0,1,2026-06-04 17:43:39,1-83ae617d-14ee-4d8c-95d3-5b3c3198fb10
-0.022,-0.94,3.78,-1.0,1,2026-06-04 16:59:54,1-d41744cd-7e2b-4967-8e5c-efa7cb3f7be2
-0.016,-1.0,9.78,-5.0,1,2026-06-04 16:22:56,1-7ff25829-9d85-4ec6-8dfa-c24eaab4cb16
-0.008,2.2,-1.34,-3.0,0,2026-06-04 05:16:37,1-c006f117-933e-4549-bcd6-801119ac913c
0.086,0.6,-0.74,-4.0,0,2026-06-04 04:43:39,1-85725a07-64f4-4895-b547-ac78fc3f6279
0.048,4.44,-7.02,6.0,1,2026-06-04 03:35:34,1-57ae49d6-b1ee-4215-833d-c565c3525c44
-0.034,-3.3,2.36,-2.0,0,2026-06-04 02:49:55,1-0f1d32ba-ebbf-4732-bca5-cb24d13f38a7
0.072,0.3,2.9,11.0,1,2026-06-04 02:08:45,1-50fe8a90-d234-405e-8f94-aec7f3db7c53
-0.114,-3.02,-1.62,-3.0,0,2026-06-04 01:17:23,1-d66967fb-6179-499d-b9b0-a27f563257e6
-0.12,-4.68,3.74,3.0,1,2026-06-04 00:33:18,1-d02f2526-59ba-4d68-a878-d6067ebb4efa
0.21,8.34,-1.3,12.0,0,2026-06-03 06:25:04,1-2c5127fe-b60d-4071-9516-c6cc5dbe6778
-0.036,0.7,-3.86,7.0,0,2026-06-03 05:08:12,1-ff29e431-6e15-4049-8c6f-b84e08e74c2a
0.04,8.58,-8.28,2.0,1,2026-06-03 04:26:29,1-f0bdf0ae-c30d-4106-b060-cdc6cc027396
-0.126,-5.64,4.54,-3.0,1,2026-06-03 03:43:15,1-4a29c22b-f624-4468-a567-d40d476ed1be
0.064,0.82,-1.08,4.0,1,2026-06-03 02:55:00,1-2d272aa2-af19-4b8f-a4fe-5de3599aca93
0.052,3.22,-2.26,4.0,0,2026-06-03 02:18:34,1-5a37fda3-89df-4a86-9e5e-cea2d7bc6151
0.066,3.98,-3.8,-6.0,1,2026-06-02 22:48:50,1-a91c70a9-604f-419d-843a-184bdd7aa0b1
-0.086,-6.58,-4.52,-1.0,1,2026-06-02 18:37:22,1-6f4e1847-babc-4e71-be77-fd1996703ea7
-0.028,-0.76,-1.26,-10.0,0,2026-06-02 18:03:45,1-a53087b6-0bf0-4b1c-855f-b75805e33ba3
0.048,4.76,10.86,-7.0,0,2026-06-05 23:17:17,1-28a0a77d-5f92-4f33-9edc-023a5d02c5a4
-0.042,-2.02,1.02,3.0,0,2026-06-05 22:43:28,1-e4879828-360d-475b-a729-2c20060b8805
-0.032,0.26,-3.12,-2.0,0,2026-06-05 21:59:06,1-06cca0a3-6b35-4e5a-8f9b-486e2ff438ff
-0.032,-0.64,-8.8,-8.0,0,2026-06-05 11:48:37,1-9994ace7-b679-41a4-bfa3-ae2c206c84d6
0.038,1.94,-2.24,12.0,0,2026-06-05 01:41:46,1-1164fc24-9f01-4d51-9c7f-8486762db119
-0.04,0.86,0.9,-1.0,1,2026-06-05 01:07:06,1-966dac1f-c8fb-409e-8c87-bed1cc185f2b
0.008,1.92,2.52,5.0,0,2026-06-05 00:34:19,1-5f7635a5-6f0f-4696-8b5e-6a554f88a994
-0.056,-3.9,-2.2,-1.0,1,2026-06-04 23:42:13,1-4a8b5c5f-8d98-420b-8900-0b06e809f4ca
0.0,0.14,0.34,4.0,0,2026-06-03 00:14:44,1-c57921f2-3ffa-439b-9390-04e49054c05a
-0.124,-3.3,0.92,-6.0,0,2026-06-02 23:20:13,1-77bd0179-b12d-4c51-9679-5d67132e9ad0
-0.01,-1.76,2.32,11.0,0,2026-06-02 10:39:40,1-e7728e87-0457-458e-b293-40f4d9fc9a3d
-0.094,-6.92,0.42,-2.0,0,2026-06-02 10:02:52,1-c0872989-74c4-4905-b825-3487f6186563
0.048,-1.32,9.48,-6.0,0,2026-06-02 09:18:31,1-5961976f-ec28-4b95-8332-717f5ed451aa
0.124,4.18,3.9,0.0,1,2026-06-02 08:43:44,1-f37dd020-32a3-41a5-917c-235b3f3894fa
0.008,1.58,3.2,-15.0,1,2026-06-02 08:04:36,1-525f1543-78bf-4659-a1ab-6850d69e8418
-0.108,-5.48,-13.32,-2.0,0,2026-06-01 04:18:08,1-d9f62a39-f7b7-4144-a45f-40b7b7e924cc
0.112,4.9,5.5,-2.0,1,2026-06-01 03:35:02,1-9f2265f8-e923-4835-8e90-85e334f90b2e
-0.006,-2.78,2.4,1.0,0,2026-05-31 17:44:31,1-5f8eff4d-79f4-4aa1-a3ac-a3d5277fa6ae
-0.074,-6.38,-3.34,9.0,0,2026-05-31 17:03:08,1-7c975b34-3dbf-4450-9dd2-8be4a5d968ea
-0.064,-1.62,3.34,-5.0,0,2026-05-31 14:41:10,1-77c14f71-f53c-4baa-9b75-7f503a3c6846
0.036,3.1,-2.8,8.0,1,2026-05-31 13:44:08,1-f7b6f92b-1c7b-49ae-a7ee-3ce74d22109e
0.03,-2.78,-1.04,-10.0,0,2026-05-31 04:42:11,1-9c423e4d-856b-4a85-a65c-470356bc5d30
-0.172,-9.52,-6.16,-10.0,0,2026-05-31 03:49:41,1-b5662350-3c59-4a9f-b238-4371c3de4675
0.042,6.48,-5.58,-6.0,0,2026-05-31 03:13:12,1-826c7eb2-8efc-432a-9687-5d3f72347c9a
0.084,0.26,-0.94,3.0,1,2026-05-31 02:39:36,1-3eaf11f2-c8f0-4ff9-9b6f-7c860babf940
0.0,-4.06,-0.58,8.0,1,2026-05-31 01:49:30,1-71d18bf5-14bc-4f05-ae95-bd68ebc08674
-0.078,-4.42,7.38,-3.0,1,2026-05-31 01:14:02,1-896e423e-f603-4550-af36-a3305e1187ae
0.082,1.26,-8.06,9.0,1,2026-05-31 00:39:53,1-80372244-88f1-4723-b8ef-ce00766ee68c
0.042,-0.64,-3.52,-8.0,0,2026-06-06 01:21:40,1-00bb8e71-bfd9-4f96-b2ee-1c1350fc2143
-0.03,-1.22,4.68,-9.0,0,2026-06-05 23:48:52,1-b47950ca-d53a-4d3b-a267-afd3343e4520
0.004,1.4,-0.34,7.0,0,2026-06-05 22:08:32,1-389461a5-1094-4fa5-94de-018943d39993
0.142,9.6,7.14,6.0,0,2026-06-05 21:29:59,1-5755d7b0-42d8-4793-bad3-37d11f7eb5d0
0.122,6.06,-1.8,6.76,0,2026-06-02 00:41:32,1-e90d1a21-fb2a-4e0e-9802-3e5f45f414db
-0.062,-7.74,-2.58,8.0,0,2026-05-30 01:09:00,1-dd6e3b24-0588-4757-a086-38e64a249ca3
-0.042,-7.58,-6.5,5.0,1,2026-05-27 14:53:38,1-4d7fe402-bee5-4d07-b3a5-6e35d78ccfb8
0.108,9.78,11.28,-2.58,1,2026-05-27 14:19:10,1-474d6d55-1dea-48bb-978a-557b80647c14
0.164,13.04,2.36,0.0,0,2026-05-27 13:31:45,1-40b297b5-b0a8-4b05-8ab4-8d44394a22ca
-0.042,-6.4,-7.88,-3.0,0,2026-05-27 12:49:07,1-e7d203a2-98a8-4019-a2d3-a73246e03076
0.086,7.44,-0.56,25.0,0,2026-05-26 22:20:53,1-ec8c4a1b-21c3-4085-adc0-d4e002adcc5c
0.044,1.74,7.94,13.0,0,2026-05-26 18:55:10,1-6db1b140-d6a2-48e0-92b4-93265e183bec
-0.104,-8.0,0.88,-2.0,0,2026-05-26 13:56:49,1-c386e3eb-0520-47c8-95cc-2769cad4f28d
0.136,10.5,3.76,5.0,1,2026-05-26 13:06:32,1-0531251d-3943-4b0f-9e94-24355d60b48a
-0.042,-1.94,1.22,-5.76,0,2026-05-26 01:53:39,1-9831fad0-ea05-4b2f-b844-04e6a6970280
-0.028,-3.3,-4.34,-1.0,1,2026-05-25 19:45:36,1-18abbaed-f175-459c-9a18-d47726996e59
-0.03,-3.5,-9.18,-2.0,0,2026-05-25 17:51:04,1-4b51b1e3-900b-4c01-9d47-8d8b3ead9364
0.064,0.26,-3.46,9.02,1,2026-05-25 16:10:11,1-06e3e83c-5865-4069-bb91-d6787ffe31e5
0.114,7.32,-1.96,-3.66,1,2026-05-25 00:45:26,1-29fdffc1-1968-42d3-85f5-7d5d2592bc0d
0.2,8.92,1.82,2.56,1,2026-05-24 18:46:25,1-5d8a88dd-23ec-49b4-abb5-8656eb9f0b81
0.128,10.62,2.52,-1.0,1,2026-05-24 17:07:07,1-bea41964-965e-4943-bde4-cb429997fba7
0.228,9.02,-0.76,23.58,1,2026-05-23 19:13:42,1-78b3958b-3a29-4807-bf93-d21432cf848c
0.03,-0.58,8.48,5.0,1,2026-06-05 19:43:07,1-2e0ac978-425b-4681-ba99-51df1a73e723
0.014,-1.0,-2.8,-6.0,1,2026-06-05 17:32:55,1-b7a05259-66b1-485d-80ad-0329f3c19b24
-0.054,-0.66,-3.92,5.0,0,2026-06-05 16:37:37,1-240dd8da-9414-4269-90a6-150ccc773a7e
-0.076,-4.34,-6.52,2.0,1,2026-06-05 15:26:40,1-bbd24c10-72b2-47d9-a62c-0a28c10d7647
-0.046,-5.26,-7.84,-8.0,0,2026-06-05 12:59:48,1-8eaf1a11-6f2d-426f-8973-eba2a5a5ba7e
-0.062,0.34,-6.5,0.0,1,2026-06-05 12:09:56,1-52dff8bd-45e6-475c-bb57-96150d08f137
-0.152,-2.8,-1.72,-9.0,0,2026-06-05 11:36:25,1-02746193-7205-4558-9a5d-a488a98ecc84
0.114,5.24,0.94,9.0,0,2026-06-04 22:10:58,1-fb428287-5325-4ace-b3c1-ea43d57e5122
0.054,0.04,-7.86,11.0,0,2026-06-04 21:24:22,1-9ec5e432-7311-4697-aea9-14f696009d4f
-0.002,2.0,-12.74,5.0,0,2026-06-04 17:38:08,1-98c8e55b-cc6a-4450-aa0f-ddccfcf6921a
0.012,4.08,-1.26,-3.0,0,2026-06-04 16:15:33,1-649cd1c1-5b7e-4179-b199-8fb384e23c28
-0.006,-4.06,-2.5,1.0,1,2026-06-04 15:03:20,1-8147303e-263b-4fe2-b044-5ff192030e1c
-0.104,-2.02,-5.12,6.0,0,2026-06-04 14:19:30,1-4d4f8231-ffee-4820-9786-c816e6e4b02a
-0.072,-4.26,-4.24,2.0,1,2026-06-03 23:28:15,1-fb041395-c301-46a2-86a2-e316c685aa36
0.05,-0.58,1.32,8.0,1,2026-06-03 21:21:27,1-96d53660-a0e2-4ce4-8648-ffa1f701bbdc
0.042,6.18,0.56,5.0,1,2026-06-03 12:39:12,1-f0cd603b-22e1-4997-8ba9-cb85e425372a
-0.032,-3.4,-1.18,-4.0,0,2026-06-03 11:55:32,1-f092609a-a57e-4767-a3de-d85c2928ad71
0.064,-4.02,-12.32,4.0,0,2026-06-03 00:27:35,1-fcbbe036-0948-47bb-af89-c7706b2486fb
0.064,4.32,6.2,-2.0,0,2026-06-02 23:40:02,1-157027e5-3f86-41bd-82b0-17f33d03e031
-0.028,-3.3,-10.4,0.0,0,2026-06-02 23:06:25,1-b72f6392-26f4-4bdc-889f-516c64f68cc6
-0.012,-0.56,6.3,2.0,0,2026-06-02 19:40:19,1-2167fe59-0932-4245-bc9b-833865c3533f
0.036,1.76,-5.7,4.0,0,2026-06-02 15:49:38,1-93adfe11-c84b-474b-96e9-3b96c5105e0b
-0.018,2.14,8.06,1.0,0,2026-06-02 14:50:01,1-b6c096d1-0fcb-4d35-ad9e-35513a695898
0.02,1.66,-3.12,3.0,1,2026-06-01 22:31:32,1-2da2eaa5-7946-4e47-8aa9-b584bcdc8f3e
-0.09,-0.12,2.46,-6.0,0,2026-06-01 21:41:13,1-756e53ba-b2a0-4d9a-8e03-b5390c4e5edf
0.052,-0.12,0.28,7.0,0,2026-06-01 21:02:03,1-5e7ef380-5ad7-4798-845c-484ef49d3571
-0.046,-2.72,-2.66,20.0,0,2026-06-06 00:56:02,1-3bf70e7f-5777-49c0-a317-b868ab1cb797
0.042,2.9,-2.8,-9.0,0,2026-06-03 16:28:20,1-cbb96721-61ac-4061-9686-7092b3932cf2
-0.236,-8.9,0.24,-18.0,0,2026-06-03 15:56:41,1-ae5aa255-d271-4751-895d-036e5ff82650
0.03,1.56,-5.2,-5.0,0,2026-06-01 21:08:50,1-ff3aac59-6ae3-4611-9b08-876712df1f9a
0.074,5.12,7.46,10.0,1,2026-06-01 20:31:44,1-a4177cc0-dd0d-4ade-8aeb-d0f01dd2411b
-0.002,-2.96,3.54,-1.0,1,2026-06-01 12:18:22,1-61ddf224-f2b9-4585-81e8-dba90e242d47
0.154,8.12,8.56,-3.0,1,2026-05-31 22:38:40,1-2769113d-30a5-43dc-9ef7-b08cdc5241b8
-0.012,-3.62,5.02,-1.0,0,2026-05-31 22:00:50,1-3397a8ea-e736-4461-98c6-b836df120166
-0.088,-4.74,-2.4,-10.0,1,2026-05-31 01:19:36,1-ce63590f-3c5f-4491-adc7-22a3fee4ac5d
-0.068,-7.24,5.36,4.0,1,2026-05-31 00:22:50,1-cfc2ce0e-5370-4b60-974f-3e45bcca67af
0.042,2.8,-2.78,4.0,0,2026-05-30 23:37:02,1-f2c456d8-e032-4248-8372-7ac30dbbd295
0.002,-0.74,5.26,-7.0,0,2026-05-30 04:29:52,1-508f2927-14f8-4254-918c-2c2881a968d8
-0.04,-3.26,-3.26,-5.0,0,2026-05-28 03:00:45,1-67bc0edf-a7b1-4a97-a2e9-53cf08a33890
-0.062,-3.34,0.44,4.0,1,2026-05-28 01:40:42,1-ea46af21-c005-441b-867f-b7c890f41c4f
0.086,6.96,-6.68,3.0,0,2026-05-28 01:05:57,1-3a5884a5-d0bf-45a5-902f-cb71f5fc95df
0.098,4.06,5.06,18.0,0,2026-05-27 03:23:00,1-fe7cdde8-ae54-401c-896a-63d1cb26f194
-0.066,-3.64,-3.72,-4.9,0,2026-05-24 01:01:19,1-2e857bc0-d1f1-4c12-b441-70cb5a74d910
-0.022,0.46,1.84,5.3,0,2026-05-24 00:07:28,1-dc323a5a-0b1c-4dde-a117-6f83a99ec1bf
0.008,3.54,-3.2,-3.3,1,2026-05-23 16:04:10,1-ccbddd0d-010c-4deb-a36e-1b8f236db168
0.064,-1.84,0.96,11.0,0,2026-05-23 15:27:37,1-1fc98a15-4f4d-494c-87b5-854c1de9ac18
0.054,-0.56,-3.74,5.0,1,2026-05-23 14:55:29,1-7e5f167e-729f-4241-8f26-0ef1eb9382bc
-0.08,-3.1,-8.52,0.0,0,2026-05-23 13:44:31,1-b7d1a17d-a327-4352-b455-dbb96f672a64
-0.07,-0.94,2.66,9.0,1,2026-06-05 23:53:12,1-e8ba39cf-9452-410b-ad63-d8fb98e7b8df
0.0,0.18,-4.66,4.0,0,2026-06-05 22:06:09,1-37fe8ade-2ea4-452d-94bd-9737eb772f8e
-0.12,-6.88,-4.18,0.0,1,2026-06-05 21:30:14,1-796dc76e-4aa0-4118-85d2-9d276b056380
0.008,0.38,8.7,0.0,1,2026-06-05 20:36:53,1-5add4fea-34a6-4bbf-ad1b-c1a7fb2ade76
0.068,1.88,-1.32,0.0,1,2026-06-05 19:40:08,1-49fcb2cc-cc1a-4438-bf58-28c0cce68abe
0.132,5.6,3.62,13.0,1,2026-06-05 19:09:27,1-6923c4a3-03a4-4dcc-9b75-0c3e5920f27b
-0.068,-5.54,-4.7,-8.0,0,2026-06-05 22:10:54,1-f6af6bf7-4963-47ed-9f58-7eb66596018c
0.06,1.82,-1.36,1.0,0,2026-06-05 21:29:51,1-9a83ee7f-35c9-496a-a9d2-9b256f8697a9
0.056,2.4,-2.94,6.0,1,2026-06-05 20:21:54,1-e51bfc8b-c7c4-4879-a49c-eee12a02d0f5
-0.008,-4.32,-6.58,-12.84,0,2026-06-05 19:27:39,1-fcf6a24d-0678-4c10-a667-c20e25ce560f
0.026,2.48,-9.32,6.38,0,2026-06-03 18:46:33,1-a986c946-7101-437a-b8b9-b6e3d6040e5d
-0.008,1.04,-1.66,-6.0,1,2026-06-03 17:59:07,1-b5b0100b-2131-4d01-a0b9-d43b2f0a78aa
-0.036,-6.36,-2.0,4.0,0,2026-06-03 17:04:17,1-477c81d0-cf20-4521-a1ff-72a98ab6ed9c
-0.082,-2.72,-1.5,11.0,0,2026-05-31 20:37:33,1-d2327380-35d4-4c9a-9b4e-d0695af13b03
0.04,0.74,-6.86,12.0,0,2026-05-31 18:08:04,1-6c02c7fa-76b2-48ff-befc-2e89d5e9815b
0.012,1.14,4.48,-2.0,0,2026-05-31 16:50:50,1-28e4c753-98e2-41c6-a0fd-3dca79515d28
0.066,2.06,7.16,1.0,1,2026-05-31 15:22:13,1-32bf26ce-20d7-419e-bb42-a22b39109468
-0.01,1.74,2.34,-3.0,0,2026-05-31 14:37:54,1-ee3589d0-e2c1-4a34-a1da-b5830fb033fd
0.122,2.18,-3.34,1.0,0,2026-05-29 22:38:33,1-608def28-8e9a-4e45-b622-1c51d5c10e42
-0.002,-0.6,-5.3,-7.0,0,2026-05-29 22:04:23,1-54db6349-79be-4e3f-9aa1-6e948790d432
-0.002,3.14,4.96,10.0,1,2026-05-29 21:25:56,1-751e3ab4-9c79-4b20-a1b1-439456f19177
0.094,1.4,-7.78,-3.0,1,2026-05-29 18:25:37,1-54fedae4-f7d7-4088-87ed-e036a5c042eb
0.054,-0.98,-8.14,5.0,1,2026-05-29 16:30:51,1-59443b87-e53f-4cc0-ba23-f1a71c6b7ed4
0.204,4.58,-7.24,4.0,0,2026-05-29 15:30:22,1-699345d5-e2a7-441d-a7e3-f678399843a4
-0.022,-1.98,-1.2,-4.0,0,2026-05-29 14:26:43,1-4ca8d9c7-16e8-4de5-a3ab-8de9509da015
0.164,4.92,-9.44,7.0,1,2026-05-29 13:39:42,1-5b3dfb5d-c3c3-4dfb-8c3c-f7311aa7a7cd
0.04,2.44,2.0,6.0,1,2026-05-29 12:57:53,1-02d8dd2e-5564-4bd3-b1af-c2cae2f98fa7
-0.014,0.5,5.34,3.0,1,2026-05-28 17:07:11,1-e5a00963-4de1-41b2-b9a4-527e5db1ab39
-0.11,-3.14,3.32,4.5,1,2026-05-28 16:25:15,1-7bd18c09-cf45-4cde-babe-9dbcbe021eed
-0.128,-0.24,6.7,-13.0,0,2026-05-28 15:22:46,1-5563597b-e2a2-4ecb-ae2c-575ac2bc7093
0.09,10.34,7.08,17.0,1,2026-05-26 22:11:21,1-2a4f86ae-db65-4aa4-bec4-0399fd864564
0.18,5.82,-5.4,10.0,1,2026-05-26 21:29:16,1-8b08fba3-f82a-4bad-bdd1-d17bf57ede77
-0.03,-3.52,-4.22,0.0,0,2026-05-26 13:09:45,1-3d9dd88d-7994-4e5a-84a3-b1a0c9feec8a
-0.042,-0.14,-2.24,2.0,0,2026-05-25 22:10:00,1-8316e43e-5eb7-4b8f-83e4-064e708fbfd0
0.018,3.34,0.7,-10.0,1,2026-05-22 22:46:31,1-82ab87ac-100d-4efb-865f-ae4640bb0812
0.006,-0.34,-2.52,-13.48,0,2026-05-22 21:09:05,1-1912ed83-c456-48a4-8e22-3d24afa6983d
-0.114,-2.6,4.52,-15.0,0,2026-05-17 21:00:02,1-7b824c0f-1b28-44f8-94d3-a11aa25d89ce
-0.088,1.42,-3.3,-3.0,1,2026-06-05 23:00:16,1-87db2a9a-1b5b-4844-95c1-657e3248bb78
-0.014,-4.44,1.02,-7.0,0,2026-06-05 20:40:20,1-46290eb3-457e-4e23-be23-c9db01eb65a8
-0.048,3.68,2.56,1.0,1,2026-06-04 20:48:35,1-741a8cc0-991b-4c9d-9b21-8cc0824e6aac
0.088,2.5,-3.96,15.0,1,2026-06-04 20:16:08,1-65696aa0-ff25-4572-aa07-ad28bd309687
0.078,7.8,9.44,-1.0,1,2026-06-04 16:17:33,1-df9bb886-17bf-4a96-94b4-46471a471f88
-0.128,-6.14,-1.26,-5.0,0,2026-06-04 14:36:40,1-818e6463-e44c-4b69-b7dc-29b86fa5e681
-0.072,-5.58,6.14,11.0,1,2026-06-04 13:54:27,1-11a8e374-4a69-44c6-b6ec-661cc487d623
-0.104,-2.86,-1.18,0.0,1,2026-06-04 13:20:50,1-fd80a9f8-9a92-4b08-b6d4-8de08ed83baf
-0.042,-3.98,1.14,-1.0,0,2026-06-03 19:08:09,1-04272973-f913-4f1d-b623-30db7886e6e7
0.0,3.78,5.2,4.0,1,2026-06-03 18:33:01,1-5544ff2e-07b8-4878-ab2d-349edab1ab8d
-0.006,-5.48,-6.24,17.0,0,2026-06-03 17:42:44,1-9683f015-d845-4d00-bbcd-1c29333e427f
-0.088,-5.28,-2.36,6.0,1,2026-06-03 15:32:01,1-064f7fe3-85da-4260-a6f4-b2ecc6d48f3e
0.146,7.06,2.28,-2.0,1,2026-06-03 14:35:54,1-d7c31bbc-8858-4ffb-ba03-eb662eee6f2e
0.052,1.62,-0.82,7.0,0,2026-06-03 13:07:51,1-763a3dd7-44d7-4ffc-9b93-708fc9ac1c98
0.024,0.74,3.64,-9.0,1,2026-06-03 12:18:18,1-856a717f-fc95-4600-9aec-e0433dcef536
-0.168,-8.48,2.12,-8.78,0,2026-06-03 11:44:02,1-55f2080b-0ddb-4ecf-95f7-04018e399d5a
-0.058,-3.3,-1.46,-7.0,0,2026-06-03 09:49:17,1-b6c79f42-83de-4a93-92ef-0f57b0acb617
-0.104,-9.42,6.02,-9.0,0,2026-06-03 07:20:23,1-9b251605-1735-4325-9040-63b939810258
-0.038,-2.32,-1.56,5.0,0,2026-06-02 19:58:17,1-fe2a67ff-0962-4db5-9f59-93c0e6d35a35
0.07,8.64,3.24,-6.0,1,2026-06-02 19:23:59,1-20d0b206-19cf-405c-9965-d3a8ac35e027
-0.04,-0.84,5.94,-5.34,0,2026-06-02 18:48:52,1-f65476a8-6525-4072-95f0-53f3adbb0ef1
0.066,5.84,10.42,-3.0,0,2026-06-02 18:06:33,1-03b17605-105c-4efc-9857-684884385a64
-0.13,-1.36,-0.9,-10.0,1,2026-06-02 05:27:40,1-48a463fc-cb13-4964-825d-d9479a5feb1a
0.026,5.2,2.22,11.0,0,2026-06-02 04:33:34,1-4f316dd8-7471-4bee-8ca1-13aa1a49f7d0
0.136,9.14,-2.58,15.0,1,2026-06-01 16:34:43,1-ac6034cf-653f-4da0-a692-412f7234973e
-0.158,-1.76,-3.38,-4.0,0,2026-06-05 22:55:45,1-21925f36-0edc-474d-8ae2-e7503cb2b4e8
0.096,7.18,5.42,5.0,1,2026-05-31 23:42:54,1-4a6ca89e-5b9d-44ef-9e9c-5ff132514f99
0.0,5.08,-1.32,11.0,0,2026-05-31 23:08:44,1-03baaa5f-1a2b-44fd-99a3-d75ee4db31b3
-0.056,0.7,8.02,4.0,1,2026-05-31 22:10:19,1-93fab339-6e91-47f8-be4d-53ca2e7e7148
0.034,-1.1,-1.26,-6.0,0,2026-05-30 17:05:23,1-3cc20ffb-7e41-4c09-baae-428044cd2471
-0.142,-6.02,0.22,-7.0,0,2026-05-29 22:41:14,1-dfeafc93-ab8d-43db-a15a-cbbbd4b01a36
0.038,1.64,-0.14,1.0,1,2026-05-28 00:38:59,1-144f69c1-0505-447a-b277-cc47c673e980
0.01,-0.7,-4.3,11.0,1,2026-05-27 23:13:35,1-1c8666ef-1fcf-4179-966e-5fc438487b5a
0.006,1.24,-6.42,-6.0,0,2026-06-05 20:22:24,1-28bb293a-ba7f-4261-b439-34d7d4a7453e
0.038,-0.14,-7.74,11.0,0,2026-06-05 19:32:55,1-0af90fec-6c72-4bf3-a2a8-51fad6477908
-0.126,-4.56,2.98,-5.0,0,2026-06-05 16:08:14,1-1ed0c8ee-44aa-41e2-9123-2f0cd4879f42
-0.038,0.76,-3.48,-10.0,1,2026-06-05 21:46:46,1-7e760230-8844-47fb-9b5c-02cd08ee7ae8
-0.068,-8.12,-1.42,-8.0,1,2026-05-30 23:48:22,1-19f6fa43-8478-4c1f-9cd3-83c4e4b375ba
-0.066,-3.46,5.16,-6.0,0,2026-05-30 22:54:15,1-18a91dd7-5346-4237-bbb5-f4f6d23b0e4f
0.07,3.28,6.34,0.3,1,2026-05-26 15:09:55,1-5fa42630-a43c-4fb3-9739-32fdb339758b
-0.114,-4.64,-0.94,-6.0,0,2026-05-15 20:51:18,1-133ccb76-e03c-41c4-9296-2f19e86ab483
-0.024,-3.22,0.64,-11.0,1,2026-06-04 06:44:38,1-2cdffacb-3a9f-46b7-b204-20ac39cd5495
-0.048,2.68,3.8,-7.0,0,2026-06-04 05:56:43,1-bbba408f-9cac-4d76-8a76-6a471c556cd5
-0.1,-3.7,-1.86,5.0,0,2026-06-03 10:21:06,1-d093c4e3-9dc1-4ac9-8bcc-711e213ccec0
-0.184,-4.82,2.8,-8.0,1,2026-06-03 07:59:03,1-831c6dae-09b6-4931-8fbd-1f137276411d
0.056,0.64,-1.72,-5.94,1,2026-06-03 06:39:56,1-177f87cd-6e7a-4e10-83ff-238eda3e24a7
0.064,3.12,-12.24,8.0,1,2026-06-02 18:55:23,1-9817f810-c8d5-48f1-9e1a-b3ad4f33234b
-0.052,-2.56,1.88,6.0,0,2026-06-01 10:20:07,1-ca8dfeb2-0b4f-403c-9832-9b1c12de6214
0.118,1.28,3.12,12.0,1,2026-06-01 07:44:23,1-c2c96718-4e5e-4749-9649-3f7338efe205
0.02,2.54,8.34,-7.0,0,2026-05-31 12:20:08,1-4a529dd8-934d-45fe-9034-60566a4ac709
0.052,2.84,3.78,7.0,1,2026-05-31 02:38:00,1-ad57cc9a-7565-4c51-ae07-a186080ba206
0.222,11.3,5.82,19.0,1,2026-05-31 01:40:31,1-6a02b1ec-38bf-41e3-b99e-af76baa5fe47
0.006,2.8,2.92,2.0,1,2026-05-30 12:32:22,1-d6d29a23-db71-4822-bec2-137fa72a5ddc
0.05,3.8,13.42,6.0,0,2026-05-30 07:50:03,1-3e8ccd1d-b9a5-4b32-b625-ea0996350eb2
0.288,7.1,6.46,21.56,0,2026-05-30 06:29:30,1-4c044828-453f-4c7c-bf15-6f9c701e353e
0.018,0.16,-4.38,-2.0,0,2026-05-30 04:17:12,1-39e7aa5d-0f75-43c4-8071-7d1a96d38432
0.05,7.94,-2.76,-7.0,1,2026-05-29 16:04:30,1-4619d723-f5f1-4fd1-844a-bcd162c9195f
0.072,4.0,3.0,0.5,0,2026-05-27 07:00:01,1-7ea0cd2c-b200-4d39-8f9a-85488e9c1ea8
0.02,5.56,1.46,-11.0,1,2026-05-27 06:03:38,1-ade84205-b48c-409d-8134-6a3f52d19f67
-0.02,-3.3,-2.9,5.58,0,2026-05-27 05:21:12,1-c7e2b4c8-2534-40ab-86c0-1f889a2db3ad
-0.078,-8.72,1.84,-8.0,1,2026-05-27 04:35:24,1-f36cdb69-27c0-41ee-be64-aa407541b10a
0.114,6.54,3.62,15.0,0,2026-05-27 01:04:26,1-19e68d74-cadd-4b74-9ce1-efa88d8d7b8a
0.016,-0.72,-5.6,-3.0,1,2026-05-30 22:14:14,1-b2c681bb-3780-46a1-a98f-01b428247dfa
-0.104,-6.04,5.9,-17.0,0,2026-05-30 21:20:41,1-6a5acf11-7211-4a72-9a6b-094347f6efa7
-0.06,-6.86,4.12,0.0,1,2026-05-14 22:40:24,1-4c079d29-5365-472b-9d14-284baef55323
0.116,9.52,5.48,-5.58,0,2026-05-13 21:30:43,1-ef1ad663-0ace-476f-9f40-1acc8dd9a5f3
0.052,2.92,-4.88,0.0,0,2026-05-12 23:58:21,1-0aac538b-1130-4b79-8d73-b8185f51dda4
-0.076,-7.52,10.14,-5.0,0,2026-05-12 22:11:03,1-7cf7d25c-3e46-4da7-b5f4-0baa7de6b839
0.014,-1.1,0.02,9.0,0,2026-05-07 23:31:21,1-133a0f85-fa33-4003-85ba-2e62003df877
-0.194,-8.8,3.1,-7.0,0,2026-06-05 17:00:01,1-98f03a79-a668-4e33-818a-a716429d6fe5
-0.088,-4.04,-1.18,3.0,0,2026-06-05 16:22:02,1-b5f22eae-06ed-4375-b583-1a1f5e42fa43
0.304,17.42,-5.6,1.0,1,2026-06-05 15:12:24,1-ff713b69-54ae-4c90-a5e5-1303998df509
0.2,11.14,-3.62,3.0,1,2026-06-05 14:41:11,1-d3835317-03a5-40e3-93ca-56e8eadd1455
0.112,8.56,2.18,7.0,1,2026-06-05 14:00:02,1-d020b30b-802b-4fa7-a6b8-09364f23681c
0.056,-1.66,1.5,0.0,1,2026-06-05 13:18:21,1-9255b2ce-9762-411d-8d58-8707c5d198cf
-0.068,-7.08,6.42,3.0,0,2026-06-05 11:45:10,1-4d55a190-704f-4271-934a-2b6d475eb84f
-0.146,-6.44,-3.08,9.0,0,2026-06-03 16:08:51,1-80c8055d-6e55-4937-8ef2-741a0aa12f11
0.08,1.44,-3.28,16.0,1,2026-06-03 15:32:29,1-2b5ef634-83b9-4e51-a8e7-6fb9993d613f
0.0,-3.06,-0.98,10.0,0,2026-06-02 17:34:04,1-5504396b-fca0-4375-8397-75ceb8be23fc
0.038,-2.82,-1.46,-2.0,1,2026-06-01 21:53:59,1-9e575f97-3862-4985-8268-f32a9745aa7d
-0.024,-0.28,11.98,1.0,1,2026-06-01 20:27:45,1-a4105a2a-05f1-4a29-b1fd-2a7c61ebfbeb
0.108,6.2,-3.16,-10.0,1,2026-05-31 18:56:59,1-5066b44f-5dba-4018-bd51-7b3c5126ec69
-0.006,-2.54,-0.16,-4.0,0,2026-05-31 17:58:27,1-dbb6c3f7-addd-463f-868d-be37a32ca5f0
-0.102,-0.1,6.88,-8.0,0,2026-05-30 11:50:22,1-d36245bf-8b4b-4e09-90a4-884e0eaa6c68
-0.026,1.38,0.88,-13.0,1,2026-05-30 10:54:38,1-34f63aab-2dcb-4baa-acb0-4f99a1c22d2c
0.056,5.18,8.52,-1.0,0,2026-05-30 10:14:53,1-114c0ad7-f8aa-423f-9ccc-3dae073f51d6
0.11,5.78,2.02,8.0,1,2026-05-29 16:29:41,1-9eab22d9-0dac-4b91-924a-db054728ea49
0.084,4.8,-2.48,0.0,1,2026-05-29 15:46:45,1-2b7575ba-e39a-4451-90cd-4e76de6c78a5
0.098,7.52,6.9,-5.0,1,2026-05-29 15:03:10,1-b712c4ab-370a-4e21-898e-70f624dc93fd
-0.176,-10.84,-6.38,-4.0,0,2026-05-29 14:22:51,1-ad95e269-173f-4110-bcc5-4c03549e2251
-0.094,-1.7,-2.38,-10.0,0,2026-05-28 12:00:35,1-e2a114c2-9df2-492d-ba66-e82e985f5e7d
-0.008,-4.68,-12.86,12.0,0,2026-05-28 11:18:23,1-7712d0bf-2eac-44f0-8986-f1eab24336e0
-0.184,-4.42,6.34,-5.0,1,2026-05-28 10:42:44,1-f9c66e16-bfb4-4d60-9a67-8ada2e61a617
-0.018,-0.74,-0.8,8.0,0,2026-05-27 22:06:58,1-08e7563c-6ba8-4e62-b8e7-ef9668ed60fe
0.198,7.88,0.58,-8.0,1,2026-06-06 01:23:29,1-b0cdaf5a-5edc-4618-96f8-eea529ebe110
0.13,5.14,3.0,8.0,1,2026-06-06 00:19:39,1-0f63578e-3b8f-4f70-ba20-46d077fdf2e6
0.07,-1.18,-1.38,6.0,1,2026-06-04 23:49:49,1-635cf071-720b-4b51-be30-524e0f58acfe
0.082,-4.2,-2.64,-8.0,1,2026-06-04 23:14:01,1-67110349-35d2-4b11-b61c-061a85850bd1
0.098,5.86,-4.74,6.0,1,2026-06-04 22:34:24,1-27316811-6c8a-463f-a42c-2aeb0c78ba13
-0.078,-5.12,-8.94,0.0,1,2026-06-04 21:54:41,1-9a9cbf0f-52da-454c-9025-e9f3b5226ff9
0.084,6.78,-1.2,-1.0,0,2026-06-04 21:24:17,1-5db32926-d2bb-46ed-809a-3850bd412776
-0.038,5.16,5.82,-6.0,1,2026-06-04 20:49:40,1-2c62bdb9-9309-43ba-b72c-9666c8b2e433
-0.112,-4.44,-0.42,-15.0,0,2026-06-04 20:20:36,1-1b25184a-41e1-494c-8b20-5bb3e196654e
0.044,5.16,-1.54,4.0,0,2026-05-29 00:40:48,1-ab726cb1-989b-4837-acc1-c83b8833a3da
-0.042,-5.04,1.88,3.0,0,2026-05-28 23:47:04,1-f5aff08c-0965-44a9-a0bc-54a77fa30a8a
0.01,-2.7,1.1,3.0,1,2026-05-28 22:50:49,1-02ce1fa9-694d-4a5d-99f0-829eafa764f7
-0.068,-0.22,5.06,-2.0,1,2026-05-28 21:19:59,1-39dab429-579e-46bc-84a2-9546be68470f
0.13,5.34,-2.44,7.0,1,2026-05-28 20:35:32,1-b1707079-f991-40b3-9d6b-2221203283dc
0.028,4.54,1.86,4.0,0,2026-05-28 20:03:26,1-7a8a6900-a7d2-498f-b58e-999f985e5832
0.058,7.62,-1.08,7.0,1,2026-05-28 00:10:16,1-822b8761-172a-4901-91aa-14d6fce37acf
0.072,4.84,-0.56,-6.0,0,2026-05-27 23:22:55,1-b62fc760-8557-44a4-8dfa-6ca42b958090
0.166,5.86,5.88,3.0,0,2026-05-27 21:39:57,1-c7ac0355-be58-4c67-9ed3-56799fe1b6a9
0.09,10.54,-2.14,-4.0,1,2026-05-27 20:56:25,1-febccb33-251c-4067-a659-20ec16c36313
0.08,1.52,-1.24,18.66,0,2026-05-27 00:15:47,1-dca1d615-57ca-4eb4-86dd-80d3868d438d
-0.082,-1.64,2.74,1.0,1,2026-05-26 23:30:42,1-8c46372f-22d6-4919-9e65-bae1c022c691
-0.064,0.66,3.18,-12.0,1,2026-05-26 21:48:09,1-dd10bb78-e6af-4ecc-a089-73f8e6a042bd
0.06,0.0,-8.5,4.0,1,2026-05-26 19:38:35,1-dabfeccf-d303-4ac3-a616-baf21a6b6518
-0.246,-5.84,-2.08,-20.78,0,2026-05-24 02:07:53,1-ea75664c-54d7-4618-a59a-7742564aef1a
-0.056,-4.9,-1.12,4.0,1,2026-06-05 16:44:49,1-5f0ebb04-1437-4523-85be-190b1f0d2aa9
-0.008,1.66,-3.5,13.0,1,2026-06-04 00:06:58,1-ca7419fc-e5c4-4cee-a44c-c856974b9f49
-0.012,2.28,0.34,-1.5,1,2026-06-03 23:05:51,1-cdebfa87-4ce6-4053-b699-98771f80f45f
-0.058,1.1,2.62,-6.0,0,2026-06-03 22:19:58,1-2a9be9f1-3a35-4d23-b579-891cf3830157
-0.016,-0.92,5.32,-3.0,1,2026-06-03 21:46:22,1-92dbf952-b77e-414e-9ad2-cba0034cf04d
-0.048,-0.06,-6.16,6.0,1,2026-06-03 19:51:47,1-1195c482-2de5-46d7-a169-eb2097c17e1f
-0.06,-4.12,5.24,-8.0,1,2026-06-03 19:04:07,1-5ca54619-9ec6-473e-ada4-3eb47eefa840
-0.082,-3.52,1.84,-6.0,1,2026-06-02 21:46:22,1-f81f1ffe-56b5-4d77-a38c-937fef5f0c9a
-0.174,-10.54,-1.68,9.0,0,2026-06-06 02:42:24,1-b04ae162-ce70-4861-91c9-863fc16ddab8
0.004,0.9,8.02,-4.0,1,2026-06-06 02:04:31,1-0e46d66e-a68a-416b-ae3c-7c77c982de8a
-0.014,-1.98,-0.86,-7.0,0,2026-06-06 00:59:06,1-e2c06fdf-2bf7-4fdd-89e5-5c3bb679a645
0.15,5.02,1.26,12.0,1,2026-06-06 00:16:47,1-7cfcad0a-b1da-44e7-8419-ac1612775ab0
0.046,3.66,-4.64,-5.0,1,2026-06-05 22:09:55,1-76d95ad3-2775-4352-a11d-b05ca738a3bb
0.276,8.32,-7.76,13.0,1,2026-06-05 21:29:43,1-0214a555-e7d2-44f3-a267-84aea7148241
0.048,2.68,-0.14,9.0,0,2026-06-05 01:21:35,1-1127332c-4dfe-4225-bf8c-79f475a8a4b7
-0.152,-8.0,-7.4,-15.0,0,2026-06-05 00:50:30,1-8345d968-7b40-4938-a6d9-362482885e03
-0.19,-8.48,0.8,4.0,0,2026-06-05 00:11:32,1-b0c074de-284b-4f24-8ca6-a0b24f782ee4
-0.092,-1.96,-0.98,13.0,1,2026-06-04 22:47:25,1-c4f01449-97b5-40e9-ac5b-c648f98e5f1d
0.06,4.6,1.72,5.0,0,2026-06-04 21:51:03,1-465f1d24-310a-4dea-acce-5634cfb166dc
0.0,-2.02,-11.84,6.0,0,2026-06-04 20:05:47,1-7a5e16ee-57cf-4486-8424-5b56889d82e9
-0.092,-12.64,0.74,1.0,1,2026-06-04 19:31:32,1-26d8f2fd-2898-4a5b-9216-40aee475e10a
0.016,0.22,4.94,2.0,0,2026-06-04 17:01:40,1-1fddec4f-dd40-4a78-862f-159f2a928f07
0.17,6.88,-3.98,5.0,0,2026-06-04 16:03:16,1-93a19cfc-4104-48fd-b102-76b15e0ceab1
-0.06,-2.82,5.54,4.0,0,2026-06-04 15:27:54,1-83d61435-adf7-4a3f-b538-e9c68c094aa9
0.084,-0.42,-9.68,-0.66,0,2026-06-03 18:59:23,1-dbf23cd0-22a1-43f0-8dbd-cde5c1558c16
0.03,-0.76,5.06,-3.0,1,2026-06-03 18:31:45,1-f8771bc3-9d82-46eb-9a5d-81d3bf2674c3
-0.018,-3.82,5.04,2.0,1,2026-06-03 17:49:36,1-0d043fd1-7232-4d6d-824d-4182e18ee7e1
-0.054,1.86,-1.48,-10.0,0,2026-06-03 14:55:33,1-fb07a1cb-cd35-4e01-b79d-ed87ce32ed2a
-0.002,4.9,7.12,-6.0,0,2026-06-03 14:23:40,1-3c91f8bd-e74d-4ad3-b454-4f5cd4d3dd1b
-0.122,-4.14,7.98,-18.0,1,2026-06-03 01:22:05,1-6f033cf1-a1c3-4fee-b5e5-fa51ef121378
-0.092,-1.82,0.78,11.38,0,2026-06-03 00:37:45,1-ebc73360-105b-4241-b775-0770a4e41256
0.006,2.38,-1.62,-3.0,0,2026-06-02 23:34:16,1-125b7205-a83a-4565-b9ea-a84c75e5dd66
0.068,0.5,4.58,11.0,1,2026-06-02 22:59:13,1-6717843f-9784-440e-bec8-77c8e0ba9e15
-0.194,-10.38,9.02,-12.0,1,2026-06-02 21:33:31,1-44a90e2c-8bcd-45ba-9159-9c26dd19ba5a
-0.066,-4.46,-2.2,-7.0,0,2026-06-02 20:50:06,1-62594fef-bb32-4b34-a3ee-ff597606d302
0.01,1.16,3.52,4.0,1,2026-06-05 21:44:36,1-aa7d7bab-1122-49a0-a7ed-a96b3bfa30a7
0.15,6.86,-3.92,15.0,0,2026-06-05 20:51:29,1-06b69aa0-0046-43c6-ac54-48958e7913f7
0.02,-1.38,1.0,7.0,0,2026-06-05 19:58:02,1-e2408499-807f-427e-be8f-ee6675b8df8c
-0.018,0.32,0.24,9.0,0,2026-06-05 19:12:06,1-a76d490f-4700-478c-bd07-7ea3cd55e1a7
-0.07,-4.48,1.06,2.0,1,2026-06-05 18:13:10,1-e320b1ce-7bab-49f7-a980-1ef7e6af199d
-0.008,1.14,2.64,15.0,1,2026-06-05 15:51:47,1-e60faf49-fa4b-4dc7-b7e6-fcad2b824baa
-0.058,-4.58,-8.34,-5.0,1,2026-06-03 22:40:38,1-b03a69d0-a4e0-4eca-8347-5096fd5969cc
-0.134,-3.94,1.84,-26.0,0,2026-06-03 22:00:26,1-3381a356-955d-4d18-ad89-8a27212579bd
0.028,0.08,5.36,-10.0,0,2026-06-03 20:58:51,1-09fee0be-3f2c-435a-9eec-1e92b5f1f0ad
-0.096,2.2,5.22,-21.0,1,2026-06-03 20:12:03,1-0fde088c-de33-4bdf-961d-6bf6298e2793
0.016,-0.54,-2.26,16.0,1,2026-06-03 18:30:28,1-c6109e7d-147d-4d87-a8e8-987075d5c517
-0.048,0.58,9.1,-14.0,0,2026-06-03 17:30:27,1-14bc4009-187d-4cf4-9404-7c76a61355fb
0.086,2.74,-1.96,0.0,0,2026-06-02 21:27:17,1-d87df3f4-1655-4cc7-8d65-b377268c768c
0.09,2.16,-6.76,8.0,0,2026-06-02 20:49:17,1-14e1f06e-9171-4f21-a790-86db262a03ba
-0.092,-1.28,5.7,-8.68,0,2026-06-02 19:50:32,1-c81327e3-32e0-449b-9b0d-d0ad872bd115
-0.004,-4.24,0.72,9.86,0,2026-06-01 22:26:53,1-5f66570d-ec1a-4095-9374-e0f523269886
0.18,7.98,-4.04,13.0,1,2026-06-01 21:33:30,1-61d1ae5d-202c-4f91-99c0-69537f2ede39
0.006,2.12,-11.24,9.3,1,2026-06-01 20:55:12,1-221390f6-046d-4c3e-8e2d-55b4907314a4
-0.004,1.38,2.12,-6.66,0,2026-06-01 20:24:44,1-de208f45-7c03-41a7-b2a7-70796c351e76
-0.026,-0.34,6.42,0.0,0,2026-06-01 19:26:39,1-f8a162c3-b5db-4cf4-9da5-bf1e2e4f4c95
-0.08,-4.06,-2.92,0.0,0,2026-06-01 18:34:35,1-0168a4af-bde2-4a9f-a56c-588ae692218b
-0.196,-12.94,-1.14,-6.0,0,2026-05-31 21:14:09,1-16b61d43-06db-42f4-800a-a93beb91dec2
-0.014,0.58,-0.7,-1.12,1,2026-05-31 20:21:54,1-b7291491-d448-4cff-8a36-a0950e799fec
0.004,4.52,-3.24,-2.0,0,2026-05-31 19:12:26,1-bcae82b3-d067-4e79-be14-5d547106f96e
0.148,6.32,-0.34,9.0,1,2026-06-04 20:03:15,1-7f860286-616c-442a-b90c-41071b033675
0.098,2.74,4.38,24.12,0,2026-06-05 23:25:26,1-8979e6b2-c162-4dea-a532-c2205039d2b0
0.018,5.04,-3.76,-3.0,0,2026-06-05 21:39:41,1-d6edf3f1-9dd1-43c1-85e9-701d381baa75
0.042,5.44,-8.62,-16.0,1,2026-06-05 21:03:54,1-6b0e9b6d-cec7-46ae-b97b-44ee495cd9d0
-0.056,-2.08,7.84,-7.0,0,2026-06-05 20:20:49,1-af416a4a-fc8f-4063-92c1-fb10e162023b
0.092,4.22,-0.28,9.0,1,2026-06-05 19:47:13,1-0b317476-318d-4663-ab62-e3df991168da
-0.032,-1.08,5.56,5.0,0,2026-06-05 18:10:07,1-21df7ba2-8980-4a1d-996c-7da46243c014
0.1,8.94,-0.56,12.0,0,2026-05-14 21:10:28,1-75a9873a-c45f-4c23-9a31-8d89314911aa
0.082,3.96,5.24,-2.0,1,2026-06-05 20:10:42,1-e2ee4095-ae55-405b-b8dd-86c2db905ef0
-0.124,-4.32,-3.9,3.0,1,2026-06-05 18:24:05,1-bb0fbd8e-58e3-4006-9af1-11b32badd544
0.068,4.38,-1.96,-7.0,0,2026-06-04 15:47:24,1-57fe21bc-1a9a-42f6-acf0-582999527cbe
-0.128,-7.06,7.78,-3.0,1,2026-06-04 14:48:23,1-427c6f8d-f2f5-41dd-89e3-e0a55afd9273
0.08,4.96,-3.12,16.28,1,2026-06-04 13:39:50,1-85227965-9185-4053-baf8-9bfc7e014e57
0.024,-0.06,-3.1,15.0,0,2026-06-03 17:15:18,1-b0801bdc-a35d-4dd0-8025-6fe9b8b264f0
0.202,8.22,-3.74,18.58,1,2026-06-03 16:15:28,1-1de04a32-436e-4c2e-b3c5-d619c7f7ab60
0.11,5.92,-3.36,-5.0,1,2026-06-02 19:33:25,1-d591ca13-0369-4bc2-bc38-0e722c440820
-0.104,-5.04,-0.48,-6.0,0,2026-06-02 18:24:44,1-0a97e5b2-854a-4ab9-9605-7160ed190165
-0.004,6.5,-0.52,-5.0,1,2026-06-02 17:37:25,1-1f1bbb6c-d7db-46c8-9069-59ec8e478eef
-0.028,-0.96,-0.48,0.0,0,2026-06-02 15:22:42,1-9dc705f2-95fc-44d6-ab14-af0373ce4b00
-0.012,0.74,-0.64,9.0,0,2026-06-02 12:50:29,1-35e41f08-e366-4e9c-8dd7-6b8e3abc7120
0.036,-0.32,0.4,0.0,1,2026-05-30 16:35:29,1-e8751473-fe5a-494f-bae9-692feec4951f
-0.07,-4.12,-1.24,-16.0,0,2026-05-25 21:46:47,1-38a229fa-57d9-47fe-b3b9-617b7d664a75
0.068,2.32,-1.14,-0.66,0,2026-05-25 20:58:32,1-92d5ce36-e94a-4f51-aa2b-f1442af5ea1b
0.046,7.34,1.78,0.76,0,2026-05-25 20:10:46,1-3e33999e-10b4-4d3c-b15c-2ea65d0d2560
-0.052,-3.34,-7.28,10.0,1,2026-05-25 18:20:25,1-5401f9b7-d873-48b4-bf4b-7dd8a062dbb7
0.052,1.72,-8.64,-19.0,1,2026-05-22 19:31:10,1-9804a65c-bbb0-44f3-b4af-20f7d44b3a07
-0.046,-5.08,-1.44,5.12,1,2026-05-21 17:04:54,1-996d2043-0251-42e5-976a-679ad8a5a54a
-0.026,-1.42,-4.46,7.0,0,2026-05-18 21:38:05,1-19b5cc9d-ae05-4fdd-966b-008a675ccae0
0.038,1.36,10.08,6.0,1,2026-06-05 17:45:37,1-82765aec-2bf5-4ed1-9cf5-05cb6b371aee
-0.034,1.64,-6.96,0.0,0,2026-06-03 20:49:58,1-f4376b41-8219-4819-8ca8-ea6e34ccdf34
-0.004,-1.7,4.28,8.0,0,2026-06-03 20:15:38,1-92d2811d-3190-478b-a0ce-59b310c0b677
-0.09,-5.98,8.76,13.0,1,2026-06-03 19:42:13,1-d75a3517-42fb-4a7a-8cd4-d64f0bc24dad
0.02,4.82,6.14,1.0,1,2026-06-02 19:08:35,1-e08e907e-d039-43a3-b3b5-2519bdde7880
0.11,8.4,-4.4,8.0,1,2026-06-02 14:56:59,1-4f20e5ce-1c00-4b0e-bf29-bec70cab229d
-0.1,-4.88,-3.1,-5.28,1,2026-06-01 17:24:35,1-c21fa38f-6bec-407a-9b89-d44cc9c05cf1
-0.282,-17.92,1.64,3.48,0,2026-06-01 16:00:58,1-10dbd879-1fb1-407a-aef1-4962f7c4b29a
0.116,4.42,5.62,3.0,0,2026-06-01 15:25:46,1-c17297e5-8055-403a-aa74-5002561398b0
-0.13,-4.32,1.46,-8.0,0,2026-06-01 13:46:32,1-439b2e55-72e5-44d1-a447-568649400fa2
-0.046,-0.74,-1.84,-24.0,1,2026-05-31 17:07:53,1-f6986060-9ed6-4fd4-bf2e-8849afadebcc
0.054,0.26,-3.5,-9.0,0,2026-05-31 15:59:08,1-d7cb4576-8c9b-4441-820c-cabfbaa666c2
-0.082,-1.22,-1.94,0.0,0,2026-05-31 15:12:03,1-ab5a56db-c3da-4247-a904-4934414580a7
0.042,3.18,-0.12,-3.0,1,2026-05-31 14:45:04,1-64dc2613-387b-4215-a9e5-75d34038394d
-0.114,-7.16,3.04,-6.0,0,2026-05-31 12:24:37,1-d4dc3feb-9221-4aa7-9a66-b8ca77635f06
0.166,7.0,5.36,-4.0,1,2026-05-30 21:50:17,1-e7cb7e3e-6973-44d9-aabf-257ddb0b6a6d
-0.124,-5.6,-3.12,-16.0,0,2026-05-30 20:11:09,1-2eef07aa-996b-427e-9e94-6c02dabc2825
0.116,5.84,3.62,-8.0,1,2026-05-30 19:13:18,1-e316a54f-d3f3-45ad-95fc-ed54667af464
0.104,3.98,7.22,7.0,1,2026-05-29 20:26:27,1-dcd9b4aa-cb41-4cb5-b8ec-a08b81f75ca3
0.056,1.56,8.28,-5.0,1,2026-05-29 19:48:26,1-708bb644-a896-4cc3-99c0-93aef2cd44f0
0.07,6.62,1.34,11.0,1,2026-05-29 19:00:01,1-ec5b09ee-3e08-4c06-bbbe-83ea23e070e5
0.124,6.32,3.16,6.0,1,2026-05-29 17:34:26,1-688d1b0b-4581-43b6-ab83-ecba57aedfa5
0.014,2.02,6.54,-6.0,1,2026-05-29 16:43:10,1-130edd98-6b77-4785-adeb-76fb8fe7cc8f
-0.15,-6.74,4.96,5.0,0,2026-06-05 19:35:31,1-f9a915af-797b-4fae-adf1-09b29772614a
-0.006,0.44,1.92,-6.0,0,2026-06-05 18:49:00,1-6a6d7376-4fd3-4e14-8a81-7a0ff7f3ccea
-0.158,-8.02,-2.62,-5.0,0,2026-06-04 19:50:29,1-8c7684f6-785c-4dc5-aaf8-3fc3f7bd3a7d
-0.06,-0.44,0.26,-5.0,1,2026-06-04 18:38:27,1-4ae461ba-0a1e-4203-83a6-db806b14dbe9
0.082,3.04,4.98,4.0,1,2026-06-04 16:42:25,1-0e74161b-298d-4fd8-8d78-aeb56d504758
0.126,5.64,1.64,0.0,1,2026-06-03 17:53:16,1-5ead005a-bcc7-48d2-9077-11f512901e6b
-0.134,-9.76,1.22,-8.0,1,2026-06-03 16:59:19,1-b653b97f-1ffd-4eb6-800b-c1966041549d
0.168,7.48,1.34,5.0,0,2026-06-03 16:16:03,1-d7ff0759-bb55-4dae-bc2f-98fb185efe82
0.028,-1.24,1.3,-12.0,1,2026-06-02 18:17:08,1-e07e1bad-1e68-4d9d-ac2e-df1ea3eece58
-0.094,-5.96,3.7,-1.0,0,2026-06-02 17:30:55,1-5658fb49-05fb-4a3f-bc1f-c0781996913e
-0.046,-6.42,-8.74,0.0,0,2026-06-01 19:35:32,1-e5e8d9c0-fea4-4ca0-bf64-2db6a17406b7
0.034,10.08,-0.56,-5.0,1,2026-06-01 18:41:27,1-41e0a0a6-8e69-4b97-9178-a70db9bebe1d
-0.046,-0.88,1.5,-3.0,0,2026-05-31 21:54:25,1-f53e8d8f-3e50-4b54-8b88-6f60cc8be7a1
-0.016,5.54,-0.48,-22.68,1,2026-05-31 11:20:40,1-23628190-e924-42a4-981b-137aa9c51081
-0.006,-1.14,1.56,-5.0,1,2026-05-31 10:42:10,1-ece8efbc-7959-4a89-b4f1-9977b8f2b420
0.078,6.2,0.46,0.0,1,2026-06-06 02:32:09,1-99bc6b99-a6bc-434b-800f-758809e1589d
-0.026,-4.1,-3.64,0.0,1,2026-06-06 00:44:59,1-f8345502-9315-4b5b-94fc-e1ddd76d9bbb
-0.034,-6.02,2.0,-5.72,1,2026-06-05 16:36:24,1-554e1269-3f5e-4283-a019-7c9aea3fe8b3
0.15,5.72,-5.68,14.0,0,2026-06-05 06:24:42,1-1179504e-c888-46a0-bd15-013cea7e4e38
0.002,2.82,1.34,-10.0,0,2026-06-05 05:49:46,1-bde548be-7c61-4904-902b-2792ac2cae55
-0.13,-4.4,-1.24,-5.66,1,2026-06-03 06:31:24,1-a400c71a-6f63-425b-bb20-5fa3ba4988c2
-0.016,-1.5,6.94,-10.0,1,2026-05-31 23:35:28,1-2ecb7270-d356-48fd-8366-b4756b301df9
0.062,3.42,-1.12,15.0,1,2026-05-29 03:36:36,1-21535157-d93d-4d91-b9f9-49f7e6d690ee
0.084,6.12,1.24,19.0,1,2026-05-29 03:00:31,1-c80ff0af-f4b2-44d6-9cf6-82fe3b455728
0.094,5.66,2.44,14.0,0,2026-05-29 02:27:35,1-13d6f2cc-59c1-45ef-af52-381c695b52b2
0.11,5.1,12.28,7.64,0,2026-05-23 19:42:43,1-8716b77b-77bf-4be6-b410-83f5bf07b193
-0.134,-1.38,-3.02,5.0,0,2026-05-23 19:12:52,1-582e2e78-df3f-4e08-a2f5-157ea82acbe3
0.028,1.62,9.04,7.0,0,2026-05-18 22:26:31,1-a99e90e1-2457-4802-a966-e8062de15e7a
-0.044,3.82,-6.54,4.0,0,2026-05-18 21:48:10,1-249dd67c-3a59-4826-a084-03de1d5bd54c
-0.14,-6.84,6.88,1.0,0,2026-05-05 22:53:42,1-98db21ad-782a-4cc7-bc54-a0163c45b545
-0.006,0.12,-1.38,11.0,0,2026-05-05 22:13:12,1-3aabd4a2-7c6c-4fde-9437-2a48aaee193f
0.002,1.02,-2.2,14.0,0,2026-05-05 21:21:11,1-ea37985b-0197-4306-b36b-ccdde223fbed
-0.032,-1.06,7.14,-6.0,1,2026-06-05 03:44:20,1-78db0482-82ac-4b0a-9e76-5c242fab836c
-0.03,1.28,-6.46,-1.0,0,2026-06-04 06:07:28,1-2f925309-8d71-4dbe-9528-231be5ac11fe
-0.056,-3.14,1.08,0.0,0,2026-06-04 05:33:48,1-1ae82ab3-5dc0-4b45-aea6-7b5dcab45db2
-0.036,0.28,-6.8,-10.0,0,2026-06-04 04:33:56,1-3d9be878-e44c-4768-aa77-a90c331d10df
-0.138,-8.12,4.0,-2.0,0,2026-06-03 04:57:20,1-a3131fdb-8e90-4ef7-bf4f-76038bbebaeb
-0.1,-8.16,-3.46,1.0,1,2026-06-03 04:00:58,1-d26c936f-4fd8-4362-b302-0371cbdfd650
0.066,2.08,8.64,7.0,0,2026-06-03 03:11:55,1-3e99cff2-9ece-4f87-91c2-177de0c0ce0b
-0.012,4.12,-7.5,-12.0,1,2026-06-03 02:23:20,1-d7556095-193a-408e-8396-af9ac1a7625f
-0.102,-3.02,-2.24,-4.0,0,2026-06-03 01:42:54,1-791245e7-596c-4c1c-a8df-e0819d47c1d7
0.048,3.56,-3.76,-3.0,1,2026-06-03 00:51:35,1-4b7b6eb5-1263-45d2-ac2b-dcbfb1007f53
-0.096,-8.64,0.04,14.0,0,2026-06-02 02:20:41,1-a2ce746f-47a0-4c05-bd3c-ed38b73f40ad
-0.022,-4.12,-10.18,-2.0,1,2026-06-02 01:41:26,1-6651fed5-aba2-4962-bb36-f2521df22e70
0.058,-1.84,1.06,16.14,0,2026-06-02 00:54:39,1-4bcd313b-1387-47de-a384-207429de5ee8
-0.002,4.56,-8.16,-2.0,1,2026-06-01 23:56:26,1-a2556450-a870-4d78-a0de-9d2bba0d176e
0.132,7.88,1.12,8.12,0,2026-05-31 07:35:52,1-21dd3c16-7c09-4187-8bde-b42821661f93
0.082,6.94,-2.38,-4.0,0,2026-05-31 07:09:34,1-ab55cc71-300f-4f12-9109-1721604e4e7f
0.196,10.16,-5.66,13.0,0,2026-05-31 06:22:59,1-a6ee7b20-1f0d-45fd-92e3-5b795dd1d0be
-0.074,-5.54,1.88,2.0,0,2026-05-31 04:50:47,1-5e44d814-c0ae-4137-a0f6-fe053047db20
0.122,2.2,-1.78,10.0,1,2026-05-31 03:40:28,1-b3377952-94f3-4f48-a54a-2cd120c5a0f9
0.076,6.72,-2.94,4.76,0,2026-05-31 03:09:28,1-b16c096e-b827-490b-9ce7-0cad45bf7cfe
0.08,4.1,1.46,-1.0,0,2026-05-30 06:43:10,1-c1b815a9-12ce-4b5e-8365-3fd2bc3f43f7
-0.14,-7.1,4.62,-2.0,0,2026-05-30 05:47:41,1-13fc1d31-c543-4377-9002-a6d8fa8e4914
-0.072,-0.16,12.04,-1.0,0,2026-05-30 04:55:04,1-1f9bd31e-63e0-4d92-8feb-1e8b34d6c59b
0.044,2.14,0.5,7.12,1,2026-05-30 04:12:12,1-824b2deb-3e5c-41e2-9e73-6e74150f3254
0.016,5.14,2.32,-2.0,1,2026-05-30 03:21:15,1-403db5b3-a53f-40a0-8880-1418b878a491
0.048,0.46,2.66,0.0,1,2026-05-30 02:32:39,1-5926898f-c38c-46b9-9083-e1a6742e4408
0.084,4.46,-2.48,-1.0,1,2026-06-05 21:09:10,1-8b1303d0-99a3-42ea-9264-756ae4eaeb75
0.038,2.0,1.3,-5.76,0,2026-06-05 20:18:07,1-100ad4ba-84a7-4b46-b93f-60e1145dca27
-0.098,-1.04,-3.02,-8.0,0,2026-06-05 18:35:11,1-6b096fed-1126-4c21-84d1-7d4c222cf4bf
0.112,10.64,7.2,-1.7,1,2026-06-05 05:58:23,1-b881a056-2509-46d3-9bfa-4ca6860c5e41
-0.068,-4.68,6.72,9.0,0,2026-05-28 12:49:11,1-063ae0b0-c96b-4c92-b8e6-10d723cc67b8
-0.116,-9.68,-0.86,-5.0,1,2026-05-28 12:03:05,1-47b0c6e7-51a6-4a5a-ba18-e6c32ce5aea6
0.092,8.0,3.84,-2.0,1,2026-05-28 11:21:18,1-b9d5fcdd-fedf-4464-b31b-98aa86e10a30
0.016,-4.4,-15.08,14.0,1,2026-05-28 10:39:30,1-214122ab-4681-4ed6-aee3-b1e009dcca92
-0.064,-4.04,1.52,12.0,0,2026-05-28 08:37:11,1-45255a52-9533-4689-bad7-5799aecb074b
-0.076,-4.7,-0.34,0.0,1,2026-05-28 06:53:01,1-337ff1de-d966-45d3-a841-b72b775de550
0.182,8.58,-6.12,6.0,1,2026-05-28 06:08:42,1-1ad409b5-cbb5-47e0-972b-4988f56382fc
0.158,9.74,-2.12,6.48,1,2026-05-28 13:37:31,1-518875ad-5f0d-4e17-85b2-004987de20e8
0.12,7.48,-4.42,4.0,0,2026-05-26 06:30:16,1-b3ed9b37-3817-4c87-baae-5fa02e9bd36d
0.158,10.7,4.02,6.0,0,2026-05-26 05:58:22,1-df0231a4-0970-4969-b3a3-44d3c1ab2f56
-0.068,-2.3,-2.7,1.0,1,2026-05-26 05:04:08,1-53fc59c8-0a1b-4951-b324-310ec0383cff
-0.072,-1.74,0.2,4.0,1,2026-05-23 07:02:14,1-64f546fa-25dd-46c5-b1ee-427cce9daf0e
0.06,0.92,3.42,0.0,1,2026-05-23 05:39:16,1-704b725a-661c-4f51-9e7d-334e354f0f3d
0.164,6.86,-2.24,9.76,0,2026-05-23 05:07:41,1-fe51ce69-b86a-414a-9b00-decae722f068
-0.052,-2.78,0.08,15.0,0,2026-05-23 04:31:39,1-57f14c30-b921-4a45-ab61-9f8120d3e6a2
-0.146,-9.18,-8.38,-3.5,1,2026-05-23 03:40:36,1-5f38b177-1e85-435d-ac91-6f5452a102ba
0.07,2.18,-5.24,-12.0,1,2026-06-05 03:21:19,1-5723c3f5-08d1-4165-a288-ff64a1e48c17
0.066,0.58,-1.44,-0.12,1,2026-06-04 04:01:44,1-506c249e-2135-4cc9-8c48-c46f7eb545a3
0.058,3.46,2.72,3.0,1,2026-06-04 03:19:57,1-53c1748b-6985-4e60-bce2-3d33403b98a8
0.022,-0.32,-5.22,-3.0,0,2026-06-03 12:00:11,1-f3535d38-b77c-4c46-bc23-4eb93b7778d9
-0.084,-5.02,-1.24,2.0,0,2026-06-03 11:15:23,1-a402090a-a733-45f3-9571-ba136bbe0681
0.028,5.02,-3.62,0.5,0,2026-06-03 10:35:09,1-184dedf6-b9ac-4f60-b822-4531084e99bb
-0.188,-10.66,-8.22,-9.78,0,2026-06-03 09:56:55,1-c9ec877d-630d-46e5-a056-0a1f9b477bdf
-0.018,0.16,-1.66,5.0,1,2026-06-03 02:45:14,1-08a9ecc2-65bd-44ae-81a1-70c6b3f88b6c
-0.054,-8.6,-10.14,12.42,0,2026-06-02 04:59:19,1-981d0ffc-e8fd-4d9d-94e8-07a1498527cb
0.118,2.82,-10.46,5.1,1,2026-06-02 04:13:11,1-b5242c93-5af9-4afb-a223-bd1886e0f1ed
-0.044,0.5,-4.68,-0.58,0,2026-06-02 03:22:26,1-48dd347e-649a-4c4a-9a0c-f30fa941857b
-0.072,-4.04,-0.58,-6.88,1,2026-06-02 02:42:39,1-9021bf98-661f-461e-973d-7871b664b60e
0.142,8.42,5.32,8.34,1,2026-06-01 22:35:42,1-5d64fdcc-f1f1-409d-a9f0-43cdb27d2295
-0.03,-1.26,5.18,-2.0,1,2026-05-30 06:02:52,1-1dfbc6b7-a056-424f-bea9-a5acc56d3dc7
0.076,-3.54,1.72,11.32,0,2026-05-29 08:17:48,1-a8736bcb-6298-4e6f-ad82-8bcbb17ec03e
-0.082,-4.68,3.12,-19.66,1,2026-05-27 11:17:14,1-54b1e8a0-cdde-4c8d-9b5c-3cc27eae9ef0
-0.144,-10.38,-3.86,-2.42,1,2026-05-27 10:06:01,1-567acab6-550b-447b-a404-fb8ffe820087
-0.078,-2.84,4.08,-4.58,1,2026-05-27 09:24:24,1-5d3341b9-68ac-4116-a6a8-3af4c4cc46a8
0.098,8.94,3.52,5.0,0,2026-05-27 08:44:48,1-1b0eca4c-fce0-4693-97d2-8d38d9ed6147
0.09,8.46,1.76,8.0,1,2026-05-27 07:56:26,1-d8884a4d-f638-4813-8e5e-fc0c283614cf
-0.03,2.08,0.84,5.56,1,2026-05-26 06:37:23,1-a5ed5b18-4ed0-4ef2-a058-c06bd82cfadd
0.154,6.16,4.58,24.0,1,2026-06-06 02:40:36,1-62aa0033-92ef-4cee-af7d-a0f66e2c3996
0.082,7.58,9.36,8.0,1,2026-06-05 15:23:48,1-7e272196-2530-4a06-8d9c-b9fc56514e57
0.166,8.36,0.94,5.0,1,2026-06-05 14:50:05,1-525a23aa-2eb6-4af9-b771-752e6b420b95
0.014,0.5,5.54,-2.0,0,2026-06-05 12:08:56,1-aab683f6-aec3-420a-b8ca-07e9995b76e3
-0.054,-2.94,5.84,-4.0,0,2026-06-05 11:11:04,1-7e6ad027-29ab-4fec-8499-b3620419084c
0.004,1.44,-2.2,-4.0,1,2026-06-05 10:25:48,1-18fcf9cc-30be-47ce-bb56-d97857ea586c
0.148,4.9,3.08,8.0,0,2026-06-05 09:34:48,1-a793f8a7-7a57-4e4d-a7a4-8b9f14e9d092
0.224,13.08,4.08,1.0,1,2026-06-05 08:52:45,1-2c23ca5c-c733-4a79-b08a-d9121b2537ea
-0.102,-1.64,0.32,0.0,0,2026-06-05 08:08:58,1-fcb39bcb-3256-4791-9e9f-574f209cb445
0.0,1.4,6.3,-9.0,1,2026-06-05 07:26:45,1-16f8b9e4-efad-4dab-8f6a-a02084ae7566
-0.06,-1.38,-10.28,-5.0,0,2026-06-05 05:57:23,1-9233af21-4a46-4e6c-a6f3-3691946be1e6
0.18,6.8,2.84,6.0,0,2026-06-05 05:14:52,1-a299f61f-bf43-43db-b26e-598521be7e24
-0.034,-0.1,1.24,-12.0,1,2026-06-05 02:40:50,1-2ecde2d6-4f7a-4579-a3fe-0566de7fb0ec
-0.026,-4.66,-0.88,4.0,0,2026-06-05 01:54:57,1-49072156-da31-428d-a5de-15b76f9b663f
-0.088,-4.0,0.96,-3.0,1,2026-06-05 01:07:21,1-1d145e79-d379-43ad-a1eb-82437f3026ca
0.214,11.16,3.22,3.0,1,2026-06-05 00:18:01,1-99d04480-e2dd-4642-8c26-df0a633db62d
0.052,7.24,5.54,8.0,0,2026-06-04 13:08:24,1-9b39c628-d7cb-4f34-ae27-d500787d7deb
0.07,-0.08,8.74,4.0,0,2026-06-04 04:34:05,1-8f09fa7c-30b2-4131-94ef-0e375f3270e3
-0.084,-0.88,-8.88,6.0,0,2026-06-04 03:41:52,1-83df5b4b-1b63-4a52-93a1-233d57cb1b65
0.044,4.24,-7.24,-8.0,1,2026-06-04 02:46:51,1-1ec69835-b7d3-448b-8f0c-a62a1c1e97d7
-0.038,-2.46,8.24,-9.0,0,2026-06-04 02:01:12,1-8de7689a-77b3-4697-8279-93c8660ad3a6
-0.028,-1.34,0.82,-11.0,0,2026-06-04 01:09:11,1-c1fd81f4-f5f8-41b1-be72-677202a1c760
-0.114,-3.78,1.16,1.0,1,2026-06-03 19:25:20,1-c4bee5c2-eb6c-4a98-9c17-56f2ae304972
0.084,4.76,8.86,6.0,1,2026-06-03 18:40:28,1-4d3b7657-a8ce-4eb9-a4e2-cf78895b9bab
0.04,-0.44,4.14,20.0,1,2026-06-03 17:30:21,1-9841d790-24f5-4bf0-aa8e-408c8361bcf1
0.078,6.22,1.66,-4.0,1,2026-06-03 14:08:44,1-0e9fac65-88ae-48e7-a3ee-0cef33717972
0.03,5.4,-3.28,4.0,1,2026-06-03 12:30:54,1-49216e61-386f-45a4-a57f-528afb954d30
0.05,-2.52,-3.08,13.0,1,2026-06-03 11:40:45,1-49e9bbaf-f590-4247-aa8b-2e5effbfb28c
0.124,3.26,-6.4,1.0,0,2026-06-05 11:02:43,1-678c1143-2c81-4c57-8f9c-e0cd753f88a8
-0.018,0.24,-2.36,3.0,0,2026-06-05 10:13:03,1-24856caf-17f6-482f-8c44-2593afa9820f
-0.054,3.04,-2.16,4.0,0,2026-06-05 08:19:20,1-81800a72-4161-410e-be9c-fcba58be7a49
0.048,3.62,3.24,13.0,0,2026-06-05 06:27:37,1-7dda53c9-0258-463b-bf05-743f136edb3c
-0.036,1.64,-3.5,-5.0,1,2026-06-05 03:44:51,1-fee9dfac-7137-418b-a494-b8b7db38d7f4
0.05,0.0,-2.86,9.0,1,2026-06-05 03:03:34,1-73e17d3f-78e7-4382-91cb-070a6ac13f51
0.068,0.7,-1.6,1.0,0,2026-06-05 01:56:27,1-253e3793-6ea2-4093-9ed4-d01c916723ec
-0.024,-0.86,-1.38,-15.0,0,2026-06-04 22:08:37,1-c7491a33-ea25-46b4-b016-950518a97980
-0.016,0.16,2.78,-10.66,0,2026-06-04 04:38:06,1-33b58828-806b-401d-b73f-cab8668e413d
0.058,5.64,-2.24,-2.0,1,2026-06-04 03:52:26,1-d97bea2a-2414-4845-a921-e39ae93d5b03
0.122,7.26,6.56,4.0,1,2026-06-04 02:39:49,1-876bd9a6-7365-4377-8281-8f6e32705cb7
0.262,15.26,7.12,12.0,1,2026-06-04 00:33:24,1-8ed3b406-600f-4f50-beb2-305b7d5a3878
-0.014,-3.84,4.4,-3.0,1,2026-06-03 22:16:18,1-68c2f702-e4e8-4fb9-95a9-3f18fcd27ecf
-0.082,-0.12,2.38,1.0,0,2026-06-03 21:25:06,1-9c200883-4dd2-4f25-aaab-3d7cb834335f
-0.002,1.6,3.58,2.0,1,2026-06-03 04:03:07,1-5f9ea98f-1bd5-47bf-b866-60f9831678e6
-0.002,2.3,-1.18,-3.0,0,2026-06-03 01:05:52,1-5b3ee828-d8b5-416a-bf23-b1073a78b665
-0.078,-0.3,1.08,9.0,0,2026-06-03 00:19:54,1-b750b0d4-57a6-4d59-bc23-5b06d8ba7ab9
0.02,-0.32,-0.5,5.0,1,2026-06-01 21:37:35,1-1314b55d-f8e6-4b19-b2a9-178a813f34cf
0.056,-0.98,-1.96,-5.0,0,2026-06-01 20:43:21,1-d98f301e-5042-4a32-a701-bd340ea85c64
-0.022,-0.68,-4.92,-1.0,0,2026-06-01 00:00:33,1-c5be0c94-b3c2-4db8-bfc8-8ab7199eeb69
0.004,-0.26,3.66,4.0,1,2026-05-31 21:17:22,1-a4ab1e5e-c585-4faf-a99f-ec11dd8838e8
-0.074,0.06,8.64,3.0,1,2026-05-30 18:02:36,1-9e7cea76-d8eb-4279-b73e-876f87f5be83
0.066,5.58,3.58,2.0,1,2026-05-30 16:42:25,1-d4358290-61fe-4fb4-a030-e48a606ee913
0.048,-1.2,0.84,0.0,1,2026-05-29 19:40:11,1-372ab3e2-a5d6-4fe9-8f80-dd9e93775789
0.13,2.76,-0.14,7.0,0,2026-05-29 17:47:24,1-bf80a4b5-5654-4792-8c49-0a67cfa82e60
0.034,1.94,0.9,-18.0,1,2026-06-06 02:37:07,1-f0ba266b-dae6-447b-8623-172e4b9d949a
-0.004,3.22,1.58,10.0,1,2026-06-05 06:16:30,1-3a62820c-3b27-417e-a3ef-587475dda633
-0.018,-5.44,4.42,19.0,1,2026-06-05 05:38:24,1-b9ce37be-dfc6-4792-9b69-a4394d99fb35
0.074,4.54,-0.28,12.0,1,2026-06-04 10:15:27,1-6571bb38-5bfe-4002-88d0-f5cdf52e6487
0.066,-1.08,0.34,-4.0,0,2026-06-04 09:30:52,1-407d5b0a-4bae-4334-86d4-81173283b341
0.112,6.22,2.6,8.0,1,2026-06-04 05:52:29,1-b1a1d9da-7d30-40d0-aae5-6f7bfb90826b
0.084,7.74,-4.56,23.46,0,2026-06-04 05:11:36,1-4b93d11e-3630-40c5-a87b-d533b84deb1e
0.028,-0.58,4.46,23.0,1,2026-06-04 04:20:33,1-63f6412d-0ac0-4c42-be1d-812383e1c61c
0.04,1.9,8.24,20.84,1,2026-06-04 03:33:00,1-c26bb5eb-1aa0-4410-88f0-f12735c4741b
0.038,5.9,-5.14,6.0,1,2026-06-04 00:35:38,1-4e22976c-1564-4f41-9057-2031c06fd7c8
0.024,1.48,-3.0,0.0,0,2026-06-04 00:02:06,1-06463618-2f9e-4449-bac0-0ecef4514862
0.104,4.52,-0.84,-8.0,0,2026-06-03 09:27:05,1-00b661c5-0691-4b4d-aace-0c9802761987
-0.058,-2.16,-2.9,4.0,0,2026-06-03 05:08:35,1-7e8d02f0-e6d8-4ec5-a04b-301c72dcba92
0.102,3.02,-4.38,22.0,0,2026-06-02 09:31:46,1-29d3ffb3-51fa-4a8c-8799-903aa6cb5194
-0.132,-1.48,3.88,-9.88,0,2026-06-02 02:44:50,1-42c87ec1-a778-49ae-8d5b-4d8ec16f1d93
0.036,3.54,1.6,-6.0,1,2026-06-02 00:56:16,1-9dd2b775-1b38-4cf3-9f05-2177cf47e7fd
-0.068,-0.32,-9.12,-12.0,1,2026-06-02 00:12:53,1-728afb83-3de1-4e4d-b683-cb2cb5167599
0.11,8.52,8.66,-7.12,1,2026-06-01 02:47:43,1-1df7ecc3-016e-4dfe-967f-180237468e27
0.064,2.38,10.1,-5.5,1,2026-06-01 02:17:59,1-6c03e91d-e48f-4341-a062-3afe786b8e0e
0.104,1.42,3.12,9.0,0,2026-06-01 01:34:11,1-77e28445-b11a-41de-87f1-91224236b134
0.028,5.3,0.38,-1.66,0,2026-06-01 00:49:33,1-524ceaa2-9e42-418b-887b-06e2e65b24cb
-0.104,-5.14,-0.54,-9.0,0,2026-06-01 00:10:50,1-4630def4-e317-4c5b-bf75-5e4b8640bc26
0.004,5.54,2.96,13.0,0,2026-06-06 01:56:05,1-a0d907f0-c74b-487d-a9cd-51b280a110fa
-0.008,0.26,3.36,8.0,0,2026-06-06 01:21:22,1-628bd1f4-bfe6-4abc-b3ea-f72e399fec40
-0.102,-7.64,7.1,14.0,0,2026-06-06 00:25:17,1-1133ce07-3bc1-463a-89dc-bfb0f4017e15
0.018,2.82,-4.0,-3.0,1,2026-06-05 23:22:04,1-0e53a456-e7f6-49fe-ab17-5383e838cfc7
0.14,7.04,-1.96,10.0,1,2026-06-05 20:39:08,1-25870486-b11d-49d0-9716-3f96dfd572ed
-0.04,5.04,-3.14,-9.0,0,2026-06-05 19:38:02,1-6570ce98-522b-4b28-8f87-7b06237f0c65
-0.02,-0.7,-2.62,-5.0,0,2026-06-05 08:16:28,1-507c17d5-14f2-4f7a-b449-86298d2c1335
-0.04,-1.22,-5.08,-1.0,0,2026-06-05 07:37:08,1-7c48b463-9bdc-4ca9-94ea-f54cdb47b335
-0.036,-0.86,6.96,6.0,0,2026-06-05 02:12:11,1-bf87126a-2713-4dd8-bd72-d73b5ec0b4a6
-0.044,-0.88,-0.36,2.66,0,2026-06-05 01:33:58,1-9d6e6776-bb23-4089-a11a-a204ea7435e0
-0.08,-0.36,0.32,-7.78,0,2026-06-04 23:38:34,1-a28e30ee-b5d7-4a65-bb9c-1a0dcb3bf6c0
0.048,-2.0,7.72,-6.0,1,2026-06-04 20:40:01,1-615bf025-d8dc-4a8f-bf85-4f019462864a
-0.01,-0.04,-1.56,3.0,0,2026-06-04 19:22:29,1-6990aea6-729f-4c86-90af-9a586f7c378a
-0.166,-8.5,6.76,-12.72,1,2026-06-04 01:32:44,1-38637fe0-0612-4d7e-ab1e-299320ab00ed
0.07,6.22,-6.62,7.0,0,2026-06-03 20:10:01,1-31062e2f-7a6f-4cc2-a2d3-1084aeca3168
0.006,-2.88,-6.08,10.08,1,2026-06-03 18:43:59,1-fd30c023-a2d9-4909-ad20-5ba2fe5a0ffd
-0.02,2.66,-5.64,11.0,0,2026-06-03 17:55:23,1-6eb57157-c7a4-47e4-8f55-c6f61ff6abce
-0.022,-1.76,-8.04,0.0,1,2026-06-03 01:24:20,1-c5dbd2ca-7549-4822-b3e5-c3fa2ecc6782
0.094,7.6,1.66,6.76,0,2026-06-02 23:12:48,1-1ba20120-0c95-4d90-92ed-ae8eac096604
-0.014,2.7,1.94,7.0,0,2026-06-05 23:11:05,1-3fbfb24d-07ff-4675-94ff-6b57af80b72c
0.012,-1.6,-1.6,9.0,0,2026-06-05 22:25:08,1-1bccef13-2284-4304-b968-2d99d0342f14
0.12,4.54,-3.98,-5.0,1,2026-06-05 21:38:07,1-d75e6dcd-39cd-4e7e-b9e7-b73018e618ef
-0.012,4.24,7.74,-3.0,1,2026-06-05 14:30:59,1-0d0884fc-c9ca-453b-aa87-6f227b0aea93
0.024,2.6,-7.84,-1.0,1,2026-06-05 04:11:31,1-2cc5673a-bb4c-41fe-b0b2-8e7059a08b28
0.014,0.58,-0.5,-11.0,1,2026-06-03 20:08:23,1-fe333bb6-7e59-4826-a859-325b8740c822
-0.008,-4.8,-1.66,-8.0,0,2026-06-03 18:50:55,1-452bf6f6-254a-428b-8ace-87e9d74ad231
-0.028,-3.78,-4.54,1.0,1,2026-06-03 12:35:35,1-7779fd1f-9c3a-4a2c-9fe9-f6de2af63b32
-0.02,-4.34,-0.4,4.0,0,2026-06-03 00:06:44,1-5b25eb4c-6f4b-49c9-b153-3806ba829667
-0.062,-8.16,-8.7,-3.0,1,2026-06-02 23:14:06,1-66c11111-53f7-4863-869d-d0b3c485fc59
-0.096,-4.52,-3.98,-13.58,1,2026-06-02 20:36:22,1-64970b25-2dd9-468e-aeb2-1c7966ff3f51
-0.094,-4.66,10.38,7.0,0,2026-06-02 18:44:44,1-a1ec32d5-aa12-4764-bac0-38568e436dcd
-0.106,-5.18,1.0,5.0,0,2026-06-02 17:52:32,1-8a25b81f-4b19-43ce-9e33-42388227cb1f
-0.082,-5.34,7.74,4.0,0,2026-06-02 13:43:18,1-e630e521-aa50-4c3e-8ff8-2d88765a1817
-0.006,4.62,-4.9,-8.0,1,2026-06-02 12:53:48,1-3d70acc5-78c0-4c9d-82ec-b1c7772c1379
-0.018,-3.22,4.92,3.0,1,2026-06-02 11:25:01,1-69a7779b-658f-4046-9cea-a12f57b0a699
-0.168,-12.26,5.16,1.0,1,2026-06-01 19:10:51,1-c59fbc3e-056c-45ef-be46-39212534f349
0.024,2.1,-1.74,6.0,0,2026-06-01 18:02:43,1-fb7e57a0-0d33-409f-80a5-a958aada6afd
0.012,-2.16,3.32,0.0,1,2026-06-01 17:19:16,1-fe8d718c-3982-46ce-a1a8-19482a57750b
0.162,13.62,-0.56,17.0,1,2026-06-01 16:02:42,1-ec60c1ca-4ab0-4de0-91f2-d329249b529b
0.058,1.5,-3.32,12.0,0,2026-05-31 22:52:19,1-1105dd55-a443-44e2-845e-d3935e7e0509
0.05,5.4,-0.08,0.0,1,2026-05-31 22:05:25,1-6b892e46-e564-457b-b4c5-ea14c45f632c
-0.012,-0.1,-1.0,-6.0,1,2026-05-31 20:45:37,1-fa86307a-d00b-43f4-b47f-b90cf4931df1
-0.044,-2.54,-3.02,-0.78,0,2026-05-31 17:22:18,1-5a0fd29c-a83d-434c-a42f-9dea4382335e
-0.078,-6.16,1.94,-14.0,0,2026-06-01 23:21:59,1-26b4d024-3750-4b4f-a7c0-60b6000253e8
0.022,-0.04,7.06,8.0,0,2026-06-01 20:52:32,1-3c16fd70-c30c-4df9-84ec-fd8465eb1ba6
0.004,-1.62,10.22,-3.0,1,2026-06-01 12:09:47,1-98c46c5f-a25f-4e52-a76f-741541fefb47
-0.08,-1.38,-7.26,2.0,0,2026-06-01 11:28:47,1-11826016-a901-4f93-9796-8ff72d7cd40b
0.064,-0.48,-1.64,1.0,0,2026-05-31 00:08:45,1-67f89cd4-7618-4f5b-b65d-aca5da770017
-0.084,-2.44,-1.26,8.0,1,2026-05-30 22:33:57,1-9a953de7-91b5-4924-9957-0d428efa6949
-0.076,-6.74,-1.26,7.0,1,2026-05-30 21:44:48,1-ab6b040c-44ea-48d2-83d8-bee6725eac8e
-0.048,2.04,2.44,-10.0,1,2026-05-28 17:00:30,1-d9db9202-a532-4b2b-822e-7b0eb023ccad
-0.168,-2.84,13.86,-9.0,0,2026-05-28 16:19:29,1-8a95e66f-455e-4856-bea1-9faac55a1156
-0.09,-3.52,-3.1,-12.0,1,2026-05-28 15:15:10,1-6eb2a1e8-17e9-498a-9e08-d2f7c7bd24b7
-0.056,-3.82,2.98,2.0,0,2026-05-26 23:50:06,1-8fec64e3-96c7-4e40-b549-57669b4de951
0.078,5.98,-0.68,-3.0,0,2026-05-26 23:17:00,1-ba5ff6af-a2a1-49e9-87d5-7e4757e3c581
0.052,1.42,2.8,9.0,0,2026-06-05 13:43:46,1-f0c33c8b-8047-452b-972b-6f80829b329a
0.006,5.02,0.04,-5.0,0,2026-06-05 13:04:28,1-a0efc2e3-8177-4a14-8780-b28dac254f1a
0.016,-0.38,-3.54,2.0,0,2026-06-05 06:25:31,1-f9100668-7b4f-4cff-b2f8-b17fa294bef6
-0.08,-7.66,3.9,-10.0,0,2026-06-05 04:26:09,1-aa9d42e5-326e-4658-a658-01d10fba8af4
0.128,7.5,-3.54,10.0,1,2026-06-05 01:48:15,1-aed4a745-11f6-4fed-8ec5-9e4445129e9e
-0.006,0.04,-0.48,-4.0,0,2026-06-04 05:14:53,1-e6c6e4c4-5b3f-40bd-babd-e8ad1be3c919
-0.098,-2.38,0.14,19.0,0,2026-06-04 04:30:27,1-4dabca5a-b9bc-4564-85d9-2b7dc7b0c626
0.006,4.58,1.92,2.0,1,2026-06-04 03:44:36,1-14203f9f-5f3c-4fcf-aeb3-e7c7a09a8420
-0.046,-4.28,-2.12,4.0,0,2026-06-04 01:49:10,1-6daeba69-cafd-41aa-a544-9c02acaadc5f
0.194,12.6,-1.9,17.0,1,2026-06-04 01:07:32,1-5cecf920-399c-4442-9e62-6dde51f7f917
-0.128,-9.84,-1.32,-6.0,1,2026-06-03 10:57:43,1-98e2285c-874e-4e4e-8e7e-463e3f3ba127
-0.06,-5.42,-0.58,5.0,1,2026-06-02 08:16:27,1-4bb9e8ab-30b5-409f-b307-4c1fed22a193
0.092,1.58,-9.6,-3.0,0,2026-06-02 05:36:04,1-2bf3b11f-6930-4845-8f17-bf69831a6280
0.026,9.02,1.62,3.0,0,2026-06-02 04:53:08,1-e6af7efa-a987-4ca0-bff9-5580075646d6
-0.034,-0.52,1.9,13.76,1,2026-06-02 04:11:09,1-813e1416-c625-4bea-83ac-336860de40ae
0.056,2.2,-1.86,0.0,0,2026-06-01 07:10:09,1-2447179d-be8c-480a-aba3-903dcbf4c944
0.068,2.54,4.04,7.0,1,2026-06-01 05:31:50,1-5cfb0fc0-e946-43a7-a7ca-27a1e94c4e2c
-0.03,-0.2,2.28,-6.0,0,2026-06-05 17:53:31,1-279cdb97-9803-4326-86a9-dd3f178d36d0
-0.074,-5.78,1.42,0.0,1,2026-06-05 17:10:16,1-3e027cfd-0c4b-4793-9c23-e36cd438b580
0.018,-0.18,1.7,12.0,1,2026-06-05 16:13:01,1-f4ff09c1-a322-4713-8428-c36a91114c04
-0.064,-3.44,-2.0,0.0,1,2026-06-05 15:21:03,1-a0fd35e7-edc3-4dbd-8ab3-f0ee4a3204f9
-0.004,-3.6,6.54,-2.0,1,2026-06-05 10:40:48,1-55e886d6-37c0-4027-8805-d938ba67454a
0.022,-3.96,-1.02,13.0,1,2026-06-05 10:00:14,1-43227c5c-5fe2-4185-942f-6f332b7fb3d8
-0.26,-11.22,-2.76,1.0,0,2026-06-05 08:55:08,1-69c6c345-191d-4ee1-ab4d-91506daf94d7
0.02,9.0,-7.26,-7.0,1,2026-06-05 07:42:44,1-7d1b8f59-4404-4246-b35f-6e3b65fd248d
-0.042,-1.92,4.26,-14.0,0,2026-06-05 05:39:36,1-643d496e-3a05-4650-9e02-ee3075a88e30
0.0,4.56,-0.74,0.0,0,2026-06-05 04:58:49,1-55280a0f-2d0b-4a36-bbd2-833c8344c8ad
-0.016,-0.76,0.42,-13.0,1,2026-06-04 14:27:51,1-4f04feec-eef8-4aaa-81e8-a7257f09cb98
-0.004,-0.68,3.44,9.0,1,2026-06-04 13:24:46,1-c5c2684e-ff57-4d7c-9bbc-792977c7b50f
0.04,-0.76,0.14,15.0,0,2026-06-04 12:34:32,1-a616f4d0-678d-427f-9b33-8c31c635a9c2
0.142,5.9,-3.22,14.0,1,2026-06-04 11:49:39,1-ce708671-f846-4dc9-b8e3-bab2d19128c3
-0.068,-3.24,-2.2,-4.0,0,2026-06-04 05:18:19,1-4d0f35eb-62ed-48ac-9403-70d8338026a4
-0.044,-5.38,-2.6,-1.0,0,2026-06-04 04:06:25,1-cf387f34-c8d6-4a86-9b4a-ed2bd1e5f0ec
-0.098,-10.36,2.64,-1.0,1,2026-06-04 03:31:47,1-89f605fd-4a8f-4e63-9df6-05d29bb43c77
0.012,-1.66,6.9,-16.0,0,2026-06-04 02:54:48,1-a2860148-d0a7-493b-833b-9937a78dda0f
0.026,5.0,9.68,1.0,0,2026-06-04 02:13:11,1-505fdc27-4f91-4d40-bc2d-99af5842c945
0.13,8.9,-1.26,-7.0,1,2026-06-04 01:31:18,1-91d6d4d5-9e36-4d3e-8110-e18c506749f7
-0.02,2.9,2.2,-9.0,0,2026-06-03 23:36:51,1-f2b83684-934d-4e84-87ec-c4a2aa4aa335
0.174,4.22,-3.4,17.88,1,2026-06-03 22:10:37,1-3489af03-ee9a-4f78-9166-86db899254e8
-0.062,-0.52,3.2,-3.0,0,2026-06-03 20:35:08,1-8dc1cbda-33ae-4ef4-ad66-81c262bb7cb3
0.114,3.28,2.1,8.0,1,2026-06-03 19:57:17,1-faccbfd3-1b58-4a1f-9758-e3e19dba4be6
-0.002,4.48,-2.6,2.0,1,2026-06-05 22:32:33,1-a86019ef-75fd-402c-b532-c02d3c526cb0
-0.04,0.62,2.38,-4.0,0,2026-06-05 20:46:42,1-2d38311e-4b2e-4a11-8a67-0f666fa8ff51
-0.04,3.4,0.8,-12.5,1,2026-06-05 02:26:40,1-2273abda-4af7-424a-acbb-667be6c98922
0.07,1.6,2.48,-13.34,0,2026-06-05 00:04:04,1-fc3b77f0-1fdb-416c-8745-dbc47c7b1d01
0.054,3.06,-8.4,13.0,1,2026-06-04 23:07:07,1-3e7e6d6a-c36e-4dd7-8835-91c5ee16afbd
0.064,4.04,-0.98,-1.0,0,2026-06-04 22:28:06,1-f4b7d46b-d511-47f0-b109-1ab771f38728
0.012,2.76,-4.88,2.0,1,2026-06-04 11:04:49,1-da2bc0ee-d313-47a7-bf35-55ba76961687
0.078,-2.84,-13.14,2.0,0,2026-06-02 22:44:36,1-332043ce-0c41-4b2a-8f19-5c70dedea065
0.036,2.98,3.04,4.0,1,2026-06-02 21:23:32,1-47709d2f-9640-44c6-b0d5-60568abb154e
0.038,3.14,-2.66,-3.0,0,2026-06-02 20:36:14,1-c33cf1d4-858d-476b-82e5-a424d87aabff
-0.156,-6.36,1.46,-12.0,0,2026-06-02 18:34:44,1-84b10b4c-7374-453a-b891-387fb1b5eed7
0.098,9.78,-5.58,3.0,1,2026-06-02 12:00:31,1-0b39d807-de17-4743-8e24-6f594a5e294e
-0.02,1.78,-0.56,7.0,1,2026-06-02 10:32:18,1-d3466550-096a-4722-8cd7-aede1839f2c7
-0.056,-3.44,-5.46,-7.0,0,2026-06-02 09:54:05,1-53e3bc12-26a5-4f21-aa52-c456196cabf9
0.028,3.46,1.72,-5.0,1,2026-06-02 09:12:14,1-67217255-5510-47d6-aeea-fdc98f383e05
-0.256,-11.18,-2.46,0.0,0,2026-06-01 22:06:35,1-0b4a5266-6616-4a9f-9107-5e50c1c05436
-0.122,-8.72,-1.48,-2.0,1,2026-06-01 06:29:48,1-204ecd22-e83c-42ec-afa6-778574c5f56f
0.056,3.0,4.74,9.0,0,2026-06-01 05:34:12,1-8d81a92c-dbf8-47c9-a3aa-f1693633523c
-0.024,-1.5,-2.72,-4.0,1,2026-06-01 04:39:05,1-0ee6dde9-6028-497a-a04b-e311a22260bf
-0.014,-2.64,-15.66,-9.0,0,2026-06-06 02:23:58,1-1c0c9cbe-021b-4704-acd2-40d037d532aa
-0.022,-0.78,-6.06,-6.0,0,2026-06-05 05:53:35,1-fdd77de9-4519-4762-8c66-41c54a1655df
0.064,7.24,6.54,5.58,0,2026-06-05 04:46:07,1-59175509-eb1a-414a-869f-0187bbfc697d
0.106,-2.46,2.68,7.0,1,2026-06-05 02:27:59,1-89a379cc-898c-401e-b5b2-e87b3f8e03f6
0.228,8.1,-3.0,14.0,1,2026-06-04 23:23:55,1-03c207bb-3f22-4849-b77e-f095a6b61136
-0.006,-2.28,-1.48,-1.0,0,2026-06-04 22:20:18,1-38b6d9f5-45d2-41ec-837d-1a5142e4524d
0.048,-1.92,-0.62,3.0,1,2026-06-03 23:14:53,1-833115c0-b2a2-4151-a50a-e6c3ed431277
0.086,-0.82,1.0,12.44,0,2026-06-03 22:22:52,1-dc942a1e-019c-4fd5-b3e1-ec5687f2bdf5
0.016,6.92,4.68,4.0,1,2026-06-03 17:25:29,1-20aa6d68-4600-47be-911a-a853a2667bfa
-0.016,1.96,1.1,-12.0,0,2026-06-03 16:49:38,1-24dd8a08-765d-442c-95b6-f84b986aca41
-0.088,-0.62,-4.42,-3.0,1,2026-06-02 23:29:05,1-8beb4fde-ab49-4dea-9667-aee269f0e556
0.038,-3.74,-6.64,-11.0,1,2026-06-02 19:58:46,1-7b2c6e81-85f2-4de3-9306-e7de5ebc3a5c
-0.168,-14.66,2.56,-11.0,0,2026-06-02 16:35:54,1-83544f56-54cc-49ac-80c2-85bf743cb5b7
-0.022,-1.42,-3.1,10.0,0,2026-06-02 15:37:34,1-2655156a-be6f-4abf-aef8-cea4af153040
0.004,3.4,10.2,0.0,1,2026-06-02 01:00:37,1-fe8bcfa4-2cde-4c4e-acf8-523dfa57d49a
0.09,-2.38,-10.64,20.0,0,2026-06-01 23:15:09,1-3b6009a8-7cc7-43fa-8921-0ee32dbc1de4
0.222,8.58,3.06,15.0,0,2026-06-01 22:30:59,1-d54d6986-8c02-43f3-95ba-eb4ec328b416
-0.132,-7.36,0.08,-1.0,1,2026-06-01 07:08:59,1-d17374e2-1c09-4b9f-ac3a-c56a28123c07
0.046,3.36,2.2,0.0,0,2026-06-02 12:35:30,1-c6761926-1eba-4379-b963-a4ef2b25f52a
0.052,4.4,-3.36,2.0,1,2026-06-01 10:18:41,1-fd7d7353-f14e-4410-8ea0-34ba0257d50c
-0.008,-3.36,5.04,5.0,1,2026-05-30 12:03:54,1-449a6bbd-434b-4a2f-bb90-23a878fbeed1
-0.004,3.12,8.72,-1.0,0,2026-05-30 10:58:44,1-8c302573-bc7e-4d50-89a8-77daf12f8d6b
0.172,8.08,8.76,0.0,0,2026-05-30 02:10:07,1-175d3ba4-6bbd-4988-986b-7a4744325939
0.056,3.8,3.82,-4.12,1,2026-05-18 19:48:24,1-f3fbceff-d2e7-4161-9f52-ec9b960c9bf0
-0.1,-4.28,-1.1,-11.0,1,2026-05-18 18:34:23,1-294c609e-dc54-4865-ac45-3fab867d748d
-0.082,-5.94,3.7,2.0,1,2026-05-16 01:34:32,1-ff994c0a-348e-4cb2-870c-b93547a1081e
-0.038,-3.4,0.36,-12.88,1,2026-05-16 00:34:16,1-e09b2c78-1050-465a-a051-1e352d750080
-0.164,-9.8,-2.04,-5.0,0,2026-06-05 05:48:44,1-d2f5e70d-2974-4715-bce5-4acc3e85f96b
-0.1,-4.14,0.56,3.0,1,2026-06-05 05:09:43,1-2fcd5f78-abae-48f7-888a-73eacfd6f81e
-0.112,-7.46,3.14,-10.0,0,2026-06-05 04:17:00,1-4df6e988-0d23-4ad2-9e13-90f21b0cca25
-0.094,-5.54,2.8,1.0,1,2026-06-05 01:43:29,1-67f4dbe4-55f2-4a9b-a63b-2ff327a3404d
-0.032,-0.72,1.36,1.0,0,2026-05-30 06:42:32,1-e460a114-4db3-46f5-bb38-f1e5c7104443
-0.056,-0.68,-5.8,-1.0,0,2026-05-30 06:06:46,1-5dd605af-584d-45ce-a5d8-511a964d809c
-0.062,-2.9,-4.44,-4.0,1,2026-05-30 05:21:57,1-5a2e0601-720e-4ad1-9e6b-8175e40539f1
0.034,-0.46,6.2,24.52,1,2026-05-30 04:18:46,1-05a4e7c8-99d9-4f1b-a93d-8662bcd21ac0
0.018,-3.48,7.26,18.12,0,2026-05-30 03:37:42,1-a0a7507f-4a56-4a8d-a820-2399a0f3e1b9
-0.25,-10.92,-2.04,-8.56,1,2026-05-30 02:57:09,1-1ac8b7ae-80ec-4c7e-b697-ae4bdda2e96c
-0.086,-3.52,-7.02,0.0,0,2026-05-30 02:00:04,1-ed4bf90e-3f16-4d7b-a853-c9977935c575
0.16,4.44,-3.12,3.28,1,2026-05-30 01:20:24,1-8c3feeea-7a5d-4ee1-ba98-bf69fa46c854
0.042,-1.94,4.98,10.0,0,2026-05-26 10:23:02,1-eeab3276-4315-4dc8-b18b-092402eaf116
-0.068,-7.78,4.22,2.28,1,2026-05-26 09:13:37,1-4f6ad80d-2108-41a4-b8d0-ae43ceefe712
0.088,2.38,1.84,-7.0,1,2026-05-26 07:16:58,1-b57143a4-539d-4578-8423-f1e23e54c1cc
-0.172,-13.76,0.1,5.24,1,2026-05-26 06:35:39,1-587d7e64-3f0f-4090-b295-83c35f4681be
0.04,-2.5,-3.5,3.0,1,2026-05-26 05:51:47,1-bad89ce2-cb24-4248-b94b-b5be02033bfe
0.016,0.78,4.16,5.0,1,2026-05-26 03:04:46,1-d361f85f-be13-4e02-b252-eab3fea3890b
0.198,8.88,0.28,11.0,1,2026-05-26 02:18:30,1-d4c086ba-288e-47dc-8848-28bacf26402a
-0.014,4.26,1.7,5.48,1,2026-05-20 13:53:02,1-590ba45b-d6e4-4e8d-b074-cd26fbfb149c
-0.152,-7.86,2.28,0.0,0,2026-06-05 23:25:45,1-e4649861-4573-4e9f-9c90-43cb7a79a420
-0.002,-4.86,0.2,-17.0,1,2026-06-05 22:47:15,1-a4dcb520-4460-4085-b097-17447118dbab
-0.012,-2.22,-8.22,-6.0,0,2026-06-05 04:10:49,1-b5e0ca67-0671-4afb-a313-c2bae9b3fa72
-0.026,-1.62,-8.42,-4.0,1,2026-06-05 03:45:09,1-8cae3c2e-4fec-4847-9272-887cfeb6d33f
0.026,0.72,-0.02,7.0,1,2026-06-05 00:50:57,1-30af5b8a-d4ff-4a14-811c-a56b6c7d48c1
-0.084,-2.44,-16.82,-18.0,0,2026-06-04 23:31:04,1-00a6031b-f13e-4589-93d6-93909e13bb32
-0.118,-4.72,8.28,0.12,0,2026-06-04 22:27:14,1-3add3321-515a-4fab-8210-24ec1d3e1437
0.044,-0.96,-0.9,8.0,1,2026-06-04 02:12:11,1-fde84b8e-b6df-46a2-beca-a4537f98ebda
0.018,6.42,0.64,1.0,0,2026-06-03 23:52:20,1-c4bc9b89-56ec-41a6-829a-06fe6d291637
-0.03,-0.36,-4.84,-3.0,1,2026-06-03 22:59:25,1-68ef53c3-935b-491a-ba53-b780961e4b4d
-0.008,-1.42,-0.48,-7.0,1,2026-06-02 23:54:05,1-5e862d9e-62ab-4019-8c91-53ce1d6e085c
-0.016,3.5,-10.42,-10.0,1,2026-06-02 22:55:05,1-e0a0e3a8-5f05-4dc2-9716-b0247e356671
-0.044,2.02,0.04,-10.0,0,2026-06-02 21:55:18,1-1d0b77ef-18ff-4707-8d5c-066811c19b5e
-0.124,-1.7,5.16,-11.0,0,2026-06-02 21:14:14,1-712c768f-7144-4fc5-a8c1-84d0fce9eaf4
0.032,-0.88,-1.06,-1.0,1,2026-06-02 11:47:05,1-d0509797-581a-48ad-8444-caa907031b32
-0.034,1.58,-1.4,-5.0,1,2026-06-02 10:46:04,1-9947ac7a-2882-4f06-b81e-510715523dbc
-0.06,-2.16,-0.66,-23.0,0,2026-06-02 01:13:29,1-48c6ef8d-9f76-4d97-b9e7-b9f7c154abce
-0.01,1.2,-2.68,-9.0,1,2026-06-02 00:07:39,1-9561fc41-95c9-4eac-99af-ebfd6ae9735e
-0.148,-4.44,0.16,-7.0,0,2026-06-01 23:10:37,1-e1df44ee-aaef-44d5-b727-c55f3ed42362
-0.014,2.14,-1.26,-15.0,0,2026-06-01 22:24:20,1-2501dd7d-3e38-4680-ad05-f22f3831267e
0.076,1.18,2.32,12.0,0,2026-05-25 19:27:21,1-2e089bfd-4929-42f2-93e2-64b6c821f979
-0.088,-4.74,2.12,-14.0,0,2026-05-24 19:35:29,1-34072bd8-5677-46ad-b40e-aaf1597c402c
0.134,6.82,-2.66,12.0,1,2026-05-24 18:49:10,1-1c3a30ce-1be6-4dcf-94bb-1b92dc6d3ff8
0.19,6.56,3.86,10.0,1,2026-05-22 19:36:11,1-e18a16c2-4e21-4ad4-b867-267be790e4c5
-0.182,-9.96,-4.34,-12.0,0,2026-05-22 18:54:47,1-a4a2bb60-3f87-4d85-b07d-931e1bd168e3
0.184,10.14,0.58,15.0,0,2026-05-21 19:04:22,1-02be8299-a7d5-4351-ba59-fedd4b1bcc45
-0.044,-4.16,1.94,-9.0,1,2026-04-25 21:32:58,1-fd75a7c4-caa9-49d9-b468-d8478da652e3
0.198,11.94,-0.82,0.42,1,2026-04-18 21:54:54,1-141f9667-7676-48a0-973a-50e2b6423892
0.046,1.66,-8.88,-2.0,0,2026-06-05 04:49:08,1-ff9c152a-33f0-4827-9746-ad96df315c84
0.012,0.58,-5.64,-6.0,0,2026-06-04 06:28:20,1-b70d8eee-4f44-4f9b-8ea8-76888439c396
-0.046,-2.44,7.52,-3.0,0,2026-06-04 05:21:33,1-1f7a650c-f416-4a11-b30e-52354fbd97bd
-0.006,0.74,-0.44,-12.0,1,2026-06-03 05:49:38,1-bb2c2ef8-7193-48ee-aa62-e990323163e2
0.094,5.02,4.84,2.0,0,2026-06-03 04:29:40,1-5d571e62-e3e9-4864-a801-f97dc0520e52
0.08,6.32,-2.82,0.0,1,2026-06-03 02:04:52,1-664ce618-3436-40d3-8e9c-4855d02672ea
-0.146,-10.78,9.58,-2.0,0,2026-06-02 23:20:19,1-b29026b5-3d84-4732-a00d-bbe911b99223
-0.03,4.12,-6.32,6.0,0,2026-06-02 21:51:17,1-1ade66cf-7e10-4ccc-9498-e7c8c2cf7e98
0.122,4.88,1.58,-3.0,1,2026-06-02 04:49:17,1-c3c6a2f8-273c-435f-8d8d-9e7fad9d1d54
-0.048,-1.86,0.08,-14.0,1,2026-06-02 03:55:22,1-b7862ef6-ea7d-4d67-8d07-1b94ced1765e
0.004,-1.1,2.84,1.0,0,2026-06-01 21:05:24,1-8b3fcde4-c2b6-46c0-b79b-f280150c671c
-0.046,0.88,3.26,8.0,0,2026-06-01 20:20:06,1-4e17059d-3b1b-4ff6-88eb-5132294b4b28
0.032,-0.22,5.5,-20.0,1,2026-06-01 05:31:26,1-39c84e4c-43c1-45cc-9259-417e3d041bb5
-0.042,0.96,-0.76,-3.0,1,2026-06-01 03:10:21,1-3f88e61e-330e-4150-872c-f6a446b11c9d
-0.046,-3.68,2.5,1.0,1,2026-06-01 01:06:34,1-e41638fa-64e3-48d9-bb4f-0a9a970f4428
0.018,0.72,-5.04,-1.0,0,2026-06-01 00:30:07,1-69997ed7-d498-42d2-9abb-70b4813068e4
0.026,4.36,-1.84,-15.0,1,2026-05-31 23:50:20,1-49b1cf4d-80bf-4c26-926c-2849025204a2
-0.024,-2.58,-0.08,7.0,1,2026-05-31 05:30:13,1-8ac239b1-b3d9-4b77-a087-7429b8187517
0.064,0.58,-4.74,2.0,0,2026-05-31 03:29:55,1-638eda71-7f11-43d5-9664-6c5082594840
0.052,0.52,1.82,2.0,0,2026-05-31 02:50:43,1-9758096f-61c8-4c84-87b4-8df411ebad27
0.156,5.38,4.62,5.0,1,2026-05-31 01:31:23,1-7c61b0c3-872c-4b9c-8063-2b4c6c197536
0.042,-0.82,0.46,4.0,0,2026-05-31 00:08:14,1-177a5265-d5e1-402b-b13e-06f540b3dbad
-0.02,-7.08,-0.38,-12.0,1,2026-06-05 08:43:03,1-b28cfc63-88ae-45b6-ac4e-fa5fbe54617a
-0.068,-6.14,0.46,-6.0,0,2026-06-05 08:03:47,1-75ba0b23-4ce3-4f3d-9ef4-d391f095ba19
-0.034,-0.98,-2.48,0.0,1,2026-06-05 07:12:56,1-16b5d226-3dad-49fc-bc46-7bb4ac7f1650
-0.102,-0.62,-5.6,-7.0,1,2026-06-05 06:22:28,1-a2fca407-9bac-49d3-95d6-7f458c9b31f6
-0.07,-1.4,4.04,-4.0,0,2026-06-05 00:13:00,1-69f304ad-393b-4e75-abfd-51f5d96c7763
-0.072,-3.16,3.9,-7.0,1,2026-06-04 22:54:28,1-672d9876-637d-4800-bceb-2858e294a7da
0.154,6.06,-11.42,2.0,0,2026-06-04 00:58:54,1-47f28df4-711b-4305-a9bd-5040adc40193
0.04,-3.24,0.16,2.0,1,2026-06-03 23:56:18,1-96a2706f-ef3e-4241-9465-aeb8c957fea5
0.102,4.12,5.64,-7.0,0,2026-06-03 11:02:32,1-4dab3416-d360-41eb-9a3a-af6d2bf16190
-0.01,1.34,-2.58,6.0,1,2026-06-03 08:30:06,1-7f327b85-13ae-4014-bddd-c041a61f912b
-0.01,-1.76,4.0,-8.0,1,2026-06-03 04:52:36,1-ccb9e2b5-dc8b-487a-b841-b272e4515bb9
-0.084,-3.06,1.58,-7.0,0,2026-06-03 02:34:45,1-5c746ecf-05e4-4d50-b54a-db8a5179f5da
-0.052,-2.96,7.84,-4.0,0,2026-06-03 00:32:36,1-d1497673-36b3-4965-9829-a30810052c3f
-0.002,1.76,2.94,2.0,0,2026-06-02 23:51:12,1-f4b468d7-3c25-4565-b0df-bf35152477eb
-0.018,-0.5,-1.22,-20.0,0,2026-06-02 22:16:09,1-17976aec-22b7-4bf3-8d8b-2aef436216e5
0.086,3.6,-2.22,2.0,0,2026-06-02 20:58:28,1-e7a053c9-4acd-4d80-9441-ed7f7b146c57
-0.038,-2.34,0.88,-3.0,0,2026-06-02 20:02:41,1-552b1d3f-a7ea-493e-96f6-edc15e146f7f
0.014,-0.42,1.64,-1.0,1,2026-06-06 02:40:40,1-c49973ef-ba13-4edb-9fae-565ea70a1900
0.088,4.86,10.72,19.0,1,2026-06-06 01:51:56,1-4e584d3b-37a9-4971-a7b1-c1e6a42ff24d
-0.05,-4.12,-3.56,-2.0,1,2026-06-06 00:26:24,1-b8687992-9368-416f-9a14-fb965f3c9590
-0.048,3.2,9.66,-7.0,1,2026-06-05 23:45:17,1-3c55229c-c7db-4cee-8572-41b1a58aa586
0.038,0.86,5.16,2.0,0,2026-06-05 22:58:49,1-d37e455e-38f6-44d9-bc80-1b188fd8ad4f
0.01,-3.0,-9.66,-4.0,0,2026-06-05 19:43:46,1-5fe01ae2-0042-4104-9e95-9d03d724be57
-0.046,-2.76,6.66,18.0,1,2026-06-05 18:48:15,1-372c3967-6a58-43f5-bd21-068a5922ac0c
-0.104,-6.64,-1.86,-16.0,0,2026-06-05 17:32:06,1-a7781d99-57a0-4131-b213-e0739628d620
-0.098,-9.96,-5.88,-3.0,0,2026-06-04 17:11:41,1-ce65fb0a-728a-4e5e-81b5-ba06fca182f7
0.088,7.96,1.18,-2.0,1,2026-06-04 03:53:38,1-da041057-1a35-4f1f-bb3d-e59360e8dab1
0.238,10.2,-7.96,15.0,0,2026-06-04 00:19:57,1-4614a162-98e8-49be-8a79-6a259b58d03c
0.01,0.28,-1.22,14.0,0,2026-06-03 22:23:54,1-22146a1a-d95b-43a2-b489-0495f4be51ec
0.102,6.76,-0.4,13.0,1,2026-06-03 21:40:42,1-d995b459-26b4-4a2e-9694-191af0c31fb5
-0.046,1.4,-1.0,8.0,0,2026-06-05 23:24:57,1-584cd7d3-0d94-45c2-8e5a-8363d4304822
-0.054,-3.74,-4.98,-1.0,0,2026-06-05 03:13:26,1-e80819fd-c03c-4731-a558-c6ac1cfdda46
0.036,-2.62,-9.74,-1.0,0,2026-06-05 02:23:17,1-a1daa87b-a832-403e-9094-fa0ab71f4831
0.154,13.8,3.46,7.0,1,2026-06-05 01:01:10,1-9c208c00-847d-4e49-b7f6-8447b29a4dd1
-0.002,6.08,5.24,-4.0,1,2026-06-05 00:25:42,1-520ef2a3-c5a7-460d-8c82-1c47f5921d59
0.022,-5.0,-1.0,1.0,0,2026-06-04 23:17:40,1-fe479904-fdf6-4b2c-8ca4-b4fa7560cc4d
-0.006,2.98,-9.9,-3.0,0,2026-06-04 22:40:19,1-a3ef1ef3-a551-4573-bba6-12e27f4b5817
0.032,2.02,3.92,-7.0,0,2026-06-04 00:07:15,1-4457b22d-c6c8-487d-b579-146c0ea23674
0.14,5.66,-4.78,-6.0,1,2026-06-03 23:40:38,1-bc172f69-a26f-4482-b5dd-8e7ec1052ed3
-0.07,2.72,5.46,-13.0,1,2026-06-03 22:46:22,1-c8cb4ec0-38a5-4304-a779-51bfccef6170
-0.072,-4.36,1.88,13.0,0,2026-06-03 01:39:34,1-674384ce-38f0-4e4a-8a2a-87bcd131e40c
-0.004,0.04,-2.42,-9.0,0,2026-06-03 00:59:54,1-1acfb417-7a3d-4f0b-8ddf-b8f32ce80c2e
-0.086,-4.18,-5.76,-8.0,1,2026-06-03 00:23:16,1-76748a41-a84d-4700-8d59-a34c6301b5e7
-0.124,-6.02,-2.94,0.0,0,2026-06-01 09:08:00,1-b2c5b484-e653-47be-9973-38e125fa384f
-0.162,-7.28,8.02,2.0,0,2026-06-01 08:25:02,1-e21db560-7111-454e-8504-936331e30f61
0.024,1.32,-8.84,5.0,1,2026-06-01 07:31:50,1-95d5536d-720d-44b9-b667-dfabc818a86f
-0.006,2.92,6.18,-6.0,0,2026-05-30 23:55:30,1-38a568fa-2efa-4d7e-a1c8-df1d2c96399d
0.078,3.26,-4.44,4.0,0,2026-05-29 07:27:34,1-d8dd540c-f65a-4c2a-b140-b75c52ebacac
0.07,3.12,-2.92,7.0,0,2026-05-29 06:45:56,1-77c875bd-6e8e-4084-9a1d-b66b9be6f1a4
-0.058,-2.4,5.5,-1.0,1,2026-05-29 05:49:59,1-f4f70243-51de-4698-b656-2f98084c263c
0.074,8.16,-6.06,12.0,0,2026-05-29 05:05:39,1-ef81eb41-cbc4-416b-a580-268bad368b9a
0.028,5.88,5.9,-5.0,0,2026-05-28 23:28:58,1-775399c1-c9ad-400e-9cd6-278beb55a355
-0.13,-8.3,3.58,-6.98,0,2026-05-28 22:07:23,1-5c3fc3c6-df75-448c-b892-711581bf4b85
-0.152,-8.66,0.36,-8.0,1,2026-05-28 20:42:34,1-dfa02a47-090a-4e3c-b758-76a0225b2af5
0.082,4.06,-3.32,9.0,0,2026-05-27 01:22:11,1-af644fb3-be58-423c-8aca-99e33e8e1e7a
-0.012,-2.46,-8.7,4.0,0,2026-05-26 07:28:43,1-3b8fde1e-9b46-44a2-8ec8-ce08c35cb724
-0.03,1.58,-1.02,-17.0,0,2026-05-26 05:59:32,1-2b4d29f2-ccd8-43c3-83ca-6d89cdbbbf98
0.164,11.12,-2.94,10.0,1,2026-05-26 05:00:22,1-30f74aea-f468-4f6d-8703-b41497787b24
0.056,-4.0,-5.32,4.0,1,2026-05-29 23:15:41,1-49978240-80d6-4cc7-9dcd-2c0ca5e1ca17
-0.09,-7.46,-3.4,-9.0,1,2026-05-29 03:46:18,1-415a7067-7fa4-49df-a516-edcb419590f4
0.074,7.1,3.82,9.0,1,2026-05-29 02:53:47,1-bc9a5bf0-b5f1-45f9-aa17-a366a795676d
0.016,-3.86,-2.56,11.9,0,2026-05-25 22:32:12,1-09ef2e7d-3f79-467d-8248-abc29ceac80e
0.182,12.42,-1.08,17.0,1,2026-05-25 21:54:19,1-7b98fa98-55a0-437d-bb41-476777865555
0.01,3.32,-1.48,16.34,0,2026-05-18 20:00:32,1-41e04d04-582c-426d-89d1-081d850da9d5
0.164,7.92,-2.34,15.16,1,2026-05-18 18:33:13,1-b56e66db-f523-4be1-a974-f43b27990b02
0.028,0.46,-6.8,-3.74,0,2026-05-16 20:36:48,1-785a008e-c10a-4b14-b703-514212eebb22
0.018,5.1,4.9,-4.0,0,2026-05-20 23:38:16,1-5ef39822-956b-423e-8233-b41b12273e4b
-0.16,-5.68,4.7,-5.0,0,2026-05-20 22:07:12,1-1308f2ad-44c2-433a-b99d-50e134f7e530
0.062,-0.2,-4.34,-6.0,0,2026-05-19 23:40:38,1-a9783cce-2e37-4d26-84a7-049ae4e9235d
-0.138,-7.2,2.52,-4.0,1,2026-05-19 01:11:52,1-f28ad1d6-d3c3-404a-bec4-105c807759dd
0.172,11.14,-11.54,11.0,0,2026-05-19 00:19:58,1-213d6ceb-2bfb-4ca6-9e65-cc1c4ad364e2
-0.04,-3.08,6.76,5.0,1,2026-05-18 19:33:50,1-6792e984-cfe0-413b-9af4-45167268df90
-0.074,-0.2,4.9,-17.0,1,2026-05-18 18:31:36,1-8bc44ced-f469-4d79-8295-067ab9078052
-0.006,2.4,8.68,0.28,0,2026-05-17 01:34:44,1-0f062ae6-33c5-44ef-8773-9daf1e6af2f5
0.14,2.66,-9.86,-1.0,0,2026-05-16 23:00:50,1-67fbc76b-3e1c-46b7-a54b-de97202d072f
-0.066,-1.66,6.82,-5.0,1,2026-06-05 23:47:15,1-183da7fb-2f61-457e-bccc-67f8673de082
0.088,6.2,-1.76,5.0,0,2026-06-05 22:31:42,1-22b314fd-cc1c-4601-af3e-612349358d2a
0.122,9.1,2.48,2.0,1,2026-05-26 19:53:11,1-0e209cb2-6551-4729-bc48-83a8ee33e029
-0.19,-9.56,5.52,-8.66,0,2026-05-26 19:13:14,1-e50c452c-1969-4c80-b8c0-600d24c6169c
0.05,1.92,5.74,2.0,0,2026-05-20 19:17:55,1-bf45ad96-0f0a-426e-8db6-4970cd4a205f
0.042,1.5,6.9,1.0,1,2026-05-20 18:36:13,1-38d6a5ce-580b-4631-9ffb-a77e5b7df08d
0.076,4.72,-4.6,-0.12,0,2026-06-04 11:09:22,1-3af34552-6bf3-4e4d-a9ac-fa1473b0975f
0.13,3.78,-3.9,12.34,1,2026-05-26 03:59:07,1-025fbaed-a24a-4f04-9d2a-01ee147bcd21
0.136,3.86,-5.56,12.0,1,2026-06-05 03:20:54,1-b3ca0cf9-54f3-4873-bb18-074cdafa72e3
0.09,7.76,4.78,-23.0,1,2026-06-05 02:38:37,1-f080f5db-eccd-4c5d-a1b8-7546707ef31c
0.054,8.14,13.54,1.0,0,2026-06-05 00:49:50,1-1490f556-3cbc-46f3-8db9-f935ab8dde21
0.04,-0.94,-10.1,-4.0,1,2026-05-24 22:04:30,1-b34c31b5-b78b-4d23-bd9c-bbf2cab82c0b
0.13,3.8,1.72,1.44,1,2026-05-20 15:59:29,1-68690006-f475-42d9-a23c-fbf497fc9c67
-0.08,-5.32,-3.06,-5.0,0,2026-05-19 09:32:23,1-680ded24-686e-47dd-80d1-4181114a2bbe
0.028,5.02,11.6,-7.0,0,2026-05-14 20:21:48,1-7488ef0c-86c4-40c8-bd83-d21ce7d1dd9a
0.1,5.08,-4.16,13.0,0,2026-06-05 00:27:52,1-589cb87a-097b-46a9-b80e-4cda23de4f5c
-0.224,-14.54,0.46,-15.0,0,2026-06-02 22:16:11,1-ce2d6898-e77a-4041-86c6-9115d44da13d
-0.078,-4.52,0.28,-10.0,1,2026-06-02 21:26:59,1-5f065118-80ba-40d9-9e55-3fa211c46b4c
-0.088,0.4,-2.32,-20.0,0,2026-06-01 23:47:56,1-c963e7eb-a6be-4191-b3c3-d3cbd1e6e751
0.088,6.12,-1.1,6.0,0,2026-05-31 22:49:39,1-89c86a3f-ff91-41dd-a4fa-f598a4b2fd00
0.034,-3.6,-1.76,0.0,0,2026-05-23 16:03:00,1-cebd67db-831f-48ee-9214-3f5733290d18
-0.014,-3.6,2.14,6.0,1,2026-06-06 01:15:04,1-a3020ed2-e78d-4c1f-8dec-eb18728dc7ab
-0.076,-6.96,3.16,1.0,0,2026-06-06 00:15:45,1-494c9bc4-4c24-4e10-ae52-84bb0df00653
-0.008,-1.78,-3.82,-3.0,1,2026-06-05 23:27:59,1-70f017c6-84fc-4ec0-8716-abc2b888b72d
0.088,-0.62,-0.16,5.0,0,2026-06-05 22:46:32,1-0cd6446b-7feb-4746-a9a6-b53b809bfa42
0.154,9.88,-2.08,13.0,0,2026-06-05 22:13:26,1-7ce4c6e4-f377-4ce0-9990-cecfb28fd656
0.1,6.7,7.14,-10.0,1,2026-06-05 21:07:48,1-c3d30848-b19f-4388-8b2c-494c155834a1
0.01,0.26,5.06,0.0,1,2026-06-05 18:00:51,1-45ef2124-5c09-4066-ae22-ed544214775b
-0.074,-0.68,3.42,-8.0,0,2026-06-05 16:38:22,1-0ccb23df-4e95-47de-a3f3-d9f8dc535286
-0.09,-1.8,-0.28,5.0,0,2026-06-05 00:24:42,1-77ea0025-0492-4719-8d2a-f8bbadc21860
-0.034,1.52,5.14,-2.0,0,2026-06-04 20:12:41,1-146049fd-c0b5-442b-bb44-f36da2f4126e
-0.098,-1.8,5.08,-6.0,0,2026-06-04 19:18:23,1-6a3d6558-0c3f-4526-b4cb-560803d660b2
-0.2,-4.92,6.88,-8.0,1,2026-06-04 14:15:22,1-a41c2614-ca24-4f06-aa33-f28f0394f1e3
-0.066,-0.68,-1.04,5.0,1,2026-06-04 13:38:23,1-84419138-7a39-4cce-99be-2d29cbc25f4c
-0.056,-2.22,2.16,9.0,0,2026-06-04 12:58:25,1-e63b10e8-5fd3-4a0d-bfbb-cce0a29d4177
0.188,3.3,-5.24,2.0,1,2026-06-04 11:12:19,1-a94afcff-f741-4b2f-873b-efb9f350fa1c
-0.128,-2.12,3.12,-14.0,1,2026-06-04 10:35:45,1-fb4b585f-fbef-4f6b-b010-d0abb25b9ae9
0.034,-2.06,3.08,22.0,0,2026-06-04 09:52:11,1-ad920b0e-fb03-4ce1-b8dc-873f2010911c
0.012,0.52,3.62,2.0,1,2026-06-04 08:45:45,1-0ecd1409-7582-49db-8158-b9828ab3ece1
-0.044,-3.24,-4.46,-3.0,0,2026-06-03 23:14:38,1-0cbc3806-8bfa-4969-8c5e-1feaceabf455
-0.08,0.84,3.24,-7.0,0,2026-06-03 21:25:08,1-a3f5c049-a41b-4838-b888-0a1755e73c79
0.068,-1.68,-3.52,-9.0,1,2026-06-03 20:20:40,1-da3cece0-b2d5-4c4f-90a8-b11e5341a13a
0.116,5.18,-1.84,10.0,0,2026-06-03 19:33:53,1-552e0872-e096-4e8d-b63a-ba87e916b87b
-0.112,-5.48,5.02,-7.0,1,2026-06-03 18:58:32,1-e778f5ac-8b02-49eb-98a5-bbeaef56218b
0.108,1.78,2.08,-8.0,1,2026-06-02 12:32:39,1-8930433f-f9e4-4754-b181-335dbb25521c
-0.038,-5.54,-0.2,1.0,1,2026-06-02 11:53:30,1-8cf0ba05-6254-4d9b-9cb7-3aa07c3c8c22
0.024,3.46,4.6,4.0,1,2026-06-06 01:23:08,1-ccdc5001-3a96-4562-b984-9658b3cc1658
0.042,3.46,-5.34,1.0,0,2026-06-05 03:38:00,1-2575e94a-1694-4de5-b30f-eb9578dbacc1
-0.068,-3.36,0.8,-7.0,0,2026-06-05 01:49:00,1-cb8ad454-5210-40d8-b2b8-e45655d29c64
0.004,-2.98,2.52,16.0,0,2026-06-04 22:46:50,1-54295808-feda-48d2-bfec-397fb0c98c8d
0.004,1.3,-3.62,-20.0,1,2026-06-04 21:37:00,1-b209811f-de1b-4817-8ace-a49bf106db3a
-0.102,-11.06,1.12,-10.34,0,2026-06-04 02:43:20,1-63b5d5db-9487-4675-b682-cea79b230c95
0.02,0.52,3.96,-13.0,1,2026-06-04 00:59:16,1-568cbcb3-0ac0-40fc-bb20-8bed91dab341
0.02,5.64,4.6,6.0,1,2026-06-03 23:58:44,1-e67a1954-d2fa-4c33-a488-0ad22c4aa9ac
-0.064,0.7,-10.72,-6.0,0,2026-06-03 23:05:27,1-d170e3e9-ff14-41d4-b621-4015a3161b60
0.052,-1.0,3.34,7.0,1,2026-06-03 05:12:27,1-0f608974-9407-4d7e-a323-78c7ffdcafe8
-0.202,-8.58,-1.7,4.0,1,2026-06-03 01:19:35,1-396564ac-01e3-41d9-a113-4bf26d907563
0.076,-0.74,4.48,14.0,1,2026-06-02 18:43:53,1-e9a19070-b439-4b4e-97e6-c5434fb89b6e
0.084,6.34,0.72,9.0,1,2026-06-02 17:57:16,1-2ff12c98-f644-45b8-bc4c-1ea91d527d23
0.176,12.5,-8.0,19.0,1,2026-06-05 23:50:14,1-cccba2a3-d2e6-47a3-93a8-da051bef3a1e
0.082,4.88,-2.5,21.0,0,2026-06-05 22:41:18,1-16cf0109-5fd4-46dc-b605-9136089d36a7
-0.04,-3.84,-2.8,-2.0,1,2026-06-05 15:42:09,1-f4bb1aa3-94d3-4f45-9b72-210748ba521b
-0.018,3.28,-2.36,10.0,1,2026-06-05 04:59:20,1-ea46af1a-2924-441d-8df1-1b2fbb9622c5
0.018,1.7,0.28,-1.0,0,2026-06-05 04:22:29,1-79a1692b-bbbf-4cc9-8cac-d3e40f9a6c0a
-0.08,-3.78,0.36,-11.0,0,2026-06-05 02:51:43,1-a3bebd32-99d4-4a52-a4c0-c5ec84ca66f1
-0.158,-10.0,1.6,-3.0,0,2026-06-05 01:54:59,1-785f18af-d584-477d-b847-00c5399f41eb
0.32,11.62,0.8,23.0,1,2026-06-03 23:50:26,1-72aef2af-1849-4aad-bb58-00c2f7f36f70
0.188,7.18,-0.62,24.0,1,2026-06-03 22:44:34,1-6faecfb1-de29-43d9-a2a2-2856b91a04cb
-0.136,-6.88,5.32,-2.0,0,2026-06-03 21:46:23,1-94b7ff9e-7498-4b01-a4ae-3160e0be38f0
0.064,-0.66,4.08,-6.0,1,2026-06-03 00:04:24,1-9110f29c-5116-4d25-a7dd-2bf94aeaeac6
0.128,4.2,0.46,2.0,0,2026-06-02 23:15:51,1-15c43fcf-ddaa-4e37-90ba-6f7e7f763c56
-0.09,-0.06,4.68,0.0,1,2026-06-02 22:30:57,1-96cb68c2-55e3-4a8a-a2b0-695fe5a3f958
0.0,2.8,2.8,2.0,1,2026-06-02 18:48:39,1-831c6785-7562-440a-877f-26044a043840
-0.01,-4.92,2.88,2.0,0,2026-06-01 22:39:16,1-223a83cb-da8d-4197-b04a-e6c84ce5c897
-0.122,-4.18,4.12,-1.0,0,2026-05-31 23:40:17,1-380ad61e-a8ff-415f-99f4-0e16894de203
0.146,5.7,1.38,10.0,0,2026-05-31 23:03:34,1-842deeb2-71a6-4bc3-b34d-7394f9a11793
0.154,5.28,-0.9,12.0,0,2026-05-31 22:19:39,1-6b004c0a-a569-4f3f-ab64-b38c1588e51d
0.076,-0.74,0.24,6.0,1,2026-05-31 21:36:52,1-dba2d234-4b93-4f23-9f2a-4f1028d7e593
-0.032,0.08,3.72,-5.0,1,2026-05-31 20:26:45,1-6d4bf097-7bcc-42c1-b4cf-f5a6c19bcea1
0.042,-0.16,-0.68,11.0,0,2026-05-31 19:45:24,1-fbd7313d-3912-4e58-8e4e-e21f1c4fb06e
-0.048,-0.96,-11.2,-3.0,0,2026-05-28 20:38:49,1-ab9d4a73-5720-4944-84cc-4f3525fd1042
-0.084,-3.48,-3.42,-10.0,1,2026-05-24 20:25:57,1-ff24cbe5-9acb-4465-9514-173e68b23c32
0.002,0.74,-2.9,-10.34,0,2026-05-24 19:42:58,1-23ba82cb-7c61-4696-a0f6-c0bb347cf9a4
-0.006,1.84,-6.34,-12.0,0,2026-05-20 00:56:47,1-ef73adac-8d2c-452c-9c0b-d981d30bb023
-0.014,-3.38,3.84,12.06,1,2026-05-20 00:03:10,1-32b4d681-9677-4360-a0ad-6ff3abfee9ee
0.012,-1.94,2.58,-2.0,0,2026-05-15 20:04:16,1-5a84f5df-6e92-4947-95a7-350d84e416d4
0.092,0.6,1.88,-15.0,1,2026-06-01 02:34:14,1-5c98798f-2995-4e5d-af83-e2ad8efcfed8
0.028,-0.76,0.4,4.0,0,2026-06-01 01:46:13,1-82954278-84a2-4e7b-9992-0cea05022245
-0.046,0.32,1.6,-8.0,0,2026-06-01 00:40:43,1-d1478758-2441-4f5d-abb9-759801c2a3d2
0.008,1.88,-1.4,1.0,0,2026-05-31 18:38:42,1-3ec9c87f-f61c-4935-9eb8-0080ebec8c42
-0.008,1.48,1.88,8.0,1,2026-05-30 22:35:19,1-6ca196d9-e707-4d6e-8917-71bb8ac93426
-0.05,-0.34,2.28,3.0,1,2026-05-30 22:00:37,1-fd4864fd-070a-47ce-ac85-0f2b87e137e9
0.02,2.76,-0.38,-8.0,1,2026-05-30 21:16:27,1-bf7a395a-1a79-46dd-aa5b-969647d2cbe1
-0.054,-0.92,-9.18,-5.0,0,2026-05-30 01:29:08,1-e9746d86-462c-476d-873a-d6df4a922ccc
-0.108,-4.84,-6.16,-1.0,0,2026-05-30 00:24:45,1-edff35d0-cf6f-4339-9d79-1deea26ac374
-0.142,-2.06,3.88,-10.0,1,2026-05-29 23:48:32,1-94601493-c6fd-432e-ac73-b0ad79905a1d
-0.038,-2.58,-5.44,2.0,0,2026-05-29 22:53:22,1-7b33a257-1905-40be-bf79-4235d89fefc4
-0.002,1.76,0.28,-1.0,0,2026-05-29 22:18:22,1-2fa61e30-6859-4c45-8fe4-436841b9cc2a
0.05,-0.12,-5.3,1.0,0,2026-05-29 21:09:36,1-f532fe65-3dc5-4816-99b1-a4e30990173b
0.17,4.94,7.16,13.0,0,2026-05-30 23:02:51,1-0c9823c1-fb23-426f-bdc3-47e0c403af1e
0.07,3.0,-0.04,9.0,1,2026-05-30 22:21:30,1-09516206-9fd0-4579-b7ee-cff702ecc43a
-0.09,-3.3,0.9,-2.0,0,2026-05-29 23:45:37,1-9079c444-de56-4327-8056-b55822c38903
0.054,1.86,-5.96,19.0,0,2026-05-29 00:15:24,1-ccbbb2b3-7b6e-452f-8479-21b5ea6b6f06
-0.008,-2.22,-1.72,2.0,0,2026-05-28 23:16:06,1-dfa620e9-d99b-4aab-b7fe-4ca48c62e69b
0.03,-2.78,-2.12,19.0,1,2026-05-28 22:42:47,1-d86adf54-5051-4553-b151-f9b915f64c71
-0.142,-8.0,0.36,-25.0,0,2026-05-28 21:50:07,1-b81d8614-9d31-47dd-a7d4-544c5c635161
0.074,8.12,0.38,9.0,1,2026-05-28 01:19:56,1-5d406f14-3eb1-4881-8628-1444334c22ff
0.086,8.42,-4.56,-11.0,1,2026-05-28 00:29:52,1-37a8a941-11d0-4046-9b5f-1ea679f32979
0.09,5.66,-4.02,5.0,1,2026-05-26 23:31:09,1-58f5a491-8163-4cd6-b0dd-b99c0353e3a2
0.114,6.52,-3.24,3.34,0,2026-05-26 22:33:21,1-59ac2d7f-21dc-44bd-958b-cbd77621641e
0.126,3.66,-2.0,-1.0,1,2026-05-26 21:56:04,1-884e83ea-4a63-423e-b204-6e8c9ad19505
-0.012,-1.52,2.58,5.0,0,2026-05-26 21:11:30,1-7317f289-3f4a-4689-a434-94bf5ddd6d4a
0.008,1.36,1.28,11.24,1,2026-05-23 00:47:34,1-9532affc-b49b-472b-a697-95dfdc7f2e9a
-0.262,-9.38,7.52,-19.0,0,2026-05-21 23:31:24,1-cbe3fad5-91ba-4f66-b077-db929d6f45c9
-0.106,-3.1,-4.02,-8.42,1,2026-05-20 23:21:03,1-8ce9d39e-e623-4df0-9980-ae6544ddecd2
0.046,-0.9,-0.12,9.34,0,2026-05-20 22:20:14,1-891be7c8-b5ae-4cc7-9cb2-77db80b40d73
0.054,4.3,4.36,-1.0,1,2026-06-05 00:36:42,1-edb3ddcb-77dd-4326-9513-734283bbbbd7
-0.15,-5.62,3.88,0.0,1,2026-06-04 23:43:10,1-e12bd4bb-1150-46b3-94a5-204972a43106
0.034,7.0,3.6,-7.0,1,2026-06-04 22:16:52,1-3f7de586-ee0d-4355-a35b-3c6cf3407695
-0.086,-4.98,-3.78,-2.0,1,2026-06-04 21:31:13,1-5c2d34f0-965e-4103-a3c7-fd1aee3b895c
-0.06,-1.78,1.42,-8.0,1,2026-05-29 02:31:59,1-aa72741c-b7e0-45cf-9855-a7b53bf756ea
0.01,2.88,1.6,-1.0,0,2026-05-27 21:58:28,1-ea90ac98-5f5e-455b-9e67-9871d1a1698a
0.028,0.9,-0.88,-4.0,0,2026-05-27 21:03:06,1-eec4bcbe-5485-4cb9-b1e1-fd2668ca8a63
-0.028,-8.06,-0.9,-8.0,1,2026-05-26 02:20:32,1-8c06fdaf-f072-4e3e-841b-9c8556a73bfb
-0.016,1.16,5.4,-4.0,0,2026-05-23 23:27:23,1-a88de455-96d7-4c09-8c42-fff6626e95c1
0.086,-2.08,-3.48,-1.0,1,2026-05-22 01:20:12,1-7d580235-0395-491d-81ea-dd83f9f055ee
-0.024,2.8,1.28,-6.0,0,2026-05-20 02:18:31,1-4eaeb1f9-4154-4825-995f-434c7bc5cb62
-0.066,-2.9,2.94,10.0,0,2026-05-20 01:22:42,1-32650d13-b8a8-4b94-ada9-225b6ed926fc
-0.03,-4.94,-3.7,-9.0,1,2026-05-19 22:53:06,1-ce2eb174-8b8f-4337-9fd2-096f1378bff1
0.076,-0.68,0.84,5.0,0,2026-05-19 22:15:59,1-41c57b61-b043-495f-b0cf-9fca08d35759
0.05,4.44,4.54,3.0,1,2026-05-19 21:26:57,1-c3e93621-f9af-4c97-a114-f51a2b15c29c
0.11,0.78,-0.96,5.58,1,2026-05-17 03:25:55,1-8111853a-0a01-40bd-946d-4d0d829624f5
-0.084,1.44,4.8,5.0,1,2026-05-16 20:52:43,1-07bd0352-2b2f-4466-a63f-30c163b94dac
-0.046,-1.52,-5.42,3.0,1,2026-05-16 19:54:22,1-4e9a25fe-5bbc-436b-bc10-8a004ea36a99
0.082,5.54,-3.22,7.0,0,2026-05-15 03:13:30,1-4804eaf5-699a-446f-9281-4ef0d292d6b2
-0.064,-4.78,3.5,-3.0,0,2026-05-15 02:28:41,1-9a36901a-e57b-4ca3-b7fa-5f0a54c90a47
0.016,-3.0,0.18,12.0,1,2026-05-15 01:45:46,1-9e3fe5a6-a97e-401e-aa60-edcd7b6ff6c3
0.03,1.78,-2.04,12.0,1,2026-05-13 00:40:57,1-7e3660d7-2e63-4eb5-b9a9-b40c4b751037
0.108,4.42,1.46,6.0,0,2026-06-02 21:22:56,1-b06d5f7f-6981-43f3-a790-724a43e45c1d
-0.006,-2.6,3.76,4.0,0,2026-06-01 02:45:30,1-46ad6a9d-c53a-496a-94c9-8e6b782f4c5c
-0.034,3.52,-2.96,-12.0,1,2026-06-01 02:01:53,1-fbdf6908-0205-4dc6-9140-0a2e0293d587
-0.032,-0.84,-0.82,-8.0,0,2026-06-01 00:24:59,1-1c9b3541-ba12-4424-a204-223fd750c61f
0.062,2.98,2.74,5.0,0,2026-05-30 19:46:44,1-543a3a43-b318-4f8e-b12b-7a39ed9aa9b8
-0.178,-3.92,5.84,-5.0,0,2026-05-28 00:25:16,1-92a58a33-4845-4ba3-a845-2bba4d7320fa
-0.002,-1.12,-3.22,3.0,1,2026-05-27 23:46:45,1-1203fb56-6be5-4c7d-b187-39a749af5bf4
-0.042,-3.6,2.06,8.74,1,2026-05-27 23:10:50,1-0e0a6e2b-9c2a-4506-a59b-91eb354b6491
-0.124,-2.56,12.12,-19.22,0,2026-05-24 22:07:26,1-2ab92712-ff95-4e6b-a41c-7c5d52be199e
-0.036,3.78,0.58,-7.76,0,2026-05-24 21:31:40,1-0861c8ca-fb5a-437e-8245-70a06048dcb5
-0.074,-2.82,3.46,6.0,1,2026-06-05 02:19:40,1-23819d43-ef95-4db8-8aa3-52368f1ffaff
0.112,3.32,-1.62,8.0,1,2026-06-01 02:28:13,1-0ace3348-4767-40b7-8bd1-18eb271f3d17
0.012,3.34,-0.12,-2.0,0,2026-05-30 21:29:53,1-3d54f05e-e85c-4d2b-be6d-90bf8d93d913
0.034,2.82,6.68,-6.0,1,2026-05-30 20:25:44,1-fd64821d-03b4-4a88-b003-a0da54cba2a5
-0.14,-6.02,-3.38,-13.0,0,2026-06-05 19:48:44,1-184f6759-b6b7-4c9e-b500-0290b18509f1
0.1,9.62,5.62,2.0,1,2026-06-05 19:11:04,1-cb9d5d50-4565-4bec-ae8c-c2a2847a18d2
-0.126,-6.98,-2.7,-2.0,0,2026-06-05 18:41:02,1-b0f6408f-0e06-449f-b67d-c2f7ea3edc60
-0.064,-3.56,0.92,-11.0,0,2026-06-05 14:48:20,1-ce836957-929b-49fa-af40-48c7539a6b84
0.008,-2.26,-4.02,-10.0,0,2026-06-05 13:59:22,1-30b91174-69b8-4a8c-b6be-61c278789216
-0.012,1.88,1.48,-6.0,1,2026-06-05 13:01:41,1-9bd4d07e-d9bc-4bc5-8dcd-dc22674ce73d
-0.026,-3.26,-3.48,2.0,0,2026-06-05 12:02:48,1-526bdd5f-f430-4f64-ba94-e6b354c671a2
-0.112,-4.36,0.24,-6.0,0,2026-06-05 11:14:39,1-f762ba94-daad-4b6f-a255-7de5aae215d5
-0.04,-1.1,7.26,-9.0,1,2026-06-05 10:35:41,1-f81a911d-a865-49c1-8ef3-4d85305d738c
-0.036,-0.84,-1.56,-7.0,0,2026-06-04 22:22:45,1-d8a51d13-f8b0-4d44-bb32-5645d2a101c2
-0.048,-6.24,5.98,-12.0,1,2026-06-04 21:31:52,1-4c955f60-eaed-45dc-920a-8ddedc3d52da
-0.09,-3.12,1.7,-11.0,1,2026-06-04 20:44:08,1-9de09602-1058-49d5-8e5c-8038262b7139
-0.128,-3.58,1.16,-12.0,0,2026-06-04 19:57:14,1-b88a5def-add0-4144-af76-9de77fc20604
0.086,4.5,2.52,-10.0,1,2026-06-04 18:40:54,1-dd95bfeb-c4a4-42d5-882c-a9773a976d4a
0.058,1.02,-4.68,11.0,1,2026-06-04 17:16:28,1-6bfaa5cf-5b9d-4a30-b3a1-134ca1d74df0
-0.136,-7.6,-2.58,4.0,0,2026-06-04 16:07:59,1-51caa3de-d9f6-4b1c-ac3a-d279705b772f
0.012,-3.4,-1.16,-8.0,1,2026-06-04 15:07:34,1-98592d50-3a15-42db-8521-0518edf8eb88
-0.11,-2.18,-3.42,-3.0,0,2026-06-04 14:27:31,1-8132dcbb-7d47-41b2-8b65-d25ae8a545f0
-0.138,1.62,-4.28,-8.0,1,2026-06-04 13:45:54,1-167f45ee-89fe-4ec6-9243-fca4384f13da
-0.266,-9.9,5.66,-8.0,1,2026-06-04 13:03:36,1-6d416d14-12e4-4d3d-b087-1a48fbc79784
0.022,4.12,1.64,-10.0,1,2026-06-04 12:22:11,1-dcbd1b8d-85e8-44bc-89b4-21eaec97d779
0.032,1.02,3.46,8.0,0,2026-06-04 11:43:54,1-3d9cb0ad-3013-422c-a418-daa53a63d9a8
-0.088,-4.9,-2.8,7.0,0,2026-06-04 11:04:57,1-c65d17dd-5383-4373-bfc2-7cab129f4537
-0.006,-1.58,-3.18,11.0,1,2026-05-30 22:27:48,1-7228569a-f275-4e5a-8d85-a42946fee115
0.152,5.86,-8.06,16.86,0,2026-05-19 21:37:27,1-69f8514a-70e7-4b0c-898c-ae4e7d2d95d0
-0.06,-3.02,0.86,1.72,0,2026-05-19 15:53:22,1-007fb1a4-7091-45ee-8768-896fc96cc2f8
-0.104,-1.44,-4.64,-7.0,0,2026-06-06 01:18:13,1-c2e9572c-e495-44a3-ad49-a767a208399b
0.222,7.96,-1.58,8.0,0,2026-06-06 00:31:37,1-1d4fcc9f-7d97-411d-9c4c-16a74a6db87d
-0.046,-3.22,-5.88,-7.0,0,2026-06-03 23:47:26,1-ccc5e163-4d43-4758-b99d-b73d2aca16a9
0.174,5.26,8.46,1.0,1,2026-06-03 00:39:12,1-50b92b26-c66d-439b-ae8d-fbd74bfda9bd
0.072,4.9,9.58,2.0,1,2026-06-03 00:02:05,1-7b5e7367-bc27-43e0-aa1c-b501f1070d21
-0.13,-6.8,9.02,2.0,1,2026-06-02 00:15:34,1-ecd615b1-a277-4bd6-84cd-b1391a22e4fe
-0.208,-6.1,-1.14,-18.0,1,2026-06-01 23:30:16,1-55576ed0-61ad-4b81-88d4-83b1ecca2727
0.02,1.92,-7.84,-1.0,1,2026-06-01 02:48:31,1-17c60498-1322-4206-8b2c-19ff483990a1
-0.088,-5.36,1.3,-5.0,1,2026-06-01 02:11:37,1-cd5086c6-d3e5-416c-933e-1f1bba94c01a
-0.048,-2.9,3.4,7.0,1,2026-05-31 01:28:56,1-38535f06-4591-4f9b-b3e6-7afb77705a75
-0.026,-1.68,0.16,-1.0,1,2026-05-31 00:37:10,1-03071f45-7e17-4c6f-96c2-c74421219fbb
-0.022,-2.38,-5.94,9.0,0,2026-05-30 02:45:10,1-b2ed357f-c2b5-409b-b96c-fc9896284c85
-0.078,-3.62,5.6,2.0,0,2026-05-30 02:07:24,1-5b694867-ab37-45e4-a45f-feaa1b2e93f1
-0.008,-4.2,-6.06,6.0,1,2026-05-30 01:22:27,1-ac7fd44d-720f-4cc1-8f15-c3543f6a78b2
-0.046,4.54,0.38,-13.34,1,2026-05-29 01:26:29,1-2dd0ed17-5869-4821-b362-1790ac0db51e
-0.202,-10.62,-2.24,-7.72,0,2026-05-29 00:11:02,1-f96200f0-b311-4d46-af39-b240bbd96912
0.044,-0.28,0.82,0.0,1,2026-05-28 23:23:20,1-1dd46606-0135-415d-8d63-5601aa520e29
-0.016,3.96,-3.0,3.0,1,2026-05-28 22:31:43,1-a2fb29a1-1368-4622-ad49-e3a7a98f2e39
0.078,5.76,-10.02,9.0,0,2026-05-28 01:31:32,1-6a8d281f-f64a-4531-a606-57c5480b8b94
-0.162,-5.36,1.24,-14.0,1,2026-05-26 23:59:56,1-4ab8ca86-a32c-4443-adaf-d734b8eed555
0.052,3.8,4.42,-8.0,1,2026-05-26 23:09:28,1-55df0111-873d-433a-9082-1643fa8e0421
0.078,5.22,0.42,-11.0,0,2026-05-26 03:13:29,1-0cfaec04-1c33-481c-822b-4fdd941b85fa
-0.104,-7.74,-6.32,-5.12,1,2026-05-26 02:28:12,1-7188e776-353e-4236-b211-e805b0c2fd04
0.016,2.12,7.28,-1.0,1,2026-05-26 01:42:34,1-9afe05b3-e3b5-4949-a2c5-373c25cfd586
0.05,9.64,1.2,-6.0,1,2026-05-25 01:02:00,1-35060303-e4de-485e-8ae2-edb510b4c9cd
0.024,0.18,-4.8,-19.78,0,2026-05-25 00:09:34,1-25803c66-32b8-482f-bd10-2e678921b3aa
0.046,5.6,8.08,-2.22,1,2026-05-24 23:18:28,1-7bce12ac-0867-43dd-91d4-bbcebe99b3ed
0.018,-0.96,3.82,11.0,1,2026-05-22 22:44:35,1-d68f53af-2e25-42ba-bae3-68369bae8531
-0.064,-7.44,-3.92,5.0,1,2026-05-22 22:09:39,1-995bab89-6068-4bae-ae56-f8a9728f7490
0.154,6.94,0.76,1.0,1,2026-06-05 07:09:46,1-d8981fa3-e18b-4ae6-a3c8-3055d8157ebb
0.094,5.12,2.4,-4.0,1,2026-06-05 06:28:20,1-503cfa0c-2211-4f33-ad16-19683e9e78a1
-0.01,-0.42,2.18,-12.0,1,2026-06-05 05:51:29,1-5975735f-bd02-44e2-bed9-bc27ff159a2d
0.032,2.98,-2.24,8.0,1,2026-06-05 04:59:40,1-fa2ddda7-7545-4c95-858c-ed1e754cc2c0
-0.064,-3.22,0.24,-4.0,1,2026-06-05 04:28:40,1-aeb92171-7631-444a-9a83-63a66a00d603
0.058,3.96,-3.18,7.0,1,2026-06-04 06:50:27,1-55800a90-28ba-493f-a924-f86eb2eea887
0.01,1.0,-0.42,2.0,0,2026-06-04 06:06:56,1-5c59b15d-1f7c-40e3-9488-888c0b3fc64b
0.018,-2.1,0.02,-15.0,0,2026-06-04 05:37:08,1-3bef0d16-b2e0-4058-bece-be02bb0e2760
-0.004,1.88,1.06,11.0,0,2026-06-04 05:06:59,1-a44b84aa-1b51-4286-98f7-0137fe3a690f
-0.076,-4.28,1.38,0.0,1,2026-06-04 04:32:53,1-d099c193-5cb1-41f1-9833-eb4a5521ba89
-0.108,-7.52,-0.78,-1.0,1,2026-06-04 03:48:16,1-46286eea-c556-4440-8d59-981debb6a9ab
0.162,4.2,0.52,5.0,1,2026-06-03 22:13:55,1-6fc424d0-c732-4a58-a253-722f89095d14
-0.152,-5.72,-3.42,-19.34,0,2026-06-03 05:08:39,1-21b2b8a3-1061-4ba5-935d-b20edfa71690
0.074,1.94,1.86,7.54,0,2026-06-03 04:27:18,1-4bcbb1b3-9e19-4075-989a-afc71ef412bc
-0.126,-6.76,-5.86,-10.0,0,2026-06-03 02:43:37,1-c154cbdc-e45f-411d-a20a-70a3a448246a
-0.004,4.24,4.22,-1.0,1,2026-06-02 07:31:45,1-73ecfab9-d72b-4b9b-8279-30141e0278a5
0.04,2.58,3.18,4.0,0,2026-06-02 06:23:44,1-d77ad59e-0c92-4892-9c3d-0c08806847a4
-0.036,-5.42,-5.46,-6.0,0,2026-06-02 05:42:27,1-38e444dc-b04b-4545-b34c-c0bdadfc5918
-0.078,-5.22,-8.4,3.0,0,2026-06-02 05:02:04,1-473d704c-927c-4df3-b27e-3b965d468aff
0.102,-1.9,-3.52,-4.0,1,2026-06-02 00:52:21,1-e18b72cf-75bd-45f9-a766-5c9324616f4f
-0.062,1.48,4.96,7.0,0,2026-05-28 23:41:51,1-deb23fe6-311d-4559-965b-cc7dfb55b5ff
-0.14,-9.46,-3.82,-6.0,1,2026-05-28 05:39:23,1-fcf917fa-3881-4952-b2cc-608927e539a9
0.082,4.34,-3.68,0.0,1,2026-05-28 04:52:23,1-6e1a00a2-3d55-4e8b-9546-0f069b892d5d
-0.128,-9.54,-2.12,-10.0,1,2026-05-28 00:04:03,1-899b492a-03c7-4a6b-931d-5ba95da7aa90
0.128,10.16,-1.74,4.66,1,2026-05-27 23:26:30,1-c07a43b7-c18a-4210-bcf6-e98ed4defb20
0.146,5.92,-6.68,10.0,0,2026-05-27 08:54:44,1-991f3dec-2ecf-4f95-8105-bf463158fb2b
-0.138,-1.76,2.54,-9.12,0,2026-05-25 03:32:43,1-604774b3-f3ab-4130-adaa-5843412e26dc
-0.05,-2.1,-0.46,0.0,1,2026-05-25 02:10:20,1-ad1c233d-54e8-4e2e-a564-fc93ef96f2ff
-0.032,-6.9,-5.7,7.0,0,2026-05-23 21:18:17,1-0097a34b-cf60-4152-962b-5f68aa4ea1d2
0.07,-0.88,-9.4,7.0,0,2026-05-22 04:54:04,1-7aeac341-1862-4d17-ab57-8a2c27b8de21
0.0,-6.78,-4.82,21.0,1,2026-05-20 22:41:24,1-177c2436-4eb2-4e27-b31b-dcf10110ee08
-0.078,-2.1,1.0,-34.0,0,2026-05-19 00:46:20,1-ea1d6da5-9555-4b6e-95f0-86be325cbf50
-0.066,-2.02,5.24,-13.66,0,2026-05-17 22:55:17,1-73b28644-90c0-418e-851c-0411a0a0d912
-0.162,-4.8,-1.1,-17.0,0,2026-05-17 01:00:59,1-a9d49c7a-27e9-4382-868e-690027f1747b
0.02,-1.36,-1.94,13.5,1,2026-05-13 23:29:53,1-4bc0af07-392c-44cb-9455-3296831697cf
-0.038,-1.72,6.34,-10.0,0,2026-06-04 03:18:58,1-302340cc-ff51-49de-917f-561a799f6e61
-0.046,-4.22,-2.24,-12.0,0,2026-05-31 23:36:26,1-51fc0d1e-32ae-453b-9566-5ed121bfdf8c
0.044,0.84,-0.62,4.0,0,2026-05-31 23:01:27,1-34cea9cb-988a-4b53-8fde-a9801cf1ec17
0.0,-2.84,-10.92,10.0,1,2026-05-30 11:29:57,1-f1899566-2e44-44ab-99f9-b069db692fde
0.2,7.7,1.32,13.0,1,2026-05-30 10:53:30,1-39ca6e90-6729-4ad5-8a1a-128ec25a6fd4
-0.002,-3.12,0.8,1.0,0,2026-05-30 09:05:22,1-340c8463-221f-416e-806e-3f4444c0e16e
-0.014,-4.18,7.08,9.0,0,2026-05-25 01:33:57,1-40db6de8-06dc-407a-bca0-5c18eb8b51a1
-0.092,-4.5,2.44,-13.0,0,2026-05-24 00:46:35,1-40420c34-5695-419b-be9e-73a6f3d92be5
0.004,4.38,-6.28,-5.9,1,2026-05-23 23:58:32,1-d6f84034-c54d-4998-92a7-2e9432c3f16d
-0.09,-0.08,1.64,-8.0,1,2026-05-23 22:56:06,1-73c9c247-4f9c-4169-bc31-405b1b5894f7
-0.02,1.14,5.38,4.0,0,2026-05-23 22:13:51,1-6fd9d8f2-06ec-4d22-b507-becf71e498aa
0.004,1.84,6.32,-2.0,1,2026-05-23 07:59:37,1-d64d6b59-674a-4257-9495-1a329e9ad93d
0.068,3.06,0.34,13.0,0,2026-05-23 06:57:04,1-c47b2ab6-a3b0-4dbe-8e87-9f1dada9e0dc
-0.064,-6.44,4.92,-3.0,1,2026-05-23 01:27:38,1-9461a678-7154-4f3d-a795-e34aa76093ca
0.058,5.34,-7.26,0.0,0,2026-05-22 08:38:48,1-843c19a7-8001-4b2f-9ae5-fceb8d6d0f4e
-0.058,-10.24,7.4,23.0,0,2026-05-22 07:08:54,1-29bf3ad3-e3ce-4b97-9083-6e07343118fc
0.008,-1.04,3.78,1.0,1,2026-05-22 06:13:51,1-1cbe45db-40c0-4182-98b4-d590a8f0ddd0
-0.06,-5.3,-0.72,-7.34,0,2026-05-22 01:02:41,1-d48a923e-7c3d-4e54-963d-4a1a0493d084
-0.034,-2.94,-0.12,5.0,0,2026-05-21 23:37:54,1-1a5678ac-d04b-4a51-b3e6-09177afef718
-0.022,0.34,-4.92,-6.0,1,2026-05-21 19:50:43,1-f1aa9fd5-d8a7-4019-b724-e471b327b4eb
-0.018,2.1,6.44,-4.0,1,2026-06-05 02:35:53,1-1405651d-0021-495f-a304-62afa7b90968
-0.094,-6.18,-6.26,-1.0,0,2026-06-04 19:42:34,1-60ade150-eb86-448f-9b23-4288b4f717cf
0.18,8.1,9.24,23.0,0,2026-06-04 00:45:37,1-9ca3d98c-36f9-4703-b2df-c2ce7767ecf4
-0.034,2.02,5.08,-7.0,1,2026-06-03 23:56:53,1-3eb17c9d-08c2-44f5-9ff7-6e478f6e50ff
-0.03,-5.18,-6.68,-3.0,0,2026-06-03 23:15:58,1-a9c1daab-72fa-48ac-98e9-e072e700a071
0.016,-0.14,3.64,0.0,1,2026-06-03 20:38:28,1-6d613630-725a-47f4-837e-2a56a62e4d9c
-0.134,-6.66,-0.1,-12.0,0,2026-06-03 17:14:22,1-4d565a93-4abe-415a-ac8f-940b0e138ef4
0.018,1.92,1.58,5.0,1,2026-06-02 19:51:48,1-8d620825-602f-401d-9c26-7e72f032a04c
-0.126,-7.86,-4.18,0.0,0,2026-06-02 19:19:38,1-c12e25f1-a326-4639-9aa0-460f3220d93f
-0.018,-4.92,-0.74,3.0,0,2026-05-27 21:28:15,1-d3a88d70-4a68-4e71-98ca-920a8b29b747
0.034,-3.12,2.04,10.0,1,2026-05-27 01:59:12,1-410e94aa-de05-4448-87c6-f8bf4daf3c4a
0.11,7.64,-10.62,17.0,1,2026-05-25 12:52:07,1-ce20257f-a75f-4cc0-bd81-a338dc545fe1
0.134,1.74,-7.82,14.0,1,2026-06-06 02:55:17,1-2ab3e2cb-61d7-4a2c-ae29-6db972d435fd
-0.008,1.0,0.2,-1.0,1,2026-06-05 20:54:30,1-90e0e410-668f-456a-b5c3-5eaed6c021c3
-0.074,-5.54,-5.58,0.0,1,2026-06-05 20:15:10,1-096f13e7-9152-495d-bb17-8468d96fc66b
0.046,3.32,2.3,2.0,1,2026-06-05 16:19:45,1-2f0ad3bc-202a-445c-a54e-cad2c7f153ef
0.098,9.94,8.08,3.0,0,2026-06-05 11:25:25,1-3d363ffa-5d56-46d6-8c1b-51e2b81093ef
-0.154,-9.02,1.7,1.0,0,2026-06-05 01:53:30,1-025f80c4-a735-48a9-9793-9bf448409cdd
0.024,-0.68,1.3,12.0,1,2026-06-05 00:43:07,1-b8585146-a61b-40b0-acbc-425a6ad1341d
0.188,2.34,-0.88,5.0,1,2026-06-04 21:28:32,1-bc0025ca-1896-48f5-982f-e364783c144c
0.004,3.24,3.58,-3.0,1,2026-06-04 20:54:44,1-c57d5c0a-d25d-4d58-ac8f-080cde00724d
-0.002,-2.46,-6.94,-3.0,1,2026-06-04 18:52:00,1-9f0de14e-2781-4a91-bb21-baa3e3814cab
0.18,5.26,-0.66,15.0,0,2026-06-03 23:21:43,1-11609852-6f69-4ccc-afb4-dad0183057b3
-0.032,0.94,-1.76,-4.0,0,2026-06-03 17:29:45,1-9b610532-68ba-4bbb-a4cc-efa59dd9f7d1
0.038,0.38,-2.98,-8.0,0,2026-06-03 13:40:00,1-0abc256d-7705-41f8-9af9-9820e6ffcbeb
0.074,8.8,1.26,0.0,1,2026-06-03 12:24:07,1-94ddf90f-b9e2-453f-a3a4-b89f826cf437
0.03,2.2,-5.9,-3.0,0,2026-06-03 11:32:04,1-566bd65e-574e-4f5d-9345-2c18fd441e24
-0.084,0.44,2.64,-6.0,1,2026-06-02 17:37:02,1-43360570-ac5e-4b6f-974f-c1e449a2e9b2
-0.106,-4.76,-4.12,-2.0,0,2026-06-02 17:04:34,1-aabe5496-c1b3-4d4a-90de-f6030a8216da
0.174,9.76,-0.22,11.0,0,2026-06-02 09:53:47,1-aad33f90-c96c-484a-afff-065708c49478
-0.172,-0.8,6.86,-16.0,0,2026-06-01 18:37:17,1-6f7829e0-6ef9-42d9-8678-1b2ed5f85a65
0.006,-3.62,-5.74,2.0,0,2026-06-01 17:02:38,1-6dadfc57-7d43-4117-8ad2-38ff60eb5437
-0.006,-4.06,-5.64,8.0,1,2026-06-01 16:28:20,1-464e3945-d76d-4bc9-8354-d7d364c5c0d5
-0.07,-4.72,-2.3,-4.0,0,2026-06-01 15:21:48,1-08dcb0b7-f111-4eac-b2bc-52dfd3c8a4c1
-0.002,0.82,-0.08,-1.0,0,2026-06-01 14:40:20,1-88debddb-8fc0-4b73-a544-fe28881f7e95
-0.074,-1.36,5.52,10.0,0,2026-06-01 12:00:20,1-9e28f36b-b61d-4139-a101-4d6e2c0b4c8f
0.128,0.88,-8.9,6.0,0,2026-06-01 11:21:06,1-f57ad933-d07b-44d1-b232-ebb5641eb920
-0.19,-10.84,-4.5,-5.0,0,2026-05-31 21:38:58,1-c2ed3cbd-5e56-445e-9e60-06abbd104ce6
-0.03,-2.34,9.86,-6.0,1,2026-05-31 20:48:00,1-e3963f39-d744-4505-8c88-2499ca568dce
0.188,10.02,4.88,1.0,1,2026-05-31 20:12:56,1-f814064c-ba75-46ec-b0bc-73f2a358aba1
-0.004,-7.06,-4.96,0.0,1,2026-05-30 22:15:56,1-58558acf-0684-4a18-885f-7f7210e87a38
0.06,1.04,7.9,0.0,0,2026-05-30 21:32:30,1-ea97de33-a3bf-4b49-9969-87ec17421cd8
0.032,4.58,-6.72,-6.0,1,2026-05-31 16:40:50,1-cd064ed3-25cc-47cb-970e-57442edc27e3
0.018,3.34,10.44,2.0,1,2026-05-31 16:14:53,1-9e1cf994-26e0-4587-aa88-a4bcba92bbb4
-0.138,-7.98,0.14,-9.0,0,2026-05-31 15:16:10,1-13ab36a3-16b2-4b49-bdb7-5001988c65e4
0.064,4.5,-6.96,17.0,0,2026-05-25 01:33:01,1-d49a74ac-0125-4dd3-9cb0-c9e44d37f8b2
-0.086,-14.28,4.22,11.24,0,2026-05-25 00:52:54,1-2ffa4a87-e62e-480a-87c3-ffbf7429e947
-0.226,-8.08,5.22,-23.14,1,2026-05-25 00:06:33,1-cfad95c5-8593-4513-b6e4-aa681881cbb2
-0.04,-3.08,2.7,-1.0,0,2026-05-17 20:43:37,1-73481d8c-94c3-4a71-8a7f-5a1d2f884418
0.092,4.9,4.96,5.0,1,2026-05-17 20:00:13,1-6f2a2c24-860f-4731-98b5-ff3e977e1199
0.092,5.98,2.46,-15.0,1,2026-05-17 01:53:16,1-0effd1b4-891d-4904-a280-3a2a9d354954
0.054,0.94,3.08,-2.0,0,2026-05-16 05:16:25,1-8ede7238-37c1-4674-af0c-a8af5e05aa24
0.076,3.88,-1.36,2.0,0,2026-05-16 04:06:16,1-13428b06-f6be-40c1-9a46-01c4c1be066b
0.18,9.32,-0.82,4.76,0,2026-05-16 03:23:12,1-1320de1a-562c-41fc-89c3-cc10ef2e0cbd
-0.032,-2.54,0.7,8.54,1,2026-05-14 22:29:56,1-35379c96-edfc-469f-9437-7f6f3db106ef
0.122,14.2,-0.98,8.5,0,2026-05-10 19:54:08,1-5105d4ff-bfff-4c6d-bb25-003efe571120
0.008,4.1,2.38,-7.0,1,2026-06-06 00:52:45,1-b281be10-aeb0-4887-baea-32bfadf776ec
0.096,5.14,-1.08,-4.0,1,2026-06-05 05:09:54,1-b053aee4-a774-41ad-94a9-60cd3cb385b5
-0.086,-2.52,3.08,-13.0,1,2026-06-05 04:22:11,1-230f56e8-09af-4ee3-a0fe-ff8f5dbbb328
-0.116,-5.04,-6.84,-10.0,0,2026-06-05 03:36:31,1-c3dfb16f-4c31-4165-a655-a16d10ee5c77
0.036,-0.5,-4.86,1.0,0,2026-06-02 23:28:57,1-3b12f8f0-52cd-4421-90bb-413aa2561c9e
0.06,0.34,-5.04,1.0,0,2026-06-02 22:42:10,1-58ade2f3-5dc1-47dc-b802-0b8a15a881b8
0.0,-0.08,0.48,-4.0,1,2026-06-01 00:52:02,1-29070df9-92eb-40fa-b560-c963e153268f
-0.006,0.02,4.18,-4.0,1,2026-05-20 00:25:51,1-48eeddac-52d6-4ced-bd3a-ff9374742509
0.136,2.62,-1.1,1.0,0,2026-05-04 23:24:53,1-7db4a634-7391-48d4-8a1d-e0f22d8398b4
0.048,0.62,-4.3,12.12,0,2026-06-06 02:08:17,1-af9637f6-8a20-4031-b66f-972a9b46b7f5
-0.002,4.0,-1.9,-7.58,0,2026-06-06 01:03:55,1-91553391-ad23-4a55-8f11-fc6812d391a2
0.02,4.02,-6.2,-3.0,0,2026-06-06 00:14:00,1-77b2ce76-34ca-42ed-8401-21434ba24d10
0.07,-1.08,-0.38,8.34,1,2026-06-05 23:25:10,1-5d0c660b-b648-4cce-abe1-a506b2568785
0.146,7.58,-4.9,7.0,1,2026-06-05 02:52:11,1-4e4cd66d-67d2-4806-add3-34e4891bd362
0.062,6.38,3.6,6.0,1,2026-06-05 01:59:44,1-658b8894-106b-49f0-8da2-236e6383d268
-0.182,-9.84,-5.84,-14.0,1,2026-06-05 00:50:05,1-0be52ce5-f276-48ab-9fbf-e6ad4192da7c
-0.016,-4.1,0.74,1.0,0,2026-06-04 23:53:03,1-05a5f445-4038-4592-8030-bdef8152f00c
0.006,-3.1,5.34,-3.0,0,2026-06-03 05:26:48,1-636a17af-2374-46ec-8c64-39b3f4e9fa84
0.094,7.38,-4.86,3.0,1,2026-06-03 04:20:10,1-1d075075-f886-40c0-aa41-aa3fc9ff2d0f
0.002,-3.16,-6.64,7.0,0,2026-06-03 03:26:21,1-f2a54e6c-f37b-4ed6-9144-947d1dec958d
0.036,2.76,-0.42,7.0,0,2026-06-03 02:23:15,1-438001c7-8c70-47db-b968-02e6196f6c92
-0.068,-4.74,-0.2,-12.0,0,2026-06-03 01:31:38,1-d861efc9-423f-44a7-b01d-04451792b8af
-0.012,-3.16,-2.12,-7.0,0,2026-06-03 00:27:51,1-c5a76258-dff3-43cc-a122-9957e95eba7c
0.05,0.6,-3.7,5.0,0,2026-06-02 03:04:44,1-4c3fb675-7da2-49dd-bcac-1395c3d25362
-0.052,-0.56,1.54,-1.0,1,2026-06-02 02:24:57,1-7e785d72-ab4e-4fcd-8781-86d426b065c8
-0.104,-1.6,6.38,-4.0,0,2026-06-02 01:37:02,1-5c741c18-4e6a-4837-964e-fa3aa4efb359
-0.14,-6.02,1.6,1.0,0,2026-06-02 00:08:23,1-e10b72fa-588b-411b-9b21-ccaedfd0d7fc
0.09,3.44,-2.16,0.0,0,2026-06-01 23:10:20,1-62660b4f-8c6a-4549-803e-23932c4e8b9f
0.106,1.72,-3.44,15.0,1,2026-05-28 23:27:35,1-7eb423ae-85e0-4091-998f-29c32bebb5db
-0.026,3.12,0.16,-16.0,0,2026-05-28 22:47:23,1-3898254c-93de-4d5f-b7ab-47fd5182310c
-0.078,-1.46,6.58,-14.0,1,2026-05-28 04:40:12,1-d134fccb-eb58-4339-b35d-d3f27ecaa3f0
-0.01,-1.64,0.38,7.0,1,2026-05-28 03:55:01,1-2074340a-e0fa-488c-bf74-e00cabc840c8
0.058,3.16,-8.3,-4.0,0,2026-05-28 03:22:00,1-a882abdb-3fad-470b-bb81-44d2b4399ea6
0.084,4.46,-0.28,9.0,1,2026-05-28 02:16:17,1-fc5c4dec-3725-48be-b5f9-08408c603682
0.106,-3.36,-7.8,-1.0,1,2026-06-05 22:11:32,1-218d9196-73de-4621-b7cd-ed32424f95ff
-0.022,2.4,-3.88,-7.24,0,2026-06-05 21:17:00,1-d9843a1e-98e3-4bc4-b701-1b94d6ad70b7
0.096,3.56,-7.04,11.0,1,2026-05-30 04:02:19,1-1a591a32-0565-437f-b5b3-c64aaf6f39ec
0.114,3.04,-8.2,17.0,0,2026-05-30 03:14:41,1-1ba769bb-53c0-4173-a40f-c61e69d53dd2
0.02,-9.92,7.2,11.42,1,2026-06-05 06:20:15,1-5fe8789e-a83d-4d49-b434-bee544f713c4
-0.108,4.74,-1.82,1.0,1,2026-06-05 05:46:32,1-02273572-55ff-4bad-ac64-ad26daedc645
-0.078,-1.82,2.66,-11.0,1,2026-06-03 06:10:33,1-01f656ed-faf0-4fb1-9a48-370ee490e5e6
-0.134,-3.52,-7.18,-14.0,0,2026-06-03 04:58:33,1-f0173cd6-599f-4105-8309-68f7fdadb5de
-0.066,-0.88,4.58,0.0,0,2026-06-02 05:28:55,1-99a620f4-2418-441b-8483-a0ca2999926a
0.024,0.14,-3.22,-18.0,0,2026-06-02 04:36:49,1-b147ac2e-c42c-420a-aeef-eb9da8805a37
-0.208,-8.28,-1.6,-12.0,0,2026-06-02 03:46:44,1-880800da-37e3-427e-ab36-7871e1936f63
0.066,4.66,2.2,-4.0,1,2026-06-01 05:11:27,1-575d3bb9-4d11-452a-86e0-31533d057a07
-0.096,-5.6,-2.52,5.0,0,2026-05-28 06:05:39,1-d7bbb4e2-ccbb-49d7-b886-13226aa1456e
0.086,2.32,0.36,13.0,1,2026-05-28 04:36:24,1-34a3dcbe-c64a-40b5-950e-eac0051569b8
0.122,9.52,11.24,4.0,0,2026-05-27 04:35:45,1-ae67c46b-10c3-4383-adfa-547ee979e682
-0.048,2.12,2.76,-13.0,0,2026-05-27 03:26:51,1-b114bc74-2ec1-4d38-adc9-6b6acd5d6258
-0.106,-3.2,-2.24,-15.0,0,2026-05-27 02:49:18,1-d435f0c3-c9f7-44c2-820f-5830c47e1d31
0.11,3.64,1.26,1.0,0,2026-05-25 00:58:29,1-34ac13a2-0b32-4004-a3e2-9fd1ad8a59a0
0.18,-0.48,-4.22,12.0,1,2026-05-25 00:16:15,1-045f4640-25ad-40e2-a15d-3d361da3b5d7
0.108,4.94,-1.62,3.0,1,2026-05-24 23:39:38,1-4768bce6-00ed-43ae-993a-2f36e2b8f220
0.07,0.72,-1.74,0.0,0,2026-05-24 20:11:16,1-c552eb30-b679-438a-94f1-4bba159c8f14
-0.014,3.58,7.5,7.0,0,2026-05-23 05:33:54,1-faf4f63a-be13-4752-aac2-edf368184d31
0.088,3.82,4.98,-1.0,1,2026-05-23 02:25:26,1-4ade8cc6-885c-4f95-8da6-f7cb42d60be8
0.044,4.64,5.38,10.0,1,2026-05-23 01:20:58,1-a3f989be-e6ab-4769-b91f-6ec4cda8bd59
-0.152,-6.28,4.32,-2.76,1,2026-05-23 00:39:42,1-4f15839b-cb06-4957-9f5d-10e22f928e09
0.014,3.0,-3.86,-1.0,0,2026-05-22 06:01:35,1-ae549973-ce9b-45cb-bb94-a0723e7ccd89
0.026,3.74,0.58,-9.0,1,2026-05-21 05:05:22,1-a1062c65-ee71-4c03-b37a-6176d2b2776e
-0.036,-13.92,-0.66,3.0,1,2026-06-05 08:44:20,1-2a9ba04b-e25d-4b34-890f-219d78031709
-0.006,-5.94,0.32,-6.48,0,2026-06-05 07:54:24,1-f9a6786b-8379-45c2-bd37-cc27602927fa
-0.01,-10.34,-0.94,-1.0,1,2026-06-05 07:13:23,1-f6a24af7-73a2-49a9-b91b-10eb458f271d
0.038,3.26,-0.82,4.0,1,2026-06-05 04:05:14,1-26c9744b-7d1e-4ed8-96af-f6fb3c99c51e
0.094,3.2,-1.76,5.0,0,2026-06-05 03:21:48,1-1d47a4f6-1735-4b55-abe5-675faae369aa
-0.152,-10.18,-2.62,-11.0,0,2026-06-05 00:37:26,1-46c17cf9-79a7-4b52-8b65-764543fff443
-0.07,-3.16,1.56,-22.0,0,2026-06-03 08:19:41,1-c43deae6-351a-4690-aad9-fc99dea060bd
-0.058,-1.42,4.26,-2.0,0,2026-06-03 07:03:38,1-6e957ccb-aa16-42a4-80ba-c50f6829fc45
-0.108,-4.3,-4.12,4.0,0,2026-06-03 06:24:51,1-a2b65003-49ac-4986-8e27-e04778104eff
-0.088,-4.3,-1.16,15.0,0,2026-06-03 03:27:18,1-36862b14-b025-422b-b824-6323f892f6f6
-0.038,-0.8,6.0,4.0,1,2026-06-03 02:09:27,1-3e5ed482-97b5-49bf-b3bc-033a29bc064a
-0.024,1.4,0.42,-4.0,0,2026-06-02 09:34:59,1-a97cccf6-8d5f-488b-bd96-809c13a49219
-0.016,-1.54,3.46,10.0,0,2026-06-02 08:47:13,1-4a4ba0ed-c030-4a07-ad2b-49e9f0d4a1c2
-0.028,-2.74,-7.5,1.0,1,2026-06-02 07:52:55,1-58ee3b59-f040-4ca7-a98a-7ae816f1380e
-0.084,-13.94,3.66,-12.34,0,2026-06-02 05:47:54,1-82e68095-b2ac-46a4-a2a1-938296974ba8
0.0,-11.06,-3.34,-2.0,1,2026-06-02 05:10:46,1-ae7098cf-ed24-4c85-ba56-fe71336da3ee
-0.044,-9.3,0.54,-7.24,0,2026-06-02 04:38:11,1-2a4fb271-71a7-4444-ac66-44d05b853afd
-0.036,-4.7,-7.48,0.0,0,2026-06-02 03:27:10,1-fd6213ea-0d01-4df9-8cd6-de806aa7325e
-0.048,-5.5,-4.82,-1.0,1,2026-05-31 21:12:42,1-d2737327-4fce-4b40-94c0-ef6e5316cb5d
-0.136,-7.02,-0.66,-3.0,1,2026-05-31 20:29:00,1-fdadccc6-a87c-4997-8d60-de5aa8b7aeca
0.048,0.92,2.84,-3.0,1,2026-05-31 18:50:27,1-f1a3d27b-275e-4b5f-8518-5f0c541e35eb
0.112,4.36,3.72,-6.0,0,2026-05-31 05:17:45,1-dea650b1-9246-49b2-865c-bef578d52d63
-0.074,0.82,-4.98,-4.0,1,2026-05-31 04:21:59,1-7f588b98-833e-421d-b00f-6cfa3b800a5e
0.046,6.84,1.64,0.0,0,2026-05-28 22:02:30,1-e40eacc2-9ec4-46de-910a-43b731bba102
0.12,2.42,-1.2,0.0,1,2026-05-28 21:08:09,1-1f045551-ce61-4b3d-ba21-628a63131076
-0.152,-3.38,0.7,-6.0,1,2026-05-28 20:30:57,1-737aa768-89c8-4345-ae97-003ebcfa32e7
0.198,7.12,1.12,16.0,1,2026-05-28 19:49:23,1-5ce125ea-8517-48a4-89bd-0ec76688a245
0.126,6.84,0.28,24.0,1,2026-05-09 23:28:06,1-841a861e-3a6e-41f0-9bd4-1c23df766333
-0.008,0.22,0.18,18.0,0,2026-06-05 22:42:54,1-c182d277-f3dc-4a99-83dc-af4ee961f890
0.012,-1.44,-5.8,1.0,0,2026-06-05 21:49:19,1-33d6bd19-cf0e-462e-8da2-af3c1b8a9dfe
-0.056,-0.92,4.72,-15.0,0,2026-06-05 21:01:28,1-561d94e7-18d0-4f4b-90f9-3d288d723acb
-0.064,-2.9,-3.56,11.0,0,2026-06-05 20:19:35,1-1b855085-1dfd-447f-b255-07f12ffae1fb
0.006,-7.0,0.84,5.0,1,2026-06-02 21:44:53,1-4ee4c708-cff3-4c4b-b7a6-63f5ca45fd08
-0.122,-4.24,-4.72,0.0,0,2026-06-02 20:56:00,1-587a6df2-687b-45ce-8ec1-e491725d9fbe
-0.018,-0.98,-2.3,-5.0,1,2026-06-02 19:37:39,1-1c56b196-cb96-403b-b71c-0e0409e819f2
0.044,-2.0,3.06,0.0,0,2026-06-01 22:16:23,1-3227cfc4-d8f8-4d65-8a7b-dea0d0a45c9a
-0.114,-3.24,4.4,-4.0,1,2026-06-01 21:13:23,1-4eb9d2da-7efe-414f-aa0b-8562fb7e5533
-0.07,-2.88,-4.28,-3.0,0,2026-06-01 20:34:17,1-a3a35367-1b95-4626-b816-e63b43a65005
0.06,0.08,-7.92,7.0,1,2026-05-31 22:08:32,1-48c50846-8794-4d65-b66e-601d54689208
0.09,2.9,2.5,-14.0,1,2026-05-31 21:10:07,1-1be4a1c7-c35d-4338-8ffb-28de6fe76990
-0.106,-6.2,-2.4,-1.0,1,2026-05-31 19:52:45,1-616dc244-cfbc-4e05-bc79-000300fdcfb8
0.024,0.06,-2.44,6.0,1,2026-05-31 19:07:38,1-765701b2-ef74-48a7-88f1-db1f230ae1d6
0.01,0.3,-2.26,8.0,0,2026-05-30 22:55:47,1-81e77320-e4db-46cc-a218-a39502758578
-0.174,-6.78,1.82,-18.0,0,2026-05-30 22:03:14,1-4b1a82a6-d41b-45bb-8a0b-01e7ba0b803a
-0.112,-1.74,-0.94,-8.0,1,2026-05-30 20:49:07,1-0b998b15-86fb-4e1c-ab36-fa1db1035fd3
0.06,4.1,6.14,2.0,1,2026-05-29 23:22:44,1-b94fe797-b0f2-4584-8136-0fd02a2c533d
-0.036,0.08,1.2,8.0,0,2026-05-29 22:28:21,1-5b599717-2f82-49e6-9e05-e6d7ec30dbdf
0.06,4.92,-10.16,3.0,1,2026-05-29 21:44:42,1-cd009655-41a8-443d-b632-f685b718d390
0.194,7.3,0.94,7.0,0,2026-05-29 20:08:42,1-65ded10c-9ae2-4f77-8136-f7c4e0cf981c
-0.062,0.2,-6.9,5.0,0,2026-05-28 21:11:10,1-19f2d3e7-3de0-4cb5-ade5-3f9c8fb3621a
0.094,4.62,-0.46,-7.0,1,2026-05-28 20:10:55,1-5507bd03-5925-4902-b8e7-2ca3b050155c
0.112,1.88,-2.84,-12.0,0,2026-05-28 19:20:49,1-77e1ad62-3bc1-495c-ae7f-4c6f781cd38e
0.0,1.32,0.82,-8.0,1,2026-05-27 23:13:57,1-840da2ad-3b7f-4b8b-80f5-c01cb404ce57
-0.07,-11.02,-0.86,3.0,0,2026-05-27 22:24:10,1-1541a128-7ab2-4df0-a4e3-1d0eded86827
0.03,4.72,-8.0,13.0,1,2026-05-27 21:41:45,1-f8b8e684-38e7-473c-9e5e-af4bd2aefb9a
0.202,12.66,-0.16,-6.0,1,2026-05-27 20:52:35,1-269fc777-6456-4e73-a94e-42009c5705b7
0.064,0.62,-0.3,8.0,1,2026-05-26 21:44:03,1-456047b4-2137-4f17-81d1-536f916de691
0.042,-1.24,5.18,2.0,0,2026-05-26 21:04:24,1-a64c6e9a-d3f5-4cf7-8eb8-dd17f11a5647
0.056,2.28,-2.64,1.0,1,2026-06-05 21:59:57,1-aa9e68f7-a916-4517-af56-a293f1d15ec3
-0.058,-4.2,-8.24,-2.0,1,2026-06-04 22:00:24,1-099208b1-3ed0-4f2a-8586-b71329b50c56
0.118,1.42,-2.34,6.0,1,2026-06-04 21:31:48,1-4a3de03e-69aa-46ed-aadb-e8ca211e6442
-0.056,-2.52,-0.28,-4.0,0,2026-06-01 20:29:31,1-00d376a8-e193-4346-8a0a-b05ca43fc9cf
0.042,0.06,0.66,-6.0,0,2026-06-01 00:43:13,1-a5170a8d-404d-491c-8728-3d5f0340858f
0.036,4.38,2.72,-6.0,1,2026-05-31 23:33:58,1-fa4d2669-d41e-4c94-8e96-5cc85d4703c9
0.036,4.54,4.34,-7.0,1,2026-05-31 22:53:23,1-7b3d1ccb-09fb-44f4-ac83-180a8015569b
-0.002,-2.38,5.1,-12.0,0,2026-05-31 22:09:03,1-30616dd1-27ab-4f5a-9ab1-03fcf04e0bd0
0.04,4.28,-0.92,13.0,0,2026-05-31 16:29:05,1-81a96c7f-4fb8-4166-8122-1b71d15ab4a2
-0.09,-4.7,0.7,6.0,0,2026-05-31 15:51:10,1-999dc113-3285-4c47-adc0-c06b38f59dcf
0.044,2.48,5.6,16.0,0,2026-05-31 14:13:59,1-267258f8-f61f-453f-98b5-54b38de4cc33
-0.134,-3.58,-1.6,7.0,0,2026-05-31 13:16:59,1-93ecd82f-d49e-4205-b0b8-394685229a9c
-0.092,-2.74,-0.34,-7.0,1,2026-05-31 12:39:36,1-e40d7a0c-f5b6-429a-b6b7-986f1a1d6d60
-0.012,1.54,5.8,-7.0,0,2026-05-30 19:55:40,1-7c062aad-2853-43b2-9387-b22896b445fb
0.07,-2.24,-3.58,7.0,0,2026-05-27 22:06:04,1-de90a149-9e13-42f7-b298-76a350b3c968
-0.134,-6.08,-6.94,1.0,0,2026-05-27 21:17:18,1-65defc64-599b-403a-b09c-39d35bb74d53
0.056,2.62,6.34,3.0,1,2026-05-26 22:30:07,1-2c006cdb-2ade-4bd9-ac3e-d849c615de21
-0.096,-1.12,4.72,-10.76,0,2026-05-26 21:40:34,1-4d270b60-6770-4063-ad91-1424af9bb80f
-0.124,-4.44,1.8,-8.5,0,2026-05-26 20:37:13,1-d48b6792-7d86-4103-b9eb-ba4ad07f74e8
-0.028,1.02,2.56,-2.0,0,2026-05-26 19:51:43,1-1dd211b0-9a2d-45e5-8bd6-eadec8c95596
0.102,4.82,0.66,3.0,0,2026-05-26 19:01:09,1-55623115-f232-4ab4-9243-3f64c11a18ee
-0.198,-5.18,4.24,-9.0,0,2026-05-26 18:17:52,1-2f795447-1bb9-422b-870c-d9c675dca99b
-0.098,-6.68,-3.9,-3.0,0,2026-05-26 17:50:20,1-e2c4185b-48d1-4d26-bc04-a1d9bde419f5
0.072,-0.82,10.08,3.0,0,2026-05-25 22:55:20,1-a9436e10-d4a5-41b8-943a-0a57cef77d68
0.124,8.92,-2.4,0.0,0,2026-05-25 22:10:24,1-47be01ad-a3fc-422d-9864-ad54442e95a3
-0.076,-2.86,-3.06,1.0,1,2026-05-25 20:12:08,1-9241bc22-8fad-472b-bd3d-7099de59a400
0.08,6.36,-3.62,4.0,1,2026-06-06 02:43:07,1-b4ee8e71-b609-4b22-96d6-4c2be8fff79d
0.03,1.18,1.06,5.0,0,2026-06-06 01:52:56,1-98d12f8a-f87b-4010-a3be-3c4522c93803
0.072,2.58,-5.2,8.0,1,2026-06-06 00:34:37,1-d2667562-5c02-4fc4-902d-d0cb69fda708
-0.046,0.84,5.98,0.0,0,2026-06-05 02:21:52,1-66a69f33-c9df-495c-b31d-5dd42b0c4e40
0.04,0.32,-6.78,5.0,0,2026-06-05 01:26:11,1-73ea57ae-4184-42fd-b26f-c31ccfc2eddf
0.102,0.66,-3.14,-3.0,1,2026-06-05 00:42:00,1-c57dbcba-312f-4230-a3c3-4bbf7c1bf253
0.02,-1.58,5.74,1.0,0,2026-06-04 23:49:58,1-37789241-4f24-4252-8406-3ff090d2206f
-0.132,-1.94,7.6,-9.0,1,2026-06-04 23:03:05,1-9d7039dd-2537-4c14-bd60-bef07078d1b3
-0.066,-0.5,3.72,-6.0,1,2026-06-04 22:26:21,1-d60270cb-f3a3-4a9c-847f-edc05a47fd44
0.084,3.66,1.62,-4.0,0,2026-06-04 21:31:31,1-d09099c6-1146-4f51-88a2-e82aacef7488
-0.004,-4.74,-8.88,-2.0,1,2026-06-04 02:38:19,1-79d40b9b-64fa-470d-bd96-0d5627a3b162
0.042,4.2,2.6,11.0,0,2026-06-04 00:48:05,1-9790d5af-f65e-4e31-9fb3-771b16b2d44d
-0.13,-3.06,1.36,-3.0,1,2026-06-04 00:21:55,1-5358b4f1-e6b6-498c-81d8-1678627d81c1
0.082,3.84,-2.5,-2.0,1,2026-06-03 23:51:25,1-c8c2e91f-63a4-4555-ab7e-f6f51e0d28fa
0.162,11.4,4.86,2.0,1,2026-06-03 23:15:12,1-adb0cafc-7b28-4fb1-bbb2-1fead905a84e
-0.08,0.0,2.1,0.0,0,2026-06-03 00:16:18,1-f9625596-fb97-48a2-b84c-2e9e407d3a39
-0.142,-5.72,-6.7,-16.0,0,2026-06-02 23:43:45,1-ecfd2b8a-cfdc-48c6-9f22-c6cacce30e36
-0.102,-1.86,2.84,17.0,1,2026-06-02 22:59:49,1-aa8781f7-c359-4f02-b337-0d160df35594
0.038,3.26,4.5,-6.0,1,2026-06-02 21:55:39,1-ea2d07a3-fced-4de1-8156-d6490eb689f9
-0.064,-2.8,4.26,9.0,0,2026-06-02 00:15:42,1-d696ed10-587f-4ec1-9afc-283566efcdd1
0.232,7.94,-9.64,-7.0,0,2026-06-01 22:16:08,1-22c6b0fe-dc2e-4639-9f82-2105d57ec18b
-0.098,-5.66,8.86,-9.0,0,2026-06-01 03:56:30,1-0329d24b-4d34-488f-ac2b-b339f97d8822
-0.068,-3.04,-4.08,0.0,1,2026-06-01 02:53:36,1-38e07c52-c1ce-41df-b260-19864e2aab54
0.008,0.26,-6.76,6.0,1,2026-06-01 02:03:55,1-db3356be-948f-42d6-9dbe-ee00521910c8
0.046,2.8,3.48,10.0,0,2026-06-01 01:29:23,1-84e0e2fd-40be-4832-be89-9348481cb2d3
0.076,6.0,11.52,-6.0,0,2026-06-05 18:09:45,1-9b9bff90-1640-4d4a-9bb2-8f9bc5e98eaf
0.016,1.72,0.38,0.0,1,2026-06-03 20:43:14,1-a4904870-4b6f-4871-8662-6f902ac03653
0.1,4.76,-0.52,9.0,1,2026-06-03 20:06:19,1-a84107c9-d23d-4866-989e-146d028c4921
0.106,5.4,0.16,12.0,0,2026-06-03 19:38:33,1-6b8e3cfd-be4c-49f7-b645-ea17c77d977f
0.054,3.78,0.84,1.0,1,2026-06-03 18:54:55,1-2e616ce2-da85-45d2-a9f8-d9baa1fa89af
-0.012,-0.2,5.24,2.0,1,2026-06-02 22:12:33,1-3be55d65-ba83-42c6-b55e-63ec2e35f6be
-0.1,-6.8,0.54,-9.0,0,2026-06-02 21:19:14,1-38440758-8b12-4532-88af-ffd32119f305
0.048,2.28,-3.78,4.0,1,2026-06-02 19:07:18,1-f5db04cc-1b7f-4a21-8933-f0acc74a428f
0.022,0.38,-0.82,-1.0,0,2026-06-01 22:34:38,1-f9dbefdb-c392-4fe0-9612-0d954cc27d3c
-0.064,-1.7,3.58,7.0,0,2026-06-01 21:32:30,1-2cb982a8-cc3a-4996-9a49-e8d9c004fdf5
-0.166,-4.46,5.38,-3.0,1,2026-06-01 20:43:58,1-0d0d70ea-2ff9-4038-9e75-8bc142758bbc
-0.09,-5.56,-1.58,-5.0,1,2026-06-01 16:28:08,1-4276c716-f71b-46c6-9ea3-2a11b6e930c9
-0.056,-6.0,-6.38,5.0,0,2026-06-01 15:56:44,1-29c183a2-d47e-4da2-a340-11102660ac12
0.06,0.92,2.54,7.0,1,2026-06-01 15:28:17,1-16e46f0a-4bd1-473e-acbf-dccaf0660fea
0.044,0.98,-3.44,-7.0,1,2026-06-01 14:48:50,1-ceb7b925-cd52-483d-aa89-4be8d7b14453
0.04,1.64,9.24,-5.0,1,2026-06-01 13:46:14,1-ef84007e-b15b-47c9-ae23-ecce32d3dace
0.042,5.68,-2.58,8.0,0,2026-06-01 13:16:17,1-dd08f222-782b-4e5e-b4a8-cfe0ba8cccc0
0.014,2.84,5.24,-5.0,1,2026-05-31 18:05:48,1-6e032a27-6f4c-4c54-bcad-2c0992750f08
-0.014,-0.82,4.8,-3.0,0,2026-05-31 17:30:57,1-4e99a783-136a-4089-af31-8982850c18bc
-0.056,-4.34,1.14,12.0,1,2026-05-31 17:05:08,1-a5172051-5f52-4ffb-a923-949f5747365d
0.14,10.08,-0.42,14.0,0,2026-05-31 16:36:30,1-ea8cffae-bd03-4d33-b763-a25a3256cb4c
-0.012,-3.1,-3.52,5.0,1,2026-05-31 16:09:28,1-208063eb-e238-4dd9-94e8-abf76fb901aa
-0.028,3.1,5.3,11.0,1,2026-05-31 15:27:51,1-8ceb8103-8e85-4243-9310-2fec41b83525
0.144,7.58,2.28,1.0,1,2026-05-31 14:47:22,1-42c7b2f1-49cf-4ea0-a013-d28da31febaa
0.032,1.14,-6.64,3.0,0,2026-05-31 14:20:55,1-42f0e905-2c7c-4100-8a75-638c0cc57e14
0.004,-0.08,3.24,3.0,1,2026-05-31 13:22:29,1-716c7706-49e4-4dbd-9209-a796534b7523
0.078,1.0,2.84,11.38,1,2026-05-31 12:19:40,1-2f619fc0-af35-4ac9-8bf1-fae3e1e3518d
-0.016,-2.74,3.62,3.0,1,2026-05-31 11:24:09,1-c326caf5-8aad-4fd9-9733-d91a101d4c45
0.084,1.0,-0.92,7.0,1,2026-05-30 23:48:58,1-b2ba53d7-4382-40b8-bef6-d056271cb888
0.09,7.1,1.18,-14.0,1,2026-05-30 22:22:57,1-55d8612f-0447-4f90-a49c-a657c5e41276
-0.114,-2.4,-2.46,-5.0,0,2026-06-06 00:04:26,1-322caeee-042a-478a-8990-d561e3704771
0.036,0.24,5.8,-5.0,0,2026-06-05 23:22:26,1-0d450fbb-a919-47d8-bbff-c0c18d4375fd
0.09,1.9,3.68,4.0,0,2026-06-05 22:56:04,1-a0d3994c-3a48-4073-9420-a431752c7eaa
-0.024,0.5,3.8,-10.0,0,2026-06-04 23:13:52,1-cbcf7cb3-f8fa-4b49-b501-1989a5cd766f
0.032,1.4,-2.04,-2.0,1,2026-06-04 22:36:57,1-58bacc40-5469-4b2b-9ef3-0487d80a0027
0.068,2.28,-7.34,4.0,1,2026-06-04 22:03:22,1-f673dbc6-603f-49fb-a11d-54c037d3a717
-0.14,-2.1,1.84,-7.0,1,2026-06-04 21:19:05,1-f4e7a4aa-902c-4961-8e3e-b5bf0d407d8a
-0.082,1.2,3.64,-2.0,1,2026-06-04 20:28:13,1-e841e82a-766e-4623-b175-bf0a677a223f
0.068,5.72,0.76,8.0,1,2026-06-04 19:44:47,1-9dfcdd61-34e7-424f-8936-c82e9396909a
-0.112,-2.7,-2.68,-14.0,1,2026-06-04 15:50:16,1-16a4f966-b29a-4a68-8f74-d61a1fcbb3ad
-0.038,-0.92,2.52,5.0,1,2026-06-04 15:12:23,1-9263b935-1dc4-4079-8d80-eb823f434f0b
0.186,6.44,1.72,10.0,0,2026-06-04 14:42:17,1-f27f52d9-7799-4217-9533-089b4e665237
0.054,4.56,5.0,1.0,1,2026-06-04 14:06:47,1-145c1de8-126c-4735-b2c4-89e8b2416666
-0.052,-5.98,-2.0,-2.0,1,2026-06-04 13:25:56,1-fe634ee2-3df4-40bd-bc88-32ef14687af3
-0.12,-1.42,-5.36,-2.0,0,2026-06-03 23:11:13,1-a3d6f194-592c-4a77-87eb-4cde4deaa12c
-0.016,-1.38,-6.38,7.0,1,2026-06-03 22:32:00,1-121fb825-9c10-4182-8bdf-80cad0bd5671
0.074,-0.68,5.52,-1.0,0,2026-06-03 21:56:07,1-18ff9dde-29d8-4add-b151-dd6d1200ec39
-0.052,-5.0,-5.48,7.0,1,2026-06-03 21:08:55,1-e024b8ec-0e91-4ae3-a856-d8d7684d25e6
-0.02,1.88,-6.62,-3.0,1,2026-06-03 20:16:30,1-33e7a1c5-04d4-422c-8311-e8f8f8002a60
-0.118,-2.66,6.26,-11.0,0,2026-06-03 19:41:03,1-b95ffca9-fa2f-411a-a045-c903644d761e
-0.164,-8.64,-5.02,0.0,0,2026-06-03 18:44:03,1-c83f1c07-5507-416b-8057-d730dc1c9ac0
-0.132,-5.28,1.7,0.0,1,2026-06-03 17:14:53,1-a9b94b19-618c-4e86-94f7-1b18e3786b45
-0.052,-4.66,7.72,-6.0,0,2026-06-02 21:21:26,1-c1873994-15a1-4f58-83ef-5272adf214e9
0.08,6.62,-1.06,10.0,0,2026-06-02 20:46:26,1-08527f63-6657-4cd3-8d78-4dd58aa21912
0.042,2.94,0.82,1.0,0,2026-06-02 00:04:33,1-f8ca2ee1-1998-4ad7-930a-c692f3a4e525
-0.108,-0.92,2.72,-1.0,1,2026-06-01 23:32:31,1-cb990333-fd3d-4474-b753-1fcbdb251bb4
-0.03,-3.52,-1.82,-7.0,1,2026-06-01 22:51:16,1-cf323111-2090-414e-bdd5-b1119bc0cac7
-0.168,-8.26,-7.74,-4.0,0,2026-05-31 23:43:25,1-0e504ebc-5cee-4e03-b23a-04e4177fec7b
-0.042,1.08,-0.64,-1.0,1,2026-05-31 21:18:59,1-94d1f2c4-20ad-453d-a9a8-e1717047333f
0.094,5.96,1.24,8.0,1,2026-05-31 19:49:39,1-e39c1f2c-f2ea-4a12-9ab1-62452d671cec
0.1,3.46,1.64,11.0,1,2026-06-06 01:38:00,1-f53b8a44-4aba-4821-aa0f-0dc76f4f493a
0.12,6.36,3.66,3.0,0,2026-06-06 00:37:39,1-aed414a7-8328-4b13-84f9-22f6ac55fbfd
0.06,2.24,-0.36,-2.0,1,2026-06-06 00:03:28,1-c758899a-0f53-432e-aa77-e75a00461f7c
0.13,3.98,0.14,7.0,0,2026-06-05 22:53:10,1-38426b32-d897-4ef9-aeb0-145a26ca84b8
0.076,0.78,0.38,2.0,0,2026-06-05 20:59:51,1-920f25a1-4737-411e-ba44-d307e63951bd
0.08,2.94,0.14,-6.0,1,2026-06-05 20:11:01,1-af264f99-64cc-400e-b1dd-15aa8abd37b3
0.004,-2.56,3.78,8.0,0,2026-06-05 16:58:15,1-34548249-57cc-4dfe-94d4-dcf489d53a20
0.01,1.0,-2.78,-9.0,1,2026-06-05 15:55:39,1-87457310-b771-4e08-a9e4-3bbabd86789a
-0.06,-2.18,2.0,3.0,1,2026-06-04 21:59:40,1-77efd2d2-891b-481e-97a2-fb5b54fbe87d
0.056,2.1,4.28,7.0,0,2026-06-04 21:14:16,1-331d962d-95e2-41e5-b470-8ad8d8ec857f
-0.094,-4.98,-2.98,-12.0,0,2026-06-04 16:23:33,1-46ca2818-262f-43e2-bada-7fbb4efcde29
0.03,-4.14,6.42,14.0,1,2026-06-04 15:08:28,1-bc4d586c-e16a-4518-8cd2-e0b748385362
-0.186,-10.56,1.0,-1.0,0,2026-06-04 14:14:00,1-62c8c5e0-f7bd-4d16-af2c-fecfa31e4e1c
0.16,7.0,-6.64,10.0,1,2026-06-04 13:32:25,1-05d5be02-b3dc-48ea-8cee-cdde9b36002d
0.002,-0.26,-3.12,-8.0,0,2026-06-03 19:46:25,1-a25b9ca9-bc3a-4d0a-a39c-6133376d50ae
-0.054,-3.86,1.7,-3.0,1,2026-06-02 21:05:12,1-e60ad912-f3af-4867-aac6-4054c419720b
-0.054,-1.88,-6.06,11.0,1,2026-06-02 20:23:33,1-00cfccf9-f219-4a11-846e-b25d74dc3526
0.026,-1.5,-3.9,8.0,1,2026-06-02 18:42:19,1-049ea6d1-225d-43ee-b48f-a2b248b2d4f1
-0.058,-0.72,1.1,-11.0,0,2026-06-02 13:36:13,1-f2e2f211-8b54-4837-af7d-04cea1ff67de
-0.028,1.78,-0.04,3.0,0,2026-06-02 12:44:23,1-8df6c6af-4481-4dff-94b3-a7e641088155
0.024,-3.14,-0.2,11.0,1,2026-06-01 23:22:02,1-9e87e26d-3a76-4abd-9dd4-59e9e35b80d5
-0.08,0.86,3.3,1.0,0,2026-06-01 22:43:18,1-020058bf-c12c-4a89-aeb0-8df397130ef3
-0.086,-8.1,3.96,-3.0,0,2026-06-01 22:01:15,1-3bc2dec1-7bde-44f4-9cf6-05a50fdd5c35
-0.062,2.24,-1.6,-10.0,1,2026-06-01 21:26:04,1-dad108fa-c281-4a70-98b6-51c5d6e8dcc6
-0.06,-2.6,1.4,-16.0,1,2026-06-01 20:51:30,1-5db74d54-130f-4809-a5ec-7c3cf470a821
-0.124,-5.34,4.64,-9.0,1,2026-06-01 20:16:31,1-519be6e2-37c6-47ac-9d88-810c6abae275
-0.05,2.22,-2.38,7.0,0,2026-06-01 19:30:46,1-042b025c-7317-405c-b385-d436ebcb31a8
-0.098,-6.7,-2.72,0.0,0,2026-05-31 20:54:09,1-4472ce71-176c-4f4b-93be-649c5dc7e239
-0.226,-5.5,2.56,-5.0,0,2026-05-31 20:02:38,1-04823454-2b74-447b-9873-414782a6bd01
0.112,11.48,-0.52,-1.0,1,2026-05-27 18:03:39,1-f741f159-d7f2-4205-b889-1ee82772a31a
0.066,1.14,-2.92,1.0,1,2026-05-27 17:15:26,1-bba02863-1b1b-4c4a-b009-be07e5f44722
-0.018,-4.96,8.3,5.0,0,2026-05-27 16:40:19,1-a0c96f54-4c29-4e4e-bc7f-eea1e61b38bb
-0.13,-1.68,1.64,0.0,0,2026-05-27 15:52:36,1-f23ec22e-067e-42cc-b26c-668f337a2b34
-0.094,-9.74,4.7,-9.0,0,2026-05-27 15:13:25,1-717162b1-e5a5-4c68-a18a-fd8e3e3e4849
0.04,1.36,-0.54,-15.0,0,2026-05-27 14:22:40,1-a882aa10-0e35-49b4-849f-f6a723bb1516
0.078,4.0,-6.24,12.0,0,2026-05-27 13:33:36,1-c9d04d6e-fc9e-482a-88a2-31a8bde444f8
0.034,-0.98,6.82,-1.22,0,2026-05-27 12:21:28,1-290b4d3f-9487-4009-9040-8b8e4138737e
-0.006,-1.02,4.5,-7.0,0,2026-05-27 08:01:40,1-d290168e-4fe5-4245-95ba-b8a288b23757
0.018,3.22,3.88,-4.48,1,2026-05-27 04:50:34,1-016146f1-088b-450f-ba5a-b2506d953c44
-0.092,-0.68,9.26,0.0,0,2026-05-27 03:40:17,1-88fb5787-e38e-423d-9c7e-10c987adc6b3
0.082,0.36,3.76,12.0,0,2026-05-27 02:46:59,1-79117499-c4c3-4976-8bc1-a9204c3e8a6e
-0.07,-1.5,5.52,10.0,1,2026-05-27 01:14:34,1-c96a5959-f237-4c89-87a2-cd5b0dc4d83a
-0.112,-6.18,2.6,3.0,0,2026-05-27 00:23:28,1-6e16d618-8ff4-43f2-84ae-2f8258281e29
-0.026,-1.68,-2.02,-9.34,1,2026-05-24 21:39:20,1-6ad0ce3e-2dc5-4df7-8720-cdf52012d739
-0.046,1.22,0.68,0.0,1,2026-05-24 20:58:06,1-38384962-be7b-4122-8464-55e33b9f1655
-0.014,2.36,-0.4,-5.0,1,2026-05-24 20:30:03,1-e1e73144-79da-44ea-a9ff-24af5604300f
-0.12,-0.92,-3.64,-13.0,0,2026-05-24 19:48:42,1-6f72f3ab-88a9-4756-8064-c3a6d644b0e8
-0.05,-3.72,0.14,0.0,0,2026-05-24 19:17:35,1-a22e2cbe-8cb5-4c44-8d4f-078912612284
-0.012,1.6,3.68,4.0,0,2026-05-24 16:34:54,1-c7312aeb-4f4b-411b-9ee8-570b5c26faac
0.088,4.54,2.06,4.0,1,2026-05-24 15:11:52,1-13e2056c-ef21-482d-a0e4-4082a6e4b3d7
-0.072,-4.76,-6.04,4.0,1,2026-05-24 11:15:07,1-bbef4e0c-dd45-4d26-9a6f-ee61267f5b7b
-0.026,4.4,-4.44,-19.0,1,2026-05-24 08:27:16,1-d5946058-d61d-4740-9840-0068a5436d8f
-0.108,-3.38,-8.16,-8.0,1,2026-05-24 06:56:06,1-d09a6c62-77a6-4441-b4fe-0b768de09c14
-0.04,-2.22,5.04,-10.0,1,2026-05-24 05:15:51,1-88fc2731-9fe2-4587-b167-d66135afbcb0
-0.072,2.74,0.5,-3.0,0,2026-05-24 02:59:49,1-aa7a437e-3cd2-4204-8db1-bd157707c230
0.002,1.92,-1.32,8.0,0,2026-06-03 20:59:45,1-734c5a0e-0b7f-4838-bfba-f4b876836cdc
0.014,0.08,3.98,-3.0,0,2026-06-03 20:17:33,1-cf692e19-1a50-4821-a239-02fbe9c5c65d
0.08,4.1,11.38,0.0,1,2026-06-03 17:19:21,1-c660a588-a75b-41c5-92fe-947df206355e
0.098,5.18,-3.18,3.0,1,2026-05-31 14:17:44,1-39daefad-4062-41d5-a1ea-a07b80cc5d45
0.044,1.28,-4.42,1.0,0,2026-05-31 13:36:59,1-687984a2-13cd-4ba0-a3e6-7177f9cda67a
0.108,1.74,-7.28,2.0,0,2026-05-31 10:31:01,1-150ff492-7277-417e-a112-baee0f175305
-0.064,-0.64,7.62,-6.0,1,2026-05-31 09:50:43,1-a3b71103-2e68-426a-98b6-f999c946ce12
-0.072,-2.78,5.86,-12.0,1,2026-05-31 08:58:44,1-d8b822ed-6e92-47ca-b565-c5ffe33ed510
-0.002,-2.88,-3.5,2.0,1,2026-05-31 08:17:07,1-41cdb784-f027-42ca-aa88-2aaa384abcde
-0.006,1.16,-2.0,2.0,0,2026-05-29 15:54:05,1-a590763d-6724-4ce3-9580-31e323459c9e
0.092,5.7,-2.3,3.68,1,2026-05-29 14:40:05,1-aefe5588-c204-46b5-b795-a08f580078e5
-0.014,0.06,-3.92,4.0,0,2026-05-29 13:41:53,1-298ebb7c-74b9-43d5-b048-677a50682753
0.056,9.16,2.66,1.0,0,2026-05-29 09:04:45,1-c02c1bed-d696-4395-a103-9656dd217ee2
-0.012,-5.0,-2.78,5.0,0,2026-05-29 08:07:55,1-56475350-27d7-48fb-933a-9be786b776aa
0.058,-0.66,0.62,-7.0,1,2026-05-25 16:33:26,1-508d2b4e-2c1c-48c8-a083-16ca30fde7d7
-0.016,2.54,-3.0,11.3,0,2026-05-25 13:37:37,1-29a11012-005c-494a-ab8c-b40bd8a8f52f
0.006,2.18,2.18,-1.0,0,2026-05-25 13:02:38,1-cc9192d0-e8ad-4337-ac36-005f4581fe2c
0.134,1.64,4.4,-7.12,0,2026-05-25 12:22:40,1-ea2aacef-ce62-4c53-809b-fc1ee2222fbc
-0.012,10.68,4.44,-2.0,0,2026-05-25 10:06:30,1-8bb77aac-e21f-41c6-838b-5755c34acf8e
-0.124,-6.7,1.46,-10.0,0,2026-05-24 18:03:18,1-a6b3d1b4-a121-41c1-8a51-cacff97543b9
0.012,1.88,5.62,3.1,1,2026-05-22 17:45:58,1-692d6e76-4f7f-41f1-86bb-a7d519da351b
-0.006,2.52,-2.44,-12.0,0,2026-06-04 21:45:02,1-e3030c2e-3f82-4b51-b869-793db0fe363b
0.156,9.2,6.96,9.0,1,2026-06-04 21:01:02,1-e7765d97-2b9b-49f6-a2ce-ddbf4d002d91
-0.04,-2.4,-5.6,4.0,0,2026-06-03 20:59:57,1-a7c296a5-3ab9-4a80-a630-044883c25267
-0.01,-0.3,-6.88,5.0,1,2026-06-03 20:07:34,1-068ed84e-8f68-4e00-a983-18388ab09e6b
-0.124,-0.74,-1.26,-5.0,0,2026-06-03 19:19:11,1-7f1e7df2-2308-4631-8dd9-ace1528fa6b0
-0.026,-4.4,-5.32,4.0,0,2026-06-02 21:38:48,1-43d98869-5e64-45df-a5ea-f7331f5980c5
0.02,4.3,8.04,9.0,0,2026-06-02 20:58:06,1-b3d410d1-2133-4cd1-8062-a11d60bed0be
0.072,5.22,5.24,-3.0,1,2026-06-02 20:22:23,1-d610c43c-5729-44f0-a5c0-429e3b55a87c
0.016,1.54,10.18,13.0,1,2026-06-01 20:32:26,1-4c560deb-411f-4c44-929a-2fc9159410cf
0.05,2.8,-2.38,9.0,0,2026-06-01 19:52:22,1-0298ca90-0c67-4512-b06e-be6511139b60
0.184,4.88,-3.34,0.0,1,2026-06-01 18:55:10,1-fa57020f-15bf-4ce7-9acd-f9e028a52363
-0.076,-1.26,2.4,-8.0,0,2026-06-01 18:12:19,1-64baff1d-62cc-4b52-b369-7b3322811755
0.014,2.06,-2.86,-3.0,1,2026-05-31 20:07:57,1-f2165141-1de2-41d8-a83b-f1d3abf79a48
-0.164,-5.66,1.6,-15.0,1,2026-05-31 19:24:59,1-4902b7d7-78de-4675-a3eb-c36205767209
-0.228,-12.16,6.44,-13.0,0,2026-05-31 18:37:14,1-f2607c05-e040-40e6-b736-259daa85b555
0.05,0.72,-2.2,7.0,1,2026-05-24 00:03:39,1-c3253792-d72b-43d8-81b4-46c60ba6ebf3
-0.064,-2.52,1.28,10.0,0,2026-05-22 23:04:30,1-b302282c-bacb-4c7f-b131-0eb84ab82d4b
-0.056,-1.84,5.62,6.0,1,2026-05-22 22:09:25,1-15cd18ed-69be-456b-9b9d-ffdb2b3efaa5
-0.03,2.36,-0.42,9.0,1,2026-05-21 23:31:39,1-e7c76d72-956b-4125-89c7-313c54ebccaf
-0.074,-6.96,-6.6,-8.24,1,2026-05-20 22:37:55,1-f9d47fb4-60b8-4e88-8062-0653b166fcc3
0.09,7.06,4.92,18.0,1,2026-05-19 21:10:56,1-ca4fbe7b-208c-47c7-aa0b-fa2985f1f9c1
0.02,1.84,5.18,0.0,1,2026-05-18 23:46:24,1-c2bdeeb8-900d-47e5-8b13-aba36d796755
0.08,1.12,3.32,-2.0,0,2026-05-18 21:07:04,1-9eaae984-4026-48be-a33e-3069a955239c
0.014,0.48,5.96,2.0,1,2026-05-15 22:00:26,1-5a6e496e-c1a3-4494-8112-dfc5322b2c39
-0.222,-9.62,5.2,-9.66,0,2026-05-11 21:56:14,1-70ea6fff-2ff4-4c91-8f66-a28413a713f3
0.096,1.12,7.26,-5.66,1,2026-05-10 23:27:35,1-bbfcd355-3e6f-40d3-be80-865925ebe73c
0.112,1.62,7.82,0.58,0,2026-05-10 22:41:55,1-94eb1ec5-3a72-47f1-9ae2-614bfd30715a
0.154,2.8,-9.48,14.0,0,2026-06-02 22:35:02,1-39deb4f8-c984-426a-ba81-8490c12b2ec9
-0.084,-5.9,4.62,-3.0,0,2026-06-02 18:41:56,1-8372efde-aecf-4146-b50d-3de81fb6ae0d
0.012,-2.54,-8.78,0.0,1,2026-06-02 18:00:20,1-30b992af-7a5c-4291-b097-4a8f482f24ae
0.032,0.02,-2.84,0.0,1,2026-06-02 17:30:04,1-0c27ff97-9ea1-49e5-aa51-f3445c82771e
0.008,-0.4,-1.72,-12.0,1,2026-05-31 22:06:16,1-6ffddaaf-8e4c-42f9-936e-b9ec57260b07
-0.02,1.54,-3.52,-3.0,0,2026-05-31 21:34:28,1-a8fe1ce5-9887-41bc-b163-c7512967c03b
0.028,-0.62,1.4,2.0,0,2026-05-31 20:49:45,1-c3501115-74ef-4eef-8408-705444900d0c
-0.008,-2.72,1.78,-2.0,1,2026-05-26 00:10:22,1-3d869574-3592-43e1-b968-0097ffbca66a
-0.004,-2.76,-1.76,10.34,0,2026-05-25 23:14:54,1-fc58b360-388c-476a-81fa-21c3da8e75c2
-0.044,-0.88,9.06,1.0,0,2026-05-25 22:30:40,1-ec8d9d3c-1c31-490c-8df1-27532656d058
0.18,6.48,-5.88,7.0,1,2026-05-25 21:25:27,1-0964a192-b1bd-4ae1-8920-d97542a4c469
-0.01,-0.02,-2.18,-7.0,0,2026-05-21 22:46:38,1-bbfff644-09a4-4dc4-a439-e4229d3cf048
-0.09,-2.06,4.46,-7.0,1,2026-05-21 21:36:45,1-bcd98922-1a43-423d-8287-4914a94c230c
0.08,5.56,-5.3,5.34,0,2026-05-14 18:23:19,1-5ad405d8-1174-4dc2-a8df-1359411fb269
0.052,3.1,-2.2,2.34,1,2026-05-26 21:07:45,1-b7386804-a8d2-49bc-acd0-a357282de3e7
0.054,0.84,-6.84,7.0,1,2026-05-25 22:08:29,1-5409e3fd-6e47-46d3-a452-58dfd69b0bcf
-0.066,4.22,3.4,3.0,0,2026-05-16 17:54:02,1-4699ccee-e003-4b2f-b89c-460df00dde7e
-0.196,-8.6,5.08,3.0,1,2026-05-16 13:30:46,1-7d710a7b-c14a-4308-a41f-a46ecae99c9e
0.012,1.9,-5.82,-1.0,0,2026-06-05 11:33:14,1-ca221281-a491-42dd-8791-9e8e699c26d4
0.024,0.28,-0.84,1.0,1,2026-06-05 10:18:27,1-8e59998c-59e3-47b5-bff6-1d5d8fc2f258
0.07,1.88,-1.1,8.0,1,2026-06-05 09:35:59,1-29394a47-8377-44c0-b86b-3cad7feccd2e
0.112,2.24,-7.02,-6.0,0,2026-06-05 00:59:24,1-c8764403-10a9-45dc-9675-ab6ba78574e4
0.064,2.8,-1.8,-8.0,0,2026-06-05 00:26:09,1-888f9a41-ca52-49a1-9824-2176281e4cb3
0.158,8.2,0.08,3.0,1,2026-06-04 23:53:23,1-7bd6f7f1-4082-4edc-a7ef-a953b7bcbba3
-0.112,-6.9,-2.32,-3.0,1,2026-06-04 22:36:55,1-f42f89f2-9372-4822-89bb-e60d5e64e9e5
-0.152,-7.74,9.22,-5.0,0,2026-06-04 14:19:06,1-2868a45b-7932-485c-a391-9daad9c95f12
0.04,8.68,5.18,3.0,1,2026-06-04 13:40:38,1-1a9a660c-3c5d-4236-ba14-f846909f643d
-0.014,2.56,4.7,0.0,0,2026-06-04 12:23:25,1-2a5c65e7-cf76-4fdf-91d1-f6d5d0b1dbc6
0.068,3.22,-4.9,6.0,1,2026-06-04 11:49:17,1-c600414e-8c13-4fe8-b040-8cd29d21ccd9
-0.036,-1.28,1.12,11.0,1,2026-06-04 10:58:30,1-31a2a3f3-32c3-4ba9-b838-ccb05e6c50b3
-0.094,-2.6,-1.32,-7.0,0,2026-06-04 09:42:00,1-17c75424-148f-45b1-a0c3-558e54675f1b
-0.042,1.84,0.04,3.0,0,2026-06-03 23:44:38,1-c8f1eb0e-b2ec-45c5-8693-ad7e2c68b7ec
-0.058,-4.52,2.64,1.0,0,2026-06-03 23:09:24,1-81304e9e-2cb4-49f7-b044-cc7b69285756
0.148,3.08,-0.24,6.76,1,2026-06-03 02:35:48,1-ff913434-17ed-4bba-a8f6-95554d88f768
-0.206,-7.26,-3.8,-14.0,0,2026-06-03 01:52:19,1-1ebecda6-3c14-4bd7-9874-350e61a7e1c3
0.068,1.94,3.58,9.0,1,2026-06-03 01:18:16,1-0f969c89-dd49-401c-8b4d-93aa2cabb501
0.062,4.92,6.84,8.0,1,2026-06-03 00:09:30,1-af05b081-f002-4ece-9cdc-9ea51a7d23e2
-0.02,2.94,-6.68,-4.0,0,2026-06-02 15:28:33,1-754ab0b2-a904-4724-9e41-a6e98293cc92
0.114,1.78,5.28,4.0,1,2026-06-02 13:57:48,1-a5e39091-e17d-4071-b037-677edd6b0872
-0.064,-6.16,-0.22,3.0,1,2026-06-02 00:33:22,1-ba49ce00-97da-4fbe-adfc-10d43289aba5
-0.036,-2.98,3.8,1.0,1,2026-06-01 03:48:47,1-fe135da3-2a47-4a3d-8049-b09d9a9504b6
0.014,-3.18,2.72,2.0,0,2026-06-01 02:38:46,1-88e1e7d3-7aac-4c1d-957a-2ea5e906ce3f
-0.046,-1.7,1.32,-5.0,0,2026-06-01 01:32:28,1-c0f2e30a-ef33-40ba-9d3f-37ddcfee5ca0
0.048,8.56,-1.98,4.0,0,2026-05-31 03:30:05,1-bd64b093-f777-4ce2-b9e6-e2b8786158f7
0.068,11.86,-2.38,4.7,1,2026-06-06 00:31:06,1-1ddf7507-4aff-414e-b7b3-9379efbb8620
0.144,5.92,-0.54,-7.0,1,2026-06-05 07:41:05,1-a55b8e67-3ed0-454a-9acc-13fb70f1bc71
0.032,-0.7,6.08,-1.0,0,2026-06-05 06:35:44,1-bf5a5508-33b1-4a45-b7b7-74a6685fe812
0.08,5.18,6.16,0.0,0,2026-06-05 05:39:58,1-acebff37-42f6-4a9a-80aa-6fc44ceb54d6
0.232,20.54,-7.24,14.0,0,2026-06-03 20:24:57,1-b8c6650a-8dda-432f-bc3a-15475a2e35a0
0.084,18.32,-9.44,0.88,0,2026-06-03 00:10:51,1-c59b86e1-96fe-44ef-b603-ad1777e0beae
-0.068,-1.64,-2.96,-4.0,0,2026-05-25 10:59:48,1-a8b2f670-1832-4458-ab2a-8ac6cc33a16a
0.052,3.2,-9.26,6.0,1,2026-05-24 16:09:12,1-15da9a95-b06f-48e1-8b9e-b1cee82ce31c
0.212,6.7,1.66,12.0,1,2026-05-24 14:41:43,1-53bbbb15-4644-4f96-a405-0252cb1e8f17
-0.038,-0.94,-1.94,1.36,0,2026-05-23 14:55:12,1-fadee6c4-a943-4a4d-8dd9-f4ef2f2f1031
-0.024,-1.82,0.4,11.0,0,2026-05-23 13:57:36,1-a8cf2ce0-49d0-4126-af58-c9194f23871a
0.07,4.6,0.28,3.0,0,2026-05-22 13:28:55,1-2e02b608-0aaa-4d51-ae64-b0eb20394478
0.216,21.08,-12.44,2.0,0,2026-05-19 23:49:39,1-a7a9f691-b4fa-4dba-b740-e1df8e25e9b0
-0.064,0.36,4.42,-22.0,0,2026-05-26 20:27:40,1-c206caf5-4ea6-46e6-8168-c7c8eecf64b8
0.03,0.72,-1.64,7.0,0,2026-05-25 23:53:05,1-987fe91d-597b-4bdd-b4b4-f79a4d438e60
-0.138,-7.2,-2.36,8.0,0,2026-05-25 23:06:29,1-c74dd0c5-a1a3-4f50-8ad5-00aee2b79086
0.084,-0.7,5.62,-3.0,0,2026-05-25 20:59:30,1-b19617b0-9c68-4ad0-9ae4-115865f8ac64
0.11,5.64,4.34,5.0,0,2026-05-24 23:28:24,1-a2fddd3b-5fd5-4d27-bceb-6cd345f2eb23
0.038,0.56,4.14,9.0,0,2026-05-24 22:50:24,1-ce6568a2-603a-401b-a005-01719d3fd028
-0.064,-4.08,-6.12,-3.0,0,2026-05-24 22:09:53,1-1a11907f-0cd8-4e20-b6a2-8794bb2ae33b
0.058,3.78,5.98,0.0,0,2026-05-24 21:27:21,1-468b6159-d327-44b9-9e53-5653a5411a53
-0.046,0.76,-4.6,-11.5,0,2026-05-21 19:44:01,1-a6425093-78d1-450e-b701-e93efd9c6318
-0.094,-2.3,-4.14,-14.0,0,2026-05-21 18:52:48,1-6b9132a3-470a-4363-a8cb-d230ca016d36
0.11,5.04,4.3,16.0,1,2026-05-21 18:06:31,1-3525d72e-4a03-4243-9158-4e0705d40274
-0.012,-4.28,-0.14,0.0,0,2026-05-18 19:24:21,1-85d1f125-85c5-4245-ad15-3638b8c9c079
0.048,0.96,-1.8,8.0,1,2026-05-15 21:57:19,1-7991809f-4fbd-423b-ad61-fe231661e1cd
0.132,-0.26,-4.12,6.0,1,2026-05-15 21:17:03,1-bfbf4186-4e91-416d-a014-121643c31aa1
-0.01,-1.88,-2.9,-15.0,0,2026-05-30 23:40:44,1-d3230ceb-962e-419b-8fd2-db9c5d0539d5
-0.062,-4.68,0.16,10.0,0,2026-05-30 22:49:39,1-fd74e218-1992-4202-b6d2-ee8acbe49a4f
-0.002,0.54,4.06,-8.34,0,2026-05-27 23:08:19,1-d719876d-5141-4598-a44a-cfe5728e0512
0.038,3.92,0.36,-3.0,0,2026-05-27 22:17:10,1-e7bbf270-a39e-4eec-a4ef-1fa95cff230b
0.042,3.66,-2.2,5.0,0,2026-05-27 21:32:27,1-141cf63d-a08a-4e97-99aa-6154161dc112
0.06,3.6,-2.14,1.36,0,2026-05-09 23:22:52,1-21f9eab3-8749-4bcc-bcdd-3f4f024e7c5d
0.044,2.52,-1.22,-11.0,1,2026-05-09 21:55:47,1-839f35fc-cabd-4ef3-bce9-fc775901f77f
-0.004,1.5,7.24,-11.0,0,2026-06-06 00:41:27,1-d27919da-902a-4ecb-98df-19426746bdb2
-0.048,-1.16,-4.6,-5.0,1,2026-06-06 00:05:10,1-1b39c23c-9026-4e8f-a5fd-81bc4fbd884c
-0.06,-5.16,7.2,-5.0,1,2026-06-05 23:28:09,1-7c0979a2-7261-4f5c-b07e-f0eb82d93186
-0.03,-1.26,6.7,0.0,0,2026-06-05 21:58:39,1-1e263a94-f50c-4950-9ad2-b4959cfea627
-0.036,-1.3,6.76,-7.0,1,2026-06-05 21:12:05,1-7c96458b-8ca7-4acb-9267-c29eedf2f199
0.004,-0.5,4.2,14.0,0,2026-06-05 19:54:07,1-6384d960-e573-40a9-80db-239848e62c6d
0.126,2.28,1.08,20.0,0,2026-06-05 19:13:01,1-867aaacd-255a-4a9d-8142-7c2c3b6bcf3a
-0.108,-1.86,-2.72,-14.0,0,2026-06-05 18:34:25,1-24475a04-a60a-4d2c-a73a-743c3b59e538
0.18,6.68,7.96,9.0,1,2026-06-05 17:54:06,1-ebdb7e82-5314-4aaf-bb86-a621d500965e
-0.066,-4.14,3.18,-1.0,1,2026-06-06 22:11:38,1-f1cec65e-7832-4295-ab1c-4d0c96c68cbd
0.032,4.56,-1.46,-7.0,1,2026-06-06 21:17:27,1-7a2dba43-1519-4a9b-bc83-14e2b33b16a2
0.068,5.8,7.52,7.0,1,2026-06-06 01:11:10,1-7140a4f2-6445-44df-b068-a87d70d7e422
-0.078,1.22,-2.02,10.0,0,2026-06-06 00:07:51,1-56c567d4-118d-4dbe-93a7-a0cd209e2272
0.084,2.94,-1.36,-2.0,1,2026-06-05 23:13:59,1-bd039859-0159-4574-9b65-d6f5977eb412
0.014,2.96,-4.62,-3.0,0,2026-06-04 22:37:10,1-17c94099-6c31-499c-a3a2-fc2a13578eb7
-0.014,1.76,-5.94,7.0,0,2026-06-04 21:50:19,1-51bc56da-ce85-4b73-b800-4d8875a7ae1e
-0.196,-9.2,0.56,-14.0,1,2026-06-03 22:55:25,1-338bcffc-85f0-41a0-bab9-9b3bc5f29ae5
0.078,6.8,2.92,3.0,0,2026-06-03 21:28:24,1-7c4a1c0d-bebc-4d3c-87c9-4268831ac1e3
-0.19,-4.02,-6.04,-6.0,1,2026-06-03 19:41:20,1-b7747ec8-3e3a-407f-8fa3-a6deb4a322f0
0.114,8.96,4.28,-4.0,1,2026-06-03 18:55:03,1-95f969f1-5a2f-4ef5-a0a9-ac35f968ad00
0.168,10.22,1.14,-4.0,1,2026-06-03 18:10:59,1-f1e1b45e-f618-43aa-8f65-23b88251d833
-0.06,-2.74,0.1,-6.0,0,2026-06-02 21:50:41,1-22a3776a-a274-49fe-a352-dda354ad903f
-0.004,-3.72,-4.92,6.0,1,2026-06-02 21:15:15,1-23899256-1d3f-4c51-b3b8-5aca314c56e8
-0.128,-8.9,-10.76,3.0,0,2026-06-02 19:50:27,1-14d86ae8-c6a9-4f61-928e-5f37e3db7076
-0.108,-7.14,5.54,-6.0,0,2026-06-02 19:01:54,1-eec461a4-58bc-4a07-b1ce-e4fca0deadce
0.098,6.5,1.38,4.0,0,2026-05-30 21:53:42,1-fb09b7e5-5d28-4120-a976-55ebc5f6909f
-0.092,-2.12,0.5,-4.0,0,2026-05-30 21:20:16,1-64c30dae-3e98-434f-a701-dd93991ab50e
-0.046,-3.96,-1.48,-8.0,0,2026-05-30 20:43:14,1-7600400c-33df-458a-858f-bb2198ffc878
-0.156,-7.38,4.92,7.1,1,2026-05-26 22:02:11,1-c770651b-3479-48d6-9fe8-403e91302c97
-0.082,-3.32,4.94,-11.0,1,2026-06-05 20:14:38,1-5bf3f037-c749-4000-b351-7a31a158b239
-0.002,-0.4,1.06,7.0,1,2026-06-04 20:38:01,1-c2b7790c-d839-4b6e-aca5-85211fbc4f54
0.124,4.12,-5.58,5.0,1,2026-06-04 00:31:23,1-4f0c6c1a-02ca-43d8-b22b-9695fda50a70
-0.01,-0.04,2.52,3.0,1,2026-06-03 23:51:58,1-70755bff-7659-43a8-80a9-1096bafcede4
-0.042,-4.48,-9.44,-1.0,0,2026-05-30 22:11:40,1-ee9203ea-59f4-4068-82d7-aefa00ae4b86
-0.06,-1.3,-1.56,2.0,0,2026-05-29 00:00:27,1-16b1253b-8b5e-4f6b-83f4-d5bd2ed45bc1
-0.038,-3.98,3.28,-2.0,1,2026-05-28 23:28:06,1-ff7a16d8-08d8-4053-954d-2fab153ecf81
-0.046,-3.56,-2.14,-8.0,0,2026-05-28 22:49:13,1-8a4b03ae-e01f-4fc0-9a19-9cdc6ffde97e
-0.064,-6.26,1.28,-15.0,1,2026-05-28 22:02:41,1-5ceb475a-8f58-4314-843c-d22e77dffc19
0.08,-0.94,0.58,13.0,0,2026-05-28 21:23:59,1-d114bb79-c738-444b-ba4e-663f1bdecad0
0.178,3.68,-0.36,21.0,0,2026-05-26 00:39:14,1-108790a9-f8be-42a9-9403-439d84b23e48
0.068,-0.1,2.58,7.0,0,2026-06-06 21:48:01,1-fc23d5b6-05a5-4714-9653-d354d28e2b8c
0.042,2.26,-0.62,10.0,1,2026-06-06 20:48:11,1-3f0dc9ad-98ed-4e54-b88c-bef825f3983a
0.248,13.32,-9.98,18.0,1,2026-06-06 19:19:20,1-a497a955-b9cd-45ff-a64a-d2d31a497163
0.038,4.78,5.1,1.0,1,2026-06-06 18:19:53,1-e90ae04f-8876-473f-abfb-b087c8dc9d22
0.004,-0.9,1.36,6.0,0,2026-06-06 17:39:42,1-ab5b0206-1d4d-476f-ba20-efed938a6581
0.09,0.2,1.12,8.0,1,2026-06-06 16:33:32,1-b5a89501-225d-497c-bb26-326f2880845d
0.116,2.78,-6.54,12.0,1,2026-06-06 15:45:10,1-29ddf2a5-58dd-4185-b299-e695687caed1
-0.088,-6.06,-7.5,0.0,0,2026-06-05 20:58:21,1-c344d3c5-e6a5-43c3-9e26-f0363ea25fc6
-0.018,3.2,0.16,-2.0,0,2026-06-05 17:59:41,1-d5708dea-7a90-4e72-bd5b-f9959682f8be
0.01,0.98,-12.52,2.0,1,2026-06-04 18:08:08,1-2d0100a2-b075-4770-8904-7d867f6c7531
0.102,6.08,-5.22,8.0,0,2026-06-04 16:29:28,1-ea12b989-09fa-450f-9ff0-3984773da720
-0.014,1.68,1.34,8.0,1,2026-06-04 15:03:40,1-265d8c59-0cb3-45a5-9b62-6ba14ee11a1b
0.068,6.74,-4.28,1.0,0,2026-06-04 14:04:48,1-9eff1abd-4789-44a0-88e7-e459d39d2f5d
0.008,3.52,3.38,-5.0,1,2026-06-04 12:55:39,1-b1080df0-f056-4568-bd11-dd717c1ec115
0.044,2.16,0.8,11.0,0,2026-06-04 09:13:47,1-92f35c67-1ccb-49b1-bdee-8417dee33ef9
-0.022,-1.22,-0.12,0.0,0,2026-06-03 21:57:12,1-bf837c50-4243-4c02-aab3-8f14f726b158
0.058,2.72,-2.98,6.0,1,2026-06-03 21:12:25,1-ddb8cb6f-0a72-4197-abf0-62e905a13d5a
0.07,2.06,-5.48,3.0,1,2026-06-03 20:05:17,1-f4acebf5-b431-440c-afef-28b7dd27914e
-0.018,-0.86,-3.84,-5.0,1,2026-06-03 14:47:29,1-3791821f-f7e1-4527-999b-3414d9202eb5
0.016,-0.36,-11.66,1.0,0,2026-06-03 13:32:41,1-9eb9d706-c516-4503-af94-62ab668e5318
0.126,8.56,-6.52,2.0,0,2026-06-03 12:08:27,1-b8b57cb1-8c56-468c-a06f-7ed068aea9f5
0.1,6.7,5.92,-3.0,0,2026-06-02 19:32:43,1-3f2887b6-7943-436f-9e95-66717ac76af2
0.166,4.68,1.78,6.0,0,2026-06-02 18:38:29,1-ab046e80-f52a-477f-9170-c096a1e6bbab
0.108,4.54,2.7,-4.0,1,2026-06-02 17:43:40,1-325c48c5-0cb1-4943-9cf2-d160d1cf535e
-0.008,-2.5,-6.58,-4.0,0,2026-06-02 15:37:07,1-384f64c0-cf48-4ecd-aa71-1855faffdf91
-0.016,0.84,12.02,8.0,0,2026-06-02 14:35:54,1-36da4a48-2f2c-4e07-9f4f-a52020f5a5f9
0.116,9.16,-1.54,-12.0,0,2026-06-01 19:23:32,1-1dc2d119-eeb9-40cf-adc4-3f7ee3a1da65
0.138,5.88,2.4,1.0,0,2026-06-01 18:25:47,1-ada2946d-666d-423d-b7f9-fbc76f0bd688
-0.02,-0.5,-2.3,8.0,0,2026-06-01 13:23:28,1-c73f125e-9c72-489a-a525-3e501cd3db2b
0.1,3.42,-1.08,5.0,1,2026-06-06 13:01:27,1-6fd2c435-239b-4db2-b86c-60bf053a2b3d
0.006,2.46,1.06,-8.0,1,2026-06-05 15:04:37,1-42372dd9-64c9-41a1-92ee-55ac3a24c8a8
0.232,14.0,3.44,13.0,0,2026-06-05 14:27:04,1-4459a73f-cdbc-4ce4-82e0-af193ca83281
-0.18,-12.92,2.52,-4.0,0,2026-06-05 13:35:57,1-46f73f5c-17e2-45f4-bfde-ad56784de57e
-0.1,-4.82,4.98,-6.0,1,2026-06-05 12:28:39,1-ec9ed79f-fbfe-46b4-853b-5e4d0a886163
-0.244,-12.04,-2.14,-11.0,0,2026-06-05 11:44:21,1-abc56184-bc81-4e12-9e71-1bad7d62d3d1
-0.038,-8.12,0.32,-2.0,0,2026-06-05 10:59:53,1-f2cf1fa0-d2f0-4588-acb0-89ce30f7c2a5
-0.016,4.14,5.22,6.0,0,2026-06-05 09:50:53,1-56999417-d1ef-43ff-bbb3-ac830440d1b1
0.132,6.96,-1.72,7.0,1,2026-06-03 17:20:08,1-34fdf1f4-7d2a-471a-ada2-457e0a9efbed
0.032,3.32,2.18,-3.0,0,2026-06-01 16:33:19,1-48fc8d2e-225a-4a27-8fbe-f3b3989e23df
0.296,9.12,-1.12,16.0,1,2026-06-06 17:01:32,1-c832a840-1316-40c4-bcf3-6927aae0a73e
0.27,16.42,-2.86,15.0,0,2026-06-06 15:19:30,1-cd843245-ebac-4629-8b02-71305ec6fece
-0.096,-2.46,-0.3,-3.0,1,2026-06-06 14:22:44,1-20ecce90-a024-43bc-a9cb-8af70968258f
-0.224,-12.16,-7.7,-11.0,1,2026-06-06 13:45:27,1-1e5ac7b1-3190-4bab-81ff-a480058dfc00
-0.032,-0.08,-1.96,8.0,0,2026-06-05 16:41:37,1-34d36bfd-5969-4b29-858a-4a303620cbf9
0.022,0.62,-0.58,2.0,1,2026-06-05 15:58:03,1-b6453e6f-d3ff-44f9-bb7a-82571f332a9e
0.038,7.32,5.3,3.0,0,2026-06-05 15:08:10,1-d653ffdc-9f85-4652-b319-e85c251cc875
0.106,3.1,3.6,-1.0,1,2026-06-02 21:55:07,1-d718e248-591f-4bba-916f-f4b7ab7cdf0b
-0.008,0.86,-8.52,8.0,0,2026-06-02 21:10:57,1-030725b1-50a0-426b-9cde-22192de00531
-0.098,-4.96,0.48,8.0,0,2026-06-02 17:51:12,1-b3bb6441-1849-4ade-b115-1110677be744
-0.03,-3.32,-0.66,5.0,1,2026-06-02 17:04:54,1-7393125f-4925-48db-b9e4-adc71c4eb387
-0.088,-2.66,1.4,8.0,1,2026-06-02 16:16:59,1-7a5546d3-1e03-4add-bd4c-f976ad1cd2ad
-0.062,-1.62,-0.2,-5.0,1,2026-06-02 15:31:45,1-e8bbab32-76a3-4d6f-acc9-12a540ad4ba5
-0.036,-1.36,-3.42,5.0,1,2026-06-01 16:07:42,1-245e3ddf-c7ac-46c3-ada2-798b6d3b6fea
-0.098,-4.26,-8.44,0.0,0,2026-06-01 14:52:52,1-f058fa29-1a3e-403c-bd5e-31f4476a5a4f
-0.07,-3.66,-6.3,1.0,1,2026-05-31 17:55:19,1-1efe524d-81e9-4342-aeff-9eb7bdea8d59
-0.068,-1.86,7.42,-12.0,1,2026-05-30 22:52:45,1-90d64061-7b6b-4526-84e7-e387a4d5db5c
0.086,1.86,-4.26,7.0,1,2026-05-30 22:03:21,1-d2f512c4-9252-4a2c-bc6e-83330328b085
0.122,9.08,11.48,3.0,1,2026-05-30 10:28:53,1-a75c0c62-ac34-4e2e-9b69-68eba43e03b1
0.11,3.92,-6.5,-2.88,1,2026-05-28 18:20:50,1-875cea88-00e1-4eb4-bff8-2eabdc4f4469
0.006,-0.92,-2.44,-1.0,1,2026-05-28 17:24:41,1-66689789-ebb4-418a-a47c-7ae16205325a
0.098,-0.2,-3.82,3.0,1,2026-05-28 14:40:59,1-dc474d78-de71-4e9c-abc6-36b1c9faef21
-0.076,-0.7,0.42,-3.0,1,2026-05-27 17:26:34,1-f27dfc15-43af-4422-a329-3d0e29d3f10b
-0.252,-10.74,-1.96,7.0,0,2026-05-27 16:52:47,1-8c28b31c-2ed5-4a6d-bf0e-8b486561e1aa
0.146,9.62,6.28,-11.0,1,2026-05-27 16:10:54,1-cfbf8a47-f3bb-4490-bf37-5120102d7b6b
0.136,3.7,-1.34,11.0,1,2026-06-05 18:18:21,1-9937311b-d1f6-4745-af4a-4e78ba9b6cc1
-0.034,-3.68,0.54,-1.0,0,2026-06-05 17:19:47,1-ab80ac30-77fe-4205-97b7-caed1aaa1cbb
0.122,5.8,-2.54,-4.0,0,2026-06-04 22:00:47,1-dfdbc5fd-4fd2-4391-8377-d849ba9fc713
0.078,1.18,-7.48,0.0,1,2026-06-04 19:34:04,1-568a9316-1317-4c87-bf1c-f2118a174eae
-0.064,-4.72,5.18,7.0,0,2026-06-04 18:23:59,1-b1230287-7613-4a28-a988-ecd193e51dbc
-0.082,-0.88,5.7,3.0,1,2026-06-04 17:27:18,1-c62d2488-5c22-4b64-9d40-1557baefc6fe
-0.01,2.46,7.94,0.0,0,2026-06-03 19:20:47,1-4e0d4fea-2896-4769-8cad-d0a74188cdcc
-0.006,3.34,4.44,-4.0,1,2026-06-03 18:43:24,1-cb60fe70-7715-4880-97d7-0b11898aad43
0.06,0.28,-4.86,2.0,1,2026-06-03 16:49:57,1-f568d225-e493-45db-9755-d7a6d4380486
0.012,-2.32,1.74,0.0,0,2026-06-03 16:08:49,1-433c1f7b-dc43-4b95-9fbf-c65aa24e5a6b
-0.08,-4.62,4.34,2.0,1,2026-05-30 18:47:42,1-b448b279-e78d-4aa8-a32a-e3eba5e01e17
0.02,0.5,-1.1,-3.0,1,2026-05-30 17:41:59,1-123dcfbc-4843-4342-b82c-a1f600434170
0.158,4.34,-2.7,-1.0,1,2026-05-30 16:58:52,1-3f1d09de-b1f0-4eae-9f60-c2896412dede
-0.01,3.3,-0.2,-4.0,0,2026-06-06 22:04:09,1-2c611388-1b0a-498d-b20d-5e40cbf4ee0c
0.054,-4.18,5.02,-1.0,1,2026-06-06 19:20:41,1-a0c795e0-c844-4e09-805e-dddeb6140b1c
0.276,10.24,10.44,14.0,1,2026-06-06 16:11:05,1-8f15a0b4-313b-44cc-9537-a039dcf7cd9b
0.13,8.5,-4.96,18.0,1,2026-06-06 03:28:18,1-72bd1dea-f7e8-44ff-b6d6-15fe7897f161
-0.038,-5.04,-0.22,-13.0,0,2026-06-06 01:44:24,1-34011ea1-6a60-494b-a3e9-d6af3ded2e53
-0.02,-1.7,9.64,0.0,1,2026-06-05 22:30:41,1-5d073d70-276b-4d17-a28b-51ef9575233b
0.062,1.34,1.48,-4.0,1,2026-06-05 19:26:06,1-3f2855f5-1370-48ce-bc52-d9248d878a16
-0.046,4.0,-5.98,0.0,1,2026-06-05 17:52:47,1-844c892e-5789-4b58-94c4-fac0e0ef5b2f
0.144,0.26,2.52,-2.0,1,2026-06-04 21:03:51,1-11dbd6a6-1830-4a6b-ad7e-0575d292ddde
0.032,1.1,-6.1,-2.0,1,2026-06-04 18:12:36,1-c7a67363-c285-4960-8751-863e905ebc4b
0.088,4.06,-0.88,0.0,1,2026-06-04 16:44:20,1-8edacf94-2de7-42a7-819f-09e442fb2b9c
0.15,8.58,-0.06,9.0,0,2026-06-04 15:56:59,1-6ceefc63-2992-403e-83b8-a3b67ab9fc61
0.004,2.18,2.82,-5.0,1,2026-06-04 15:13:00,1-32e04920-b3fb-4b58-ad4b-0f49c541ee75
0.086,6.36,-4.08,-11.0,1,2026-06-04 13:13:27,1-f8c865d5-5a8d-4b2a-ad68-2d510b81e795
0.022,0.5,3.52,-8.0,0,2026-06-03 03:25:24,1-5ed0c11e-d8f4-4805-a235-6807cb8fc155
-0.058,-6.56,-3.92,1.0,0,2026-06-03 00:43:26,1-7b9b321a-e345-4558-bb3d-c1bc2fb84058
-0.03,-3.5,0.08,-7.0,0,2026-06-02 20:09:00,1-ec7eca95-cddc-418c-8c1c-13882f1d4406
0.008,5.16,-5.16,1.0,1,2026-06-02 18:58:18,1-890150de-cb1e-4591-bb77-e6dbf2a7d526
-0.098,-1.54,5.98,-8.0,0,2026-06-01 17:50:05,1-6f860d4b-0dd3-42dd-890c-59fe20c6e7e6
0.038,5.96,-7.56,-2.0,0,2026-05-31 21:30:47,1-333c123c-419e-467f-abe4-2de4e8c42c08
0.098,3.92,0.44,0.0,1,2026-05-31 20:53:05,1-7f5d6dec-72c6-4a45-9ca8-88e09015aac5
-0.062,-2.98,6.32,-1.0,0,2026-05-31 18:55:30,1-cf4e65bf-a031-4d43-88f4-650b5a3981ce
0.016,-0.32,0.38,-6.0,0,2026-05-31 16:16:06,1-05d7eec5-2f08-4171-a8ec-ef295be8864c
-0.068,-4.54,-7.56,1.0,1,2026-05-31 13:32:41,1-7cdc8b5f-1bed-4cf8-9a40-2472ead67036
-0.014,-1.1,1.44,3.0,1,2026-05-30 22:04:23,1-9af83406-4c84-42f6-bd68-8a1832c1ac75
-0.132,-5.24,10.74,-8.0,0,2026-05-30 19:51:38,1-fd243a8e-fee2-4755-b914-8215924cc201
-0.132,-6.34,4.12,-4.0,1,2026-05-30 17:12:50,1-07049574-e8c7-4a6d-ae6c-24992d37586d
0.148,7.24,-1.82,0.0,1,2026-05-30 16:20:08,1-17097c8c-d58a-465a-9312-6bf7656afda4
0.042,-0.24,-0.52,10.0,1,2026-05-30 13:51:07,1-822ff96b-b5b6-4a67-8c0e-e0c6f6152dd1
-0.072,-4.36,0.0,-1.0,1,2026-06-06 21:32:31,1-db9faa38-d55c-426d-b52e-09d002e45c11
0.064,5.58,0.18,-12.0,1,2026-06-06 19:54:20,1-f9782d84-21eb-4403-a2e1-eef6cd703814
-0.178,-4.92,-3.74,-12.0,0,2026-06-06 18:13:27,1-b4806ba9-8f57-4037-a7d4-0aefcf02f0bb
-0.072,-2.68,2.9,6.0,1,2026-06-06 02:27:55,1-88ed9fb9-bdac-4bae-a849-3aeceba3fad0
-0.182,-5.74,2.86,0.0,0,2026-06-06 01:28:44,1-28d8d887-397c-43e1-a684-e947768bd122
-0.16,-4.72,-4.02,-15.0,0,2026-06-06 00:57:14,1-2c2a62bb-a588-4d92-a14e-f1c60118c1c6
0.158,7.16,-1.0,3.0,0,2026-06-06 00:22:19,1-2ab293fc-9ea2-44a7-811a-0c9c8100d167
0.152,4.78,1.3,15.0,1,2026-06-02 21:23:27,1-4a550639-94b2-49a4-ac71-be0d622fabbc
0.034,-0.28,4.84,8.0,0,2026-06-02 20:42:32,1-9dd54f11-91f2-4a25-81e1-98799caf6f36
-0.014,2.5,-4.18,-8.0,0,2026-05-30 22:43:14,1-0f7a2c8b-e44e-405c-89f8-6d279ac61f33
-0.072,-4.7,7.3,-1.0,0,2026-05-30 02:28:50,1-17a267ef-5a0e-4753-aef3-5dcc9bd47dd4
0.096,4.96,4.3,-3.0,1,2026-05-27 23:46:39,1-9fd517de-bb95-4970-a534-cdbab644becf
0.136,5.06,3.96,6.0,1,2026-05-20 22:58:08,1-ad2e0f13-1352-4891-97d1-cb0643ed92c1
0.022,1.4,2.34,-3.0,1,2026-05-20 22:16:59,1-21cf4cec-9420-44ef-8018-8669baca37a4
0.116,6.86,1.4,15.66,0,2026-05-15 20:38:32,1-2eff0354-97ec-4628-afce-af9b6652a31f
0.152,11.56,-3.18,5.0,0,2026-05-12 12:08:06,1-aa48d495-9c19-4be2-a9e4-7c3ffc16124f
-0.03,-3.06,0.12,-2.0,1,2026-06-05 14:03:19,1-3aeb21cf-9ee4-4238-8e6c-4f420283bf8c
-0.124,-4.62,4.9,-3.0,1,2026-06-05 13:25:46,1-8109eb58-3fa7-410a-8baf-4df0b2e92a21
0.052,3.14,0.5,6.0,1,2026-06-05 12:42:51,1-17db6152-d498-455f-b9f4-762152347b47
-0.076,-1.92,-6.06,1.0,1,2026-06-04 19:17:35,1-a02ec52b-d1e5-4890-8c70-e773cd4cccf3
-0.002,4.48,-0.26,-2.0,0,2026-06-04 18:12:33,1-96878c4e-1390-466e-a54b-ffe76a2714ec
0.04,2.28,3.96,2.0,1,2026-06-04 17:14:52,1-8c4d24f5-d1b0-41d9-a195-ec8abee1e8cf
-0.046,4.04,-7.58,2.0,0,2026-06-04 16:25:02,1-8046c8d8-0985-45f1-b692-85bed2599324
0.052,-2.62,1.2,11.0,0,2026-06-04 11:53:30,1-d58a90c0-f5e8-452a-aba0-1ec9f2136a73
0.06,3.12,7.12,-8.0,1,2026-06-04 10:28:12,1-7e95ff81-b453-4ebd-b913-2d2d12ce0529
-0.088,-5.24,4.02,-3.0,1,2026-06-04 07:50:50,1-554b843b-9c42-4fb0-a6a9-dde871354c9c
-0.042,-0.6,-2.44,-4.0,1,2026-06-03 10:46:06,1-7038fb00-efc1-4993-8305-1c063641d610
0.066,0.62,-2.12,3.0,0,2026-06-03 09:26:56,1-d3ed511f-658a-4d23-9670-69b1f1502d83
-0.056,-4.08,4.48,-4.0,0,2026-06-03 08:09:38,1-0f8cdd83-b96a-4b74-8b6e-93aa70692898
-0.058,0.76,6.52,-6.0,0,2026-06-02 09:40:25,1-6613a395-622a-405b-a222-09dc95f6fe0d
0.204,7.8,1.0,17.0,1,2026-06-01 14:07:30,1-3a3c8963-b4f5-4732-9138-63295b796f0c
0.146,6.06,0.88,-1.0,1,2026-06-01 13:23:40,1-e6d31481-dac1-4751-8e51-9aa4e3a37ae4
-0.024,-3.94,-5.18,-14.0,1,2026-06-01 12:48:29,1-20d57fe0-b92d-46cb-8b74-3fef92fcd7e4
0.072,-1.36,4.4,10.0,1,2026-06-01 09:48:34,1-f572b099-d7c7-41a3-b3c4-fbfb09ec01a5
-0.188,-3.58,3.12,-5.0,1,2026-06-01 07:29:13,1-08bd8550-72b9-4db7-9313-9a8e13ac5b40
-0.142,-0.54,6.02,-5.62,0,2026-05-30 13:42:13,1-553d2cbc-a444-4850-a309-f4175a12a044
0.046,-0.52,3.6,-7.0,0,2026-05-30 11:36:46,1-9e0e6652-c4f2-4e44-97a2-99d8375a1334
-0.264,-7.9,10.0,-19.0,0,2026-05-30 10:00:04,1-93936581-4a04-4ccd-bff1-1469a98540de
0.078,2.22,-1.08,8.0,1,2026-05-30 09:09:58,1-2fa2053c-f367-4e62-9be1-3cd8653d765c
0.066,5.48,3.9,11.0,0,2026-05-27 06:52:28,1-6b3a60d6-18d7-40b4-838f-30702bd749a6
-0.036,-1.68,-2.3,5.76,1,2026-05-26 14:20:49,1-28131438-dee1-4856-a056-9d2ace16cbe3
0.206,9.22,-3.86,16.3,1,2026-05-26 06:30:53,1-83ac6783-b521-494e-8be5-bc61f617200c
0.0,-0.06,-1.98,12.1,1,2026-05-14 18:47:43,1-c446fe26-5e45-46b0-8b09-0a87c230a5b0
0.012,3.86,5.48,-4.0,0,2026-06-06 21:14:20,1-eeaf76f7-4977-4854-991d-5e61bb9e24e6
0.006,-0.8,-3.18,-1.0,1,2026-06-06 20:26:34,1-35950516-9c5b-4645-9f9a-5a7249392a2d
0.064,6.54,10.22,20.0,0,2026-06-06 18:29:38,1-39d00079-5fa0-42e5-8c7e-6527ca4a8b90
-0.014,-0.84,0.06,10.0,1,2026-06-06 14:46:21,1-606202e9-9091-4b74-b32d-90cdff190b51
-0.144,-5.58,2.14,-16.0,0,2026-06-06 14:09:15,1-fecbff37-8e1e-4cdb-8969-93615d0023f1
-0.112,-5.5,0.06,1.0,0,2026-06-06 13:15:38,1-7ece7bb8-982d-4da1-82c8-f1f18780856a
0.106,5.26,-5.0,11.0,1,2026-06-06 00:10:02,1-4218776e-1537-43fe-aeb8-78a9bd39840e
-0.128,-7.92,3.76,-6.0,0,2026-06-05 23:04:47,1-7f854c26-3b9d-4830-bdf2-1ece63703e9b
-0.028,1.36,-0.7,-5.0,0,2026-06-05 22:20:31,1-f959ff99-f4fe-4140-8464-ad3509d1c652
-0.042,-0.26,2.74,3.0,0,2026-06-05 21:43:53,1-34a8d412-d6ea-405b-ae13-36dab06458ab
-0.056,-0.12,-5.06,-6.0,1,2026-06-05 21:05:51,1-ab07e28e-53b6-4ade-b89e-b14c6260aa09
-0.052,-2.82,-1.2,0.0,0,2026-06-05 20:22:06,1-17700351-e03a-4981-9e88-ae80c0f4c957
0.048,-0.08,-4.88,0.0,0,2026-06-05 19:32:07,1-d86f3571-c9fd-43b2-bba1-043d9f3c4156
0.2,9.36,-2.46,11.0,0,2026-06-05 18:38:16,1-b1fe6b9c-92ff-46f8-892f-5986f1419cd5
0.114,9.84,10.44,2.0,1,2026-06-05 17:38:45,1-f73424de-e938-48b6-b723-999514ae43eb
-0.05,0.58,4.82,-12.0,0,2026-06-05 16:40:56,1-a4ff2c63-275a-4548-b032-469952ca7765
-0.04,0.62,1.54,2.0,0,2026-06-04 23:25:41,1-0dc55365-366d-4fb4-9108-15027708c912
0.1,3.18,-2.82,6.0,0,2026-06-04 22:31:44,1-21dcc387-38d2-4863-a741-d8806dab7b41
-0.108,-1.88,4.14,-10.0,0,2026-06-04 21:45:17,1-56a79cbb-2a80-4086-8e85-53a70c94d10e
-0.002,-2.36,-10.24,-5.0,0,2026-06-04 20:58:27,1-b93a6204-8ff3-4e52-a6f8-17bde5b32eec
-0.058,-3.68,-4.42,3.0,1,2026-06-04 20:31:47,1-40772135-347d-4c55-b749-86fe53715014
0.042,-2.66,1.18,12.0,0,2026-06-04 18:49:32,1-e87caebc-b9f5-416b-9144-644caa3ac66f
0.018,0.24,1.52,-5.0,1,2026-06-04 17:54:47,1-1d41a665-1113-4c5c-b945-85fdae85be95
0.122,2.86,-3.8,15.0,0,2026-06-04 17:17:33,1-bba3c1f2-62b6-4c67-a9d7-281472f583ec
-0.018,-1.24,5.8,1.0,1,2026-06-04 16:27:42,1-1c8cadf9-de97-4dec-a898-385a4d4eeee8
0.08,0.7,-6.42,20.0,1,2026-06-04 15:45:51,1-70bb576a-396c-4c61-a03a-fc1ad3095d2e
-0.016,-0.94,-1.06,4.0,1,2026-06-04 02:24:51,1-5d0ac10f-37da-4a22-a7db-e1c8e3618921
0.018,5.94,0.76,3.0,0,2026-06-04 01:27:03,1-23bd12f6-82e6-4d71-a934-ee13e751da32
-0.012,0.74,-0.42,-16.0,1,2026-06-05 21:53:33,1-dcc0275e-ee63-431d-87d9-9708f1d7f17d
-0.112,-2.5,-7.84,-3.0,0,2026-06-05 20:39:22,1-352660b3-77ba-4303-a51f-276ff9853823
-0.008,-2.56,-0.82,-2.0,0,2026-06-05 20:15:28,1-20bc2c70-6fea-4014-913e-61ec47ed9eca
0.024,4.84,1.4,-3.0,1,2026-06-05 17:16:51,1-a54d596a-70b9-45bd-84cf-298ef884a3d6
0.176,16.4,0.34,5.0,1,2026-06-05 16:37:24,1-3e01b60a-c5d5-4c87-92ef-cd5e1fd2d677
0.002,0.82,-0.08,-4.0,1,2026-06-05 15:47:57,1-7931fe25-d27c-427e-8bab-0bd13b66eeb7
-0.098,-3.54,7.1,-20.0,0,2026-05-21 20:25:36,1-84d926f9-0a4e-4bf4-8293-8a9e5efde5a6
-0.018,0.72,5.78,-12.0,1,2026-05-21 18:37:36,1-88517c03-8f3b-46f7-9ee9-42703b236d9f
0.058,5.16,-8.0,10.0,1,2026-05-21 17:58:33,1-cf66effe-7102-407b-8dd8-97e0e96e6940
0.018,2.16,-10.04,10.0,1,2026-05-21 17:05:54,1-d42eb892-e66d-46b0-b1dd-6745247a438e
-0.094,-6.44,6.96,-3.0,0,2026-05-21 16:31:22,1-197415b2-2307-48d2-8769-d426590b5135
-0.036,0.96,-3.7,3.0,0,2026-05-21 14:40:08,1-79d35009-a04c-457d-8ab0-def6ae23c239
0.012,-2.5,8.78,-3.0,0,2026-05-19 17:36:25,1-cdc126ef-8475-43d5-8e08-4a9f783ea15a
-0.058,-1.2,-3.48,1.0,0,2026-05-19 16:10:25,1-7f60836d-0f23-43fd-ba63-fab46856816c
0.038,5.7,-0.94,14.38,0,2026-05-19 15:29:30,1-bb1d2c1e-e8d7-487f-ab95-b484a8186e51
0.0,-2.72,2.74,0.76,1,2026-05-17 18:32:54,1-20a92df0-3df3-4fad-aed2-1c0ef763bc80
0.052,7.38,-1.54,9.0,0,2026-05-15 19:34:42,1-4618aede-af1d-4271-9847-3df217874575
-0.064,-0.52,3.48,-7.0,1,2026-05-13 19:11:18,1-8a9527c6-9d29-4082-bd1a-6dba2bfdb849
-0.006,5.12,-0.8,-5.0,1,2026-05-13 17:52:13,1-428f6f85-d8cc-4b83-af45-9ff92be27802
-0.006,0.4,-1.42,5.0,0,2026-05-30 12:32:11,1-72b68a91-08cf-473a-9730-42ca10f78647
0.0,-1.92,0.84,-2.0,1,2026-05-27 17:31:56,1-3391c461-575e-4ed7-93ec-5afcebffd4a3
-0.008,0.36,-0.08,-7.0,0,2026-05-27 16:49:13,1-0a0c2146-33bd-4456-9b0a-98ed8c1961f4
-0.054,-0.2,-0.38,3.38,0,2026-05-26 16:10:04,1-4272d5d0-43b9-406e-b56e-0640c9cb5fac
-0.114,-4.44,5.96,-12.14,1,2026-05-25 11:04:54,1-8807f053-476e-4385-9fb6-00410557374e
-0.07,-1.92,2.68,0.66,1,2026-05-25 08:35:27,1-a721f420-70f4-4813-921a-ee9ddd01550e
-0.076,-6.08,9.6,9.0,0,2026-05-24 16:27:18,1-f637c8e0-0c81-4673-a944-b4cf346ea022
-0.052,2.0,2.16,-3.0,1,2026-05-24 13:06:23,1-8587cfae-87e7-46a8-bd0c-21a92ac32b18
0.03,0.8,-0.18,-1.0,0,2026-05-24 10:31:39,1-05cb4057-cc95-4fb7-aba9-611ba0fc2958
0.024,0.42,0.0,2.92,1,2026-05-23 20:16:25,1-44f52858-aabe-4d2f-a8ff-346a15a06518
0.05,2.9,-2.02,-6.3,0,2026-05-23 19:23:10,1-ca0b77da-0dff-4296-bf0e-03556c286884
0.05,2.28,-1.66,5.76,1,2026-05-23 11:30:51,1-0c22f233-fdab-486c-8428-e7741f28cee9
-0.056,-3.66,1.58,1.6,0,2026-05-23 06:58:24,1-88ceb8d0-0dfb-4887-91d9-202698ad8427
-0.018,0.4,-2.62,-2.0,1,2026-06-06 17:12:56,1-4e5ad76d-4b1b-4903-84bc-a77d8260f525
-0.086,0.14,6.18,1.0,0,2026-06-06 16:31:45,1-56c79598-f7f1-4a8e-8e1a-897e30a01202
-0.138,-5.12,-8.92,-6.0,0,2026-06-04 18:02:49,1-d3294f88-525b-4624-9d67-f1ba274f729a
-0.014,-3.18,-2.2,9.0,1,2026-06-04 17:08:18,1-1fa7ff9b-73b6-434c-801f-6cfc6cd27e4e
-0.07,-5.46,4.4,-6.0,0,2026-06-04 16:03:04,1-c246bdea-ac93-47b4-84b6-75bd10932616
0.042,-2.6,-5.06,-9.0,1,2026-06-04 15:28:40,1-ea4f8fea-6562-4979-ba2f-d21af4db3c90
-0.002,-0.46,-1.54,3.0,1,2026-06-03 21:03:50,1-82f9b9f1-9046-4d69-95dc-9513457d9fd3
-0.06,-7.58,-2.6,-1.0,1,2026-06-03 19:22:49,1-054d1087-3e35-4961-9460-0918624ae9f4
-0.162,-11.88,-9.86,-9.0,1,2026-06-03 18:18:01,1-a696b469-7bda-4ab2-b7a4-9c88a4cc8bbf
0.022,2.96,1.34,-2.0,1,2026-06-03 17:23:28,1-d608f2bc-c9f7-4ebd-b1a8-4cb998e416a8
0.182,6.16,0.36,10.0,1,2026-06-03 16:07:01,1-da193b24-3696-4ea6-9fff-935a94462cdc
-0.07,-5.2,-4.82,-13.0,0,2026-06-03 15:10:23,1-334ff1e3-d86d-4f4d-8675-6eb538e03e20
0.106,5.1,-5.24,7.0,1,2026-06-03 14:04:59,1-f64374b3-ce46-467b-8a16-2ce60fffc080
0.094,3.64,-0.38,7.0,0,2026-06-02 19:18:38,1-1ecebf63-8e85-440b-aa30-d96470c9edea
-0.02,-4.98,6.26,13.0,1,2026-06-02 18:39:11,1-77a71c1d-bc03-4c6d-ad79-d1d40271f4ff
-0.1,-8.24,-2.5,2.0,1,2026-06-02 17:38:44,1-c984ba99-d3ee-4ed0-a6ff-0aacc3f4cc77
0.12,7.14,-6.68,4.0,0,2026-06-02 16:51:31,1-6ca6620b-daf8-4fcf-8297-6ff846b1d4f7
-0.012,-1.26,8.52,1.0,1,2026-06-02 15:54:56,1-dcc4993b-f489-4158-9202-315181e8d124
0.092,6.7,-9.2,-1.0,0,2026-06-02 15:07:54,1-cf09eabd-6616-4609-a6d1-b9d3070aef80
0.022,-1.32,7.42,-4.0,0,2026-06-02 14:11:49,1-c2195409-ebd3-4be8-991b-368f36f622ef
0.214,12.9,-7.82,14.0,0,2026-06-01 19:59:46,1-9564b0e2-2cc2-4ef9-a628-dd352c9b3fa0
-0.014,4.62,-6.94,-2.0,1,2026-06-01 19:12:58,1-fb8e09b2-d298-4fc5-969b-adbaafa6a8bd
0.054,8.44,-9.52,9.0,0,2026-06-01 18:38:24,1-a4de3023-7963-4419-862d-6d5116854edf
-0.046,-6.94,6.74,-6.0,0,2026-06-01 18:04:51,1-f94ec8d1-6233-480b-ae74-e5c5ef3de6f3
0.126,9.78,-3.8,0.0,0,2026-06-01 17:43:44,1-ee544417-5dd5-4333-bfdd-228d999faf39
-0.092,-6.06,-0.58,-9.0,1,2026-06-01 17:01:26,1-8615c529-81d1-4766-9629-a86c0392335e
0.004,3.12,4.78,-3.0,0,2026-05-28 21:02:16,1-c9fe31c8-19d0-43e4-9ba1-d5d5dbb12444
-0.244,-5.92,-8.6,-21.24,0,2026-05-28 20:13:44,1-7377d22b-b7fe-4878-89ab-9990acccf6e5
-0.13,-4.08,6.1,-7.0,0,2026-05-27 20:23:46,1-5d89cfef-1604-4a58-9f93-6b83eaaa3c60
0.05,-1.98,-4.58,-1.0,0,2026-05-27 19:48:49,1-0011c691-91d3-470e-8c7d-cee3e084ad31
0.046,-6.12,-2.58,10.0,0,2026-06-06 00:09:22,1-5997f809-c79f-4e56-a890-b28aa48eee00
0.076,5.54,2.1,7.0,1,2026-06-05 23:19:23,1-7a7c3956-1b72-4736-8906-b9a30ca92715
-0.078,-4.7,1.74,0.0,0,2026-06-05 16:42:58,1-85bdd1a3-a42f-43cf-87a2-78da2f68678c
0.088,1.96,-3.28,3.0,0,2026-06-04 23:33:40,1-56e36e73-7645-4bb5-9250-34d9a1b9f221
-0.038,-1.6,-3.44,3.0,0,2026-06-03 23:52:37,1-f457da88-b426-4f1a-95ab-a14175e405b3
0.022,-4.42,-0.86,13.0,1,2026-06-03 23:26:17,1-74e2792a-5f96-4010-af01-24ba76efce9c
-0.15,-7.16,6.74,1.0,0,2026-06-03 22:36:33,1-640565f8-67c8-495b-b030-b7269d813b32
-0.05,-5.58,-6.96,-7.0,1,2026-06-03 18:01:23,1-7ecab0c8-a0f7-4bb8-88f5-44ccc7799d23
-0.026,4.68,6.68,-2.0,1,2026-06-03 17:21:43,1-7fdedcd4-ebe7-4ab2-a4d8-ea0daa33188d
-0.004,3.86,0.6,-11.0,1,2026-06-03 16:46:01,1-78a6a396-12de-4fe1-9e53-10ce2ef010a2
-0.018,3.46,6.82,-9.0,1,2026-06-02 18:48:09,1-e5990a12-8431-4539-90e6-aae5ad5fee31
0.102,9.32,2.38,-2.0,1,2026-06-02 18:05:25,1-4d12cefa-4f03-4b97-b29e-2f096dd0cd72
-0.012,-5.54,-1.46,-1.0,1,2026-06-02 16:50:31,1-f3c4ede0-0726-4293-9153-7b04cd5abf66
-0.04,-0.84,-1.9,-5.0,0,2026-06-02 16:13:00,1-80eeaac6-e8c5-4b57-a1a1-98e709972d13
-0.076,-7.68,-7.06,-3.0,1,2026-06-06 21:33:36,1-94fe1c99-f822-4628-91eb-ed358431cbdf
-0.006,-1.32,-1.7,-6.0,0,2026-06-06 20:56:24,1-2f598de5-499d-4d8a-9550-7a3931d08321
-0.144,-3.7,3.1,-2.0,0,2026-06-06 20:09:10,1-43ac215e-a9a1-467a-9ec0-d2dd2436111c
0.068,1.48,-1.0,2.0,1,2026-06-05 23:35:52,1-20e7fe9c-b0a5-40dc-93d5-58ee996aa9e4
-0.12,-2.42,6.36,-1.0,0,2026-06-05 22:30:22,1-fc93205c-8708-4cd4-a830-084caa1a29c0
-0.154,-2.46,2.76,-9.0,1,2026-06-05 21:33:37,1-9ae194f9-4a76-4074-87e0-d752c4d4d82c
0.072,5.02,-1.64,19.0,0,2026-06-05 20:47:51,1-4ae229fa-afed-427e-9fcf-ce6ad5bfc709
0.136,9.82,-0.94,2.0,1,2026-06-05 19:59:17,1-657637cf-1291-4985-86d5-b58ab717716e
0.022,3.0,4.58,-3.0,0,2026-06-04 23:25:00,1-a9dd1c5f-7b61-4ecd-b3f4-29cee008481b
0.076,0.6,-1.96,-1.0,0,2026-06-04 22:50:43,1-786ad3c6-0837-42e7-a884-14873492bdad
0.024,4.76,-1.82,1.0,0,2026-06-04 22:04:02,1-050b3572-b096-4c2c-bdda-ad52cd6d65dc
0.056,2.1,5.1,0.0,0,2026-06-04 21:12:12,1-48ae3d84-17e9-4477-8bfc-0a938dd01f54
0.062,7.48,-1.36,13.0,1,2026-06-04 20:21:44,1-5cfbbcea-ec06-4167-bea6-bebd551f60b2
-0.058,-5.72,0.28,-3.0,0,2026-06-04 19:39:26,1-bb9b42fb-35b9-49f8-8211-324c813c0d56
-0.118,-5.5,11.6,1.0,1,2026-06-04 17:02:00,1-ef50583d-10db-4be2-b505-4c4587c7a18d
-0.056,-4.24,7.3,-14.0,0,2026-06-02 20:04:41,1-3f358cf5-a6a5-4390-9324-e60fe49c98ad
0.058,1.68,-9.76,0.0,1,2026-06-02 18:47:19,1-c9330640-cadc-4302-bc15-175cc250659b
0.012,1.16,-3.06,6.0,0,2026-06-02 17:33:52,1-ebf1378c-a07a-45cb-ad2f-0a9cef360d12
-0.048,1.0,0.34,3.0,1,2026-06-01 22:18:02,1-8a8740fa-5427-4947-b269-bc87aeb18837
-0.054,-4.78,2.48,-7.0,0,2026-06-01 21:19:48,1-6fe2fc45-c0c6-4c6e-80b3-b61385198ee2
0.012,0.36,-5.6,-2.0,1,2026-06-01 20:29:24,1-c74b6f87-4b0d-49e3-bfa3-f4cd76e56d18
-0.12,-11.36,6.88,2.0,1,2026-06-01 19:44:57,1-9c331a91-d4f8-4d43-b162-87718457c888
-0.13,-4.96,3.92,-16.0,1,2026-06-01 18:59:23,1-b227f7c3-d2ce-4ff2-b7f6-73ef5ea81498
0.062,0.92,-3.6,14.0,0,2026-06-01 18:09:59,1-ad8618ff-0174-4431-beeb-61fb352e1756
-0.024,-0.16,-2.36,0.0,0,2026-06-01 17:05:48,1-e31b4f88-8953-4b83-b61e-9cde8f585930
-0.09,1.04,0.96,-6.0,0,2026-06-01 16:20:58,1-f5c68a38-3b84-4d8b-adb3-7aa1d5f75798
-0.152,-8.44,6.66,-8.0,0,2026-05-31 22:30:59,1-28619c13-9d28-4b09-a3f5-ebd5a6e2557b
0.002,2.0,1.9,4.0,1,2026-05-31 21:53:17,1-a7fb44e3-6aa5-4b36-9855-4ce51fb9524d
0.088,1.78,-2.84,-5.0,1,2026-05-31 21:12:40,1-cf403d5b-968a-4d3c-ac03-3c47c8460683
0.098,6.84,-4.84,2.0,1,2026-05-31 20:33:05,1-e669921f-fb02-497c-b4fe-3088e71047a1
0.006,2.3,-3.32,4.0,1,2026-06-05 23:08:01,1-66d03fb9-b2dc-44c7-a33d-f5a8d2434f3b
-0.02,1.48,-2.52,-4.0,1,2026-06-05 20:53:11,1-7a9fc872-368f-4f35-84e1-3f2c72428a37
-0.002,-1.18,2.52,0.0,0,2026-06-04 23:20:37,1-cb220e44-62f1-4d99-a5f1-18cc931a5bab
0.026,-1.0,5.72,11.0,0,2026-06-04 22:36:13,1-ea3dbb06-e0ff-4091-8be8-97466c67c5d0
0.012,2.86,0.92,9.0,1,2026-06-04 21:57:25,1-ed59d15f-0d46-4eda-abc1-b1b8dc8f47eb
0.04,-0.52,-4.06,8.0,0,2026-06-04 21:12:15,1-79f80994-72d7-497d-9953-72436dfc4357
0.014,-1.0,1.8,-5.0,1,2026-06-04 15:32:42,1-87c07a55-9789-4244-8757-460040a99d8d
-0.15,-8.32,1.16,-7.0,0,2026-06-03 23:38:44,1-6d0b5fc0-5a62-412e-84bb-c5bbf0e59f24
-0.186,-9.94,-5.94,-5.0,0,2026-06-03 22:57:26,1-42509d40-23c0-4728-890e-9fc81fe753d8
0.038,-1.4,-2.18,2.0,0,2026-06-03 22:25:29,1-4d2e48dd-e633-4d16-8845-10a60281831f
-0.048,-2.84,4.68,-10.0,0,2026-06-02 23:18:56,1-c6f3d377-345f-4328-a657-e4f0f10aa13a
0.084,4.14,2.48,11.0,1,2026-06-02 22:41:47,1-8a0af32d-79fc-44c1-8894-a56cbc1b5eb3
0.106,4.14,0.04,12.0,1,2026-06-01 23:39:15,1-4ec9dafd-1957-45c2-ae98-32433a9c5bc0
-0.068,-2.5,-3.94,-7.0,1,2026-06-01 22:51:42,1-79d94ee9-ba78-4f69-8796-33449c2de382
-0.154,-6.56,-0.02,-21.0,1,2026-05-31 23:51:14,1-6340720d-3d1b-4ecd-9a83-ddf7ad9e7e28
0.0,2.54,-0.94,-2.0,1,2026-05-31 23:11:33,1-7eaefcee-3547-4ae8-845f-4ae3ec2c92b6
-0.04,2.68,5.38,7.0,0,2026-05-31 22:36:37,1-f5518317-a956-4cef-bc94-fa86372f61bb
0.214,10.0,-10.04,12.0,1,2026-05-31 21:53:52,1-a806420d-3018-4f12-9f2a-6f0dc98975a6
0.046,4.88,-8.98,-1.0,1,2026-05-30 23:53:17,1-0f53a130-b326-460b-87ec-219d08bd0c77
-0.044,-3.08,1.1,2.0,1,2026-05-30 23:06:51,1-5e11d5da-2308-4dce-8b6e-d63188ccdc3d
-0.114,-3.24,3.76,-1.0,0,2026-05-28 23:01:09,1-f5b971d9-dff6-44e0-946b-d74b744cd191
0.212,10.94,2.44,14.24,0,2026-05-27 22:37:12,1-e8b1fb67-af9a-46b8-9654-42e4948c545a
0.152,11.88,-10.98,11.0,0,2026-05-26 12:21:11,1-346e53cb-64da-4907-ad48-fc532374ea8c
-0.028,-6.04,1.38,-4.42,1,2026-05-25 23:35:53,1-0f10c547-2db9-4b3a-83bd-f16e8b646be1
-0.082,-8.46,-0.96,-8.34,0,2026-05-25 15:07:37,1-4a213e8b-b33e-4155-8594-cfcdace45f54
0.004,-0.06,-9.12,-10.0,1,2026-05-25 09:29:49,1-f7067739-6bcb-40eb-b1f0-90ae2114ecd4
-0.032,0.22,-3.36,-2.0,0,2026-05-25 08:47:09,1-8ebd5fc3-7bb0-47e2-8270-4ed064a4ebf6
0.068,2.58,7.14,4.0,1,2026-05-23 21:37:16,1-5a10a682-4c1f-4389-a9d8-b39810a130e3
-0.004,-2.32,8.24,8.3,1,2026-05-23 20:26:28,1-8f2d11a8-70cc-44b8-98b9-624309d76fbb
0.028,-1.44,1.48,1.42,1,2026-05-23 19:36:39,1-a2a5c2e6-518c-45bd-b107-21b2002cd8a3
-0.02,1.02,3.08,-3.42,0,2026-05-22 23:32:12,1-c1e03ddf-cdc2-4130-b52d-4a8004d256a2
-0.014,-0.4,1.68,0.52,1,2026-05-22 22:43:00,1-1f52dbbe-c7af-4ab3-92ee-25088f63a38d
-0.158,-2.6,6.14,5.0,0,2026-05-22 21:35:14,1-90b53a2b-190e-4d7e-804f-92bc4f2045cc
-0.012,-1.54,1.34,7.58,0,2026-05-22 20:50:12,1-ae195990-66b4-4c37-adda-59f19eea6992
-0.076,-6.14,7.96,-4.66,0,2026-05-19 18:54:55,1-4107038f-8c28-4411-b7bc-ba7550ff281f
0.04,-0.3,-4.44,6.66,0,2026-05-17 21:33:25,1-be374e88-ce5e-4f06-bebe-ca0c6e83aa1a
0.016,4.98,9.0,12.0,0,2026-06-03 21:29:38,1-8c409451-0da7-4378-a216-b759cb5c3d37
0.066,1.72,-3.96,-7.0,0,2026-05-29 18:56:16,1-d3358c25-db31-48b8-baeb-347f128e3d49
0.064,1.62,-5.08,0.0,1,2026-05-29 18:08:16,1-31915233-3581-4afc-8505-6a50709d28bd
0.016,-1.4,-0.02,0.0,0,2026-05-29 14:45:17,1-4c9c5074-0858-4f6f-9511-78326d1c6cd4
0.06,7.66,2.1,-5.4,1,2026-05-28 20:42:25,1-faebe686-964f-4494-8ff7-5be5eb35b8ba
0.062,5.72,8.06,-15.0,1,2026-05-28 19:22:30,1-96462ee5-b667-4a8a-ae38-a27e40aa197e
0.044,5.62,3.14,-3.0,1,2026-05-28 18:27:46,1-ad6dfefc-a1ef-4d2c-a730-d4434f84621d
0.168,8.96,7.3,6.0,1,2026-05-27 17:58:55,1-da20fcfa-4ece-45f5-9324-db8510fa0915
0.144,7.86,2.42,6.28,1,2026-05-27 17:13:39,1-2995ccba-43ac-4bfa-aeba-cdf84965cab9
0.026,-1.64,4.74,3.28,1,2026-05-27 16:18:31,1-df7f3909-aefe-4f55-a7ce-1574afc406d7
0.072,-0.14,-2.98,11.0,1,2026-05-24 12:20:46,1-d26e9dea-a110-49e3-b0bb-ccc0a1006044
0.014,0.54,3.88,-10.46,0,2026-05-18 18:37:26,1-2cad381c-0e31-497f-9737-c33e4cb26dfd
-0.062,-3.98,4.52,-4.0,0,2026-06-04 13:25:17,1-e34b8af7-eed6-4718-8e10-e540f6626f97
-0.018,2.9,9.24,-13.0,1,2026-06-04 12:04:41,1-1f18e4a5-3650-4eef-bd6c-12a6c106c006
-0.05,-3.46,9.0,1.0,0,2026-06-04 11:28:48,1-1428321e-cb36-45eb-9b30-f21583b0eea7
0.028,-0.08,-3.36,2.0,1,2026-06-04 10:20:55,1-8fead5ff-0173-4ab5-869f-21d6c7126dc5
-0.046,-3.34,1.58,-6.0,0,2026-06-04 09:40:26,1-0e7f5d2f-0e30-4330-908e-276663244758
-0.026,1.12,9.56,0.0,0,2026-06-03 18:53:49,1-d8755983-3518-4f1c-83c7-6cc499e09fdb
0.05,-1.08,-5.3,4.0,0,2026-06-02 15:16:39,1-ac172c7c-3f0c-4a48-a1d0-4facf527d299
-0.042,1.84,6.18,4.0,0,2026-06-02 14:35:15,1-ee3feb37-9e74-4dad-91c5-0493bd64fec1
-0.206,-5.42,-2.94,-4.0,1,2026-06-02 11:25:33,1-7cd08515-84f5-46a1-a2d9-1e21a46def5f
-0.248,-18.4,2.6,-20.0,0,2026-06-02 10:29:02,1-2586d70c-92c0-4488-8868-62fdf2afc9f2
0.06,3.08,13.12,-10.0,0,2026-06-02 09:59:05,1-883a6745-bd04-41f9-82b0-915a32681c51
0.074,3.36,15.28,-6.64,1,2026-06-02 09:14:59,1-a2950c1e-0750-405c-9acf-e0d4347a034a
0.002,3.4,-10.12,8.0,1,2026-06-02 08:35:51,1-211eb153-1227-463c-bf33-d8a955f1775e
0.056,1.3,4.06,-11.0,1,2026-05-30 18:55:52,1-923053f1-1084-4f10-ba2e-ccf3ad34a341
0.02,2.08,-9.82,-9.0,1,2026-05-30 18:11:31,1-0e7e6ae9-81c9-40b6-9762-28960b1bf7d3
0.1,1.66,1.94,-10.0,1,2026-05-30 17:41:39,1-eadcb3b7-588d-4791-9f4b-54d8b042950c
-0.064,0.16,-0.5,-3.0,1,2026-05-30 16:48:13,1-68234e04-a35f-412a-acb3-22b3e2b3eec2
0.05,0.04,9.38,-6.0,1,2026-05-30 16:14:47,1-cf3e0e1a-d7e9-4f34-a070-1094ccb7edca
-0.026,3.4,7.94,0.0,0,2026-05-30 15:32:35,1-6125deec-dddd-4fd0-a775-661440d9da5d
0.03,0.26,0.86,13.0,0,2026-05-30 14:50:21,1-4dad0f60-e8aa-4775-b674-79726085df43
-0.008,3.2,0.98,-18.0,1,2026-05-29 01:06:00,1-5350acdb-a8d4-4c73-ac25-c013a83e4c0f
-0.004,1.6,-4.42,-15.58,1,2026-05-29 00:26:32,1-a5e5c15f-ab0d-46fc-ae42-7a8e329759c6
-0.052,0.82,-5.62,-7.12,0,2026-05-28 23:53:06,1-c2a34647-bf15-402b-88ff-7a0390d7b92c
0.012,2.42,4.68,-0.42,1,2026-05-28 23:17:27,1-b7d17ec8-87a0-4df6-9984-079f4908cd01
-0.116,-7.14,-2.42,3.0,0,2026-05-28 22:37:00,1-83420f5f-fd9e-4581-ac8d-0f54cb07fb16
-0.07,-3.04,3.56,-4.06,1,2026-05-27 21:26:09,1-0953c91a-325d-456a-b999-17ce1ceffaa4
0.062,-2.16,-4.28,9.0,1,2026-05-25 17:52:18,1-3dbebb89-6619-434d-9363-6c19fc03652b
-0.024,-2.34,-4.24,15.0,1,2026-05-25 17:10:54,1-132b8c6d-9c4b-41fd-a71b-46b862e8b1f4
0.14,8.72,-2.56,-4.0,0,2026-05-25 16:21:01,1-348a1aab-4090-4dc3-921c-1b6de8bbe2c5
-0.006,0.16,-0.3,6.0,0,2026-06-05 23:53:15,1-16e4b71a-1211-4d13-8e13-2af790f2dfdf
0.036,-0.24,-9.42,-3.0,0,2026-06-05 23:10:10,1-416776e8-6804-47cc-938c-829e9f417d40
-0.026,-3.04,-5.34,-8.0,0,2026-06-04 14:00:22,1-d1ccdc6d-c6a7-4e63-9cad-22d795be82a0
-0.05,-0.04,-1.12,-3.0,1,2026-06-04 13:08:47,1-dba621c3-604c-4413-8b5a-af4230d2c5f5
0.078,3.04,-2.22,-4.0,1,2026-06-04 07:29:58,1-e898a925-38d4-4530-9cfb-51bb7194dd16
-0.14,-6.3,-0.04,9.0,0,2026-06-04 06:47:12,1-d6de6100-2da2-41a8-9745-c3acc1167c37
-0.022,0.2,4.02,-4.0,1,2026-06-03 10:11:37,1-9766ddb1-ad76-4c86-8944-8886ff23921b
-0.082,-2.54,2.8,1.0,0,2026-06-03 09:34:03,1-62fc10e1-4576-409f-9043-9eedbe986b19
-0.102,-4.74,-0.38,1.0,1,2026-05-29 14:50:57,1-d0827b0f-42ca-4a84-8ba7-afe1d8d80f2f
-0.014,-1.5,-1.78,4.0,0,2026-05-29 14:17:31,1-10d3d346-0d0c-4292-b870-e6124a0bff01
-0.088,-0.54,10.5,10.0,1,2026-05-28 20:56:24,1-fe75c488-e391-45b7-80ca-bf2bcd3cacb9
-0.04,4.38,0.64,-5.5,0,2026-05-27 11:30:55,1-796bd217-0e41-45d6-8594-ac578415a5a6
0.024,0.24,5.2,-4.42,1,2026-05-27 10:32:39,1-fc088dc3-18f6-4e06-bfe4-60afb5eb64da
-0.056,-2.1,-2.14,2.0,0,2026-05-27 09:51:39,1-833b4468-ba30-49e9-b84e-6ba1cb2d4206
0.006,-1.56,6.74,5.0,1,2026-05-26 16:38:40,1-8178510e-4a9f-4805-86d5-c18a2ae0c2fb
0.138,2.62,1.5,2.1,0,2026-05-20 23:22:48,1-66a9c6a1-7bd9-4554-bdf1-580720954f21
-0.012,-0.02,-5.12,1.0,0,2026-05-20 22:36:25,1-0652488d-2466-4538-955a-ce4654b7e956
0.156,2.76,2.92,-9.0,1,2026-06-04 01:07:49,1-bd1892e7-3c9a-4af5-a7dc-660908d759bb
0.052,6.34,3.28,-4.0,1,2026-06-04 00:25:47,1-e6f9f0bb-aa5f-4e4d-adb5-bfead660983a
0.07,2.02,-1.8,5.0,1,2026-06-03 23:37:26,1-bb7c8d65-7dc4-47e5-8bf7-b6b9f2f99535
0.032,-0.48,-1.36,7.0,0,2026-06-03 23:07:30,1-6600f63a-4d44-432e-85d8-3888024409b5
0.038,6.34,-3.1,-1.0,0,2026-06-03 22:31:05,1-840efe15-6b8a-49bc-b593-f0d7c3751851
0.01,-2.68,-5.62,8.0,1,2026-06-03 20:18:26,1-72631337-e8e2-491b-86c0-6569d3a15296
0.064,5.76,3.74,2.0,0,2026-06-03 19:30:26,1-676edcfc-c0d3-435d-82ce-32fed41733d1
-0.014,-2.76,3.6,8.0,1,2026-06-03 16:46:08,1-f0dd78cf-65e6-46cb-a0d4-624993005a76
0.118,3.14,1.42,3.0,0,2026-06-02 19:55:28,1-52054b21-18cf-436b-a613-8adfbb5f4252
-0.07,-2.02,-0.54,6.0,0,2026-06-02 19:11:21,1-1d713115-3ecb-4f63-902b-60d7e86edc92
0.06,-0.56,-1.84,-6.0,1,2026-06-02 18:34:50,1-697a49ef-5318-4866-9d9f-b0879afa38f3
0.066,2.24,-10.84,3.0,0,2026-06-02 17:56:46,1-76c6ee02-4621-4d72-8caa-4a17493434d6
0.03,3.56,2.88,2.0,1,2026-06-02 17:21:58,1-63a4aaa5-0b0b-44b1-8abe-59d925646cd0
-0.114,-0.98,-0.12,-7.0,0,2026-06-02 16:06:09,1-68efc84e-235b-4035-a244-857e1c66d0f5
-0.068,1.32,0.16,-1.0,0,2026-06-02 15:28:07,1-aecf12c0-ca93-4b20-a677-e98280b3f4c2
0.054,-0.68,5.62,-5.0,1,2026-06-02 14:49:55,1-d8967f03-a7ec-47ab-a9d6-4cb22a72e2c7
0.018,2.54,-0.4,-8.0,0,2026-06-01 21:35:56,1-f4995439-dce9-46cf-be37-9f7f3c63e891
0.048,2.7,2.16,-2.0,0,2026-06-01 20:44:02,1-f31a8411-9d4e-4e51-8937-6d27de14746e
0.064,2.1,-1.88,3.0,1,2026-06-01 20:01:07,1-244866de-8889-43b7-8802-7f2768f42f1b
-0.04,0.92,0.9,1.0,0,2026-06-01 17:03:01,1-a8826cc8-e82f-45eb-b0da-558bfd200a78
0.096,6.52,-5.12,-2.0,1,2026-05-31 21:45:12,1-baffdb9c-bb85-4c76-9901-16eb7d02f5a0
-0.052,-7.3,-4.44,0.0,0,2026-05-30 21:55:02,1-212d0ccb-1835-456d-9ba5-d1dcc448be41
0.07,0.0,-4.68,-1.0,0,2026-05-30 16:11:52,1-be4128dc-a4a0-4271-87f9-154f7e99f2c5
-0.158,-4.08,-8.08,-7.0,0,2026-05-30 14:59:16,1-1247fa41-6a45-45ac-8eb7-e5a408ed5740
0.03,0.68,7.5,-1.0,0,2026-05-29 20:15:58,1-8012571b-4716-4c20-ba14-686b6d5bef11
0.022,3.74,0.78,4.0,0,2026-05-29 19:38:32,1-4cd5e7b1-7756-4957-a06a-bb17baa4f2ab
-0.098,-1.58,-1.0,-6.0,1,2026-05-29 19:01:51,1-4bb15d65-895d-4219-8865-8d7dfbdbee81
0.04,5.52,-1.66,-5.0,0,2026-05-29 18:17:38,1-6bdb2f95-ff92-480f-a35e-44c98df2d15b
0.074,-0.12,2.98,11.0,1,2026-06-06 15:52:40,1-834c78dc-1144-4692-874d-661af4bc833f
-0.11,0.08,6.32,-7.0,0,2026-06-06 14:20:09,1-a156994c-af22-49b3-a33f-e1ed31f6de6f
-0.064,-6.72,1.38,2.0,1,2026-06-06 12:51:06,1-43ae17ab-1a9b-4d9a-a1e0-3b4a25d3138a
0.052,0.94,-3.62,-6.0,1,2026-06-04 18:33:34,1-6a11bc05-cebc-462a-be36-8eec138906df
0.072,2.78,6.84,-17.0,1,2026-06-04 17:21:43,1-494cec12-fe94-44fd-ab03-0f56c1f5194a
-0.258,-7.8,-5.04,-17.0,0,2026-05-30 15:44:59,1-53722cc2-2ce5-45d6-9283-165fd37dd781
0.022,1.34,7.44,-12.0,1,2026-05-30 14:58:51,1-20c72e50-bb45-4e6b-9a28-e0f6a5d2b126
0.014,0.08,2.38,2.0,0,2026-05-30 13:47:09,1-8ec31986-babe-4de2-bf41-8fe04b63d865
-0.028,-1.88,4.7,14.0,0,2026-05-29 11:38:11,1-b1b0c90d-8e65-44e8-82a1-8514d8279295
-0.018,-1.3,-3.22,-10.0,1,2026-05-26 19:45:16,1-13085b2f-583a-4c4f-9b0c-6500dea6cede
0.076,-0.06,-2.38,3.0,0,2026-05-26 18:57:50,1-4ba9642a-ada3-4f90-94ce-6064208a3f2e
0.03,4.52,-1.04,5.0,1,2026-05-20 18:37:17,1-e1be3336-999f-404d-9343-555f80921308
-0.012,-1.92,-0.54,-7.0,0,2026-06-06 10:57:07,1-4a623a9e-9444-4d67-8105-d51cb881ec2b
-0.026,-1.78,0.98,0.0,1,2026-06-06 10:25:21,1-7fa597f6-595a-4945-af2b-db1060803e61
-0.084,-3.58,-1.56,-1.0,1,2026-06-06 09:48:27,1-eccc5aff-5aa0-4201-82ab-329d1ef0ff49
-0.014,5.26,-0.54,-7.0,0,2026-06-04 19:11:56,1-8bdfb5b9-595d-46b1-b999-f00c5100b6cb
-0.006,-1.04,-3.76,5.0,1,2026-06-04 17:04:55,1-77db6f26-f842-4352-b250-56b480e028f9
-0.168,-6.02,4.42,-18.0,1,2026-06-03 20:40:40,1-9a6d4968-921a-4dcd-985c-f20fd42e5642
0.02,0.56,-2.68,-11.0,0,2026-06-03 20:02:56,1-a9239c34-f051-44bf-acd5-5a9176edf303
0.01,-0.32,2.92,-4.0,1,2026-06-03 19:21:01,1-29cdc119-78fd-4800-b50a-557642f00a14
-0.034,-1.08,-5.34,2.0,0,2026-06-02 16:01:48,1-498d546d-ab5e-405b-83e9-e69d1eabb925
-0.072,-4.12,8.22,-8.0,0,2026-06-02 15:27:23,1-fa1dc85f-beba-46e5-8229-cc33294b0b31
0.036,-1.32,-2.44,5.0,1,2026-06-02 14:47:16,1-c6c8e43f-ecf2-426b-80ae-b61687e5af24
-0.022,0.14,-5.42,-9.0,1,2026-05-29 21:04:55,1-b4367fc7-5f5c-45e6-8723-5658bae2c54b
0.048,0.18,-2.1,-7.0,0,2026-05-29 19:50:00,1-19d39cd7-800e-42fc-a754-dd5a6fb525b1
-0.124,-4.96,-9.46,-12.58,0,2026-05-29 16:55:57,1-abb8724d-98a6-4e0f-92e9-9688b86e62ba
0.066,-2.96,4.2,4.24,0,2026-05-29 15:54:55,1-164704e1-9160-4505-9ffb-4c54043bb8e4
-0.078,-2.2,-6.88,-10.34,0,2026-05-29 14:57:12,1-a9ef8231-acda-4916-9bd2-441d90c3ef11
0.152,3.54,1.86,8.1,0,2026-05-29 14:01:21,1-fd0a500c-f9c5-4245-bc3f-461d30728827
-0.076,-0.04,-5.74,3.0,0,2026-05-29 13:13:54,1-4dac0be6-4b24-40aa-9d9a-507e207084fe
0.054,4.12,-6.26,-3.12,0,2026-05-29 12:14:11,1-d475a1ad-88f6-4e97-b708-aecab5e20cbf
0.134,4.58,3.0,6.0,1,2026-06-04 21:38:06,1-4aa91df0-8b1a-411f-ba7c-bfbe36bd144a
0.026,1.22,0.0,-21.0,0,2026-06-03 23:29:30,1-de837866-9200-4e82-935f-1c1b661e8925
-0.028,-0.54,-2.98,16.0,0,2026-06-03 22:57:48,1-d10c8349-0dee-4229-be48-650e7cf1ef14
-0.036,-4.12,5.08,-18.0,1,2026-06-03 22:26:35,1-b047bc19-58ce-4ce9-a21c-16e2d0bfc4fc
-0.106,-4.2,1.24,-26.0,0,2026-06-03 21:51:21,1-f092e9c4-623b-442e-b74d-0c3a6dffe942
0.106,-0.94,3.06,4.0,1,2026-06-03 15:18:37,1-11994c17-9095-47a3-9f4a-b53763a9b38c
0.036,4.12,-8.8,1.0,1,2026-06-03 11:17:03,1-a6596a1b-4af9-448d-987b-9e73c6abd607
-0.114,-5.48,-1.98,8.0,0,2026-06-02 18:12:31,1-45c32e12-ac9a-4062-ae7b-33ea0415b2f5
0.152,1.44,2.02,6.0,1,2026-06-02 17:24:21,1-cc05e2b0-a025-4a76-8d82-5bf294dcc651
0.12,3.04,-0.34,8.0,1,2026-06-02 14:02:13,1-7912b0da-7263-463b-94da-70d421325e18
0.01,-3.68,-0.64,-10.0,0,2026-06-01 20:44:45,1-bbb113cf-6335-40b8-8c7f-519bf3e76ed3
-0.106,-7.76,3.42,-2.0,0,2026-06-01 20:02:50,1-8d44b13e-fa96-4afc-af2e-08fcb8a6117d
-0.024,3.02,3.8,2.0,1,2026-06-01 18:57:29,1-426ffb8b-91a1-48d9-b455-1ee1c306d151
-0.124,-7.38,0.5,9.0,0,2026-06-01 18:01:12,1-6030735f-2bfa-4b87-87da-bead8e640c4e
-0.198,-8.48,4.22,-9.0,0,2026-06-01 17:24:43,1-98d40a4f-ec71-4e02-b97f-2fdfbb44e007
-0.182,-5.58,0.6,-9.0,0,2026-06-01 16:54:40,1-ff5fda71-1766-4772-9dae-d3737a8c095e
0.018,1.34,-5.34,-14.0,1,2026-06-01 14:36:54,1-296f8144-6415-435a-849a-82e869432523
0.042,1.4,-6.2,-3.0,1,2026-06-01 13:51:05,1-470b26ed-321e-4019-89d8-9d6ae740887d
0.042,5.48,-2.08,4.0,0,2026-06-01 12:45:58,1-3932ded5-3567-4c72-a67a-2faa411be44f
-0.004,-0.66,2.62,-5.0,1,2026-06-01 12:04:47,1-93b4252b-a26a-4ca0-9801-cced7f85be95
0.022,-0.04,-0.36,-1.0,0,2026-06-01 11:16:32,1-4fcbd144-94c8-46df-89c6-2b2dd66a80f3
-0.046,-1.88,3.2,4.0,0,2026-06-01 07:51:06,1-b64ab117-fcee-4485-abbe-66b78645b699
0.106,4.74,-1.98,10.0,1,2026-06-01 06:06:46,1-971df35d-205f-4e1a-b8cd-e14132bc4598
-0.1,-0.74,1.42,-7.0,1,2026-06-01 04:57:04,1-a1101979-b6f7-434e-87cd-662bd29e0bce
-0.044,-2.66,5.3,-4.0,1,2026-05-30 21:12:03,1-3d13d6de-75c8-4fc5-904f-85187571e2d1
0.098,3.36,-7.12,-2.0,1,2026-05-30 20:22:05,1-02f094de-16d0-48cc-8ee4-88ed507277ae
0.204,3.16,-7.88,16.0,1,2026-05-30 16:32:25,1-aed1bb67-eddd-432b-b564-2b888cca065e
-0.116,-3.9,0.82,-10.0,0,2026-05-30 15:49:16,1-19a4e4f5-b996-4c39-95e2-1af4b6338127
-0.036,2.1,3.46,-8.0,1,2026-05-30 14:37:36,1-e01121cd-faa3-4f6b-bd75-1967b2e49930
-0.146,-3.4,6.96,-14.0,0,2026-05-30 13:51:05,1-5a1152d4-8b1b-4927-80ef-fd288b1a0a9b
-0.13,-7.7,-5.94,-1.0,0,2026-06-04 08:57:43,1-698dd5eb-40d9-4817-96c8-7fc9a0938895
0.096,5.18,-0.7,5.0,0,2026-06-03 18:28:17,1-5034cada-adf1-4043-9e28-9f060726fea1
-0.008,0.5,3.0,-13.0,0,2026-06-03 17:46:51,1-55154ea3-d401-4680-a5e4-2a209bc475c4
-0.14,-8.72,-2.56,-12.0,1,2026-06-03 16:59:28,1-98c9db25-0282-4858-b37c-09b6e9af93e2
-0.042,-5.98,1.28,3.0,1,2026-06-03 16:25:24,1-adecce3a-0843-450e-97df-91cc637cb4b3
-0.138,-1.22,2.48,-7.0,1,2026-06-03 15:46:42,1-be47672a-58db-4be2-9a29-0106f8a955cf
-0.03,0.94,5.7,1.0,0,2026-06-03 15:12:05,1-e35a1303-01e0-49a5-b28a-6ec0d56581e8
-0.11,-9.48,-0.46,5.0,0,2026-06-03 14:27:48,1-8b0c26ea-3ed5-4fde-8779-3ceaaf80168d
-0.002,-0.08,5.76,-2.0,1,2026-06-03 13:47:25,1-6b492c9e-61ad-4047-a33c-1b0713f59bec
-0.006,1.14,-3.42,3.0,0,2026-06-03 13:08:24,1-54ed7720-d8e1-47d5-9d63-b7261c0f6ac8
-0.102,-3.0,10.96,-5.0,1,2026-06-03 12:33:56,1-962b8171-7550-468b-bc95-229a25a2c33d
0.002,1.08,1.46,-7.0,1,2026-06-03 10:52:49,1-257d79d4-1260-423b-876b-2492af7d98f6
-0.002,4.32,1.3,0.0,1,2026-06-03 10:15:05,1-dc661333-a960-4c50-a276-83a1127b0afe
-0.026,-4.84,-3.82,1.0,1,2026-06-03 09:21:10,1-282b6675-54eb-4ac5-82b6-6c5a72831480
-0.002,-3.2,4.74,2.0,0,2026-06-03 08:45:18,1-acabd829-3d44-481c-99b5-78534bd99606
-0.016,-1.5,-2.82,-1.0,0,2026-06-03 07:41:11,1-2727b965-fc37-40ff-86f5-7909e3584890
0.048,5.98,-3.42,6.0,0,2026-06-03 07:03:45,1-3c571b0b-a7f4-43ff-a11a-5f43ed4648d4
-0.15,-5.68,-4.08,-2.0,0,2026-06-03 06:18:26,1-fe28da24-ccff-42dd-bee3-541371f04815
-0.028,-5.04,0.52,12.0,0,2026-06-02 17:17:02,1-4c5291d8-0fc0-43be-8424-4ec948113019
0.034,1.84,-5.26,8.0,1,2026-06-02 16:42:43,1-dd3a680b-2f67-4ed7-a46c-407c2289946d
0.052,-2.42,2.26,0.0,0,2026-06-02 15:59:43,1-70c1c189-0a07-4828-8fa6-d2f88243dd6f
0.082,4.22,4.2,4.0,1,2026-06-02 13:51:05,1-ed9547b0-38a3-4695-a633-1f7286f69afa
0.038,1.32,0.34,2.0,1,2026-06-02 13:13:11,1-ec76a99d-140b-498f-9d13-4cd4636e363c
0.11,4.44,3.5,9.0,0,2026-06-02 07:53:01,1-8763e7c8-e943-4c25-b762-a1787e7ada47
0.012,3.18,0.84,-2.0,1,2026-06-02 06:52:34,1-6a1e102c-5fb6-4c8b-bab0-e421b2e6b6b0
0.058,5.22,0.26,-2.0,1,2026-05-30 18:30:47,1-1c5c62c3-3bcb-4425-b243-81e4593a77bb
0.072,5.06,0.22,5.28,0,2026-05-30 17:18:43,1-a6b4a9e0-3a85-48de-a109-faa4f1878264
-0.032,1.76,-1.02,-5.66,1,2026-05-30 16:37:24,1-92ba4133-ab4d-4157-a600-1fcd73cc1937
-0.068,0.9,-3.82,1.0,1,2026-05-30 15:57:21,1-8f7c2c29-e81d-460b-a5f0-3ef0c3160851
-0.002,-1.0,1.84,-2.0,0,2026-05-30 15:00:35,1-9910b9c1-cc91-4e2d-a8bc-904e86738a56
-0.08,-8.02,6.26,10.0,1,2026-06-02 03:05:56,1-2c8f7020-67a8-4b41-9306-cf5359ffc6f5
0.08,10.94,7.72,6.0,0,2026-06-02 01:45:06,1-c16a1d0e-95fb-4549-b977-63ed2b061b14
0.066,1.84,-0.84,-3.0,0,2026-06-02 01:14:30,1-1e340cd5-808d-4775-b79c-360736fce224
-0.004,0.1,1.4,-2.0,0,2026-06-02 00:36:58,1-60eb8a26-3180-4251-b82c-17f58e4b1c87
-0.002,-1.48,-0.24,-1.0,1,2026-06-02 00:08:54,1-2878c8c0-6666-4bad-a221-265be71ba6eb
-0.086,-6.12,-4.14,4.0,1,2026-06-01 23:35:59,1-59fe6961-b942-4c24-b7ac-584957c9f022
-0.012,0.8,2.94,4.0,1,2026-06-01 23:06:42,1-22fdbbe0-b7ab-4d72-9952-dc680e1fec89
-0.002,5.08,-4.98,4.0,0,2026-06-01 03:39:50,1-a5b81f7e-6f9c-4050-be28-128fbf0cdc10
0.086,-1.68,-3.3,-13.0,0,2026-06-01 02:16:54,1-7480ba6b-21b3-45bd-9063-831b820e80b1
0.156,6.72,-1.92,3.66,1,2026-06-01 01:37:29,1-14fd8d37-39c6-4c73-b31a-8eab62844a38
0.132,5.18,11.96,-7.0,1,2026-06-01 01:03:52,1-809cea37-c42c-4120-99e5-9983dfcf1d88
0.262,13.22,3.86,5.5,1,2026-06-01 00:18:59,1-236fa3e9-5ff6-4124-b4c8-cb14f1bb12d2
-0.114,-4.42,3.98,-9.0,0,2026-05-31 23:43:36,1-27ba4bf9-3cd3-4e9a-8193-d40c3cc9b8bf
0.134,10.4,4.18,6.0,1,2026-05-31 23:11:43,1-f39ee5a1-7a18-47e0-93c9-ed52cc1dc667
0.058,2.9,0.08,4.0,0,2026-05-31 17:43:26,1-3877fd4a-04b9-4fbd-9b1d-92e5edb16403
-0.002,-1.96,1.62,4.0,1,2026-05-31 17:09:58,1-97f05d6a-db50-4b32-b952-471ab3c15b3e
-0.126,-6.7,0.52,-12.0,1,2026-05-30 22:06:35,1-c5d13b05-c590-4c4d-9963-73e9e1fa55ed
-0.06,3.22,4.16,-3.0,0,2026-05-30 21:20:50,1-cad06472-6585-4106-b18e-34e78cf19217
-0.016,-1.9,-5.9,8.0,0,2026-05-30 20:43:35,1-1c27b3aa-2841-4ddf-8d4b-9784783aefc1
-0.048,2.04,1.82,2.0,0,2026-05-30 19:51:18,1-da069f4c-6e74-4227-86ce-4d88fcf5d6c8
-0.052,-0.08,-5.92,-9.0,1,2026-05-30 19:11:45,1-6ff73d07-4c95-4962-85b1-75092c3bd280
-0.126,-3.54,4.8,0.0,1,2026-05-30 18:31:32,1-e7f82fb9-aada-4fbc-9c0b-a33d8afe9429
0.044,0.92,-4.36,8.5,1,2026-05-30 17:47:32,1-56a121ba-6e8b-4132-a692-fb5ecdc3de15
-0.078,-2.76,2.2,-6.0,0,2026-05-26 22:46:29,1-bf3aea93-df34-4b06-be86-bef19ac1a8b1
-0.058,-3.14,1.88,-8.0,0,2026-05-26 21:47:26,1-742b9c44-df59-4b55-9e25-841d3bf3ca51
0.146,5.96,0.16,2.0,1,2026-06-06 21:09:15,1-618f252d-cde4-4a38-975e-52d869f47b5d
0.136,12.02,-5.04,4.0,1,2026-06-06 19:40:55,1-f26c304a-43a0-40ad-bf6c-8869b3256dfd
0.036,4.24,2.64,-2.0,1,2026-06-05 19:36:56,1-826a3c68-d452-4ad6-a040-2fd47befe05c
0.032,-1.32,3.74,2.0,1,2026-06-04 20:05:11,1-227dbc80-4778-4fc8-bd4e-d854b9d71e5e
0.166,8.6,-5.38,10.0,1,2026-06-04 19:15:24,1-923cd81d-e775-4e3f-b40c-ebeb55d99299
-0.138,-2.3,2.7,-4.0,0,2026-06-03 20:17:43,1-03343cdd-695e-48d3-b0e0-1bad9108fa97
0.03,2.96,-1.8,5.0,0,2026-06-03 19:29:36,1-743a29e6-71ad-4cc8-86d3-aad84ebfa110
0.106,0.3,0.46,5.0,0,2026-06-02 21:14:46,1-d9680f7f-82e5-48e1-98c4-c6020a7ba482
-0.114,-7.56,-0.04,2.0,1,2026-06-02 20:19:54,1-22c858a7-7613-4379-981e-eddd86e895eb
-0.14,-8.3,4.82,13.0,0,2026-06-02 19:38:40,1-7302956e-dc68-4baa-9e2b-980bf4cecdf5
-0.044,-1.8,4.6,-14.0,1,2026-06-02 15:25:29,1-c36f6765-f645-46ac-a7d5-851a3a1d146f
-0.008,-1.54,3.46,0.0,1,2026-06-02 14:38:04,1-697c3ac3-0778-488d-95c1-1c7d52eb2f4b
-0.048,-4.82,2.1,-1.0,1,2026-06-01 20:51:40,1-e18253fe-69d5-4e66-bb88-2d1ee24bb7d4
0.14,5.28,-1.0,17.0,0,2026-05-31 20:53:52,1-7c727f1b-cf0e-4184-b84c-4c220f7f1e9f
-0.076,1.02,-1.58,-7.0,1,2026-05-31 20:22:31,1-643fb626-7b12-47b2-b04e-9415bafc7b8c
0.002,-6.22,2.48,10.0,1,2026-05-31 19:29:58,1-c5b89357-3260-43c4-9fe9-8e4d35796b45
0.014,-0.36,-0.5,-4.0,1,2026-05-29 17:47:56,1-acaf5dc8-bde2-4665-9d2d-23508c9aa324
0.05,1.68,3.72,4.0,1,2026-05-29 12:58:03,1-a846fce6-f5a2-474c-a6cd-e854b07d6a67
-0.104,-6.18,-3.62,-3.0,0,2026-05-29 12:14:18,1-0cf313b6-9eba-4897-bdd1-6723cee132b6
0.082,-1.54,2.38,-7.0,1,2026-05-27 16:36:21,1-e2b24d7c-fefc-4d21-a342-578f90731d6a
0.08,6.06,0.34,9.0,0,2026-05-27 15:43:46,1-3e0c3475-1f43-4144-9f32-e1ee4aaf8092
0.108,1.9,1.76,0.0,0,2026-05-27 14:34:15,1-7a2ce14d-3fe2-415f-8338-7a20282764d2
0.03,-1.76,-6.68,1.0,0,2026-05-26 19:05:33,1-037044f2-47b6-4e01-94e2-3c10f7a5e7f0
0.018,-4.38,-5.56,4.0,1,2026-05-26 17:42:54,1-06684983-6975-4c88-a43e-64865ce299a8
-0.012,-0.7,2.4,-1.0,0,2026-05-25 19:42:45,1-d2721a3e-8673-46f5-9a52-e8ccb40eb73d
-0.008,-0.96,-2.52,2.0,0,2026-06-06 21:39:36,1-895aa47b-394a-4766-b5ed-116be90ace78
-0.098,-4.9,1.18,-14.0,1,2026-06-06 21:01:22,1-02399ef4-3447-4780-8988-9186cf292a38
0.042,-0.26,-1.36,4.0,0,2026-06-06 20:16:15,1-8aa305a6-5c0a-4a6b-8ce5-eca4e6ef9051
-0.006,4.08,-0.5,-12.0,1,2026-06-06 15:54:50,1-d428a082-8bcc-49e1-8e43-8691b44f4766
-0.02,0.34,3.34,10.0,0,2026-06-06 15:15:20,1-e6d55b98-aab4-433a-bc9a-bbdcd48367e4
-0.19,-8.82,-1.38,-15.0,0,2026-06-06 14:35:37,1-fe64924e-04d4-421c-a1f4-aa138b835c39
0.0,1.02,0.84,5.0,1,2026-06-06 01:54:45,1-abedc339-2652-4aaa-9064-c4cae9d26ad7
-0.056,-3.44,-10.86,-3.0,1,2026-06-06 01:08:32,1-41c90270-53de-4559-a536-3842e02d7307
-0.208,-14.04,-4.8,-17.0,1,2026-06-06 00:06:44,1-638208b5-b85d-4531-ad78-5bd435011522
0.052,0.44,4.52,4.0,1,2026-06-05 23:14:44,1-da00f154-a8f3-4156-9f60-28d12b482932
-0.098,-3.38,-3.6,-1.0,0,2026-06-05 22:35:56,1-bf5d8a2a-0d26-45af-91d5-279178519eef
-0.08,-9.56,-0.52,12.0,1,2026-06-05 18:56:10,1-9adc1a3f-958f-4619-9470-7ada2cce753b
0.15,4.06,-6.94,3.0,1,2026-06-01 20:59:27,1-f44428b4-2438-483e-ad98-9bd32ae7b89a
0.056,1.48,-6.28,1.0,1,2026-06-01 20:12:56,1-be5eeb9e-2ba3-43a0-ac31-23320b94287c
0.054,0.74,5.4,9.0,1,2026-06-01 19:30:13,1-10e7328f-9e13-4d05-a708-cd181e317ece
0.03,2.82,-6.12,-9.0,1,2026-06-01 18:51:26,1-76b636ef-2b4e-47e5-aaa0-25d0a49eb8d4
-0.006,-2.08,-2.88,8.0,0,2026-06-01 18:11:17,1-2dfd1c85-9835-4fa3-8b07-8228e7a817a5
-0.03,-1.72,3.42,-12.0,0,2026-06-01 17:28:51,1-18cf89b9-2370-4d07-919c-11c09388ccde
0.018,2.9,-4.82,7.0,0,2026-06-01 16:47:31,1-2cebc2b2-1904-4a0a-9d14-43567eb1ccd8
0.016,1.18,3.2,5.0,0,2026-06-01 16:08:38,1-d8ba9ba0-7651-4d32-ae93-08296db43248
0.026,0.68,-3.14,5.0,0,2026-06-01 15:33:44,1-6a0ad60c-f880-4b65-8d8f-da10630924cc
-0.01,3.14,4.14,-2.0,0,2026-06-01 13:25:33,1-94080d25-480b-4fc2-b9e5-d2f127917996
0.078,2.26,-5.34,4.0,0,2026-06-01 12:43:26,1-d5879658-29c9-4c34-8b17-fc8c43bbce12
0.046,-6.94,-1.64,-2.0,0,2026-06-01 11:56:42,1-e37b79df-9065-4b6f-a18b-69c5acdf4f35
-0.046,-2.84,2.26,1.0,1,2026-05-30 19:16:11,1-c1bb7feb-27a5-461e-8028-2985ce281cf9
0.062,4.06,-4.82,2.0,1,2026-05-30 18:24:24,1-12745262-fdaa-4d02-87ad-60fad59cd639
-0.012,-0.46,0.66,-3.0,1,2026-05-30 13:08:22,1-e9df5ea0-c5c4-4300-b7ad-b3397c6445ae
-0.23,-8.18,-0.86,-12.86,0,2026-05-27 18:53:29,1-2cf15b26-4d5e-447b-b557-419135f9e019
0.144,3.62,1.6,-2.0,1,2026-05-27 18:20:40,1-c1b7831d-e3b2-4ef7-9556-913276597610
0.058,6.18,-2.74,8.76,1,2026-05-27 17:35:46,1-1272652d-db43-420c-8410-8c00d4693881
0.018,-2.02,1.06,0.0,0,2026-06-06 22:17:40,1-e985268c-1a9d-4482-8961-afe592035698
0.078,3.06,-1.22,2.0,1,2026-06-06 21:30:22,1-cbbf1946-21c6-46ea-ad34-76bb9d83d98c
-0.01,-1.84,-2.46,8.0,0,2026-06-06 20:56:13,1-6635ff1b-6b01-4828-9854-5af72fb9bbd9
-0.06,-6.54,-2.48,-6.0,0,2026-06-06 00:46:35,1-4b48c82f-a0c5-4760-8062-36e42042ec31
0.004,-4.5,-2.2,-2.0,0,2026-06-05 22:43:58,1-26845ec0-0cdf-47b3-9da9-4b4a8e634772
-0.09,0.02,2.24,1.0,0,2026-06-05 21:58:50,1-e0fda695-9fda-4aaf-94e2-a1031702ae6d
-0.112,0.88,2.24,5.0,0,2026-06-05 21:26:43,1-eb36efc5-f20d-4a94-a275-bb1503024541
-0.11,-1.6,1.46,8.0,0,2026-06-05 20:41:12,1-124b39fa-ccd6-4a79-ab45-3fa9b0bee6d7
0.028,0.7,0.14,-8.0,0,2026-06-05 02:12:42,1-9d1364f9-9034-48b5-b6c8-b7495ed097e5
-0.156,-7.5,-5.48,0.0,0,2026-06-05 00:57:42,1-95464f64-a4de-495f-a23c-e84ace28af8f
0.11,6.84,1.3,7.0,1,2026-06-05 00:17:33,1-15434a2d-6f4f-4982-990e-d5916075831e
-0.04,-7.78,3.16,8.0,0,2026-06-04 23:36:00,1-da6f91fd-e4c7-44c8-a2a7-b6b4458e7776
0.026,0.68,-4.26,-3.0,0,2026-06-04 22:16:03,1-3948166a-9e9f-4ca5-839f-87dcd079f464
-0.016,2.26,3.6,-4.0,1,2026-06-04 21:34:41,1-45850ef4-d60d-4522-a6d2-99e4ff5c0d32
0.044,0.48,-11.66,3.0,0,2026-06-04 00:34:01,1-78c68fef-8356-42c7-a312-1e887c953538
-0.088,-0.86,1.06,-9.0,1,2026-06-03 23:36:01,1-7744f952-8be7-4ebe-a222-212574047fe9
-0.028,-2.32,4.66,-6.0,1,2026-06-03 23:00:16,1-d380a59e-20f7-4f86-9c0e-7a959987ff58
-0.226,-14.82,-14.68,-12.0,0,2026-06-03 22:27:27,1-59fe6bd8-da85-4e3b-aeb6-20a82146c697
-0.032,-6.48,-2.98,-5.0,1,2026-06-03 21:36:55,1-c7b8bc9c-d4e9-4d2d-9196-9c6fd49490ad
-0.102,-6.5,6.54,2.0,1,2026-06-03 20:50:44,1-97756b12-3459-4b27-8bbe-ce0998de28a2
0.102,4.86,-1.14,-10.0,1,2026-06-02 23:58:49,1-90722963-55f3-46d7-8059-0578768eeddb
0.002,1.34,2.74,5.0,1,2026-06-02 22:25:58,1-8654eb4b-9eda-42fa-84c8-2391c9d6c51c
0.212,7.8,0.56,2.0,1,2026-06-02 21:29:30,1-e7c0bcd7-1e0c-4234-988f-482ffe32200f
-0.004,1.26,1.46,6.0,1,2026-06-02 03:25:54,1-08d741d0-7ff8-4a7e-8545-0c1d70932e08
0.03,1.12,-0.48,-3.0,1,2026-06-02 02:09:58,1-0fded859-8fa6-4726-beb0-0431beed84dd
-0.096,-4.82,3.34,-7.0,1,2026-06-02 01:26:15,1-7951ee7a-02c9-4ad4-89a3-8d1771296f07
-0.092,1.18,-5.74,-2.0,1,2026-06-02 00:40:26,1-0a7fb5b3-8876-44c1-8371-7fda898e8a7b
-0.026,4.28,0.44,-2.0,1,2026-06-01 23:57:31,1-1b810ab2-3127-4684-8848-0ef7613ce456
-0.072,-6.88,-2.1,-3.0,1,2026-06-01 23:09:49,1-67f9118d-953b-43c5-a2d3-e58358806580
-0.17,-8.56,9.46,-11.0,1,2026-06-06 15:32:38,1-4bccfcea-4d18-4e8d-9269-ffa59bd94c3e
0.15,4.78,-2.48,16.0,1,2026-06-06 13:49:29,1-ebe0345a-48d2-4799-b0d5-a470c7a25f58
0.268,10.26,2.62,22.0,1,2026-06-06 13:26:06,1-1a39a6c2-13b9-4908-b636-edef0999ef89
-0.028,-5.1,-6.36,5.0,1,2026-06-04 00:42:40,1-a1d70c24-203b-42ce-97dd-f98744de6a08
0.032,4.22,6.5,11.0,0,2026-06-03 23:30:27,1-a70a527c-5d47-4846-a26c-bed08a980a09
0.03,-0.3,4.68,9.0,0,2026-06-03 00:07:39,1-63f5e327-b042-4184-ae1a-ca6544fd6b8c
0.076,5.04,-1.12,3.0,1,2026-06-02 23:27:11,1-54a75549-a58f-45f2-b74c-1c6df61e1a1d
-0.156,-4.82,6.84,2.0,1,2026-06-02 22:34:10,1-4f940380-e4b4-40f7-8243-25eddb2419d6
0.054,1.9,-3.58,-9.0,1,2026-06-02 21:34:26,1-dfa51e1e-ebf8-4ad8-8af8-fa1bd73e0853
-0.12,-4.52,10.4,-1.0,1,2026-06-01 21:50:58,1-7e6a3dc9-a924-4d25-b7ad-fef8a9a96a78
-0.104,-2.22,-2.64,-8.0,0,2026-06-01 21:03:31,1-4de33374-d5c3-4ec9-81b5-68427d4f0b39
0.022,-5.02,-5.7,4.0,0,2026-05-29 22:44:37,1-cd683cc9-95ad-4529-81db-07c7409e0ad7
-0.11,-5.62,3.06,-12.0,1,2026-05-29 21:52:00,1-ad563a33-ef0e-41c0-8bf4-2138e2742e5f
0.01,5.26,-5.02,0.0,1,2026-05-29 21:12:38,1-1fc04627-8b86-475d-a3b2-a4f8940d594c
0.118,7.88,-2.02,-6.0,1,2026-05-26 21:42:35,1-66d58f52-dce7-4d66-97bc-3711e6f3525d
-0.05,2.5,-1.02,-14.0,1,2026-05-26 20:37:49,1-d27a8d8c-4380-4f86-90d0-7a129c43fb2d
0.006,-0.4,2.84,-6.0,1,2026-05-23 00:06:11,1-c73b5894-33f2-4b96-9359-8d78c21e47af
-0.12,-5.08,4.48,-1.42,0,2026-05-22 22:32:20,1-00f8c262-28d9-445c-9d70-79a65c628be4
0.028,-3.66,0.64,2.0,0,2026-06-02 22:51:55,1-6b26f32e-fe17-48f0-9ed3-1fcaba8af81c
-0.084,-1.88,10.26,-10.0,0,2026-06-02 21:26:00,1-b2424b50-da64-4b76-8f60-c8ae1154b5c1
0.206,7.44,-6.0,30.0,1,2026-06-02 20:50:05,1-84c1c0b5-5a31-49b9-a340-3e920cc65aa2
-0.122,-4.8,5.72,-14.0,0,2026-06-02 19:06:55,1-cc7c8df0-c556-4706-a3f8-f1407abe203c
0.14,7.64,-1.14,4.0,0,2026-06-01 23:24:50,1-9e35475c-5ef9-4439-a2f3-40aab0a10520
0.082,3.84,-1.14,10.0,1,2026-06-01 22:26:08,1-d5d48e20-adb6-432e-aee4-1a16f7f170c8
0.064,-1.56,-7.2,7.0,1,2026-06-01 21:42:07,1-95e7e2fd-ab5f-4f60-a124-6a06f2871e05
0.046,3.12,-3.22,-2.0,0,2026-06-01 20:53:28,1-14477e9a-2b6a-4cb0-a9ff-da0fe4ae6598
0.02,-0.7,-8.42,-3.0,1,2026-06-01 16:24:19,1-46383966-9714-4c75-a9fe-7336f07ab80c
0.138,9.6,-3.96,-2.0,0,2026-05-31 22:56:17,1-8db56950-17e2-4ece-87b1-c4241d583b93
0.036,2.78,6.64,-2.0,1,2026-05-31 21:27:16,1-bc7b41c0-e695-4647-96a2-cc0e01a42437
0.0,1.72,13.44,-3.0,1,2026-05-31 19:30:37,1-ba9cfb8e-4e6a-4ea0-9e1e-cc27805cf4db
0.048,3.12,10.8,0.0,1,2026-05-31 18:24:16,1-57439f3d-9b55-4058-83a4-ed8ba68a9d39
-0.052,1.7,4.24,-5.0,1,2026-05-31 17:34:11,1-5832f06f-16ba-46c1-9fb7-0b9e1e70a778
-0.034,-3.0,7.94,-9.0,1,2026-05-31 16:51:48,1-69ad4d6e-6a20-4b92-8dee-94bbe1896f38
0.062,4.32,4.3,3.0,0,2026-05-31 00:02:24,1-ad0bbaed-3813-4140-b1ff-2f0e8edde1d6
0.134,8.6,1.06,6.0,1,2026-05-30 23:16:47,1-4e8d4305-f7a4-46da-9616-ba671d183c14
0.25,12.84,4.74,-4.0,1,2026-05-30 22:43:59,1-a74be1c7-2811-47dd-98ae-1c1924ddded1
-0.066,2.12,-9.1,-2.06,0,2026-05-30 22:12:36,1-05488441-7265-4cc6-8189-c9a1d6acc454
-0.238,-14.44,13.14,-10.0,1,2026-05-30 17:35:07,1-fdb6e3a1-67b4-4046-afb8-9e7eab8d5e80
-0.016,1.24,4.0,-13.0,0,2026-05-30 16:50:44,1-ea92a3ee-9bb3-4d04-9317-4e45dbd2ba33
-0.168,-4.1,8.56,-14.0,0,2026-05-30 15:58:58,1-631cd7e4-2945-4238-b389-089181fe9b24
-0.008,1.5,7.98,0.0,0,2026-05-30 15:19:07,1-0d31d91c-a374-4349-ace0-01f15b13d172
0.15,9.78,-4.0,5.0,1,2026-05-30 14:42:34,1-08aecd75-59e2-40f1-9ef6-c76aaff3c9e0
-0.024,-1.86,-2.18,-1.0,1,2026-05-30 00:07:21,1-a3338da3-55ae-4e45-a1a9-821b68aef956
0.12,-4.4,3.22,11.0,1,2026-05-29 21:47:42,1-c019ce04-d39f-4095-8103-031fb7f93883
0.106,4.78,9.76,20.0,0,2026-05-29 20:07:39,1-de14160f-45eb-409e-95b5-cfc2e5c5425c
-0.014,1.28,3.72,-0.88,1,2026-05-29 19:31:03,1-b25b47be-fa88-461c-8f94-ed35361c9300
0.014,-1.5,-2.44,-2.0,1,2026-05-29 18:59:51,1-e2e7f271-617b-4b1a-a11b-8e38cf44b256
-0.054,-0.56,0.58,-15.0,0,2026-06-04 21:17:39,1-61372c36-986d-4a27-8755-f2bd9fce4273
0.03,-2.18,7.28,8.0,0,2026-06-04 20:36:45,1-1a67d737-7340-4d90-8eb3-f0d66f75a7ba
0.098,9.22,1.14,-6.0,0,2026-06-04 18:52:57,1-549e634c-b191-4929-b2e7-c5cdb790e7a6
-0.122,-5.44,-0.82,-12.0,0,2026-06-04 17:55:38,1-40b57d91-18d6-48e9-a67b-48a2ef0b1ba8
-0.056,-2.34,-4.04,-5.0,1,2026-06-04 17:16:02,1-e8b3cc7c-5a58-425e-b39d-24dcd85f9c4f
-0.054,-1.52,2.04,-5.0,0,2026-06-04 13:24:59,1-e0658a88-ef16-4289-9fe5-9649b1c43da2
-0.074,-0.34,4.14,-2.0,1,2026-06-04 12:19:35,1-66b6d53b-da37-46ef-a769-75b1c02af9d9
-0.158,-6.52,-6.68,-2.0,0,2026-06-04 01:19:39,1-e1ab32d0-1d80-42a9-8097-60b5c34c19c3
-0.08,-1.12,-0.74,-2.0,1,2026-06-04 00:27:38,1-126c5ffe-8414-401c-9246-f14b9d24d307
-0.062,-7.42,0.44,-4.0,0,2026-06-03 22:35:16,1-5e4b83de-03a8-4a6d-812a-f63a5ec5c62b
-0.1,-5.32,-5.46,7.0,0,2026-06-03 21:24:10,1-11da7dd7-3c88-457d-8cf1-f882728c49f3
-0.048,-2.6,-1.98,-8.0,0,2026-06-03 19:51:56,1-992da035-613c-4c7f-9d6e-d0bb36faf0eb
-0.054,-4.56,-6.46,3.0,0,2026-06-02 22:44:33,1-85e3b1cf-f387-4398-8c66-b4f9cf4f357c
-0.03,-2.14,4.0,-9.0,0,2026-06-02 21:22:29,1-b09bb1fc-b461-4571-be0f-dc503a78683c
-0.016,1.04,2.0,2.0,1,2026-06-01 21:18:32,1-5f58e003-ee32-4522-bd08-589d5be91ddd
0.028,0.04,3.54,-4.0,1,2026-06-01 20:26:45,1-ef1464fe-50f7-449e-bafe-3364fd9cfb03
0.036,3.5,-0.14,0.0,0,2026-05-30 17:09:15,1-f3284913-be9b-47e6-bb06-0f8b13814482
-0.004,-2.22,2.04,-10.78,0,2026-05-30 15:59:55,1-dfd32116-1cde-4ee1-bd98-ee606e9d3431
0.036,-0.76,-7.52,-6.0,0,2026-05-30 15:20:11,1-bfcf128e-0c50-405e-af64-0a3999ad77b9
-0.018,1.24,2.16,0.0,0,2026-05-28 17:50:32,1-129d877b-229c-4c66-80e7-1ce27442a68a
-0.112,-10.12,-0.54,-2.0,1,2026-05-28 12:13:21,1-6693c1b7-e3c0-41e9-ad38-61e6d86a1164
-0.166,-5.18,6.78,-10.0,0,2026-05-28 09:20:28,1-3054159f-ff30-4339-b7ad-228cbf1453f3
0.226,12.0,-5.02,9.0,0,2026-06-06 21:31:32,1-99632c72-5d2f-45cf-977e-f5e66a5a6629
0.02,1.36,-2.9,0.0,1,2026-06-05 19:43:02,1-786f8ff9-eee7-44df-9ccb-e92e9f87ed47
-0.05,-1.98,6.94,-7.0,1,2026-06-05 13:53:53,1-609a7427-0c80-4aea-9ded-97c5ce60f2ba
0.172,5.16,-5.22,5.0,1,2026-06-05 13:19:33,1-24f8a2b1-6aeb-4a1f-8daa-e3662063d26b
-0.136,-3.9,1.66,-9.0,1,2026-06-04 21:58:29,1-063b9931-f5ad-4b0d-87db-95822a6be772
-0.012,1.34,-4.86,2.0,0,2026-06-04 21:05:46,1-94365d3c-467c-46e4-99e7-f824e3400d5d
-0.008,1.86,-7.78,1.0,0,2026-06-04 20:17:06,1-8287a93a-cb09-437e-add0-8e5632cd417e
0.076,4.76,3.42,3.0,1,2026-06-04 18:25:54,1-0b0e2b84-b588-42af-a32f-1fc4ab3ea57e
0.006,-1.64,0.6,2.0,0,2026-06-04 17:47:43,1-67b64683-921d-4d56-a158-9d9035aad322
0.024,-0.54,-5.62,1.0,1,2026-06-04 15:28:18,1-aff4ebb7-61c1-480b-bef7-79ba92697d41
0.096,2.0,-0.48,-3.0,1,2026-06-04 14:58:39,1-9a97452a-0a93-4664-8590-e50f9b4787e8
-0.006,7.92,-7.48,8.0,1,2026-06-03 15:47:56,1-ae73e21b-c289-4125-8def-423d9200a91f
-0.186,-6.12,5.3,0.0,0,2026-06-03 14:48:39,1-a5fad0d2-b031-47cc-9b67-9b925fdae155
-0.08,-7.64,2.22,6.0,0,2026-06-02 19:05:58,1-e6f59614-9881-4154-ae9c-87ba9087d867
0.036,3.84,-1.56,3.0,0,2026-06-02 18:30:15,1-d1202119-3021-443f-a3ee-eb17bb9cccaf
-0.034,-2.16,-2.16,-4.0,0,2026-06-01 18:45:22,1-ea67bfd9-38af-43e7-a64f-238ef879f59c
0.004,4.9,-0.1,-5.0,1,2026-06-01 16:21:19,1-4318e2d0-43b4-4372-819c-9a3b2f58e086
0.074,-2.04,-3.02,5.16,1,2026-05-30 18:58:28,1-0afd67cb-c913-4fc0-94a7-434a76149488
0.016,-2.34,0.94,-5.0,0,2026-05-30 18:13:42,1-2d1aa939-9ddf-4dc1-873e-f824663c7476
-0.052,-8.68,-9.1,6.0,0,2026-05-29 20:27:30,1-016b761d-870c-4f46-af49-e2f9067fd7c2
0.04,-3.06,0.46,6.76,1,2026-05-29 16:10:55,1-2f50240c-31c8-40ca-8e0c-42dad8d23a73
-0.036,1.28,-2.34,2.0,1,2026-05-29 14:53:44,1-83555bd7-3828-4dbb-b80f-90826dac29a9
0.15,1.88,-5.36,4.76,1,2026-05-29 14:18:05,1-de3306b4-dc37-404e-b0ec-62e1e69635fb
0.046,3.66,1.36,1.5,0,2026-05-28 13:57:20,1-57f4caba-1e3f-4249-ac08-b00827306408
0.044,1.24,-2.36,3.12,1,2026-05-27 14:37:18,1-096837fe-d546-4941-bba7-d3650c91afa0
0.118,7.54,0.48,-2.0,0,2026-05-26 17:06:57,1-8028bdf4-7f87-4e18-a0d1-c639810dfa6c
0.008,3.28,1.88,4.0,1,2026-05-26 16:27:45,1-37ebc1d8-7344-4cd7-8815-3954cde44650
0.03,0.94,-2.48,-1.0,1,2026-06-06 19:08:35,1-dfc0db0d-68d6-4087-bb17-f46c80dd16c1
0.188,7.26,-2.0,8.0,1,2026-06-06 17:41:45,1-5169b822-478c-44f7-9264-ff1d782bccd1
-0.004,1.34,0.64,12.0,0,2026-06-06 15:30:52,1-cd4f8591-b21a-48df-bded-8e49a4f5490f
-0.092,-8.36,5.54,5.0,1,2026-06-06 11:36:45,1-fa95ccc6-9d36-450c-bfc8-d483475ad506
0.03,-0.4,-1.0,13.0,0,2026-06-06 00:22:13,1-8347a89d-b622-49c5-bbb2-d87d2564dc40
-0.032,0.32,-10.38,-5.0,0,2026-06-05 21:48:35,1-ae4e353b-203f-4ef8-8660-2fa6dedbe5a7
0.128,4.86,-4.84,7.0,0,2026-06-04 19:57:00,1-58740cd1-1c4c-4207-bc83-eaff497fb2c5
-0.064,-2.48,7.82,-16.0,1,2026-06-01 20:19:00,1-d16ffea5-75ff-41af-81c5-ed2c817f59f0
0.1,8.06,4.28,6.0,1,2026-05-31 20:47:28,1-c4bad783-8a12-42c7-8fe2-32392b23ee32
0.212,5.98,-0.78,22.0,1,2026-05-31 17:39:16,1-a585532a-16a2-46b5-8e4f-47e02634a185
0.088,5.0,-3.82,4.0,1,2026-05-30 22:34:25,1-33af8d73-8b8c-449a-b809-dd7e1f3562ef
-0.096,-2.64,0.4,-27.0,1,2026-05-30 21:51:09,1-52999a0d-6091-4378-8721-15e10ee8f509
-0.004,1.88,-0.12,6.0,0,2026-05-29 19:56:57,1-87ba1a5a-5d98-4c1e-ae45-a54a699ebe6d
0.008,4.08,5.3,-5.0,1,2026-05-29 18:59:00,1-5fc5abbd-e3a6-4435-b658-a114dd455848
-0.036,-5.26,-1.56,-3.0,1,2026-05-29 18:23:38,1-0b6a98b0-d55c-43fa-a0e5-2ad3d4c1e0b4
0.026,2.86,5.5,-6.66,1,2026-05-29 15:32:28,1-bcd9bc07-6c21-41a0-ac95-e47dc2bbe14c
0.05,-1.66,4.0,4.0,0,2026-05-29 12:54:30,1-e5820ce7-fed5-4dc6-8da5-32627cbdafdd
-0.116,-5.3,-1.92,-3.0,1,2026-05-29 12:02:58,1-6e0a9d01-28d0-4820-978e-8b4525e825c4
-0.048,-1.46,-0.34,-1.0,0,2026-05-29 11:27:08,1-4874ed01-cb3f-48d4-bc3f-3fb80615a3b9
0.128,-1.72,-1.86,-5.0,0,2026-05-29 10:33:04,1-11f452a6-e76f-4cb9-b223-b023efe5b5ac
0.042,2.5,-0.6,2.0,0,2026-05-28 20:22:47,1-6448621e-d04a-40c2-b812-1ad9fba8cc77
0.002,1.3,1.16,3.0,0,2026-05-28 18:37:43,1-c619c6ea-c30f-4a0f-8f33-efd1f70fb73e
0.002,2.0,-1.94,4.0,1,2026-05-28 17:51:36,1-f0e72be4-4abb-4044-9c24-eb95df5f2419
-0.006,-1.28,4.92,-7.0,1,2026-05-28 14:02:52,1-652453d0-2874-41f0-87e8-5c716665a119
0.094,4.1,-3.8,9.0,1,2026-05-28 13:31:05,1-282f56ad-cd59-4c62-8559-3add6008b521
0.08,3.2,0.2,1.0,0,2026-05-27 18:40:12,1-8bcfedd2-ee37-45fe-8605-1b764cf7b081
0.14,8.42,-0.58,10.0,1,2026-05-27 18:01:44,1-95f6e09a-74db-4330-97a4-5e394d874ee5
0.098,4.4,-5.16,5.0,1,2026-05-27 15:58:27,1-616a8532-5acb-4970-9994-63201be04d11
-0.222,-4.08,5.94,-8.0,0,2026-06-05 23:20:44,1-53d752c9-bcc6-4c49-8f77-2708b130105f
0.016,6.72,-3.34,-1.0,0,2026-06-05 16:37:56,1-acfcd07a-bc3a-4754-a046-470b63224252
-0.066,-5.22,0.6,-2.0,1,2026-06-05 15:56:37,1-2e8ea527-e8e6-45b9-a79f-4dec615e6754
0.084,1.96,-3.3,8.0,1,2026-06-05 15:14:42,1-73692c3e-6c66-4511-be5a-269dbf14c530
0.114,7.34,1.18,6.0,0,2026-06-05 14:27:46,1-640017fc-6d2a-4bc2-9be5-dc8a914d88e8
-0.074,-5.52,-0.02,-4.0,1,2026-06-05 13:41:24,1-e655c6a1-7849-4c0e-9493-da91a13c63b3
-0.086,-4.08,-2.5,-11.0,1,2026-06-04 21:05:21,1-b64248ef-06a1-457d-9301-0a421004ab92
-0.054,-6.3,2.22,-8.0,1,2026-06-04 20:19:51,1-795429a0-69a0-4935-89d4-a7738d835160
-0.052,-1.4,-0.94,-3.0,1,2026-06-04 19:26:50,1-904df7ae-6c91-44f1-b0ee-99c09894ed30
-0.028,-2.14,5.38,12.0,0,2026-06-04 18:45:49,1-ad1bad1d-f2dc-423b-9993-86e3f52de45e
0.008,0.24,-0.78,-1.0,1,2026-06-04 16:58:12,1-2c8545c5-d42d-4aa5-9d14-675e957acde8
-0.018,-2.56,-2.4,3.0,1,2026-06-04 16:11:53,1-e6b6d5c8-86e8-4f4a-8c1c-7a531d8c6cba
-0.004,6.32,-3.54,5.0,1,2026-06-03 20:32:04,1-9634308c-13aa-4cfd-8c4e-b2587b18afbf
0.004,-3.08,8.82,1.0,0,2026-06-03 19:53:02,1-d3c22f60-4b0f-47cf-a76e-0f52677da66b
-0.07,-4.06,3.52,-4.0,1,2026-06-03 19:10:50,1-d777a927-c5c8-416f-967a-e2a9e3c90095
-0.098,-5.32,-0.8,-9.0,0,2026-06-03 18:35:20,1-900e39f6-f159-41d0-9252-90d66fe741b8
-0.084,-1.58,6.2,-13.0,0,2026-06-03 17:37:48,1-11543957-3018-4dcf-ba08-b76bd52b2886
0.102,5.36,5.94,1.0,1,2026-06-03 16:27:58,1-ddac910b-69b4-4c4c-b02d-1583a4d7d1b3
-0.03,-1.3,-2.2,-8.0,1,2026-06-03 15:46:14,1-63e56a12-05be-406b-883f-39e7d7c03537
-0.0,-3.48,-1.5,-6.0,0,2026-06-02 20:00:41,1-8232484e-ca78-40b0-9382-a2344c42ab82
0.156,6.42,-0.9,6.0,0,2026-06-02 19:09:53,1-8a5924fa-3e25-4474-961a-719aa657951e
0.102,8.6,6.88,2.0,1,2026-06-02 17:54:55,1-00fb8019-e37c-40de-8d40-4d02c394c6e0
0.012,-0.02,1.08,10.0,0,2026-06-02 16:52:11,1-ad528317-1cb9-4e76-91db-38b9acc6456d
-0.044,-2.08,-5.84,-15.0,0,2026-06-02 16:07:15,1-dcc8fb29-f409-4e53-ae55-644fc0c3da0b
-0.062,-6.12,-0.9,4.0,0,2026-06-02 15:25:28,1-18cc5b8c-ca77-409e-a20c-787f96101ad9
-0.004,-0.3,0.0,-5.0,0,2026-06-01 20:41:04,1-b58536fc-9a69-436e-93eb-163840792bbd
0.066,4.18,-1.32,-5.0,0,2026-06-01 19:47:43,1-b91d5119-0a12-4352-9950-079e42aa7f0c
-0.034,-0.8,6.76,-1.0,0,2026-06-01 18:49:11,1-d289eb91-102f-4b66-ae04-3cc550969e13
0.024,0.64,-3.72,1.0,1,2026-06-01 17:44:38,1-1a3ed339-b9b7-4d7b-b8c4-3feb9923b47d
0.07,3.86,-5.94,6.0,0,2026-05-29 18:07:15,1-40c322cf-7233-4417-a60f-2fde28cd7ab0
0.158,4.42,6.16,2.0,1,2026-05-29 17:37:11,1-7c5dc3df-a936-4622-9174-36571d2d527f
-0.028,-2.52,-1.28,-5.0,1,2026-05-27 19:34:21,1-dedcad78-e288-43d1-bcbf-3c04b521fdf0
-0.078,1.8,-2.2,-16.0,1,2026-05-27 18:41:37,1-ef25a070-4b66-4105-9577-484d35bb603a
0.134,7.28,-0.72,15.0,1,2026-05-25 18:43:27,1-b36f77f8-ab45-43b7-a94e-1fcfaf3b50e4
-0.246,-17.82,2.8,-7.0,0,2026-06-06 14:17:18,1-67f9151b-e735-4d9f-bffe-7580e038f2ed
0.276,11.72,-3.38,3.0,1,2026-06-06 11:38:10,1-f47f895d-832b-4047-b0e4-b9c98c7ed291
-0.008,1.5,-2.16,-1.0,0,2026-06-06 10:50:49,1-1c58f5db-d315-454e-b3f2-1ed1b5faad12
-0.112,-5.9,1.84,2.0,0,2026-06-05 21:05:44,1-66df5cba-5d3b-4df9-ad90-7d7de047c96b
-0.066,-0.84,0.76,-12.0,1,2026-06-05 20:05:46,1-8d860122-59ed-4dc8-b497-22872cfc225e
-0.032,-1.34,-3.1,-7.0,0,2026-06-05 19:16:40,1-140c1088-3e71-4a60-9a8a-3cda8702d175
-0.106,0.34,-1.32,-19.0,1,2026-06-05 18:11:58,1-41618f93-52d2-4371-944f-d8c6a1ba0876
-0.104,-2.16,3.6,-9.0,0,2026-06-05 17:21:45,1-ff769691-a77c-45e2-9ef8-eaf30af88577
-0.062,-4.2,-5.22,-14.0,1,2026-06-05 16:08:26,1-6fb85036-8611-4a4a-a1f3-3603e2f9cd61
0.054,1.72,1.46,-5.0,0,2026-06-03 14:27:37,1-65173edc-f932-4620-8e43-2d7c3d43d46f
-0.024,-2.88,-10.6,3.0,0,2026-06-03 10:33:21,1-91bff7b3-bf48-40b9-84b9-d25d3d3e3216
-0.014,3.36,0.88,-1.0,1,2026-06-02 12:25:00,1-bdfa3e80-5200-48bc-b6ad-69a9a950de2a
-0.124,-7.26,-5.2,1.0,1,2026-06-02 11:33:28,1-71d16786-7982-4ad9-bc1e-d180816b72a8
-0.032,3.38,-1.4,-7.0,0,2026-06-01 22:31:53,1-a68530cb-2881-4a6d-b15a-155ef51155f8
-0.038,-2.96,-3.24,-9.0,0,2026-06-01 14:50:25,1-b687ce46-d246-4b82-b5d3-8d2d64a09fef
0.044,1.34,-1.4,8.0,1,2026-06-01 14:00:01,1-9cfaa7b5-26de-4961-bc14-8b535de77ec7
0.01,-0.26,-2.92,-11.0,1,2026-05-30 22:45:01,1-3f9cf7f9-1515-4e14-aeff-da06db4db888
0.026,1.68,1.9,5.0,1,2026-05-30 22:13:04,1-5ebce523-e61b-44cc-ba55-030ee7e31a1b
0.044,8.28,3.78,-4.0,0,2026-05-30 15:33:13,1-a1932523-d3c4-436f-99e4-22e902283c3b
0.062,3.46,6.3,-11.0,1,2026-05-30 14:52:24,1-649e34cd-f831-4830-a60a-19db98ea1791
0.026,-0.6,-1.48,-2.0,1,2026-05-30 14:11:54,1-da696482-e52f-43ee-ac52-25e2a2b9e518
-0.11,-6.72,-3.14,-9.0,1,2026-05-29 15:57:16,1-323acec6-883f-4df8-8f7c-742160460415
-0.048,-0.16,-1.3,1.0,1,2026-05-28 21:39:12,1-a45d58cf-4e96-4466-b333-6cf4a1be9d22
-0.042,-3.98,2.1,2.0,0,2026-06-06 06:11:31,1-a6b54a32-7588-4ab6-8840-ed87f3f02e72
-0.038,-0.86,-0.54,-5.0,1,2026-06-06 05:25:36,1-1f30467b-a6af-4495-b42e-a6ccb8c2c663
-0.054,-4.1,-4.8,-1.0,0,2026-06-06 03:56:54,1-7e87b7e7-9558-4b26-8d36-cd7ce5240309
-0.026,-3.38,-3.42,-13.0,1,2026-06-06 02:56:20,1-914dfb82-ee72-4c12-b04c-2cd3e33f7c87
-0.004,-4.48,-2.22,0.0,1,2026-06-06 01:05:59,1-fa5dca1c-1e48-4729-b1b1-c1a4af2f032a
0.064,5.28,2.9,-1.0,1,2026-06-05 06:19:09,1-b2f2e3bd-6ac8-4324-ab66-ecc6b9af3fdf
-0.024,-2.52,-8.8,-10.0,1,2026-06-05 05:12:07,1-5725be04-c8e6-4850-91f6-0321ec3aebea
0.108,3.96,-0.34,-3.0,1,2026-06-05 04:19:46,1-e01a5d12-faf4-42d8-9eb6-d7aef0c05bc9
0.018,0.68,-1.02,-4.0,0,2026-06-05 02:53:29,1-f428e77f-a386-41d8-8217-66962e062e98
0.164,5.74,-12.82,3.0,1,2026-06-04 12:29:52,1-10b7249d-593d-4304-a46f-74bc96cebede
0.04,3.92,4.94,1.0,0,2026-06-04 11:34:30,1-0220fbef-deaf-4b6c-a62a-2cce10695ed5
-0.074,-1.22,1.92,-4.0,0,2026-06-03 01:33:24,1-978f5f33-e907-4c5a-8d5b-60868ccd04b8
0.026,1.42,2.98,2.0,1,2026-06-03 00:58:32,1-efa00f82-1d8d-4743-ad51-33ff0cf479ff
0.05,3.0,-8.02,-7.0,1,2026-06-03 00:14:21,1-68d3e341-a035-4bbf-8b76-9fcfecb50f50
0.114,4.22,1.62,16.0,0,2026-06-02 23:33:39,1-7909467b-19bf-428b-b8f6-9ed0f64d495a
0.022,0.06,-2.38,6.0,1,2026-06-02 23:00:07,1-bd8e2828-f9d8-447e-9f4e-9506458d3dce
0.094,5.34,2.82,1.0,1,2026-06-01 12:23:33,1-72a87e49-17db-4943-8543-5c5fae64e2fe
-0.102,-5.16,7.42,-15.0,1,2026-05-31 12:08:39,1-f21703d5-5bb6-4f48-b640-18ef495c30a7
0.024,3.18,2.66,1.0,1,2026-05-31 11:11:10,1-2bed37f3-519d-4b20-83bc-0a6ea0ac703d
0.018,3.24,-5.04,-1.0,1,2026-05-31 10:10:16,1-b79c7525-7f7c-4ac3-9088-ef5c5370e814
-0.004,1.18,-2.64,-4.0,0,2026-05-31 01:18:04,1-d1a95bbb-907e-4cb7-b233-43e6ee565560
0.156,8.78,-3.62,13.0,1,2026-05-31 00:27:56,1-27330423-0a9d-408c-99d4-815eae91df93
-0.108,-5.36,1.7,-7.0,1,2026-05-30 23:44:57,1-28106768-0932-4e2c-b1d1-288940471112
-0.092,-2.66,-4.92,-9.0,0,2026-05-30 21:23:32,1-0273be59-ce0a-492d-b746-7cdb05547f38
0.09,5.42,5.4,4.0,0,2026-05-30 20:35:16,1-9b44db12-8a28-4249-9f3b-595c0b061c70
-0.098,-2.7,1.7,-16.0,0,2026-05-30 19:58:51,1-eca75d25-90d8-4940-84c2-234f613c8d6f
-0.04,0.06,2.3,-14.0,0,2026-05-30 15:54:42,1-79119ba6-04e9-40a5-a3c7-0164a18affa4
-0.092,-7.66,-0.32,-6.0,1,2026-06-06 23:05:01,1-dfaf8d15-b738-477d-b9f8-7077f51b67a4
-0.066,-3.9,0.86,-4.0,1,2026-06-06 22:22:35,1-28af10c3-e122-4043-9c9f-f284d6ed493b
-0.012,-2.56,2.08,10.0,1,2026-06-06 13:05:49,1-ba586441-8d0f-4fc8-9cfe-6a8549d746fe
0.188,7.7,3.6,5.0,1,2026-06-06 11:20:06,1-c443e251-43e8-4a5c-be60-87205539ca13
0.2,8.06,2.88,12.0,1,2026-06-06 10:37:11,1-49dfeb8a-c675-4815-92a1-864685a8f2f3
-0.026,-0.16,2.88,-4.0,0,2026-06-05 23:36:23,1-ba04d788-1f35-4730-b31b-b153b69e3b35
-0.098,-6.58,-4.38,6.0,0,2026-06-05 22:48:23,1-0050ec4e-3239-4120-a401-b2711e19bcbe
0.102,-1.32,-0.5,3.0,1,2026-06-05 22:07:47,1-52c062a2-1b75-489c-a19d-62950bdb4a13
-0.106,-8.12,0.74,-12.0,1,2026-06-05 19:19:45,1-42915d7a-f388-4ae5-bfe7-6f9a2cf7bc3a
-0.152,-4.88,-3.54,8.0,0,2026-06-05 17:26:18,1-31f4579e-6de0-4f26-a4da-554c87c119ae
-0.086,-8.82,-0.94,-1.0,0,2026-06-05 16:16:33,1-64304df3-ae6d-4266-8d30-0dd782609d52
0.06,5.0,7.88,10.0,0,2026-06-05 01:09:57,1-136fb124-c7c3-46a1-9687-5c6651cf60e8
-0.156,-10.96,-1.36,-1.0,1,2026-06-04 01:14:22,1-396b9461-f9a1-4cf9-92db-1318ef3829f9
-0.046,1.82,-6.14,-2.0,1,2026-06-04 00:20:18,1-8c25dc0c-9ec6-4bca-af61-38801ec9ebf7
-0.076,-2.5,-2.02,-1.0,0,2026-06-02 20:22:40,1-ded0fc75-b145-4637-a01b-5c20ae2f3839
0.06,4.82,2.22,4.0,0,2026-06-02 18:00:52,1-6d63d71a-1bea-44a2-acb2-311807e6263e
0.124,6.62,2.06,14.0,1,2026-06-01 19:18:18,1-e3ab5bdb-a5f8-4ec3-a529-3196e93d6f6c
-0.082,-3.98,-3.18,-11.0,1,2026-05-30 21:58:13,1-ba1e5cea-4eb6-4525-8749-bfff44427a37
-0.012,0.18,3.6,11.0,0,2026-05-30 21:00:40,1-f438714d-d6c7-418f-ab15-851030f4d3dc
-0.014,3.2,11.24,-5.0,1,2026-05-30 15:16:29,1-6f981073-029f-4a3c-a719-4326df96f531
-0.04,-0.6,3.48,2.0,1,2026-05-29 15:36:50,1-742cbc2f-1ff7-449a-b2ef-22f63e27e064
0.078,-0.54,-1.7,-1.0,1,2026-05-28 20:45:21,1-85f849ff-4cc9-4fe7-91e8-17176a2f2986
-0.168,-12.5,0.64,-10.0,0,2026-05-28 19:58:00,1-9e9db08c-c1e1-4cfe-91c7-67fa03567f03
0.068,1.76,-6.26,-6.0,1,2026-06-05 15:06:48,1-ec94dc76-de36-47e0-944d-38f78726b98e
-0.012,-4.26,6.26,7.0,0,2026-06-04 18:30:16,1-d1174184-9053-4fd3-b79a-a85fd08b47c5
0.028,4.1,6.56,-4.0,1,2026-06-04 17:52:18,1-4754372f-f300-44ce-937c-eec09a5eb071
-0.114,-9.86,5.56,-11.0,0,2026-06-04 05:06:56,1-13babeb3-0548-48e2-b83b-4bbd8894f4a2
-0.056,-6.42,-2.18,-1.0,1,2026-06-04 04:21:26,1-ef5e63f5-bb50-4915-8c25-1c53fc4a30eb
-0.102,-9.5,0.16,-14.0,1,2026-06-02 16:28:03,1-4c1263cf-192a-4214-a55f-4e14fe350104
0.01,7.52,5.42,-4.0,0,2026-06-02 14:49:23,1-0fe7635c-3c98-4d66-b1d7-e01f065fbc52
0.06,-2.74,-4.3,2.0,1,2026-06-02 13:57:32,1-8aa8473f-d38f-49f5-87fd-0cd4a38a58b5
-0.036,1.2,0.84,-8.0,1,2026-05-30 19:55:43,1-39cfd467-8dce-425d-acbe-b212a37941e5
0.0,-2.02,3.04,8.0,0,2026-05-30 18:58:20,1-182d7ac8-cf41-469f-b3df-e43831621f4d
-0.004,-0.32,1.6,-3.0,0,2026-05-29 00:05:44,1-aa78d479-7ab9-41a7-8599-2353cf33d642
-0.09,-1.04,-0.92,4.0,1,2026-05-28 23:06:31,1-668681e6-0e26-4157-b7e8-f3b7b3d3a97e
0.076,-0.16,0.22,11.0,1,2026-05-28 19:23:47,1-b8b7dfa9-dc13-4d35-b7d7-75973852ec0e
0.06,1.5,0.74,-3.0,0,2026-05-28 15:54:49,1-17d56cd0-f3aa-427b-81c2-6286b975abcb
-0.07,-4.12,-0.28,5.0,1,2026-06-05 10:43:11,1-5c9b9674-bf6e-48f6-ab52-9c669267e1db
0.024,0.7,0.84,6.0,1,2026-06-05 10:06:49,1-16d8beeb-5f9b-42b6-a513-0eb51b5b41b7
0.054,3.74,-0.2,-1.0,1,2026-06-05 09:25:56,1-a9c5a742-6510-4d39-b41b-acc8ff581fd3
-0.148,-6.96,5.3,-13.0,0,2026-06-04 10:58:19,1-990861c8-6814-4613-ab7f-c15d133637fe
0.292,16.68,-1.28,15.0,1,2026-06-04 10:18:12,1-c5871a3f-cd33-43af-9de1-fff83899f136
0.016,4.82,-1.62,-4.0,1,2026-06-04 09:32:11,1-0f4fc186-7244-4767-88eb-27357b702ad1
-0.012,0.6,3.7,-7.0,1,2026-06-04 08:49:37,1-ba2dd8f2-08bf-4485-ab44-2f35a3ab106b
-0.078,0.44,-5.98,-6.0,1,2026-06-03 11:33:25,1-787efe76-132e-46fb-9d55-173d1798ee87
0.048,-0.44,-8.3,1.0,0,2026-06-03 10:49:02,1-395241c6-70fe-4329-b294-290f76473f33
0.01,-5.48,-1.24,8.0,0,2026-06-03 10:16:22,1-0e6e7892-fc5d-4a24-863a-8eb8766d5bc8
0.002,4.78,-0.38,-3.0,1,2026-06-01 09:33:22,1-dc3c72ba-1e83-4352-a85b-3ab9e4c914bd
-0.154,-12.18,-4.5,-5.0,0,2026-06-01 09:04:15,1-10828cac-23b6-4a7c-ae04-de3d76aace4a
0.03,-1.02,0.18,0.0,0,2026-06-01 08:04:23,1-25437369-90b1-4435-9a83-a872e697d8e9
-0.058,-4.0,-2.26,5.56,1,2026-05-27 11:02:47,1-dd50d2a2-f511-478e-9631-b4a724e7e72b
0.056,3.64,6.72,13.78,1,2026-05-26 10:51:53,1-0c1880e1-6e76-4d06-93ee-421c6cbb6ce2
-0.252,-8.1,-0.2,-2.24,0,2026-05-22 10:53:02,1-aa95078a-baa2-458b-acf9-63f05e450532
0.02,5.32,-1.28,-6.54,1,2026-05-22 10:03:29,1-d54d93e4-3528-470b-baf2-26a55f173f4f
0.052,3.0,-0.36,5.0,0,2026-05-22 21:06:03,1-a129422a-2ccf-467f-887c-dc3f95cba606
0.006,5.52,-1.16,0.0,1,2026-05-22 20:22:48,1-00091630-f3bc-4e1e-9bf2-b09629ab1631
-0.062,-1.3,0.1,-9.0,1,2026-05-22 19:34:30,1-1d0cdacc-ea12-4bde-88c4-00d63699367f
0.064,1.66,1.78,6.0,1,2026-05-21 19:31:57,1-522b9de0-5274-41f4-8487-9d870e015a19
-0.018,0.06,-0.6,9.0,0,2026-05-20 21:53:51,1-e50dbaa2-e687-4f7a-9de8-b0a37ad2a1f1
0.132,5.9,-12.24,15.0,1,2026-05-18 23:11:30,1-db6aa3c2-5e2c-4112-a6ee-4584e909f8b4
-0.04,1.54,-4.9,-5.0,0,2026-05-18 20:15:32,1-510a0c47-d683-491d-939e-e818bf97bdff
0.118,7.8,-2.44,3.0,1,2026-05-18 19:40:24,1-b5b73304-53fb-4eb1-9bdd-4a32e131b79f
-0.186,-9.22,6.54,-14.0,1,2026-05-18 19:10:37,1-324ac91e-cd45-449d-a653-6fbcceedd717
0.128,1.42,-7.84,12.0,0,2026-05-17 21:44:38,1-419fe112-ec1c-4bb0-bdce-698320d16966
0.116,2.58,-5.26,8.66,1,2026-05-17 21:01:49,1-c5065cdf-36ce-47b3-bb23-0dd9c16878c4
-0.02,-0.08,1.9,7.0,0,2026-05-15 20:23:28,1-c0014f9a-0885-4dcb-aeb0-22e25d612b08
0.046,3.1,-6.44,-7.0,1,2026-05-15 19:54:17,1-0adc34fd-6f0e-44e7-b35b-5ff287e9fb6d
-0.052,-1.46,7.3,12.0,1,2026-05-15 19:24:15,1-507141d7-a9c3-47f9-a69e-f8937a8e6d15
0.08,4.12,-7.0,-2.0,0,2026-05-09 23:11:11,1-3c6c1bc7-5810-4fa3-938d-325e361f59ff
-0.152,-8.88,-10.24,15.0,0,2026-04-25 00:55:50,1-104497f2-52a1-4b25-a7cc-ae55c02f3337
0.042,0.82,-8.14,5.0,0,2026-05-29 20:05:25,1-bbdac21a-c973-4ae9-9935-62d02a3a481f
-0.02,-3.36,-4.16,0.0,0,2026-05-29 19:31:20,1-f7c9f1aa-d71a-42cd-ba36-4ecb387d3776
-0.024,2.74,6.72,-0.9,0,2026-05-29 18:55:54,1-f940fa90-92ee-4d00-ab02-34a6bebdad36
-0.004,0.04,-1.5,7.64,1,2026-05-27 22:13:15,1-0cff933d-fa83-4a4a-b242-3c8db4758450
-0.04,-1.56,-5.34,-10.0,0,2026-05-27 21:26:39,1-0fcabc30-3fd8-418f-aece-60c20920a01c
0.03,0.36,-2.34,7.0,0,2026-05-25 20:33:58,1-38772f18-b1e7-400b-b9f7-dce49914da08
0.07,1.26,-2.68,4.0,1,2026-05-25 19:44:58,1-efcb748d-2232-4a75-87b2-8b81744ca3b3
-0.064,-1.32,-1.52,-7.0,0,2026-06-05 15:21:01,1-40da14fd-c03d-4b65-a096-a727cf43fc06
0.098,1.28,-0.44,15.34,1,2026-05-29 21:32:33,1-9a271158-28b0-4e72-8ea0-18f35a02fe0e
0.052,2.0,2.0,0.34,1,2026-05-25 23:01:21,1-f3ae3eb6-83c5-4e58-ad99-3e2f8ec30884
-0.024,-0.36,-4.22,3.0,0,2026-05-23 18:23:46,1-3c5a77ff-9389-40ed-a784-a21cc65a7cfc
0.116,0.88,7.16,9.14,0,2026-05-23 17:36:50,1-0de6fed7-dc8f-440b-81fa-24a2309fc7e5
-0.172,-7.1,6.54,-3.0,0,2026-05-23 14:37:13,1-5dbc42ac-4ea1-450d-b425-ae894291bce9
0.002,5.78,3.12,-8.0,0,2026-05-23 13:23:46,1-f57f5975-b2ec-4b11-a266-2ac247c11d9e
-0.094,3.92,8.7,-2.0,0,2026-05-22 20:31:13,1-f1ff7752-f19d-4fa8-aecc-be3b20b89515
0.002,-0.94,-2.26,3.0,1,2026-05-22 17:06:08,1-2298541b-b28b-4b12-bbc1-235c8565b8e7
0.01,-5.04,2.94,-3.8,0,2026-05-22 00:27:04,1-0e7fcfc8-fb3d-45ba-a914-c46a0a2e746c
-0.01,-1.84,4.54,3.68,1,2026-05-16 14:12:22,1-88162240-654f-4b83-9393-aa54a5c29516
0.022,-3.28,3.92,-8.0,0,2026-06-06 21:25:28,1-958b2f5d-1df6-4343-b85f-e29a5c023127
0.004,-2.74,-5.1,2.0,1,2026-06-06 16:38:43,1-94c9783c-49bc-4ba1-a0a3-04c51c4fcb26
-0.128,-5.88,-3.04,-5.0,1,2026-06-06 16:02:22,1-02fc84da-91cb-43aa-bf75-927db9462eb7
0.038,-3.58,-0.14,1.0,0,2026-06-05 20:19:39,1-66ce2048-3a6e-4551-a20a-358747c79808
0.074,3.94,-0.24,10.0,1,2026-06-05 19:32:23,1-a45a90ec-f3bd-4cb4-83e7-3c22c7d23a68
-0.016,-0.86,2.2,-12.0,1,2026-06-05 18:57:29,1-fd424a82-146b-43ec-94cf-4c7d4e5c86d7
-0.088,-6.16,-3.08,10.0,0,2026-06-05 16:24:53,1-43197015-d085-4e43-a88c-8becd91320a8
-0.104,3.2,1.14,-33.0,1,2026-06-04 22:22:21,1-21cc9847-eedd-466c-9ed8-e85f05de6db0
0.08,-0.18,4.14,12.0,1,2026-06-04 21:47:32,1-6eec7abe-617c-4264-8c28-f9a3a8141802
-0.11,-0.3,-4.84,-13.0,1,2026-06-04 15:44:09,1-ab52c945-a77c-44a4-a094-8d86dfcb989f
-0.08,0.02,-1.86,-3.0,0,2026-06-01 17:53:54,1-6741606d-4461-4bb8-a72a-665f2ad61fc3
0.208,9.94,7.0,9.0,0,2026-05-31 20:06:09,1-7d18bc74-388b-425c-b878-0debecf07d0a
0.086,6.82,-3.78,0.0,0,2026-05-30 19:43:54,1-ba622e5d-fb71-4f93-80e0-068d9c6a3ba2
-0.164,-8.88,1.16,-11.0,0,2026-05-30 19:00:14,1-b20662ed-8c58-447b-a4b0-2e9cc534fe20
-0.06,-3.5,4.38,1.0,1,2026-06-02 20:03:50,1-45711e01-b6a2-4412-ab97-54b16195f743
-0.066,1.24,1.86,2.0,1,2026-06-02 19:17:43,1-b06112d9-2420-447d-9d85-f9379bd37579
0.084,4.26,8.0,-4.08,1,2026-04-30 23:37:08,1-a42ee091-8ee6-4dbc-8dd3-bd4a717736e0
0.056,1.28,6.64,-4.0,0,2026-06-04 19:42:00,1-c15277fe-7e27-4422-8568-569fd99b5129
-0.094,-3.68,-3.62,1.0,0,2026-06-04 14:58:01,1-51eae52a-b704-486f-9eb4-5873273d030d
0.012,2.3,-2.16,8.0,1,2026-06-03 22:38:25,1-efb26f43-1f4f-4028-aadc-3e267b45967f
-0.012,2.68,0.8,9.0,1,2026-06-03 16:35:52,1-8ed44e09-c588-4fee-b2ea-e3cfebaad521
0.118,8.7,4.66,-3.0,1,2026-06-02 19:29:15,1-907fd0b5-c4e5-4d0b-bdd4-ce79dae83114
-0.094,-4.9,-2.9,-11.0,1,2026-06-02 18:09:27,1-44810358-b2e3-4b6b-af00-5746f23ffeb1
0.012,3.6,5.72,3.0,0,2026-06-02 16:26:14,1-17aa8a51-d221-448d-8421-a3788a99295c
0.024,2.66,-5.42,5.0,0,2026-06-01 18:08:50,1-676bcffa-d50e-49df-a630-7705336b784b
-0.048,-3.2,1.6,11.0,0,2026-06-01 17:32:36,1-1a7406f0-f02a-4f2f-a376-3ef1800fa1cb
0.134,2.74,5.06,2.0,1,2026-05-31 18:59:15,1-53ed0b52-35c6-4307-8bf2-4a80d79db794
-0.014,-1.08,0.96,0.0,0,2026-05-31 18:08:14,1-8b537c9e-b272-49d9-b7bf-f69d75a9a7ec
0.086,3.54,4.4,1.0,0,2026-05-27 20:39:35,1-439a0a64-a5ad-4fcb-9350-14e8d6f94bc5
0.036,2.06,0.66,1.0,0,2026-05-27 19:41:58,1-8390aa60-0657-4bf6-914d-de54c8c45517
0.036,-2.34,-3.92,2.0,1,2026-05-27 18:25:51,1-bebcf8bc-597d-4f15-9ed5-4d2e924c016a
-0.018,-2.38,2.36,4.0,0,2026-05-27 17:04:00,1-ae883f58-c4f2-4b57-bda1-cc194ac5ab7c
0.176,7.92,1.62,6.0,0,2026-05-25 19:39:43,1-4ea7f165-0a49-4ad3-8f6e-cc751898eb03
0.122,7.58,3.06,-3.0,1,2026-05-21 17:51:18,1-c580dfb2-390a-46ad-92de-5afdb7ad21e4
-0.058,-3.98,6.5,-2.74,1,2026-05-20 17:16:20,1-5eaeb8f2-05f4-42db-b7ac-ce5552ed236f
-0.056,4.1,-0.16,-4.0,0,2026-06-01 16:17:19,1-15feb3dc-9577-4152-99ee-84dae73e5f15
-0.124,0.52,0.8,-3.0,0,2026-05-26 22:39:19,1-fadcd7e2-1362-4e60-a5b0-2e3358781f5c
0.15,3.7,1.6,11.0,1,2026-05-26 21:52:59,1-f5c4ce9e-978f-4eb1-a2fd-f2903695b7fc
-0.078,-3.06,3.96,5.0,0,2026-05-26 21:10:29,1-8f1ea58f-f090-402a-ba0f-dedb19d62605
-0.072,-6.74,2.98,-5.0,0,2026-05-26 20:29:05,1-7fcad681-6631-456c-8553-581d149414b8
-0.058,-0.02,3.1,-6.0,1,2026-05-22 21:57:46,1-3fb9aa4a-f0cd-4c05-8c25-a0bb916d993e
0.146,4.7,-3.62,4.0,0,2026-05-20 13:27:33,1-246934a9-d8dc-4fcd-aa10-815753c980b8
-0.138,-5.36,-2.02,-8.52,0,2026-05-18 20:04:01,1-5138731d-c57d-4d93-9bc4-e251a430d6fb
0.076,1.44,-1.42,5.66,0,2026-05-11 16:09:33,1-f8367dad-a6c7-4e9b-a03b-8aebc1dfee69
0.168,12.24,-3.64,10.0,1,2026-06-06 21:38:09,1-c1a8bf09-5a6a-48bd-8f2d-c947534eac63
-0.14,-6.38,4.82,-15.0,1,2026-06-06 20:50:47,1-ef32492d-8763-49ce-879f-2fe3c67935bb
-0.06,-3.5,5.12,-4.0,0,2026-06-06 20:12:06,1-eb65d2ed-4515-4666-9021-9712d920ba63
-0.038,-4.06,3.5,10.0,0,2026-06-06 19:20:47,1-1ffb3f99-f2f2-4b9e-a28e-52cf14e14e12
-0.01,-1.02,8.56,1.0,1,2026-06-01 18:09:34,1-6cef01dd-fed5-452a-8d10-b4e5be4cf187
0.198,10.4,-3.44,0.0,0,2026-06-01 17:31:02,1-9b3b5a6b-8d18-49c0-8892-eb0c324aea21
0.014,-2.86,2.3,-7.0,1,2026-06-01 16:37:55,1-4c9ad9bd-7c54-4132-bb50-1905a755df80
0.024,1.72,3.08,15.0,1,2026-05-26 19:21:59,1-05b06404-49e2-4236-97ea-99675880c6f2
0.002,1.2,-2.46,-4.0,1,2026-05-26 18:19:08,1-49236dcb-fe33-4d5f-86b4-1ce0c9f3acb2
0.248,11.48,-1.08,17.0,1,2026-05-26 16:37:36,1-0c6e14f3-5672-4e90-919a-03601c415ac9
-0.032,-0.32,-0.1,1.0,1,2026-05-22 22:42:19,1-e94d7187-12b3-4fea-802e-80c083cff543
0.142,5.3,7.72,16.94,0,2026-05-22 21:47:04,1-d03d0691-1bd3-4766-a88e-c52a79818d04
0.102,3.1,7.82,16.0,1,2026-05-22 19:55:18,1-bb5d0fd5-444a-47bf-a7ad-1af55e7898bb
-0.06,-1.22,5.1,-6.0,1,2026-05-22 19:04:55,1-88034a22-3f9a-4dec-b6eb-73cd4df109bf
0.056,-0.06,1.6,6.0,0,2026-05-22 17:23:53,1-c5662157-bfb2-4037-8fcb-4bc35575d084
0.032,1.24,-6.86,-12.52,1,2026-05-21 21:01:48,1-58056a50-1b1a-4c79-bec2-e51122d1ac80
0.074,2.18,6.8,0.66,1,2026-05-20 17:36:42,1-d1db4aff-3e39-44b4-a317-50304d5317c3
0.078,7.3,6.14,-2.54,1,2026-05-17 17:52:10,1-e2914d97-6f21-471f-8d89-b11152dd56de
0.114,5.8,-1.52,7.0,1,2026-06-06 12:50:54,1-45f0aec5-0288-4140-8793-4e0e2ac9d2fe
0.04,-1.5,6.4,-7.0,1,2026-06-06 12:09:36,1-fac32945-b851-407f-afa9-5df92bd7b516
0.084,-0.96,6.84,-15.0,0,2026-06-06 11:30:43,1-cb1ff633-aeef-468d-a119-c330dbc8dc5f
-0.058,-4.0,-3.46,-13.0,0,2026-06-06 10:56:23,1-db77d3e2-be46-401d-b9f0-aa478a6c76b5
-0.032,1.66,6.44,-15.0,1,2026-06-05 18:46:12,1-9112fb04-468e-4fd6-ac57-f2cf9d791c80
0.026,-1.76,-3.98,-3.0,0,2026-06-05 17:59:28,1-1431a8d6-f700-4fb7-8900-28f960a5bdb7
-0.154,-9.74,-2.18,-11.0,0,2026-06-02 19:41:53,1-b7ce6aab-8587-4858-96a5-7d440c8cb0ea
-0.094,-1.48,3.18,-3.0,0,2026-06-02 18:55:46,1-b2587ae0-a528-4bac-a2c8-877a9645fc18
0.084,1.1,-6.1,12.0,1,2026-06-01 18:15:28,1-f7148dc4-4c1c-4469-928d-749908ba30c3
0.01,2.22,9.3,-2.0,1,2026-06-01 17:33:40,1-cb4c7482-dd85-410e-8c14-64e0aa17cfc5
-0.07,-1.12,0.14,1.0,0,2026-05-31 17:31:26,1-981cfcd6-891d-49e6-8ba2-cd819df3974d
0.102,0.6,-2.56,20.0,0,2026-05-31 16:43:01,1-346fec11-970a-4e44-aee9-b913e4305d8a
-0.02,0.56,1.66,-16.0,0,2026-05-30 22:28:34,1-a565a504-51b8-48e5-86be-503a6e400760
-0.086,-1.12,2.48,-22.0,1,2026-05-30 21:33:33,1-74cdd503-4d36-46e7-a60e-3a163f118228
-0.004,-2.92,3.32,2.0,1,2026-05-30 20:51:14,1-9c1aa95f-e19d-465b-a927-09808844ada1
-0.068,-0.5,4.36,-4.0,0,2026-05-30 20:07:06,1-b54d1ac5-42a2-415e-9f6c-bafcd6426ba5
-0.014,-1.28,2.0,-5.0,0,2026-05-28 17:03:59,1-65d806f0-daaf-41bf-8f75-e12b70a942f7
0.084,2.0,6.12,2.0,1,2026-05-28 16:32:53,1-d93cb07d-13e2-42fc-b99f-17b02a764c48
-0.116,-2.02,-0.24,-11.0,0,2026-05-27 17:47:39,1-0c596f1c-b577-449c-a794-43e65b6567f4
-0.134,-4.76,7.5,-8.0,0,2026-05-27 17:00:38,1-6cfe0342-7a23-49ec-b657-34b9ef024c2c
-0.082,-7.84,-3.66,-4.0,0,2026-05-27 16:09:25,1-2e0da8df-8e96-4367-b42e-9d10ff8209a3
-0.02,0.7,-1.66,4.0,0,2026-05-26 18:27:22,1-a0449178-e4b7-4ceb-9a7c-67fe2c3bb28a
0.02,-2.64,-4.14,22.0,1,2026-05-26 17:37:43,1-2f9c5c2c-1d84-44fd-9b24-0b389234d403
0.012,-0.24,-4.06,-3.0,1,2026-05-26 16:58:03,1-d8ff8451-e84e-4500-b8a4-056d0f684732
0.052,0.52,-1.3,10.0,0,2026-05-25 18:56:23,1-568959dd-28a5-4715-a638-aa023d047f88
0.028,-1.0,-1.48,12.0,1,2026-05-14 23:38:48,1-c83810dd-39ad-41b5-9e75-893e3c081ad9
0.064,3.02,-1.72,9.0,0,2026-05-14 22:51:42,1-80046c85-cb4b-4768-9779-597dcd2a7ae8
0.16,1.42,-1.98,23.0,0,2026-05-14 15:19:20,1-5933650d-0c5f-4d87-8e80-ad80b503c619
-0.214,-4.66,-2.04,-10.3,1,2026-05-14 13:42:15,1-e9f627bb-d580-4b96-9367-e0589bf647dd
-0.272,-8.34,1.4,-11.0,0,2026-05-14 12:52:38,1-a698aa4e-ee66-4175-8b25-edf28e21fdd9
0.062,2.04,-1.38,22.0,1,2026-05-08 19:51:10,1-8d50b4a4-6123-4fa5-b7d4-749e899c9e74
0.024,3.0,-4.64,-4.0,1,2026-05-24 12:44:39,1-89c29921-21f0-4f40-96f2-e5d7576e0925
0.086,4.52,-4.5,0.0,1,2026-06-05 23:54:20,1-8316e2cf-c70e-4622-85f1-fa8a7b0869e4
0.098,-0.64,-6.42,12.0,0,2026-06-05 22:48:57,1-5b93e6ee-6b6b-40cc-8be3-837409a426c8
0.086,6.32,-5.84,-1.0,0,2026-06-05 21:09:30,1-3073a3d9-6ad5-4b3b-b11b-bcf441d1a30c
-0.084,-7.48,-3.84,3.0,1,2026-06-03 03:12:18,1-0dde7c0d-cebe-4913-91b9-3cb4e53bef82
-0.034,-4.6,-0.34,-4.0,0,2026-06-03 02:01:25,1-168a0697-a366-4903-935f-4223e09a0d92
0.022,2.88,4.52,-5.0,1,2026-06-03 01:08:05,1-2c3d7d91-edb7-44e9-ae75-8f3915c4d9b9
0.118,3.84,-2.7,6.0,1,2026-06-03 00:26:56,1-7cebc826-cd95-4d33-ad00-65891c0c73e0
-0.008,4.38,-3.7,-1.0,0,2026-06-02 18:11:50,1-c41a9a01-1cd2-474d-b3c8-329af64e3ae5
0.132,6.12,0.78,17.0,0,2026-06-02 16:47:13,1-55f47b2e-e82a-48b0-941b-8e69c7ef5952
0.07,2.78,1.74,3.0,0,2026-06-01 22:47:18,1-779d36fd-463d-4fd7-8ead-c94f47bcf5a2
-0.142,-5.42,-2.8,-16.0,1,2026-04-29 15:19:03,1-57f7e37f-ab12-4500-88c1-33c6aceeae23
-0.1,-2.66,-3.76,-10.0,0,2026-04-29 13:25:43,1-b77c97c7-f6d7-462e-9376-eb50dbdb284f
0.056,0.32,0.34,-7.0,1,2026-04-26 17:11:08,1-389c2db8-6636-429e-900b-d26aac44d5d1
-0.01,0.16,2.96,-10.0,0,2026-06-06 21:01:45,1-09f410b5-92b9-4d2a-b28e-d7da063940cc
0.028,1.02,7.22,6.0,1,2026-05-28 18:14:55,1-f21910a1-c12c-4dc0-b162-c5f1b2a1a7c1
-0.016,-3.7,-1.56,-6.0,1,2026-05-22 18:15:04,1-eb042d71-2281-429e-90d5-d922a0a8d531
0.024,2.3,2.6,0.0,0,2026-06-06 20:59:50,1-81ac9926-976b-4006-8ed1-ee1d2ab9354b
-0.058,-1.78,-2.34,17.0,0,2026-06-04 21:49:18,1-f8a4cc00-8c63-4872-b712-5babb16b1dfa
-0.028,-6.12,1.3,8.0,1,2026-06-04 21:09:37,1-1faa86fd-e0f2-4f16-aad3-2ce5f4bf4398
-0.074,-0.7,0.16,-1.0,1,2026-06-04 20:10:51,1-5f355b75-e903-455a-94f3-9ff160215a66
-0.008,1.42,-0.32,0.0,0,2026-05-31 22:11:45,1-0ac87207-9564-41a4-9ef2-01e7ca8debfa
0.122,2.66,-2.7,10.0,1,2026-05-31 20:02:18,1-4409e706-8330-4e2d-9092-90bb1466f8ff
-0.014,-0.84,1.22,9.36,0,2026-05-30 01:39:18,1-872592f5-0de5-42fc-a514-e771503d5cef
-0.028,0.46,5.8,-3.0,1,2026-05-25 21:15:09,1-5de3f48f-b9ff-4c21-a6cb-799650ee3c00
-0.048,7.36,-0.5,-8.0,0,2026-05-24 23:14:04,1-f7c76225-9749-41a7-82fa-b223c717ebf7
0.03,0.22,-2.22,0.0,1,2026-05-24 22:32:28,1-df6b6cf1-80a1-4fce-8641-08ae1310fda9
0.054,4.9,3.18,2.86,1,2026-05-24 21:26:29,1-2cd21891-caf1-430a-9813-9584a612da53
-0.018,-0.62,0.16,-10.0,0,2026-05-24 15:55:55,1-f23f4523-69a6-4893-ad20-9ec534de3251
0.108,11.24,-4.16,3.0,1,2026-05-24 15:15:16,1-bd4e1aad-aa56-4295-ab19-02cc594e751d
-0.004,-0.96,2.1,4.0,0,2026-05-24 14:01:33,1-c4055f28-7a5e-44b2-8598-b6b4b65a4360
0.09,1.84,2.22,-1.0,1,2026-05-23 22:04:59,1-8427423c-ea17-4723-b80a-8afbdd1da0ba
0.138,9.06,7.16,-0.76,0,2026-05-23 00:29:25,1-b229e1bc-a9aa-449b-9796-bb603a2c4503
0.052,5.0,1.38,3.0,0,2026-05-22 23:28:22,1-868f5715-e892-44a5-8f8d-cd8c2c94c1ad
0.014,-0.46,-3.08,4.0,0,2026-06-03 21:54:41,1-4431b8a0-e0ea-4e75-8b12-ab322ba869cd
-0.114,-2.26,-6.96,4.0,1,2026-06-03 21:18:10,1-a8166b51-1fd3-4d70-b1f4-7ad8c3e09e67
-0.15,0.0,5.22,-14.0,0,2026-06-03 17:52:48,1-476f96fb-4d81-4371-826c-b24775fef2b7
-0.1,-1.48,2.32,-5.0,1,2026-06-03 17:13:31,1-ed0d2c29-bebc-4948-8dd9-76913ad3c3c5
-0.056,-2.1,1.06,-6.0,1,2026-06-03 01:46:32,1-6ad6e0b8-0ad8-44a2-bcef-300651d3832c
-0.066,-1.82,3.7,4.0,0,2026-06-03 01:04:38,1-8104eacd-4049-4aa1-b1e1-4d6abceffdee
0.148,9.3,1.28,9.0,1,2026-06-02 23:55:34,1-06ce2a11-0c3e-4184-8f05-b61dfb735a1c
-0.046,2.58,7.98,-4.0,0,2026-06-02 23:17:42,1-6dc3f827-24bc-482f-a2d3-d2f239464616
-0.056,-0.56,3.48,-3.0,0,2026-06-01 00:48:23,1-ef145b21-b748-463d-925b-2db21014f0f4
-0.15,-8.64,-9.3,-1.0,1,2026-05-31 23:56:57,1-8fdda5da-7f03-48fc-8452-791c7cd853f8
-0.042,-4.32,-3.06,2.0,0,2026-05-31 23:25:34,1-8ffc8554-08db-4bd8-b66a-d4f00ade6eb9
0.06,1.64,-1.16,0.0,1,2026-05-31 22:49:49,1-b80eb8de-2c1c-4a49-b63e-1e6241e12926
-0.05,-5.98,2.68,-8.0,0,2026-05-31 21:46:27,1-3b46066a-3065-4bf1-acdb-3f7dae5a6fc1
-0.09,-3.08,-0.64,2.0,0,2026-05-31 20:57:34,1-55bc5b25-24b0-4309-8872-d67bc595ed15
0.12,9.08,1.98,0.0,0,2026-05-30 20:24:29,1-b1aa514a-edc6-42fe-aeb2-97ffe691a6c9
0.032,3.1,1.1,0.0,0,2026-05-30 19:45:21,1-f2712cf2-b571-43d4-9cb7-3d694602637c
0.018,-1.62,-0.64,0.0,0,2026-05-30 19:02:01,1-e4688e32-a60a-4ec4-8197-db44ae712b12
0.07,6.42,-6.2,-10.0,1,2026-05-30 18:13:49,1-97ca1a77-a33a-4b0a-b124-e7065c220d08
-0.004,1.56,2.3,5.0,1,2026-05-30 17:24:40,1-a3fd5798-cf53-4149-a23e-6d0656ee8fe2
0.01,0.0,5.88,8.0,1,2026-05-29 22:09:16,1-1468e5e0-bed7-4602-bfe5-bb76d9ab599e
0.12,5.24,1.82,2.0,1,2026-05-29 20:47:05,1-67f7880d-c75a-4062-8d99-cd8306c3e1fc
0.118,6.04,4.6,4.0,1,2026-05-29 18:56:31,1-9f23cfda-9455-4154-8047-e61b8af4f945
-0.054,-1.9,8.34,0.0,1,2026-05-28 23:17:06,1-61a829ea-ced7-46b7-94a7-7ea4d8498ad9
-0.17,-5.92,-3.52,-12.0,1,2026-05-28 22:51:30,1-e4395a09-2481-4397-bad4-7dd649fff1b4
-0.136,-12.2,-5.64,14.0,0,2026-05-28 22:04:33,1-9fcfd768-e3a5-4bb6-a7e7-2ce8cc660ec7
0.062,5.22,4.7,8.0,0,2026-05-28 21:03:45,1-1178e425-8a4d-41dd-9778-e4c3123d2048
-0.078,-4.46,-0.0,-7.0,0,2026-05-28 20:29:04,1-25ba3999-566c-4b79-af33-0f1c62fdcdde
0.064,4.04,3.46,10.0,1,2026-06-04 10:04:18,1-ac34ffef-cc84-430d-b62d-e83ecaea73a3
0.086,2.04,3.32,7.0,0,2026-06-03 21:32:41,1-d4e3a103-f8cc-45ee-a9c0-9bf4a9b5da9a
-0.036,2.84,0.3,0.0,0,2026-06-03 20:40:07,1-01811bf6-cb80-4b5a-97bc-ca6938a35286
0.184,7.34,-2.66,9.0,0,2026-06-03 19:35:05,1-18ff8624-a4e3-48fa-ba5a-371a732385d0
0.016,-0.36,1.92,0.0,1,2026-06-03 18:12:21,1-9e43509c-c8a2-4fdb-97a8-293213d0f69c
-0.018,-0.98,3.18,10.0,0,2026-06-03 17:10:16,1-f1b8f98c-8636-4dd1-b455-30873f5d7ed0
0.04,-1.46,0.98,-5.0,0,2026-06-03 16:30:00,1-104dde0b-c29e-4908-af64-47a94d8d3b89
0.148,5.06,8.74,1.0,1,2026-06-02 20:35:40,1-84b566cd-4ad8-4660-836e-0c2a2a965d53
0.238,12.48,0.58,-4.0,1,2026-06-02 19:57:13,1-c77e63ae-1d0b-4e49-9182-115de2a9c9c1
-0.142,-6.22,-6.0,-1.0,0,2026-06-02 19:17:39,1-44f6f2aa-e931-49d1-8873-6b2a8b1df71a
0.192,1.32,5.1,5.0,0,2026-06-02 18:34:46,1-177e1d3a-031b-42ec-9222-43201f34f687
0.004,-0.86,7.28,2.0,1,2026-06-01 22:23:07,1-23062f07-557a-4f19-b808-ea2857bffe6b
-0.038,-5.58,-1.76,-8.0,0,2026-06-01 21:50:07,1-f3b86cb7-5356-4a5a-89e2-6ada9041bed4
0.102,4.24,3.38,-2.0,0,2026-06-01 21:13:40,1-7244a8c8-19a6-411d-9c44-b744427763f9
0.112,7.9,0.08,-8.0,1,2026-06-01 20:40:15,1-a0a5618e-1ebf-4525-a47a-fb69dc765bc0
0.236,11.12,-1.92,6.0,1,2026-05-31 22:04:28,1-9dda1659-e02b-4fbb-8b78-db6cb6ab269e
-0.14,-8.5,1.28,-4.0,0,2026-05-31 21:19:48,1-fcf7a1c7-6cd9-43ec-9232-2f811283ce88
0.066,4.94,-5.08,10.0,1,2026-05-31 20:21:25,1-c68f3857-1038-404f-8dfa-eb4d9dae9118
0.058,3.16,10.38,-9.0,1,2026-05-31 19:17:27,1-e8c2af6d-297d-47c9-8ecf-d4516ff7eb07
0.134,6.1,3.28,-3.0,1,2026-05-31 17:08:57,1-999e525e-fa57-4f69-b47f-f30ad498cf69
0.09,3.54,10.36,-2.0,1,2026-05-31 16:33:39,1-f2bdeb65-133b-48ee-8ae2-899f58df46fb
0.022,-3.82,-9.28,4.0,0,2026-05-31 15:31:29,1-e23ac249-04e5-4de1-a41c-c5aefdd12512
-0.072,0.42,4.22,-4.0,0,2026-05-31 14:58:42,1-6d229624-1c43-4018-9024-108c8b773b35
0.042,3.46,-0.94,6.0,1,2026-05-31 14:13:05,1-a5d6f3e4-e6fe-492a-a5f5-be769ed1c2a0
0.158,3.72,-2.86,7.0,1,2026-05-31 13:23:39,1-8c18c618-eb6f-4724-b814-08a0a3fc1ee1
-0.002,2.82,5.24,-7.0,1,2026-05-31 12:38:38,1-2ca05dfc-5a35-4fc6-b37f-382011df27c5
-0.188,-7.8,-1.44,-5.12,0,2026-05-31 11:50:33,1-64f9c0fe-a407-4374-a7b5-b2db09123d5b
0.024,3.76,2.76,-4.0,1,2026-05-30 21:25:23,1-0bdb6371-6e91-4e4a-8170-d7a0fbf9d663
0.104,7.74,9.3,-3.0,1,2026-05-30 20:52:56,1-75aa56bc-9036-47f7-9700-6a1d233ce697
0.0,1.26,-3.34,-6.0,1,2026-06-06 17:17:45,1-1bc6c63c-6525-4d01-8f57-f0f65c1aa92a
-0.008,1.02,7.74,2.0,0,2026-06-06 16:41:05,1-079ee25f-2e53-43e9-9def-a40ea17003cf
0.196,12.7,-0.36,4.0,1,2026-06-06 16:10:34,1-ad4f0ed6-8719-4945-b89e-188c2ec3b7e3
-0.006,-2.82,-4.1,4.0,1,2026-06-04 22:24:22,1-3051acd3-13c9-4d62-9213-0e32b11fa0fd
-0.038,-0.96,4.82,-4.0,0,2026-06-04 21:04:35,1-4bb33a82-8706-4da8-91b5-75a723a292cb
-0.044,0.54,0.98,-9.0,1,2026-06-04 20:11:46,1-a2be900b-ba92-4f99-91b7-b50604f5d7aa
-0.02,0.04,1.98,-1.0,1,2026-06-04 19:29:31,1-b42d7e1a-c80f-4de2-a09f-374d2c107bf7
0.03,-5.66,1.7,4.0,1,2026-06-02 21:49:29,1-28dffc63-0b13-4186-a895-1af150ff98b3
-0.176,-8.88,3.26,3.0,0,2026-06-02 21:06:01,1-5949d814-7e43-476f-92c1-d5d868b30b06
0.122,5.56,-2.18,-8.0,1,2026-06-02 20:30:45,1-3417d17e-a07d-4e57-9a64-1c5455693626
-0.164,-4.4,5.94,8.0,0,2026-06-02 19:48:33,1-8974250c-771d-4dfa-9df4-46c344933ac4
-0.028,0.14,0.54,-1.0,0,2026-06-01 22:31:01,1-42b5cb16-bf8c-44d2-a222-2e06c95d83d1
0.034,-1.28,-3.02,1.0,0,2026-06-01 21:15:52,1-9e4bdb0e-e722-4f5b-91aa-981642d6dcc6
-0.104,-3.4,-0.96,-6.0,0,2026-06-01 19:47:27,1-0afdfc97-0862-41c1-a745-443d42f4b909
0.01,1.68,-0.62,-4.0,0,2026-06-01 18:56:14,1-a5cfe399-0381-4598-b11d-cafe9183ad3c
-0.09,-5.36,0.24,4.0,0,2026-05-31 14:20:01,1-660e1770-ed5c-4555-bb42-76a5bddb936e
0.12,4.7,-3.36,4.0,0,2026-05-31 13:36:10,1-868be4af-f06d-4c70-bfb9-99dbc2a20b5a
0.11,2.58,-0.94,-3.72,1,2026-05-30 17:32:02,1-0e2e5aef-97dd-4779-83f9-526eba14d532
-0.092,-6.22,1.5,6.34,0,2026-05-30 16:57:46,1-a669b1d3-d65b-4470-a79a-5404bbfde97e
-0.082,-2.7,-1.6,-7.0,1,2026-05-30 15:34:59,1-13d78072-8bb0-4b46-baa7-5833896bf431
0.004,1.98,4.46,-8.0,1,2026-05-30 14:52:43,1-ebb10be2-5e32-4a40-9959-326c18ebdd4a
0.022,-0.42,-4.22,4.0,1,2026-05-30 14:14:00,1-edf4006d-63fc-4cdf-9c78-2f59a8104c92
0.138,6.14,3.24,15.9,1,2026-05-27 21:46:51,1-e44b89cd-b80a-4bd8-9d74-86a6d11904e9
-0.024,-3.38,4.9,3.66,1,2026-05-27 21:10:40,1-6789689a-1712-49ed-a25c-24d5ad1e64a4
0.052,7.1,-3.78,-6.0,1,2026-05-26 23:25:47,1-f6cb4a5a-2d06-4bd3-b6ab-a794b585d1cd
-0.032,5.46,-4.1,-10.0,1,2026-05-26 22:49:02,1-da66a6d4-ca03-4134-9400-c0de7fceaade
0.112,3.7,8.38,5.0,1,2026-06-06 02:23:26,1-fb554912-2cca-4b4b-8b4a-3bb17e3ed232
0.05,-1.0,-4.4,-4.0,1,2026-06-06 01:09:20,1-1adf2075-8171-4081-9006-307a5db5378f
-0.156,-4.58,-1.26,-9.0,0,2026-06-06 00:25:47,1-5a839930-ab1f-450e-b8cd-c047cf996c91
-0.044,-5.28,-2.58,-15.0,0,2026-06-05 23:18:53,1-e505bd65-56c9-4a53-ba78-87c4b25700a3
0.054,-1.7,-0.92,7.0,0,2026-06-05 21:17:35,1-6d623c71-256f-40eb-ba0c-0da282730b96
-0.016,-0.06,0.9,-8.0,1,2026-06-05 20:35:58,1-183746c2-6ed3-494f-977c-e7e9d7b4f59b
-0.07,3.12,0.14,-5.0,1,2026-06-05 19:50:17,1-5a038cc3-110f-424e-90f0-1688051ca61d
0.054,8.4,2.56,-3.0,1,2026-06-05 19:16:51,1-d421a305-f13b-4881-a535-d017116a00fb
-0.054,-6.6,0.48,-6.0,1,2026-06-04 23:15:41,1-98ce9050-619b-41d6-9779-bcb2d17cab5e
0.032,-0.18,-3.56,-5.0,1,2026-06-03 23:04:11,1-70ca59be-2c99-4ad7-a1bd-2ebd61e288cf
0.142,11.12,4.36,-7.0,1,2026-06-03 22:30:33,1-9a0f97fe-fd73-4fbd-9411-b8f75a633328
-0.032,-2.06,-8.94,-2.0,0,2026-06-03 15:04:07,1-226a07a5-097a-48ea-be84-f942a0ea645f
-0.028,-0.74,-10.1,-16.38,1,2026-05-23 19:19:28,1-720ecb01-5215-457b-9522-02fb008e06b0
-0.072,1.78,-4.7,-9.0,1,2026-05-23 02:33:39,1-41ab150f-5dda-4ddd-b479-67d4a5ba390a
0.014,0.86,-6.8,8.0,0,2026-05-23 01:24:52,1-18c93d63-07cf-458e-9576-287f23689ae9
0.018,3.8,-0.3,-12.0,1,2026-05-22 21:07:08,1-29345ad9-992a-490d-b783-c1e4ab3955e9
0.06,0.12,1.74,-8.0,0,2026-05-22 20:17:56,1-4c76423f-7038-4682-a9c9-fe81f21e32cc
-0.068,-1.98,5.38,-3.34,0,2026-05-21 22:15:00,1-02ebbb92-304d-40e1-8c3b-84b794a3ee9e
-0.032,-4.14,-4.06,4.12,0,2026-05-21 20:54:29,1-5a58ec4d-703d-467e-8276-b515020dc24a
-0.23,-11.9,-1.18,-5.0,0,2026-05-21 20:11:41,1-2dae2a7a-f3ef-4c4b-ae45-9666a56d16cf
0.006,2.42,-1.04,2.34,0,2026-05-20 00:14:54,1-4e77908a-ef6c-4188-a886-c38d75b7b2a0
-0.034,-2.98,-7.0,2.0,0,2026-05-19 23:06:04,1-a50cc9b5-4fe3-4388-b9b4-56dd535fa705
0.004,1.36,-3.6,9.0,1,2026-05-19 20:31:40,1-205a482a-f74b-4c67-ae52-50ec4039bae9
-0.14,0.28,1.04,-14.0,1,2026-05-19 12:52:37,1-67479750-2375-41cd-846c-43c775e70f5e
0.024,8.78,-0.72,-4.0,1,2026-05-18 21:50:32,1-61e74a4c-0f93-4135-92f7-ab3320c2306d
0.12,10.8,-7.06,-7.0,0,2026-05-18 21:10:52,1-2ea9582b-f4d7-4d00-84db-a29f1cb2d88e
0.204,9.9,-7.66,-2.0,1,2026-05-18 20:35:50,1-991249fd-6d73-4f83-8e18-3fc8f0e2faf1
0.17,8.58,-3.08,5.12,0,2026-05-18 14:05:07,1-889eeef9-815c-420f-bdd6-f93ec4a66bef
-0.042,1.8,-6.0,-6.0,1,2026-05-18 13:27:50,1-d5cff055-aebd-472f-84cf-46bf4e75f140
0.072,7.7,3.38,-4.92,1,2026-05-18 11:37:28,1-379c77fb-3e1a-4c03-bd2a-d6683f8464b1
0.006,-3.84,-1.0,-1.0,0,2026-05-17 21:15:54,1-dc982d27-5570-47c9-85ff-0415420ec160
0.056,0.72,-4.7,-9.0,1,2026-06-06 11:46:18,1-c075fd39-78f9-4f4f-9f2d-61043cbe6b49
-0.058,-3.52,-0.88,10.0,0,2026-06-06 11:00:55,1-a0a2c4b3-4afc-4383-a805-79fc4a3a7f52
0.05,2.62,-0.96,-10.0,1,2026-06-05 22:16:42,1-5137f64d-5685-4429-aee5-b9f252c3da51
0.112,2.74,2.06,9.0,1,2026-06-05 21:29:36,1-19e51821-95df-457e-a04e-607740571abc
0.166,4.02,-1.54,5.0,1,2026-06-05 20:48:33,1-d0a9726f-19e1-42f2-8c61-23c025faa39b
-0.074,-7.42,-2.82,0.0,1,2026-06-03 13:59:24,1-b7671b0e-20a8-426d-8aff-55f373a6d697
-0.082,-4.16,5.68,-9.0,1,2026-06-02 20:42:54,1-5b3cb220-1733-42d4-b13f-f2827b49a09b
-0.084,-1.64,1.6,8.0,1,2026-06-02 19:35:49,1-3f18e984-1346-4b21-a7c9-5ee446ddad56
-0.094,-4.66,-4.38,0.0,1,2026-06-02 19:02:11,1-9d29d5d9-9954-4a49-ad65-2f98e9c4f55d
0.036,9.12,3.16,3.0,0,2026-06-02 17:03:00,1-52a5fa32-955f-45ce-982d-6120571ac1e0
0.048,5.46,-1.32,4.0,1,2026-06-02 16:19:40,1-180e6f56-aee4-4933-b874-be314f421f97
0.062,2.66,-4.46,-1.0,1,2026-06-02 15:45:16,1-0bc92be5-e490-48ce-a6c9-89f4dfc53d7d
-0.118,-3.82,-2.9,-5.0,0,2026-06-02 15:06:02,1-6d191cdd-97e3-4a48-8836-bbe64c35708c
0.034,-1.62,-5.32,1.0,0,2026-06-02 13:47:49,1-bf5e2044-f7a1-4e40-abf3-c7590b3fd398
0.17,5.48,-2.24,12.0,0,2026-06-02 12:48:58,1-6165516d-aa67-4623-90fb-07eabd5e14fd
-0.208,-7.78,1.98,-3.0,0,2026-06-01 20:05:18,1-e1f6c5a3-44dc-434f-abec-2f524c4d7c0b
-0.078,-5.02,-5.78,-2.0,0,2026-06-01 19:34:23,1-143ab4d5-35cc-45e8-83d8-9cd0572eb375
0.08,1.84,1.72,11.0,0,2026-06-01 15:50:38,1-c32bd07a-4d2a-4881-ac10-cbe11d9f770f
0.07,2.12,-0.96,-15.28,0,2026-06-01 15:24:40,1-a9c5a753-e617-409b-a175-0cb60d2efff3
-0.054,3.1,-1.84,-4.0,1,2026-06-01 14:31:57,1-d4dbff27-5a85-4a7b-b875-ab18247e4de6
-0.074,-4.06,-1.12,-8.0,0,2026-05-29 10:20:22,1-1fd2d12b-782c-478b-ba8a-e4c3c962b1e3
-0.086,-3.22,-12.98,-1.0,0,2026-05-29 09:27:44,1-e2c25516-e3bd-4ab8-8e2d-0546552f11e7
-0.042,0.08,1.06,6.0,0,2026-05-29 08:33:31,1-a348e20a-4db9-4f91-9049-6d5fdb3e8b82
0.05,0.26,-2.02,-4.0,0,2026-05-29 07:52:27,1-933f7acb-2dc8-4783-b542-4734956fed40
-0.032,-0.04,-3.92,-6.0,0,2026-05-27 21:10:11,1-c961393e-c7a7-4c19-9f3e-bc448a423267
-0.004,-2.54,1.12,2.0,1,2026-05-27 20:24:26,1-5bf1e496-572a-41ff-ac95-4aeab2cf14bd
0.122,2.2,0.54,6.0,0,2026-05-27 19:30:44,1-7a480501-2089-4b9f-b3bd-e6d714820506
-0.01,0.98,-3.12,-4.0,1,2026-06-06 23:25:33,1-72c01d17-f8e2-4897-a3e6-89cdf1b21e05
0.152,1.84,-12.5,6.0,1,2026-06-06 21:30:09,1-1b39b764-eefc-4e6e-9221-8868d51bd540
0.04,1.48,13.66,7.0,0,2026-06-06 20:40:42,1-41b15a6b-22d9-4f85-b341-b82bb0058025
-0.126,-5.5,-1.26,1.0,1,2026-06-06 01:49:10,1-c743cf7e-5396-4616-bedd-c24b51bee605
-0.046,-0.92,-0.12,-3.0,0,2026-06-06 00:15:56,1-82c0f041-8530-4cd9-aa51-dd1b6a61f9a2
0.152,7.22,-8.58,-6.0,0,2026-06-04 23:47:38,1-3dbafb66-ec68-4418-b711-ca28efe03087
-0.002,2.46,0.4,-3.0,0,2026-06-04 22:46:31,1-9506a8b0-d139-43f8-89ee-ad332054029f
0.184,2.92,-5.22,-1.0,0,2026-06-04 21:50:44,1-e7d20abd-97be-4bd5-803f-678152afc1cf
-0.066,-5.58,-3.44,1.0,1,2026-06-03 21:43:21,1-8c11a531-b737-483d-9cdb-8db368b206ff
0.114,2.96,-8.76,9.0,0,2026-06-03 00:00:01,1-42f297d2-f9d0-42a5-9fb9-47d5f55ed47b
-0.178,-9.16,1.72,-18.0,1,2026-06-02 23:04:40,1-b6e0293c-31b2-41e5-a7bf-72fdbaa060e3
0.154,7.74,-4.94,9.0,1,2026-06-02 22:08:10,1-778a88dd-7172-4da3-b7e7-ae2568836162
0.084,3.38,-3.16,0.0,1,2026-06-01 21:53:36,1-bdb0a76f-8533-45db-a98d-97b28e5b36d4
-0.16,-6.6,5.36,-16.0,1,2026-06-01 21:19:16,1-57fd6ae5-ee47-4d1d-892f-8d9fabd6ed59
0.046,5.58,-3.6,12.0,0,2026-05-31 22:37:08,1-23252851-eb27-4541-a993-d98654af9c36
0.188,9.26,-1.98,19.0,1,2026-05-31 21:14:21,1-60d9b341-2026-40cf-9d2b-09796f7ae823
0.048,1.74,3.14,19.0,0,2026-05-31 01:06:19,1-a05ff712-e75c-427f-83fa-ddc9babbe47d
0.084,4.56,-2.0,6.0,1,2026-05-31 00:03:59,1-41b88f11-d079-4f6f-9056-3bf5afd5b9d2
-0.158,-7.86,-2.66,-8.0,1,2026-05-30 23:13:21,1-acc09d93-81c4-427d-96b0-7a8449b003f8
-0.234,-8.84,3.74,0.0,0,2026-05-30 22:24:35,1-624e9986-8777-4dce-ae56-e8676eb35890
0.014,3.82,-0.32,-3.0,1,2026-05-30 19:48:14,1-2149e8c1-ac24-452f-8e5a-b78dcad75ea8
0.05,1.86,0.04,1.0,1,2026-05-30 14:48:07,1-ceb0d2ae-3461-482a-81b8-04bb1cf6745d
-0.1,-7.46,7.14,-3.0,1,2026-05-29 21:40:13,1-c773e8fe-1736-496e-8ae8-1bad8763db18
-0.14,-8.52,11.74,-5.0,1,2026-05-29 20:49:55,1-b3a08a4e-d844-4a81-aa5a-3d56779c8a9c
-0.102,-0.16,1.2,16.0,0,2026-05-29 19:21:38,1-f9255344-efab-4f68-bb9c-e0f53474f863
-0.102,-5.98,1.98,-6.0,1,2026-05-29 13:25:05,1-522e9871-6083-4d2d-ae16-387493c47f27
0.108,7.28,-6.42,0.0,0,2026-05-29 12:31:46,1-c56cbcf1-e0e9-4f1d-bfad-eca54c48a8b0
0.004,2.84,-4.36,-3.0,1,2026-06-06 22:02:32,1-51be73c3-1664-4428-8fbf-04ed99faaaa8
0.088,1.2,-5.08,7.0,0,2026-06-06 21:16:08,1-b1534e96-7af4-4286-a5f7-bf959e6b9b5d
0.022,4.06,-5.4,6.0,1,2026-06-06 20:13:25,1-7dd5cdc3-66d1-49ee-88a8-b952ab1863f1
0.062,5.96,-3.9,4.0,0,2026-06-06 19:32:56,1-814d05db-c34c-47d7-9ff1-08a1bba6a5dc
-0.074,-3.68,4.32,-15.0,0,2026-06-06 16:57:13,1-8369b1ee-6b43-40ac-93aa-79a46414d692
0.072,2.24,5.2,-1.0,0,2026-06-06 14:57:28,1-9f523b66-f785-4e54-869b-2c056d33adbd
-0.076,-4.9,7.88,-2.0,0,2026-06-06 14:09:10,1-379ebacd-8db3-4fdc-8028-8c3c7a6dcf44
0.016,1.6,5.52,5.0,0,2026-06-06 10:41:37,1-ac047bf8-c72e-431f-be60-094c960f0c08
0.046,4.74,-0.54,1.0,0,2026-06-06 10:00:45,1-f628e22e-a8c8-490d-94d4-f63a7c77de3d
-0.022,-4.86,-1.3,-8.0,0,2026-06-05 22:47:15,1-caa2d5bf-46ca-4de3-b0a9-825b47bb2c06
0.136,4.92,4.9,-4.0,1,2026-06-05 22:11:18,1-8b99bc2c-e3d4-49f6-b77d-d33d9778d364
0.01,3.28,7.84,-7.0,1,2026-06-05 21:18:51,1-dd0af67d-4888-4e3c-adfa-c9cefaffa1c0
0.168,-0.08,-7.4,10.0,0,2026-06-05 20:40:58,1-be9d3f64-3111-4b3c-8a15-e58524541d55
-0.158,-6.34,0.14,-10.0,0,2026-06-05 19:46:10,1-79e2d0a4-bda1-4fcc-9cd9-c0a26f0c3b73
-0.028,7.76,-3.02,1.0,0,2026-06-05 19:02:24,1-42c09927-8b40-4041-8cb1-94a04ae17527
-0.086,-9.12,-4.2,1.0,0,2026-06-04 17:46:16,1-da4bade2-0628-4b35-9063-f34016483cbb
0.082,5.6,-5.32,-7.0,0,2026-06-04 16:32:01,1-c3c4719f-d15a-4d83-847f-18f25159f653
0.106,2.88,1.76,0.0,1,2026-06-04 02:04:59,1-91139241-7af2-4dbc-9a0f-a1ecf6c0942a
0.04,3.88,1.9,-4.0,1,2026-06-04 01:14:01,1-e6dd0966-e2b3-44a3-9cc5-6807d93715c7
-0.028,-0.72,-11.2,-12.0,0,2026-06-04 00:31:31,1-0310db62-9fc2-4ed7-803b-e9a746fc8677
-0.05,1.38,-8.08,-5.0,0,2026-06-03 23:59:57,1-ccdcdaa6-8872-4cc2-9c82-d0da0472c5cb
-0.028,-3.54,-0.84,5.0,1,2026-06-03 23:04:42,1-8af77d67-3448-4570-a6f9-86bfb2356e97
-0.148,-11.04,0.98,5.0,0,2026-06-03 22:28:30,1-74f2006f-00ed-4cf8-93d8-7d34b66d2675
0.03,0.2,-5.82,-10.0,1,2026-06-03 21:55:36,1-c8711632-9279-430e-b60f-09722198621e
-0.05,-0.54,13.12,2.0,0,2026-06-03 20:24:02,1-358bf2e4-906b-4e56-a8bd-5c3bf3af31d0
-0.034,1.14,7.72,8.0,0,2026-06-03 18:37:58,1-9e53c97a-64c4-4806-8530-6501d8dfd936
0.05,1.06,0.6,10.0,0,2026-06-03 13:51:37,1-62bc7c9d-ea7e-4418-a2b7-25bcaf94bd33
-0.186,-9.22,9.28,-9.0,0,2026-06-03 09:04:00,1-1e915061-06f1-4f29-8982-1054a9f850af
0.03,2.2,6.84,2.0,1,2026-06-02 23:31:35,1-c36f59ea-81c0-439e-9431-32064f7587fc
0.144,1.38,-2.84,-8.0,1,2026-06-02 22:44:30,1-77c1a457-f516-4ba7-a70e-1fbc9f30b025
0.094,5.74,-0.9,-3.34,1,2026-05-18 20:37:52,1-99167c15-7e15-4baa-94ba-8e95a7b61386
0.216,8.84,2.46,4.58,1,2026-05-17 16:50:53,1-ed2f2623-8495-41f1-bb40-57f76e324fa9
0.034,0.16,1.36,0.0,1,2026-06-06 18:28:04,1-f3e734aa-3fcf-4fcb-a66a-3f0125518053
0.084,4.9,1.4,6.0,1,2026-06-06 17:41:54,1-9f170548-25d5-497d-a780-0c0f2f925c8d
-0.032,-0.3,-0.2,0.0,1,2026-06-06 14:59:40,1-c8cac92e-241f-4b76-b597-def5bb04f28f
-0.108,-7.1,0.16,-9.0,0,2026-06-06 14:06:45,1-14efcd2a-53b2-4310-9551-25d16ea14f60
-0.046,-5.34,-1.12,1.0,1,2026-06-06 12:39:59,1-08a27b6c-084f-498c-9e7c-2dde42d06d0a
0.028,2.02,-5.16,12.0,0,2026-06-06 10:54:26,1-f73ac48e-3fb4-4bcd-b64e-2fec95312829
-0.04,-2.08,-2.34,-6.0,0,2026-06-05 21:23:47,1-13e9ca19-a003-4585-89c5-2350424a9e55
0.192,6.5,-1.34,4.0,1,2026-06-05 20:24:44,1-3c72dff8-9daf-482b-b355-111b533a7b24
0.07,4.7,-1.68,3.0,1,2026-06-05 19:40:06,1-f7a605a0-96a1-4835-8015-7ed943a4ea44
0.06,5.04,1.4,-3.0,0,2026-06-05 14:25:45,1-a83d7ea4-7165-4b89-846d-558798d86c14
-0.252,-12.3,3.66,-10.0,0,2026-06-05 13:56:26,1-acdbf645-217d-48a0-818d-ff8d2579c94a
0.07,2.28,3.26,-14.0,1,2026-06-05 13:18:29,1-493499e9-3466-43bc-8041-8985de1548fa
0.06,1.02,-0.76,-6.0,1,2026-06-05 12:29:40,1-aa0f3ad9-f64a-4b36-8fb9-3bbb93210cf8
-0.046,-5.64,1.46,5.0,0,2026-06-05 10:35:15,1-68d20368-7908-496a-b28d-aa7b0fda8a17
-0.146,-5.84,1.56,-11.0,0,2026-06-05 10:00:30,1-fa0a2737-ac5d-4c47-ace2-c9261d0b1145
0.128,4.64,1.04,8.0,1,2026-06-04 11:59:15,1-0387872e-5a1d-49cf-b4d8-7074ab649e64
-0.012,-6.92,-5.0,-9.0,0,2026-06-04 11:19:10,1-0c07bb03-758d-462b-a53d-028acb7e5bbf
-0.052,1.06,1.4,-7.0,0,2026-06-02 19:05:28,1-b84c9b93-5937-42f4-8993-6be8cc003e77
0.058,1.92,0.0,6.0,1,2026-06-02 15:20:37,1-21fde86a-2a9d-4813-b71c-01a25df90c3d
-0.028,0.44,9.8,-1.0,1,2026-06-02 14:34:36,1-7d057d45-0cda-4e6d-9481-91c369d8d8dc
-0.138,-7.18,-3.06,-4.0,1,2026-06-02 14:11:21,1-61677e7e-1815-419e-9eff-c46d61690d7e
-0.194,-8.3,-3.58,-5.0,0,2026-06-02 10:00:13,1-3551094d-8984-4a97-851c-fca75ab630fe
-0.062,-2.08,-1.3,-1.0,0,2026-06-02 08:14:08,1-39396433-2a25-44cf-ba0b-1cc766c7e7ac
0.046,2.96,-6.66,2.76,1,2026-06-01 15:41:07,1-76feb2c6-eb90-422b-9755-a33ce7ce69ed
0.05,3.44,7.46,-4.0,0,2026-06-01 14:53:41,1-1878b95b-12d7-4ca4-8596-300fd1c74f75
-0.096,-7.98,2.08,1.76,0,2026-06-01 11:07:29,1-2e0e8a20-e116-4b4e-af2f-82446e8846c2
0.102,0.96,2.02,4.66,1,2026-06-01 10:10:57,1-7857eff6-64d7-4420-b30a-3e040adb949a
0.018,5.62,-0.9,15.0,1,2026-05-31 17:54:48,1-b890afce-a90c-4538-8f49-193d5b65b6ba
0.018,-9.08,-9.82,7.0,0,2026-05-31 15:25:45,1-1c3c701e-5d94-4eee-ac64-77ec86f1e2e3
0.058,1.28,6.34,-0.66,0,2026-06-06 21:49:25,1-d882e2e3-2fae-4357-a258-f09e2f1bdb20
-0.054,-5.82,-2.6,-5.0,1,2026-06-06 20:52:04,1-380ca258-2a64-4dd0-8b6c-77c101bb5b8f
-0.034,0.68,1.5,8.0,1,2026-06-06 20:03:01,1-8b121a29-bd82-43a8-826e-43f628ffda98
-0.036,1.56,-1.48,-4.0,0,2026-06-06 19:30:04,1-0dd81f66-e2e5-4446-8b4c-6baaa1bff94d
0.0,1.64,-4.66,1.0,0,2026-06-06 16:46:39,1-4660814a-8690-4612-8780-18b70335cb28
0.08,-1.94,5.28,12.0,0,2026-06-06 15:13:50,1-5daf6108-ccd8-4bc2-abf5-a988a1d2e338
0.032,1.06,4.02,6.0,1,2026-06-03 23:28:50,1-ee6dbebc-6c28-43ef-b653-ed7c60bbc915
-0.09,-2.42,10.3,4.0,0,2026-06-03 22:41:34,1-b2c26d14-0d52-48dc-9aeb-820455913f12
-0.046,-0.56,8.06,-5.0,1,2026-06-03 21:56:11,1-11287c87-8685-41b6-a397-aceed0efa5e6
-0.096,2.0,4.72,-15.0,1,2026-06-03 21:20:34,1-3a371a4c-71f2-40c0-ae37-9b89de23266b
-0.068,-3.42,5.18,-5.0,0,2026-06-03 20:40:15,1-9bc3111c-7ff6-4d85-bd19-931da398cc1f
0.092,5.78,-8.98,5.42,1,2026-05-28 22:45:24,1-30b70901-a89a-4da3-b248-1bd585872684
-0.144,-7.68,2.44,-12.0,1,2026-05-28 22:00:51,1-c7942029-ce08-4029-845b-58b972b3964a
-0.128,-8.68,0.8,-6.0,0,2026-05-28 21:15:24,1-bb37bae7-6017-4749-b970-3ecb8a4dd57c
-0.23,-12.24,-0.28,-22.0,1,2026-05-28 20:33:18,1-39d4ad72-31af-48a0-82ec-d5039c040de7
-0.108,-3.22,8.94,-12.0,0,2026-05-28 19:46:56,1-3c369273-f851-4374-b544-11cbcb54bf54
0.018,1.26,5.9,-2.0,1,2026-05-28 16:14:30,1-5d948304-b32c-4428-ba58-c8d0d66e1472
0.002,-3.28,0.72,-5.0,1,2026-05-28 15:18:13,1-55d29f06-a72c-46ba-9cd7-31e1cf8f41b0
0.024,3.92,1.06,4.0,1,2026-05-27 18:43:28,1-39394863-d1d0-4fa4-bc39-97a7e81f466f
-0.004,-0.92,-5.2,13.0,0,2026-05-27 18:10:27,1-189e7589-cdf4-4b4a-9844-39d5cef41482
-0.018,-3.0,8.0,-12.0,0,2026-05-27 17:11:45,1-6c5275fd-906d-47ce-bc16-9fbeaa5d7323
-0.002,-0.56,1.06,-11.0,1,2026-05-27 16:25:43,1-b9641da8-47df-4c0c-8f8a-1a056872d0db
-0.07,-2.14,5.1,-11.0,0,2026-05-27 15:06:02,1-f8917c69-9fa2-49bb-bde3-45d1e6c4f964
0.06,-0.8,1.72,14.0,1,2026-06-05 12:40:07,1-f944d11f-935a-4695-93cc-e3f425388154
0.026,2.1,-4.82,1.0,0,2026-06-04 23:15:52,1-ab633d5d-d601-42f0-b287-92dbc66f7e4b
-0.026,3.84,-5.24,-4.0,0,2026-06-04 22:31:36,1-53491c8a-f236-4f3b-b1c0-76c56ef17000
-0.03,-0.8,-1.7,1.0,1,2026-06-04 21:07:45,1-f2c53e01-400c-4da9-99c3-0df70928a218
-0.002,0.96,0.18,6.0,1,2026-06-04 20:20:36,1-c753c444-2a97-45d4-82ae-f5967fc21457
-0.132,-3.1,7.12,-6.0,1,2026-06-04 19:16:44,1-333f8072-b228-4845-9f0f-fc620d5ca45b
0.022,-1.66,-3.0,0.0,0,2026-06-04 18:35:38,1-038ccdd7-9360-4c73-b2b2-f56d3c9c635f
0.072,3.08,-0.5,-6.0,0,2026-06-04 16:57:49,1-74184c9b-52ed-4c2a-bf01-ef9b7c921ce7
-0.048,0.7,0.38,-11.0,0,2026-06-04 15:02:30,1-74cd07de-ad13-42b4-95ee-43b3c2629628
0.092,4.2,-2.24,8.0,1,2026-06-04 14:02:19,1-76f6f1e7-3bcf-46ca-b6e0-81571fd3c265
0.04,2.04,-7.76,14.0,1,2026-06-04 13:17:06,1-0c68c442-0562-4bf3-8b3b-fdc143137567
-0.028,-2.64,6.64,6.0,0,2026-06-03 00:41:15,1-617da753-411f-4ab7-a208-44030640d665
-0.054,-0.72,2.28,-3.0,0,2026-06-03 00:01:48,1-8fd454c1-4906-4613-8b7e-2b5f7efcd632
0.048,5.64,-7.98,7.0,1,2026-06-02 23:26:42,1-930c4efe-f257-420d-b901-11a46cc7850b
-0.074,-0.08,2.74,7.0,0,2026-06-01 22:04:57,1-c1ebf318-47e5-439e-a9f3-efe220d8fae3
-0.048,1.52,-1.18,-16.0,0,2026-06-01 18:27:37,1-c0052a89-1438-44f9-87f0-f24e31209e5a
0.03,0.58,-9.24,-4.0,1,2026-06-01 17:40:09,1-80971480-fe05-4614-b197-4baa89de0c58
-0.064,-2.16,-0.32,-1.0,1,2026-06-01 16:42:50,1-0bd63a77-dd26-48c6-bd0a-6e8262653564
0.078,1.18,-8.3,8.0,1,2026-06-01 15:48:42,1-be2d65bf-b3ab-4b71-ba33-472091ca8afc
0.044,2.0,-3.18,13.0,1,2026-06-06 23:06:41,1-cc5e7841-2989-41d0-8bdf-68950fd6dc14
-0.102,-6.4,-5.06,1.0,1,2026-06-06 22:30:22,1-e6ccee11-ed56-457f-89cf-36b4837e7403
-0.028,-5.46,-3.48,-1.0,1,2026-06-06 21:50:27,1-7d031849-d873-44e8-918f-8ae6c8ae2b96
0.136,5.24,-7.8,3.0,1,2026-05-31 18:29:50,1-eca2bdc0-5079-4ef8-a22a-b9a10e137b2b
-0.102,-3.64,1.8,-1.0,1,2026-05-31 17:53:53,1-a1421089-5993-43ac-8481-24064a703328
-0.042,1.52,-0.8,-14.0,1,2026-05-31 17:20:04,1-0bf2d749-4272-4335-aa53-6263ed153195
0.054,2.72,0.06,-11.58,1,2026-05-31 16:39:44,1-6215e84a-d0d9-4667-8fe4-1e832862377f
-0.018,-3.08,-2.5,4.0,0,2026-05-31 16:06:28,1-bc91664a-e4e2-4f9e-979a-e6bbebdd4996
0.016,-0.36,-1.54,6.0,1,2026-05-31 15:26:03,1-003f68f1-9ada-4a17-a585-001d1740e343
0.068,1.52,-2.5,-3.0,0,2026-05-31 14:38:59,1-36a79fbd-f991-4a97-9a3e-b2fc729baba2
-0.086,-5.2,1.58,6.0,1,2026-05-31 13:56:28,1-bd2259c7-65c9-48fa-bbd3-08ac8e2c58e6
-0.032,-0.46,-0.1,-7.0,1,2026-05-31 13:20:12,1-1d670c63-809f-4199-bbc7-ff41f61ad057
0.282,14.68,3.7,12.0,0,2026-05-31 12:32:38,1-20204687-73b8-42e4-8aa5-75b3e71c3e3d
-0.014,-4.76,-4.28,4.0,0,2026-05-29 00:02:19,1-a50996e9-db2d-48bf-8927-a2679663eb4a
0.032,4.98,5.14,3.0,0,2026-05-28 23:22:54,1-e5863fb8-3fd8-43c2-ae76-c815011fd9ee
0.032,0.02,6.9,2.0,0,2026-05-28 22:43:37,1-5cec90c2-7de0-436c-a460-36c33966a879
0.014,-1.92,1.02,-6.0,0,2026-05-28 20:29:58,1-63d5e9f0-2f0b-41d4-93bb-5c50985be06e
0.074,6.0,-3.66,1.66,1,2026-05-28 19:51:52,1-b4b7ea89-4c0c-4e3e-8e3e-40c7cbaaec14
0.156,3.9,2.8,7.76,0,2026-05-28 18:42:05,1-3422df73-664c-4389-a49a-eec3f491bd7c
0.006,-2.38,-3.54,-3.0,0,2026-05-28 17:57:41,1-932bc9d3-cf01-463c-bda7-ab9ae48b2f54
-0.08,-2.76,5.84,-3.0,1,2026-05-28 17:23:09,1-d1e0dd6f-f366-4eef-8a36-2695d48e4bf6
0.022,0.92,-0.18,-8.0,0,2026-05-24 19:24:25,1-111ae5b0-bbdc-409c-a368-e1302f1ebebf
-0.036,-0.98,4.88,-10.36,1,2026-05-24 18:04:41,1-67cb2c85-57ac-4fdd-93b6-6e5982d5aa97
0.042,1.94,-2.28,1.0,0,2026-05-24 17:18:05,1-8a9346c8-9c9f-4c85-9569-9a00a060df8c
0.164,6.26,-1.3,10.08,1,2026-05-24 16:01:40,1-c418d34e-b00e-4d46-b8d7-2ddd6499d165
-0.012,-3.28,-0.06,-7.0,1,2026-05-24 15:24:18,1-c84eebb9-d3db-4476-b56d-50c9dad5ade9
0.094,-0.32,3.5,6.0,1,2026-06-04 18:41:01,1-ea7efe85-461f-432d-916a-22201a47d1ab
-0.024,-0.14,2.8,-6.0,1,2026-06-04 17:51:46,1-78ec0118-e95c-4478-898e-c15f62986e99
0.106,3.58,-6.18,11.0,0,2026-06-04 17:09:44,1-51c82f51-76e8-4a8f-b64f-a5a62c7525c8
-0.016,3.2,-0.94,9.0,0,2026-06-03 21:21:02,1-b497dd1b-8d51-4ff6-871a-21b952f8c702
0.106,5.54,5.32,9.0,0,2026-06-02 18:46:28,1-a7e6af49-5075-412f-96e7-336376cada43
-0.05,-2.56,-8.52,-2.0,0,2026-06-01 23:23:39,1-95d577a0-68b2-4cce-b999-b8032de82ba8
-0.132,-4.14,-3.2,-23.0,1,2026-06-01 22:42:35,1-1c7ec680-356d-46ee-bcef-b9c77b878874
-0.062,-2.4,3.32,5.0,1,2026-06-01 22:01:38,1-f2c6e5c0-cb3a-41be-9696-7a9ef208d766
0.128,0.82,0.36,1.0,1,2026-06-01 20:32:46,1-76d46a84-c5c5-4c72-bb24-bec30d44534a
0.05,1.56,0.36,8.0,0,2026-06-01 19:54:03,1-072630dc-7317-4281-bff4-c81570b48e81
0.038,3.24,4.42,-8.0,0,2026-05-31 23:55:45,1-7770ee81-5bcb-4bf7-84a4-5e5a6058d321
-0.03,-3.24,3.54,10.0,0,2026-05-31 21:17:42,1-c4a1800c-8535-42ff-b979-681565d35a0a
0.018,2.74,-9.64,7.0,0,2026-05-31 20:45:12,1-47db94f2-b481-4795-acd1-d53a9058bd7a
-0.05,-4.48,-0.22,4.0,0,2026-05-31 16:33:24,1-a45af058-7712-486c-a06b-d62c99dbcd8d
-0.07,-5.44,-3.58,4.0,0,2026-05-31 16:03:40,1-450f2910-e4e0-479f-85b6-91649e4a0549
0.096,0.02,5.78,11.0,0,2026-05-29 21:43:06,1-a0028090-d8e5-4fef-b1ad-97d84e07d84a
-0.012,2.3,-3.82,2.0,0,2026-05-28 22:47:26,1-c5793a22-f13c-494a-9493-c0715fd5c945
-0.048,-2.24,3.7,3.1,0,2026-05-28 21:05:19,1-4ec6958d-3de1-4122-8d49-f860460d2461
-0.084,-2.46,4.64,4.12,1,2026-05-28 20:19:59,1-0abd5a79-8950-4f39-9f44-f78bf41a6ca7
0.064,3.4,-5.8,-3.0,1,2026-05-28 19:26:55,1-8f5ecc84-7ddc-4d44-95b2-dd1d6b66a7ea
0.096,2.5,-3.0,8.0,0,2026-05-28 18:46:20,1-0d7a8104-b9e7-4fde-a43d-705c5f8f35bd
-0.22,-9.36,-0.62,-7.0,0,2026-05-28 18:09:42,1-92ac34f1-a5d6-4109-9ac3-8f9c6ddfaadb
0.034,4.54,-2.6,4.3,1,2026-05-28 17:41:40,1-0082a5a3-9d92-4c45-b518-2b28da122210
0.032,4.06,12.38,5.0,1,2026-05-28 16:04:55,1-a9dcfde1-d624-4742-81dd-215a8f044796
-0.04,0.28,0.14,-1.0,0,2026-05-28 15:39:54,1-37080506-b451-4a72-bbfb-d08e742386d2
-0.2,-7.38,3.28,4.0,0,2026-05-31 17:32:47,1-76e5bba4-fe04-46bf-87c9-ed10314f12bd
0.072,4.1,5.48,14.0,0,2026-05-31 17:01:10,1-e657f727-db14-46e4-b59e-87406ca521f8
-0.044,-2.48,-3.52,-8.0,0,2026-05-31 16:03:00,1-a8bb8f63-5d8b-4a82-afa2-c3fdceb96745
-0.034,-4.1,-1.84,-2.0,0,2026-05-27 17:58:20,1-2d2e3875-05ee-4df6-8edc-79ed3358993a
0.214,11.34,-2.24,2.0,1,2026-05-25 09:02:44,1-99c1abe2-7b85-452c-8103-86aab4827d79
-0.084,-2.8,2.32,0.0,0,2026-05-21 00:30:30,1-827c1103-04fc-47b0-9d09-38f3601523c4
-0.04,-5.08,-1.5,-2.44,0,2026-05-13 16:06:16,1-c15aa376-c316-421b-9a4f-7b5c8983761e
0.126,5.16,-5.0,2.0,1,2026-06-06 22:32:23,1-7137fd41-7961-4ccb-addf-4bf1ba30b2a2
-0.01,1.06,-3.8,6.0,0,2026-06-06 21:57:58,1-3b8d6a08-c80a-4008-a9cb-59defc526dd9
0.056,2.48,-0.84,3.0,1,2026-06-06 21:06:28,1-4b13c010-6615-4d56-aee6-99fbc81f3a3f
-0.22,-11.66,8.28,-13.0,1,2026-06-06 20:17:29,1-b6bddfad-c250-49e1-a59f-ece5ff628d80
0.168,7.98,-4.64,10.0,0,2026-06-06 19:42:27,1-feed0447-4b39-4f6a-89be-ef3c9994675a
-0.128,-3.22,3.02,-13.0,1,2026-06-06 18:48:20,1-0f1aaa8f-552a-45c0-a19b-ce17db4bab90
0.126,5.9,1.48,1.0,1,2026-06-05 21:13:44,1-5ac01a92-9946-45a7-852a-f4c09d77f475
-0.022,1.88,-2.36,2.0,1,2026-06-05 20:22:26,1-3e7cb803-b7ee-4039-9f6d-51da2501b188
-0.088,-2.0,4.18,-4.0,1,2026-06-05 19:14:25,1-38db3ec3-8f87-4a8c-a094-492b8db2cb6c
0.022,1.66,2.44,0.0,1,2026-06-05 00:24:58,1-39bf82d2-3734-489f-8cfc-f68e73d90fe0
-0.134,-3.58,10.98,-2.0,0,2026-06-04 23:37:35,1-a7c864e1-b754-4517-9491-3ae482a90c55
-0.148,-10.44,0.34,4.0,0,2026-06-04 19:56:29,1-9264aef5-e06a-4804-a5ac-a8c2d48c6487
-0.008,1.22,5.12,0.0,1,2026-06-04 18:39:34,1-f4d3542a-7f04-4aef-a592-02b033ea4b99
-0.202,-6.08,8.92,-5.0,1,2026-06-04 17:25:47,1-0c7bc7fd-10c5-4808-8d6c-fee7dd15de97
-0.038,0.42,0.06,-9.0,0,2026-06-04 16:14:46,1-d788fcba-713e-4ed1-b4c7-fb83a77ccc2f
0.094,1.14,-8.76,5.0,1,2026-06-03 23:35:28,1-a875ca57-835e-46d9-ab38-15a2d7fdb005
-0.006,-0.54,2.24,-5.0,0,2026-06-03 22:35:31,1-4a7ef3d2-3972-44cf-88fd-373006d8bd47
-0.068,-3.86,-0.62,-16.0,0,2026-06-03 21:47:41,1-8577c162-9797-4789-a8a7-4ce132e2df40
-0.082,-3.04,6.86,-6.0,1,2026-06-03 18:47:02,1-c9e59414-a0d2-43c5-990b-d556cd629182
-0.002,0.96,-0.3,-4.0,0,2026-06-03 18:07:39,1-f5aff49d-149c-4885-8cf1-fe9b2545138e
0.154,2.84,-1.86,2.0,0,2026-06-03 17:23:26,1-63ba25ff-e283-4ffd-8a2a-d8ff2d5c8602
0.014,0.66,2.14,-2.0,0,2026-06-03 16:51:00,1-ccfb2065-e2ab-4173-855c-e18cef7b433e
-0.082,-4.42,-0.78,-2.0,0,2026-06-03 00:42:16,1-73a6b496-1d63-4bd3-b8a1-6c7ef03b065a
-0.078,-10.64,3.0,-3.0,0,2026-06-03 00:11:15,1-c5cfc678-16fe-4120-b6e3-b72f5af40d57
0.04,-0.2,2.3,8.0,0,2026-06-02 19:52:51,1-1570d4bc-e9ea-4363-ac10-2fdd3d9a3212
-0.042,-3.94,2.52,-2.0,1,2026-06-02 17:41:28,1-fcfdc6d7-a6b8-4bcc-89de-d0a4bad7c422
-0.112,-6.16,-0.56,13.0,1,2026-06-02 15:44:14,1-770d4fd6-b9d8-4f29-af51-0a3da9be749f
0.03,-3.04,2.86,8.0,0,2026-06-02 14:38:50,1-f38a91d4-6134-4b1a-80e3-c2f671adef5b
-0.1,-5.88,5.34,-12.0,1,2026-06-01 22:44:49,1-e4ba363d-4b95-4f4f-b390-61981311dab1
-0.216,-4.36,6.54,1.0,1,2026-05-28 02:20:14,1-69f7d02c-1319-4370-9b63-bd2b4313f0bb
0.196,4.16,-5.0,1.78,1,2026-05-28 00:52:45,1-d2ae0f9b-ca12-472e-af3e-33e45eea4083
-0.028,-1.52,3.34,-4.0,1,2026-05-28 00:10:14,1-6668b153-e89a-4852-8b7b-3d6fbcdf7f20
-0.142,-8.1,3.8,-4.04,0,2026-05-27 23:07:42,1-debb60ca-dfde-425a-8979-e45d669c4c30
0.112,3.6,-2.22,8.0,1,2026-05-27 22:11:41,1-e6847ec6-c5a7-413e-93ae-12b03317ce9f
0.01,-1.66,-7.72,-3.5,0,2026-05-22 07:12:46,1-90f7562d-b3c3-4b7b-b0fb-f09c24b9869f
0.12,5.7,0.66,5.0,1,2026-06-06 22:01:10,1-db8a8d2d-932a-45f2-9b1f-746f8455adae
-0.132,-6.42,7.14,-8.0,0,2026-06-06 20:36:35,1-ad74fc1a-3e6a-45be-867b-0fc6b936e1c1
-0.092,-5.32,7.3,0.0,0,2026-06-06 19:56:30,1-ce96d870-ff44-4009-bc49-b4e7d1e37962
-0.072,0.94,3.04,-1.0,1,2026-06-06 19:19:45,1-559bc264-1bb8-46b6-9ef3-491a06ac5be8
0.03,-1.38,2.36,-1.0,0,2026-06-06 18:07:22,1-5c8a78e6-9139-4397-ba91-358f7a48ea70
-0.06,-0.5,1.22,3.0,0,2026-06-06 17:48:02,1-2cca717e-d41a-4675-97b5-2183d2e84d18
-0.046,-2.04,-4.4,-9.0,0,2026-06-06 17:07:00,1-2374e0d6-0d5f-42fd-bab1-bb0f7e0171be
0.15,6.12,-2.02,9.0,0,2026-06-06 16:41:32,1-fffcc46e-ba37-4cbc-aea0-70621effa6d0
-0.056,0.76,3.9,-6.0,1,2026-06-06 15:45:48,1-6a8a0c34-8c2d-4a23-be8c-c80a79e702df
0.038,3.56,-2.84,10.0,1,2026-06-06 13:27:04,1-6d364946-d77d-418a-99aa-e2f317acd6ad
0.062,5.58,-1.64,2.0,0,2026-06-05 20:22:01,1-03506a43-fa59-4f87-be5f-8f09ba58437a
-0.076,-6.58,0.8,-6.0,1,2026-06-05 19:43:41,1-1fcd61a6-4716-4b58-b86b-bd8ec487fe8b
-0.054,1.6,8.36,6.0,0,2026-06-04 21:18:43,1-46f553e8-d8d2-4e9a-a805-8e21cc72f7f3
0.016,4.1,7.42,-2.0,0,2026-06-04 20:07:17,1-e03f81a5-b2b8-4862-9b1d-b2c3c4944d84
0.012,-0.72,1.22,6.0,0,2026-06-04 18:12:55,1-dbb71697-327b-4162-98fa-5715bf88e080
-0.222,-6.62,4.9,-7.0,1,2026-06-04 17:11:09,1-57dbf512-8cdd-49dd-aae8-f05a1aece378
-0.048,-4.08,1.4,1.0,0,2026-06-03 19:46:52,1-9265b15a-e6a7-4d0d-999d-aeb47404df82
0.062,3.04,2.0,-4.0,1,2026-06-03 19:01:32,1-0878e0b1-15e2-4c98-9504-dfcdf91215f7
0.046,-3.1,-1.28,1.0,0,2026-06-03 18:00:26,1-d23e5a00-8c7c-4d59-86b7-91d874d4aa10
0.074,2.34,-4.38,3.0,1,2026-06-03 16:54:08,1-c3a36018-65b5-4fc5-8a6e-9ef210e4453f
-0.064,1.36,1.96,-2.0,1,2026-06-01 20:26:50,1-f5896661-1bfe-4c84-a131-1ee34cdce4a9
-0.078,1.54,2.34,-10.0,0,2026-06-01 19:38:17,1-a981b45e-d467-4e2a-96e9-25b1402a2221
-0.07,0.52,1.0,4.0,1,2026-06-01 18:48:44,1-fd7c6a49-5604-4b1a-8dc2-981531b1e288
0.01,-0.16,1.02,-10.0,0,2026-05-30 20:47:40,1-e0481533-95e3-4470-9a9d-52aa525a3a42
0.206,9.2,0.3,16.0,1,2026-05-29 18:47:32,1-f0d24044-c8c2-455a-830f-88011a8b766b
-0.124,-5.44,2.9,-4.0,0,2026-05-27 20:13:44,1-a9b1fb39-896e-47ea-a614-24d4f8ecc907
0.156,5.64,5.22,28.0,1,2026-05-26 20:57:57,1-8dbb50df-63b3-42f5-879e-7b0c0901ff13
0.23,7.52,-0.72,8.0,1,2026-05-24 21:44:11,1-61306656-ddd4-4c6c-830f-e21b54ae3a78
0.032,-3.56,-1.82,5.0,1,2026-05-31 19:07:44,1-477eb03a-6c21-4368-acc5-76735484b0b4
0.036,-2.52,2.96,11.0,1,2026-05-31 17:36:42,1-d45929ca-388b-4808-8f5a-a5ec86f339b1
0.084,1.14,-0.64,7.0,0,2026-05-24 19:26:38,1-4a647c9a-3f1b-45ed-bd3e-d74d5813b0f6
-0.134,-4.58,1.52,-12.0,0,2026-06-06 20:49:15,1-36246a7f-2396-4e83-8f71-f669a7ec201e
0.046,8.9,7.02,2.0,0,2026-06-06 20:00:53,1-c0d82ce5-b0d4-4239-a5d3-3cc4f7f5f960
-0.094,-4.46,-7.0,1.0,0,2026-06-06 16:31:30,1-f43444c6-c782-443d-ba44-14c26e6f90ce
0.1,0.32,7.4,9.0,0,2026-06-06 15:12:46,1-2b70ac5b-aa48-49e5-94ec-80af5dbe4dce
0.066,3.06,-2.64,-8.0,1,2026-06-06 14:10:03,1-d21dd972-9bcb-43c9-a235-5d9f2627018e
0.064,-0.12,5.8,6.0,1,2026-06-06 13:24:06,1-2895402b-4c61-435a-98e4-d547968b59b7
0.096,6.8,4.76,-2.0,1,2026-06-05 20:18:04,1-3f53548b-862c-4268-a6c1-b2c208d927e0
0.036,0.26,-4.42,-2.0,0,2026-06-05 19:36:53,1-4e364789-1cd1-41cb-9bbf-4fd3663473f0
-0.07,0.72,1.48,-9.0,0,2026-06-05 18:56:46,1-1b20695b-5bf5-47bc-b454-6395f359b70e
0.174,9.22,-2.22,11.0,1,2026-06-05 17:45:25,1-fdb95ff5-ab33-4b61-bbb8-6ae261b0b873
-0.132,-2.48,5.44,0.0,0,2026-06-03 22:16:52,1-5850218e-d687-4bd3-987e-aa2cf70fee69
0.024,-0.22,-5.52,-6.0,1,2026-06-03 21:33:42,1-8993212f-3179-4f92-9d88-099fc7e58a60
-0.03,-4.6,0.86,4.0,0,2026-06-03 20:57:25,1-402cdd11-f4da-4fa8-89a3-12afc0a2b4c2
-0.064,0.18,5.16,2.0,0,2026-06-03 20:17:07,1-59c7a806-ec77-4f39-9352-99728c226424
0.032,3.86,4.86,-1.0,0,2026-06-01 22:29:36,1-12984aa7-d41d-40dc-94fb-73503237a046
0.062,3.18,6.18,3.0,0,2026-06-01 21:56:04,1-f976a7df-81b4-4f2c-9e06-81b629dd876e
-0.05,-6.4,-1.28,-13.0,0,2026-06-01 21:02:59,1-b3398e2a-a54f-4716-9e83-1c7dc3437f65
-0.078,-7.3,1.96,-8.58,1,2026-05-31 21:55:41,1-b1118f67-7a91-492c-9bf3-ec2c238ed971
-0.058,-1.62,-3.04,-11.0,1,2026-06-06 23:20:06,1-5d9f83ef-c5da-40ba-9b82-2b217248adb1
-0.022,-4.12,-2.28,7.0,1,2026-06-05 22:28:24,1-44ac44e1-dfa4-4425-a29a-332c9ac23f42
0.068,-0.04,-4.86,2.0,1,2026-06-05 22:00:08,1-c44757d2-7eac-45d4-b2d9-8a5280fbf238
0.118,4.72,6.46,5.0,0,2026-06-05 00:44:41,1-25af1ea9-80c3-404e-94d2-49fb630b4000
0.062,9.96,1.66,9.0,0,2026-06-04 23:55:22,1-b900f6a5-5fa0-494b-bea8-1caddbcfa2ce
-0.124,-1.8,5.34,-11.0,0,2026-06-04 23:17:08,1-96c97158-d301-461b-83fb-0ccceb20df36
0.022,-0.6,-3.8,16.0,0,2026-06-04 22:47:19,1-87b1526f-c018-46c7-9e3d-e9f003222a5d
-0.084,-2.6,14.6,-9.0,0,2026-06-04 22:15:27,1-aee7a9e9-70a9-471f-a301-95d64ac3f840
0.11,1.1,-7.4,4.0,1,2026-06-04 01:58:04,1-59ab2a3e-0b3f-40ff-837f-e8cdbda43257
-0.026,-2.36,-3.02,-1.0,0,2026-06-04 01:05:18,1-e5073029-31e8-4e53-98ea-e56409bc3c04
0.064,7.92,8.32,-4.0,0,2026-06-04 00:21:08,1-227bd485-6916-4eb9-b086-1914bac1b488
-0.058,-6.06,-4.22,-1.0,1,2026-06-03 23:08:05,1-77f4160d-8fc7-40ed-a7fc-609006d61109
-0.02,-1.68,1.38,-7.0,0,2026-06-06 07:30:39,1-dffe4f67-9cd1-4a91-9bc6-323a548be666
0.028,2.74,-0.62,-1.0,1,2026-06-06 06:31:37,1-4858e94f-1b0a-42df-9254-b28401d8c417
0.056,-4.7,-0.12,5.0,0,2026-06-06 03:30:49,1-c384cd5e-2ddb-490e-b441-53097867b74d
-0.018,-2.16,-2.54,-5.0,0,2026-06-06 02:35:32,1-0361f2b3-ce8d-4fb7-a106-2f43ddb82348
-0.016,-2.66,-2.12,5.0,0,2026-06-06 00:19:30,1-ba4c164e-a051-4a36-a71f-0d2d1825a889
-0.198,-4.06,4.1,-15.0,1,2026-06-05 23:29:01,1-8f72d87f-6208-41f0-938c-b26d65d330df
0.038,-1.02,-2.46,2.0,0,2026-06-05 02:56:01,1-51e3423b-0af1-43f2-888f-ba18026de93a
0.02,4.48,7.46,-1.0,1,2026-06-05 01:36:23,1-7e4f34fa-5cd8-4c8b-8b7d-4bab8e7229bb
0.11,0.12,0.06,11.0,0,2026-06-04 01:10:16,1-ae92f109-52e7-4980-a2cc-832ab2a41e3d
0.12,5.56,-6.3,5.0,1,2026-06-04 00:15:05,1-d371d8b3-3e4e-4f36-866d-97ca10823d05
0.018,5.62,5.56,5.0,0,2026-06-03 22:41:46,1-a7b809e9-1834-467b-9f81-bf72e39cb8ac
0.058,-1.12,-6.16,5.0,1,2026-06-03 22:05:20,1-f1e0d848-434d-43d7-ad2c-6a392c2b7818
0.142,0.66,-9.24,11.0,0,2026-06-03 06:40:28,1-dc5c5b13-998c-48c1-97ab-e33aef00ea17
0.126,2.86,-10.5,4.0,0,2026-06-03 06:02:26,1-89ecb7a7-3dd5-4764-93e8-331ea43c1a2b
0.248,8.04,-11.32,23.0,1,2026-06-03 05:23:05,1-6e33ce3d-f358-4f47-8249-276ec1561e09
0.06,3.64,-4.98,4.0,1,2026-06-06 21:48:05,1-b1a8c6a0-4532-4d55-9c13-d457ae5da7ef
0.178,7.2,-2.8,-7.0,0,2026-06-06 21:02:01,1-fcc102f7-3418-4e32-a81e-1e57589c280d
-0.04,-0.6,4.34,-2.0,0,2026-06-06 20:25:49,1-28afd94b-36e8-488e-b9da-7ad67e0a891f
-0.01,3.06,2.16,-15.0,0,2026-06-06 19:25:46,1-c04f2acf-c3f3-43ac-8978-4c356d65c940
-0.092,-0.08,2.56,-3.0,0,2026-06-06 18:26:00,1-d7fce97a-03ad-46ff-a3ff-e85f2559ee3d
0.016,1.86,-1.04,-10.0,1,2026-06-06 17:35:36,1-e7a4e44d-dcc2-442c-ac38-7aacd055f89f
-0.064,-1.74,3.34,-16.0,1,2026-06-06 16:40:21,1-4606b25d-52e6-4887-b8e1-d3981ffe7d11
0.068,1.44,3.02,22.0,1,2026-06-06 15:57:41,1-5fb328e1-55cf-472e-be6e-90515ccbbd62
-0.032,-6.06,4.6,-1.0,0,2026-06-06 14:56:50,1-9d4ad52f-e158-4d30-afeb-f6e9a19ded28
-0.01,2.68,-5.12,1.0,1,2026-06-06 13:31:59,1-6f2ecfd6-b5fd-4c7c-ba22-ca7d341491d6
0.044,3.68,-0.3,-6.0,1,2026-06-06 12:38:57,1-a2717334-de79-49a9-95d8-4b4a71ef7c42
-0.0,-0.98,3.26,3.0,1,2026-06-05 22:42:12,1-2668d086-19b8-4380-89d8-ada1e5551f04
0.09,3.3,0.66,1.0,1,2026-06-05 21:56:54,1-80b2cac2-0fd4-45a6-8de8-d741870dd36d
0.06,2.86,2.74,-4.0,0,2026-06-05 21:06:52,1-1be6d944-a12e-4aa5-b607-a09f6069e54d
-0.092,-5.3,7.78,-12.0,0,2026-06-05 16:25:35,1-ca01898e-d454-473a-b43c-7f20f8b4dfd5
0.1,7.42,-0.6,1.0,0,2026-06-04 19:42:15,1-bfe618ce-7d8a-46a6-b498-672cf29aa03b
0.08,4.4,-1.6,11.0,1,2026-06-04 15:03:05,1-b53bfaad-1527-4dd9-bd2f-b483ec3cf57c
0.058,-2.62,-2.24,2.0,1,2026-06-03 22:49:26,1-53ec1060-5d33-48f4-8c31-55d41244db04
-0.086,-8.32,-8.44,3.0,0,2026-06-03 21:57:47,1-1c568d7e-caa1-4802-a67a-a23ee0917536
-0.018,-2.88,-2.42,1.0,0,2026-06-03 21:14:17,1-23daf299-47fe-46e2-a74c-c158e6bb1c26
0.184,3.9,-6.98,7.0,1,2026-06-01 22:23:23,1-406091c6-eb6a-4c67-b435-8a0c084ebc6c
-0.066,-1.78,4.6,-2.0,0,2026-06-01 16:57:42,1-f1363acf-e5e0-4b52-b618-971d3560e982
-0.03,1.72,4.74,5.0,0,2026-06-01 16:03:51,1-f95dd469-62da-4018-93fd-5b4d04f23424
-0.236,-12.7,-3.98,-10.0,1,2026-06-01 15:12:59,1-f5df208e-fc54-4838-8d11-edc362c41f82
-0.066,-3.74,-1.46,1.0,1,2026-05-31 22:40:18,1-6a7d9b5b-4819-45cd-bf18-1bc098d8e6c8
0.042,3.22,3.72,16.0,0,2026-05-31 21:55:50,1-e9253b64-620c-4e0a-9f58-478da039675e
0.084,2.62,2.04,9.0,1,2026-05-31 20:59:35,1-70e92967-0f4d-40f0-86bd-42b43535c38e
-0.066,0.16,1.94,2.0,0,2026-06-06 21:00:26,1-be1557eb-eab5-47a7-ba2e-f9ad23d6ebbe
-0.022,-7.62,-0.2,1.0,0,2026-06-06 20:31:25,1-4c9ad38f-d362-4a2a-b8f7-78214554355b
-0.036,-1.04,-1.32,-4.0,1,2026-06-05 17:10:34,1-c425bd9a-1bac-48fc-8dc3-972514e589ea
-0.072,1.72,4.08,-5.0,1,2026-06-05 15:56:06,1-c73b64cf-7a0c-4785-aea5-269532570c9d
0.064,4.56,1.26,5.0,0,2026-06-04 17:39:30,1-e907c72b-980d-4f3f-a14e-8b4d67121a86
0.002,2.12,10.36,-1.0,1,2026-06-03 22:43:58,1-269e5f52-2699-4c77-8015-79c89b239a4a
0.056,-0.64,1.22,-1.0,1,2026-06-03 19:47:33,1-c5555a48-9cb5-40c8-b475-0cdf68438a61
0.162,2.88,-2.5,3.0,0,2026-06-03 19:08:48,1-ce4a36a8-e3a8-413c-bdb7-7f4f1fc12a41
-0.026,-2.0,11.36,3.0,1,2026-06-02 14:49:26,1-157fb7b8-ff16-4a22-959f-c86d097b2b9f
-0.018,1.62,0.16,0.0,0,2026-06-02 14:09:36,1-7d2ad35f-6568-44ca-bbec-a214f6ce8f4f
0.17,9.34,-3.14,-4.0,1,2026-06-02 13:22:33,1-0474f6cf-77f5-4310-a6ad-791cc93aab53
-0.134,-5.46,7.3,-8.0,1,2026-06-01 14:11:27,1-9a6728cb-6df5-4e98-ab79-5053c5650cd8
0.108,3.36,10.6,12.0,0,2026-05-31 23:47:15,1-4344ed41-d879-49a4-8430-d700dbadafbf
-0.128,-9.82,-3.08,-10.0,0,2026-05-31 20:09:39,1-09363701-f669-41f6-81ac-8ab959656f96
0.162,10.26,2.82,3.0,1,2026-05-31 19:14:31,1-1a239641-a3ce-4fae-a4df-ae52b5148163
-0.1,-15.24,-8.32,5.0,0,2026-06-05 19:49:21,1-777eaf2a-6cda-40f4-a0a2-2b4ade26d9a8
-0.134,-10.42,-4.68,-4.0,1,2026-06-05 18:37:07,1-e7f23463-2bd7-4e8f-8d87-2ae2a68d297e
0.176,7.74,-4.82,8.0,1,2026-06-04 17:36:03,1-d12ca356-f048-404c-adb8-f5d5e622eb5a
-0.034,-2.48,-0.06,-2.0,1,2026-06-02 18:29:27,1-206a8723-f904-4f61-95dd-f88b991fa41f
-0.094,-5.5,6.14,-7.0,1,2026-06-01 18:11:42,1-f3c856b4-cdb6-40ee-90b0-ef5a457bf1fa
0.046,3.02,2.66,12.0,0,2026-06-06 00:28:11,1-5eb3f8df-77c5-4869-a1c4-4ee182405c78
0.012,-2.88,2.56,-3.0,0,2026-06-05 23:27:09,1-bdc96c91-19ba-4374-874d-869f3bcbec5c
-0.06,-4.12,6.74,1.0,0,2026-06-05 22:06:38,1-7c523aa2-a8fc-474d-8bc2-3f9c29153e6c
-0.046,-3.62,-5.64,-3.0,0,2026-06-05 21:23:49,1-658f76f6-518e-4fac-88f0-a3a0b6a33c50
-0.07,-6.98,-1.08,-9.0,0,2026-06-04 22:36:06,1-65b01d97-52b7-46c6-bad6-89942fb01ee9
-0.014,3.8,2.12,8.0,0,2026-06-04 21:41:03,1-ea0e3f77-c466-4032-a6b2-b2748bb09334
0.216,8.24,-1.06,0.0,1,2026-06-03 22:28:43,1-51b0938e-6025-4f73-a790-a345ef9d0bb9
-0.03,2.24,4.12,-1.0,1,2026-06-03 21:52:01,1-a6a8a6da-c2df-4198-bff3-3620aefbb397
0.142,7.36,-1.74,9.0,1,2026-06-03 21:06:53,1-4bbeed03-dae5-49a9-9a04-b65c965ac0a7
0.04,-0.14,-0.52,8.0,1,2026-06-03 17:53:01,1-0c3ab937-8345-4451-a934-f68f2962883e
0.074,-2.18,-0.1,-8.0,1,2026-06-03 16:58:23,1-20319012-08ea-4145-8e67-9b52d61c91ad
-0.14,-7.84,6.14,-1.0,0,2026-06-03 16:13:44,1-927a060d-5b5f-4e8d-bdc4-5cfa362b8ffa
-0.026,-5.8,1.0,-4.0,1,2026-06-02 22:12:22,1-d164ffc5-02ba-4a5a-80b0-4b42d9717447
-0.086,-5.62,-5.42,-3.0,1,2026-06-02 21:44:21,1-c99c4fe7-87a9-4c16-a0ff-3c0939cabd3f
0.082,-1.38,-1.62,7.7,0,2026-05-28 22:40:07,1-ef525aca-8007-425a-b8db-075445cdbe59
-0.176,-7.8,-1.2,3.12,0,2026-05-28 21:58:03,1-acb4501c-b5c3-403c-ad21-ff6a4734e33e
0.028,-0.94,4.92,-4.0,0,2026-05-26 21:18:24,1-953817c9-3127-4c73-9044-e9ffd2f9d79a
0.024,6.86,-0.76,3.88,0,2026-05-25 22:54:58,1-44f6e83f-3151-4848-8f04-64b532bce258
0.056,1.3,-7.12,-2.0,1,2026-05-25 21:55:38,1-766b1eac-f885-489a-93bb-16a1a57a68fa
-0.054,-3.64,2.86,-1.32,0,2026-05-18 20:16:24,1-0f3566df-ac84-45db-89b4-f649ff60424a
0.046,1.88,4.22,-0.3,1,2026-05-18 19:27:56,1-7564997c-53eb-412d-9291-c7f7275fba32
0.2,4.78,0.22,10.0,1,2026-05-18 18:49:46,1-d180ccde-3d44-4efd-9f19-ac80e222c9d3
-0.1,-3.88,1.76,-14.0,0,2026-06-05 18:54:12,1-24752cbb-d242-4ac8-8c85-8ff8277fea2b
-0.15,-12.22,-5.06,4.0,0,2026-06-05 18:20:44,1-cf6e9f22-af88-40b7-917c-54a3b68d534d
-0.022,0.2,-2.66,-4.0,1,2026-06-05 17:12:43,1-94050a93-93f4-449b-a941-3a91804e77be
-0.092,4.0,-0.88,-3.0,1,2026-06-04 21:24:21,1-729490ae-be34-4f20-a820-3d2a035e618c
-0.016,-3.12,-1.94,-4.0,0,2026-06-04 14:59:09,1-21ad99b2-de45-42ab-85df-7977a43608c4
0.038,3.92,4.34,0.0,0,2026-06-04 14:04:00,1-93122420-9c17-40a8-8428-e2fb51a18b4f
0.046,2.74,-3.82,-8.0,0,2026-06-03 15:13:23,1-bd98f24b-7ee6-4a9e-bee6-5e5f382aa0ad
-0.072,-3.88,-0.16,-3.0,0,2026-06-02 22:40:47,1-7139ab8e-e948-4f56-bbfd-8340aaf2b8a8
0.03,0.98,0.72,-4.0,1,2026-06-02 21:43:15,1-86c35981-39b6-431c-959e-03acf5df50ec
-0.01,1.22,3.44,1.0,1,2026-06-02 20:57:48,1-ea97007c-9b79-44e3-bbe2-08dde880401d
-0.08,-8.32,-1.04,4.0,0,2026-06-02 20:15:29,1-76daa7a6-df26-495d-96b7-93394c55ebb5
0.112,6.56,1.0,-1.0,0,2026-06-02 19:34:00,1-d3b3068a-2fab-476a-afc5-f409054f6ae7
-0.056,-6.66,1.18,7.0,0,2026-06-02 19:05:49,1-74e32e06-810a-49a2-84d6-e5db521d1612
0.122,1.64,-3.98,8.0,1,2026-06-02 18:17:44,1-eb3fb627-015f-46fc-8103-a1f5d66a2299
0.0,-4.54,1.34,-2.0,0,2026-06-02 17:33:30,1-c9eaf34c-1778-4342-aecb-1871fb6b68b0
-0.01,0.72,-4.9,-8.0,1,2026-06-01 22:31:46,1-051b0f50-b195-4039-8a85-b20aeb7237df
0.082,-1.12,1.86,3.0,1,2026-06-01 20:00:01,1-10bd0961-2233-4d54-a898-fac0b5ae19be
0.0,9.86,1.72,0.42,0,2026-05-29 20:12:10,1-4d64deac-eb02-494e-bd95-8c5f5ad2c464
0.214,0.56,0.3,20.28,1,2026-05-29 19:31:41,1-c53a9fa6-1dbf-4f7a-a305-6ce0d712e7bb
0.006,3.38,0.52,5.0,0,2026-05-26 23:36:47,1-9841366c-f02a-42ad-977e-461140b0028c
-0.096,0.1,-3.64,-18.5,1,2026-05-26 21:58:47,1-f940b3c4-2345-4b17-9067-c997339662b4
-0.022,-3.62,1.66,-13.0,1,2026-05-25 18:47:22,1-557d90d4-1810-47c3-bc11-86c053eb2237
-0.164,-3.18,-6.38,-12.0,0,2026-06-06 19:27:03,1-e50c073f-29d3-400c-895c-6f155b95530d
-0.026,0.56,3.72,-9.0,0,2026-06-06 18:37:36,1-f23a6da0-3e2b-455e-9f2f-d52ad74eb266
0.074,0.54,-4.5,5.0,0,2026-06-06 17:48:47,1-4b99249e-1438-4649-88a0-260e7bf43b0f
-0.11,-3.0,0.82,-8.0,1,2026-06-06 17:04:15,1-5957e3ef-f9ce-4df9-be71-bb047f86bf61
0.236,10.24,2.14,0.0,1,2026-06-06 16:25:32,1-be740577-eff3-47f8-a84e-5f528b84e6a9
-0.004,4.04,3.12,-7.0,0,2026-06-06 15:51:13,1-1b807892-52c7-4f70-9197-59b580824e67
-0.012,2.8,9.96,6.0,0,2026-06-06 14:50:27,1-4b41f126-ff86-49d5-b021-cf16b9357e91
0.032,1.74,0.24,2.0,1,2026-06-05 17:39:51,1-0d2680a1-2cf5-4be1-bc78-4cab94d1389d
0.054,2.7,-2.54,4.0,1,2026-06-05 17:01:11,1-67fc9123-d04f-43bb-90de-a6c24e8a3dc3
-0.048,-0.3,-0.18,-7.0,0,2026-06-03 18:27:40,1-d9e89500-f53d-4699-a33d-411dcdfe13c0
0.022,5.76,-4.08,0.0,1,2026-06-03 17:35:57,1-0ae07fbe-080d-43a9-9226-ef90c6037822
0.024,1.72,-0.16,-11.0,1,2026-06-03 16:56:50,1-7d9b6b4f-d692-434a-8df0-9903aeceab76
0.136,1.18,0.48,8.0,0,2026-06-03 16:18:10,1-44f64521-9e70-42a6-98ca-d29d9c894566
-0.152,-3.74,7.46,-12.0,0,2026-06-03 15:40:01,1-fb46e881-2bc5-4351-abad-d131707b34a8
-0.05,1.04,-3.6,8.0,0,2026-06-02 18:31:38,1-887c8d68-ff71-432b-9a64-84d6f5528fe4
-0.002,0.1,4.8,1.0,0,2026-06-02 17:52:27,1-12d7a871-617b-45eb-820c-061245bac93b
0.028,4.3,0.3,4.0,0,2026-06-02 17:14:15,1-3dd2398b-1b1e-462f-b45d-ac384fc6d8f7
0.004,4.44,0.16,-1.0,0,2026-06-01 19:12:35,1-06eb5d90-6476-480b-a4ed-29c3ec3eb338
-0.082,-3.96,1.9,3.0,0,2026-06-01 18:29:15,1-f7ceb3e1-bbe9-4b41-be5c-9222932449e2
-0.016,-5.88,-0.5,7.0,0,2026-06-01 17:57:06,1-3f8726d3-abea-47fc-b3db-462ca771f1a9
0.082,1.04,0.3,9.0,1,2026-06-01 17:18:28,1-876d49ec-4bc4-4083-876d-a0ce1bf2f9a7
0.024,-1.3,-9.44,-6.0,0,2026-06-01 15:55:48,1-6259b970-bc97-4568-bd17-3a6364675297
0.108,5.28,-7.72,-2.0,1,2026-06-01 15:10:30,1-6ced9a0f-aafb-404a-b0ab-7ee39099f548
0.016,0.82,1.62,-7.0,1,2026-05-31 13:23:02,1-7a78e83e-5b8d-4b0b-aada-20205f04a593
0.014,6.58,1.5,-4.0,1,2026-05-31 12:43:23,1-a51f6af8-a099-4a09-b286-0713ca04c161
-0.052,-2.0,5.88,9.0,0,2026-05-31 12:16:01,1-720d97ed-3d26-4ca3-a16b-bb48295d8049
0.078,2.48,-3.74,-10.0,0,2026-05-29 18:29:53,1-4bf2a30b-eb5e-4212-8816-a46a450e4067
0.058,3.78,-1.82,-1.0,1,2026-05-30 22:44:34,1-be13ceb1-3c0a-4e90-b029-ee452f06b69c
0.112,5.24,8.7,14.0,1,2026-05-27 15:01:46,1-1ece92d0-8b23-490e-a7b5-29215422486e
0.082,0.44,10.46,10.0,1,2026-05-27 14:13:22,1-9293ce90-74db-47a4-af34-a4ab020ce6e5
0.126,2.68,-1.2,1.3,0,2026-05-23 10:24:18,1-da2b731c-3ff7-439f-8059-e5f2b57dfca3
0.154,9.92,-2.44,14.0,0,2026-05-22 13:06:46,1-c4a6fc55-954b-46f3-a84f-bb3a50e4c9c7
0.066,10.5,6.94,19.0,1,2026-06-06 23:23:45,1-1c2d19b3-9c32-45a3-b894-0dd5226fa35b
0.12,10.46,2.38,19.0,1,2026-06-06 22:43:57,1-244cb242-c717-4637-bc4e-fd2db4c00e2c
0.014,-0.58,-5.2,10.0,1,2026-06-06 21:53:43,1-298258f8-12a2-41a1-bb9e-9a1552dcb429
0.03,2.42,3.2,-11.0,0,2026-06-06 09:13:05,1-cc1849ec-f579-4d92-bfc6-dd3e469afc28
0.044,2.24,-1.9,4.0,0,2026-06-06 08:21:53,1-a692354c-ad3d-427e-8dd0-15988e3ee012
0.02,-3.84,-3.84,7.0,1,2026-06-05 22:02:10,1-6cc3b9e3-59fd-4bc6-a624-0182e50c9fe1
0.138,9.12,6.18,8.0,1,2026-06-05 21:07:30,1-d8a5b884-17b9-42c0-b213-84de72df5696
0.036,7.08,-0.94,-2.0,1,2026-06-05 13:55:12,1-c0860612-4714-4160-8932-d15717516338
-0.026,-2.34,1.98,-10.0,0,2026-06-05 01:47:30,1-670b1ffd-820f-4ad7-8448-3cec1507b753
0.058,-1.78,6.1,6.0,0,2026-06-05 01:06:44,1-27213e30-f438-40b5-94e0-5f6875733b03
-0.016,-0.78,3.4,-11.0,1,2026-06-05 00:24:35,1-6ed0f9ed-85b9-47b6-9bef-ed7dadc4479b
0.01,-0.68,1.26,4.0,0,2026-06-04 23:58:51,1-1e3ebbdb-dac5-4152-84ab-e1da6fa8b873
-0.004,-1.0,2.0,-8.0,0,2026-06-04 22:39:04,1-cb14b62d-7c5e-4002-bb64-b200788c73fe
0.082,4.2,6.4,9.0,0,2026-06-04 21:57:19,1-090d5d55-1a6a-4ad6-b53b-842f1a85491f
0.026,1.16,-2.96,-5.0,1,2026-06-04 17:27:49,1-fa0283a1-5d19-4e5a-91d0-a45068f421ec
0.048,-0.16,-0.66,-3.0,0,2026-06-04 13:21:51,1-ebab7cc2-3e9b-497f-b0f2-ed56fe2a7fc9
0.074,4.18,0.46,-7.0,1,2026-06-04 12:39:10,1-00f1350d-3381-433f-be3e-553027d1a509
0.064,2.42,1.66,9.0,1,2026-06-04 11:49:05,1-e804ce88-ffec-45f3-a6b2-52dc1fa05b33
-0.216,-6.52,-4.7,-16.0,0,2026-06-04 11:13:47,1-6fa0749e-b686-4f51-b612-a751948b2914
-0.042,-3.34,-1.94,-3.0,1,2026-06-04 07:09:14,1-5c86e9ae-1cea-4af8-972e-1a00c2508c30
0.002,-1.1,2.74,-8.0,1,2026-06-04 06:06:36,1-9f38bab2-4315-4218-80ce-5a3218ba0796
0.148,-0.38,7.36,6.0,0,2026-06-04 05:26:03,1-49a8587a-970f-4753-81ed-a847db0be4a7
0.056,4.8,6.16,1.0,1,2026-06-04 04:39:55,1-740deabc-0100-4bba-8d83-d3e8b5b81798
0.048,4.56,-6.48,6.0,0,2026-06-04 03:43:02,1-6007aaec-3dfb-491b-9dd5-de3fb3643ca3
-0.08,-0.5,6.4,-4.0,1,2026-06-04 02:54:34,1-a31dd412-20a3-46c3-9ab5-09bcbf776661
-0.022,3.08,-4.06,-2.0,1,2026-06-04 02:03:00,1-35f325fc-c8b7-43fe-b9de-561119faece3
0.08,4.3,0.82,3.0,0,2026-06-04 01:31:17,1-2be3a05d-98ab-4036-9d4a-d4b30ba5b8f9
-0.064,-5.6,2.04,-1.0,0,2026-06-04 00:55:31,1-19be7b4f-8f95-4bbc-b3a6-641645008731
-0.096,-0.2,0.96,-10.0,0,2026-06-04 00:12:55,1-4f0350ba-c938-4c26-9794-5c75d3c3a798
-0.058,-2.88,7.04,-7.0,1,2026-06-03 23:35:51,1-71c4d0b1-e443-4c63-9a03-a487401fd675
0.074,8.5,-2.22,2.0,1,2026-06-06 22:20:55,1-a5138b7b-cfd4-4a53-96a1-f40221fcfe4f
-0.01,1.68,-0.64,-5.0,0,2026-05-29 15:07:17,1-9d1b3a8c-f646-4e04-a3e5-a18d7452155c
0.006,-0.02,1.6,-11.0,1,2026-05-29 00:35:49,1-126227dd-a240-42a4-b826-c82fc1643028
-0.064,-2.54,12.06,7.0,0,2026-05-27 22:49:50,1-87a85bf8-480c-4c10-81d6-cdca92886ef3
-0.038,0.44,4.4,-4.0,0,2026-05-25 16:24:25,1-ab4bfdfa-9ea6-4c1b-91d3-e1dd72c75f65
0.16,3.52,-12.88,-4.0,0,2026-05-17 15:20:10,1-ef8cdefa-d6ba-4883-a7d8-92a995ca21e2
0.024,0.28,0.08,4.0,1,2026-05-14 15:07:17,1-db30771e-cbe1-420b-bb82-1c5d0d8cfb25
0.054,-1.58,-3.58,3.0,1,2026-05-10 14:56:28,1-eeff0fe5-6451-4677-926e-723e6b44d17d
0.038,-0.32,0.26,-2.0,1,2026-06-06 20:17:41,1-93c61f3f-df94-4841-87b3-00f6e8320691
-0.082,-2.82,1.18,-3.0,1,2026-06-06 19:39:34,1-d31e23b1-d89b-4b55-b204-d79c7375462a
0.102,2.4,-3.38,3.0,1,2026-06-06 18:50:02,1-3233eeb3-15fc-4935-a9ff-fb73ce836ca1
0.004,-4.14,-1.4,8.0,1,2026-06-06 11:19:43,1-47a276a7-e790-4c13-ba2c-b37ba3050288
-0.016,1.84,0.8,0.0,1,2026-06-06 10:45:25,1-1c7a9c07-d4ef-4486-9aba-c5ff91ae1833
0.004,1.62,2.22,1.0,1,2026-06-05 21:39:46,1-636b3b20-a5c5-4201-8685-a33271be2a56
0.03,2.78,-2.0,12.0,1,2026-06-05 20:52:08,1-4eb47638-1b9a-4913-b335-a9795f533f4a
-0.356,-14.68,-3.4,-3.0,0,2026-06-04 20:48:17,1-be27d793-3df7-4e82-a476-72aa6af316ee
0.344,13.64,1.94,-1.0,1,2026-06-04 20:05:19,1-d2ef83bd-901c-470d-94bd-0c746406a67b
-0.288,-13.02,0.06,-4.0,1,2026-06-04 19:35:22,1-62a9ad43-2098-474f-acd8-406fac12cb35
-0.074,-2.64,0.4,-2.0,1,2026-06-03 19:14:41,1-085765ea-f530-4633-990b-ebbeb1089986
-0.112,-3.6,1.26,2.0,0,2026-06-03 18:27:54,1-cbb3c6a2-3e76-4f3a-a8c0-a23e2790282a
0.108,2.28,0.18,3.0,0,2026-06-01 19:27:55,1-648a9343-b2d6-4798-b7ab-64c7021250c1
-0.06,-4.12,3.8,-11.0,1,2026-06-01 18:47:42,1-98141457-3281-4c13-86f7-9945940c299a
-0.246,-7.92,6.84,2.0,1,2026-05-29 21:56:20,1-b8b57ee0-c745-49e7-a988-81665465d596
-0.2,-7.6,1.52,-2.24,1,2026-05-29 21:14:33,1-f9a54af1-9049-4310-90d7-76c25b1d8435
-0.112,-2.8,6.54,1.0,1,2026-05-28 19:02:24,1-d2d91ed1-14bc-4374-b8e0-2f8aa824b39d
-0.192,-3.68,-0.62,-11.0,1,2026-05-26 19:36:04,1-67810d2f-48d1-4a02-bfc3-63700f82267c
-0.16,-7.84,-3.96,5.52,0,2026-05-25 19:15:44,1-6af160df-3f9f-4c98-866a-aadfa525502a
-0.06,-3.02,6.06,-15.0,1,2026-05-25 18:23:11,1-038361a2-c8d3-4447-9ea5-df27ae91b775
0.018,-1.42,-4.14,-8.0,1,2026-05-25 17:43:33,1-a3c2679b-2a3f-4a06-b322-c80bcc205275
-0.002,1.48,0.02,-6.0,1,2026-05-25 16:52:25,1-6780aa17-883e-4a19-8134-006102548db7
-0.04,-2.0,-2.96,-4.7,1,2026-05-25 12:37:35,1-325bd526-dfb9-4d5b-a0fa-e97cf1ee2f6a
0.098,9.4,0.3,1.0,0,2026-05-24 19:06:53,1-38574792-c8c5-4155-a630-5563e88d3fb4
0.04,-4.44,-0.22,9.0,1,2026-05-22 20:54:13,1-69543f2c-de9f-492c-aebd-51e778a79e24
-0.12,-5.62,-4.1,-3.58,0,2026-05-22 20:20:17,1-db300eea-21a1-4618-aefe-b8dafbf36e06
0.054,5.02,-9.44,-1.0,1,2026-06-05 18:35:08,1-3854e67c-5343-450e-b918-d1a43bb52114
0.064,-1.44,3.16,-3.0,1,2026-06-05 17:49:54,1-a4ada3fb-0a33-4a99-8b4c-528ba1fedb8f
-0.08,0.72,4.28,-8.0,1,2026-05-30 10:58:02,1-1e3ee842-813a-4344-9ce7-dd765a29675c
-0.124,-3.8,7.4,-1.0,1,2026-05-26 20:58:28,1-3f49bc3f-ab1f-41ae-ac5e-4a3a72584a77
0.072,1.12,4.42,8.0,1,2026-05-25 20:07:02,1-5e42493d-2379-432a-b15b-45eeff2fe07c
0.034,-0.56,3.82,-7.0,1,2026-05-25 16:07:34,1-3a162586-b461-4efd-94cf-1d801302a9d3
0.032,1.06,6.42,-1.84,0,2026-05-25 11:37:59,1-8cf80eb8-15c8-4225-9c0d-3a8d30a1169e
0.05,5.72,-0.26,-13.0,1,2026-05-25 10:48:45,1-d22536be-ed1c-47c6-b7a1-fa42b31b9d5b
-0.03,-3.9,7.18,-5.0,0,2026-05-23 18:09:40,1-2ef30417-2e08-466a-8c57-83f937925077
0.066,4.94,3.24,1.0,0,2026-05-23 09:17:23,1-2271d61c-4748-48de-a2ad-55c3e61052bf
0.032,5.2,1.76,-8.0,1,2026-05-23 08:22:12,1-57bbc4e8-0e31-44ef-b0cf-d463cfd95f33
-0.022,1.54,4.02,-8.06,1,2026-05-20 21:55:23,1-952d646d-f05b-40cd-b1d1-5f06380b4fa7
0.094,3.02,12.2,6.5,1,2026-05-20 21:10:07,1-97a23588-d804-4602-81b8-9f5283dcb891
0.074,4.0,-12.94,10.0,1,2026-05-20 20:30:57,1-0a21ef2a-e21b-41b0-929b-f096f3f6e4a7
0.13,7.18,5.02,29.38,0,2026-05-19 21:23:39,1-99443044-fe29-4751-b3a1-602c3ddd740e
-0.076,-6.94,-1.76,-12.0,1,2026-06-06 23:32:48,1-6d22a7cb-9b41-4b6c-b70c-12f2994c2ca2
-0.022,-3.54,-6.62,0.0,0,2026-06-06 22:59:16,1-7761fd8e-0a48-40e9-99b9-ab7d2487b28a
-0.036,-6.18,-8.96,6.0,1,2026-06-06 22:27:44,1-fe422564-ad90-44c9-b2b8-5e5f1182b6d8
0.164,6.02,4.4,-7.0,1,2026-06-06 01:40:35,1-458c55f0-a098-4d30-b901-9958424cc4b1
-0.028,1.18,8.4,-5.0,0,2026-06-06 00:21:19,1-a5527a29-887a-4dd8-881b-4e791eeabec0
-0.052,-6.62,-4.76,8.0,0,2026-06-05 23:42:43,1-492a3caf-c276-4845-af10-3c238889bfab
-0.186,-10.2,-1.8,-2.0,0,2026-06-05 23:08:26,1-75da47c8-5910-4f5f-9722-411ce4dbc586
-0.138,-4.98,0.14,1.0,1,2026-06-05 01:06:29,1-46cd2d0e-f843-4ab1-880f-d5369cbff586
0.018,2.52,-2.84,-7.0,1,2026-06-05 00:23:31,1-6c5aeea0-4d40-4118-94cb-9d1535f558b6
-0.04,-5.14,-7.34,4.0,0,2026-06-04 23:45:30,1-911d5eeb-a32c-4560-8972-e0b557ed124a
-0.034,-5.06,-5.94,8.0,0,2026-06-04 23:12:59,1-595821dd-55e6-4ee6-aa66-8d13c17d4432
0.11,9.66,5.02,3.0,0,2026-06-04 22:29:34,1-0879389e-226c-4d8a-a19f-9898e01611e2
0.106,12.8,6.86,-2.0,1,2026-06-04 22:02:18,1-0ad8d977-52bf-41e2-86c1-c2e257581211
0.004,-5.24,-3.34,8.0,1,2026-06-04 00:40:38,1-d374438e-7ff6-43bf-88cd-b9961cbd9e82
-0.004,-1.48,-1.26,-2.0,0,2026-06-02 01:24:58,1-5f13aeff-24b9-49dd-b0d6-186381fdd2bf
-0.006,4.7,1.7,-7.12,0,2026-06-02 00:50:21,1-32c7ddce-f1e0-420b-b3a0-cd7afb435c39
-0.19,-10.0,-7.38,-7.0,0,2026-06-02 00:01:59,1-c284eefb-fa51-464a-ac41-9f77bb315d1f
0.05,0.44,5.86,6.0,0,2026-06-01 23:16:48,1-08b44a4e-f00d-4fde-a8c9-c758e32aeac1
0.056,-1.28,6.22,0.0,1,2026-06-01 22:36:22,1-d7ce26e9-2644-4d17-9819-a6c1b26fde57
-0.152,-8.38,0.02,-20.0,0,2026-05-31 23:22:23,1-2dbb31e4-5d34-4c00-8a48-53492f40c080
-0.142,-7.92,4.96,-7.0,0,2026-05-31 22:53:29,1-fc0b8ac6-42ad-411e-9e8b-36526dd11ac3
0.15,12.4,5.9,8.0,1,2026-05-31 22:29:06,1-b77cc7c0-b36c-4c3e-ab5e-5885e5776475
0.042,3.44,9.18,7.0,0,2026-05-30 22:58:35,1-4caf37e5-25e5-4c33-b772-3946eedf3b83
0.182,10.5,0.1,0.0,0,2026-05-30 21:55:48,1-323a1d35-0779-44a4-97a7-2d5d8b2b4b91
0.07,4.5,0.88,0.0,1,2026-05-30 21:11:03,1-2c51430d-ed3c-44b2-8741-871a5a588907
-0.166,-7.84,-3.28,-15.0,0,2026-05-30 20:05:14,1-4d1baf07-5834-4fc9-9285-4f86f8c28377
-0.144,-7.36,-4.58,-3.0,0,2026-05-30 19:27:39,1-a54469ad-68e9-400c-bdf3-57261657420c
-0.056,-7.16,-1.82,-5.0,0,2026-05-30 17:33:35,1-66f19ab2-bf4e-4d18-8cf7-6865fd00419e
-0.052,-5.48,0.38,-15.0,0,2026-05-30 01:51:08,1-6c01258b-3dce-4eb0-9c28-fc27e6cc48c6
0.158,4.6,-4.34,-5.0,1,2026-06-06 21:36:33,1-c075ab7b-407d-4733-8a44-2774052cdd31
-0.124,-4.2,-2.62,-3.0,0,2026-06-06 20:18:55,1-969da046-f5fc-4122-b79e-e89feb594437
-0.152,-4.98,9.52,0.0,1,2026-06-06 19:31:34,1-cc394dd3-b558-409f-9e81-8597fb069c72
0.042,0.22,-3.36,-6.0,1,2026-06-06 18:49:32,1-99870047-383d-4278-899b-11feb66bc104
-0.232,-4.38,-3.34,-4.0,0,2026-06-06 18:12:36,1-bf8f01c1-8e61-4bd9-b01c-3d0decf4cf46
0.148,10.1,6.2,1.58,0,2026-06-05 23:04:07,1-260463ff-4e99-4029-aacc-e97f47c1e0f7
0.054,3.42,1.26,2.0,0,2026-06-05 20:23:58,1-7b2d450c-9ed7-498e-a8a4-7d7e0e63636f
-0.034,3.2,-0.42,4.0,0,2026-06-05 19:40:53,1-51311a03-d030-41bf-90dd-2065722cff84
-0.114,-3.36,-6.48,-12.0,1,2026-06-04 23:38:03,1-f8c4198e-801f-4c66-ae7e-b426c9385e3b
0.116,10.32,-3.64,9.0,1,2026-06-04 22:40:45,1-f40024de-86f8-44b6-bfbb-dfadfcb31953
-0.058,-4.64,-9.36,-2.0,1,2026-06-04 21:53:06,1-be166869-92d6-4861-a5c2-17502e9fc0b5
0.058,0.8,0.18,3.0,1,2026-06-03 22:04:54,1-92158563-9883-42f8-9bf5-2247d6e8e086
0.158,6.26,-0.62,13.0,0,2026-06-03 21:33:16,1-dcaf96fc-2b9e-4b1c-831b-f3e4aab6e9d0
-0.038,0.32,2.48,-7.0,1,2026-06-02 22:52:45,1-c3131de4-b13e-46b3-bf4e-4a167a9e2919
-0.084,-3.4,0.62,-8.0,0,2026-06-02 21:50:32,1-89c389b0-21d6-4ae6-a54a-dc07c5791c0a
-0.066,-4.16,4.36,10.0,0,2026-06-02 21:05:38,1-a71cb652-9d53-46f0-aa80-4d8f77d09a66
-0.056,-2.38,5.74,-8.0,1,2026-06-02 20:39:54,1-3c6cdb20-3dd0-41cc-9c9c-24f798c36315
0.034,0.84,-5.02,-6.0,1,2026-06-01 21:59:35,1-d58f1e16-90a5-450a-80a4-3773507f890e
0.094,3.74,3.96,4.0,1,2026-05-31 20:51:34,1-dda175a2-7dca-4493-9c43-6a431ec8c43f
0.096,2.78,-7.98,4.0,1,2026-05-31 19:56:51,1-e56a9ec7-2085-4a6b-b14c-85be8f1555d8
0.102,6.92,-0.78,-3.0,1,2026-05-31 19:06:11,1-1c7e13fb-b8ec-4f62-9d85-74a4a9d9ef45
0.09,3.26,5.92,-4.0,0,2026-05-31 18:32:38,1-89ea5362-aa0f-4647-a93c-5392cbd8a507
-0.13,-3.36,1.52,-7.0,1,2026-05-30 16:41:33,1-90e4a50f-b3fe-457e-984e-f839ee5a1c7d
-0.162,-4.9,16.1,-8.0,0,2026-05-27 00:12:57,1-51fb9c5e-6da1-49f3-bf57-e384d7d94204
-0.076,-5.6,2.5,-7.0,1,2026-05-26 22:31:53,1-05fcad06-23cb-4e3a-ab66-7e6af48cbdc8
-0.08,-3.42,1.8,-5.0,1,2026-05-25 19:16:08,1-6f104120-532c-450b-93d2-c19577c7f895
0.034,3.1,-0.74,6.0,0,2026-05-25 18:25:31,1-b0ad0afa-3d97-40d9-9883-0af929a17501
0.112,9.58,-2.14,-6.5,0,2026-05-21 14:48:41,1-b2a39720-1cf2-4f6a-ba96-67aa148f3faa
-0.114,-2.34,0.1,-4.0,0,2026-05-21 14:02:50,1-77bd3ad6-306b-47c2-a216-41b44bfc1dad
-0.072,-0.14,-8.78,-18.0,1,2026-05-20 02:06:52,1-7a5a0bf5-885f-4116-a7ba-ded298a8f15c
0.072,5.18,2.4,7.0,0,2026-06-04 21:46:46,1-ed37a2a2-8a63-464a-a5ce-5121880b89e8
0.006,-0.14,-3.5,-4.0,0,2026-06-04 21:05:45,1-f4233a80-185c-44fa-b582-67a26f7870f6
0.134,8.44,7.62,12.0,0,2026-06-04 20:30:20,1-59e510f3-e0e1-41af-b6e9-d84c4b880bd3
0.024,-2.96,-0.52,5.52,1,2026-06-04 19:56:54,1-bc0008e7-1a65-4b71-bf05-29a609543e7d
-0.084,-8.54,1.84,8.0,0,2026-06-04 17:35:11,1-62c27dab-19e8-449c-9ff5-8b0ef399ce61
-0.144,-6.88,3.7,-3.0,0,2026-06-04 16:49:48,1-b951744f-db7a-40f9-8b46-9a0259b0e5fe
0.108,7.36,-4.76,14.0,0,2026-06-03 19:32:35,1-ce651523-ab17-4337-a55d-7c42015b7fd8
0.092,6.48,-2.76,-6.0,1,2026-06-03 18:51:46,1-57a624dd-68de-44ba-83dc-d80044b9ad6c
-0.016,-3.56,-1.08,-5.0,1,2026-06-02 18:50:04,1-713f77fc-95be-4e66-b6b6-99fcfaf389f2
0.138,8.74,-5.58,8.0,0,2026-06-01 17:48:48,1-2ae56483-2009-410d-ab65-52a91a89eb37
-0.168,-7.32,6.78,-15.0,0,2026-06-01 17:07:49,1-6afd85c5-8302-440b-9e9b-39951f0cfa4f
0.068,2.32,-0.66,7.0,1,2026-06-01 16:22:43,1-441823af-57fd-4c38-89d4-08ade9a2f3f5
-0.134,-4.7,2.66,-5.0,0,2026-05-31 21:16:35,1-2fdd23e1-bdc0-44eb-8af5-ebbe04296298
0.056,4.1,3.54,2.0,0,2026-05-31 20:48:52,1-84e29a5c-b072-4108-8a45-5dc92d2172ed
-0.032,-0.1,7.16,1.0,1,2026-05-31 20:04:37,1-a632972a-ea27-4c90-bbea-6ed7766f31ad
-0.036,-5.3,1.84,-3.0,0,2026-05-30 23:50:25,1-c076d21a-8bcd-41f4-9057-29c4c7839623
-0.044,-3.78,-3.48,-16.0,1,2026-05-30 02:37:27,1-99f41ae6-722d-42cf-9a60-f0dc7e22f1c6
-0.056,-2.6,-0.08,-14.0,1,2026-05-30 01:53:30,1-01a32a39-6683-44e1-aca9-513c7b068cb7
0.088,6.64,-3.92,4.0,0,2026-05-30 01:29:39,1-bedffca8-0ab2-4de8-9c51-334bc5999e32
0.008,-1.74,0.9,12.0,0,2026-05-30 00:32:25,1-961672fa-0ed7-4b6f-9583-049bbf56901a
-0.086,-6.56,-4.78,1.0,0,2026-05-29 21:44:12,1-654baaaa-26ef-4e3c-977e-13559b1e5971
-0.082,-3.7,4.2,-7.0,1,2026-05-29 20:14:01,1-e124db6b-3417-41f5-b5d8-8c7373ac9554
-0.066,-6.6,0.96,1.0,0,2026-05-29 19:27:01,1-eb78492c-d0f0-49a0-8cca-55ff1087f204
-0.046,-0.22,-7.56,-15.0,0,2026-05-29 18:48:55,1-f99c1480-c093-4e65-a277-04cd7611a418
-0.026,2.78,2.1,-7.0,1,2026-05-29 17:35:56,1-aa81b1d1-0998-48ff-85af-c734390fee2b
-0.032,-2.44,-8.48,10.0,1,2026-05-29 16:51:09,1-ba68610f-da4b-4f5d-86df-0dc50494550f
0.066,5.8,-5.34,-7.0,1,2026-05-28 23:14:02,1-dda80a72-8479-475a-95fb-e917f8304e78
-0.126,-5.42,3.22,-2.0,0,2026-05-28 22:27:29,1-96d840f2-8f70-4873-865b-70d3ed953094
-0.004,-1.0,0.16,-2.0,1,2026-06-02 19:35:06,1-913b402b-0e36-4605-940a-86522a579f6f
0.082,3.34,-8.92,21.0,0,2026-06-02 18:51:13,1-36db2949-c18d-4968-b461-c33d18c3e0a7
0.086,0.26,-8.08,14.0,1,2026-06-02 17:39:34,1-e33d9597-1d32-4ef2-a278-d48c25956ed0
-0.01,0.32,2.02,-9.0,1,2026-06-02 17:02:23,1-4f977034-e7ed-45c2-ac5e-cd235d91bf29
0.018,0.22,-4.18,7.0,0,2026-06-02 16:22:14,1-064635a2-0200-40fe-a76e-5715b2bd2215
0.11,7.4,5.02,-2.0,1,2026-05-29 20:33:39,1-6ff5c170-6028-4ae9-8027-501f393b4cde
-0.016,-2.86,-9.6,14.0,1,2026-05-29 19:52:19,1-e0816d21-deaa-4b3b-bf15-de0837108a06
-0.122,-4.36,-0.22,7.0,0,2026-05-29 19:09:44,1-9a918dc5-6b0a-4ec3-9f82-39cc924bbd10
0.032,7.16,6.62,-3.0,1,2026-05-26 21:17:23,1-e43664b3-4000-4b85-ad64-e3dcfd77b75e
-0.028,-2.0,-0.62,-5.72,0,2026-05-26 20:10:39,1-4d48e3d3-e98a-4767-a2dc-a4cd27b5d595
0.042,5.94,-4.64,-5.0,1,2026-05-25 18:36:14,1-ab6f0494-f19d-4de4-af7b-b73137fa616b
-0.084,-3.26,-1.72,4.0,0,2026-05-25 17:58:43,1-d4f0e936-6550-4a06-9885-621a0b8e912d
0.08,3.16,1.36,5.42,1,2026-05-25 13:21:19,1-4b3997d4-0f89-4f45-914e-c860839e1e7c
0.014,4.08,5.96,-5.0,0,2026-05-17 19:50:36,1-65dc19c1-2d11-44c4-bf80-d553c8ca7970
-0.094,-4.24,-4.52,12.0,0,2026-05-17 16:43:05,1-e14e2b9b-9855-482c-ba5c-f3da937f7444
-0.018,3.08,-3.38,2.0,0,2026-05-14 19:57:20,1-294101fa-e059-41e1-ad30-55df5151d9e9
0.092,9.26,-1.8,-5.0,1,2026-05-14 19:11:42,1-2496e2f6-e7d6-4a36-8805-e10283053bba
0.028,-0.52,2.94,8.0,0,2026-05-14 18:32:29,1-39017e8e-e5a2-4ebe-b93c-8a0f38541826
0.074,2.18,1.12,6.0,0,2026-05-13 18:38:21,1-f569e33e-4160-47d4-8380-b48e740d59aa
-0.052,-3.0,-7.22,-13.0,1,2026-05-09 21:59:44,1-e52bb4ce-9dfc-43f7-8095-8bf531c77e20
0.002,1.32,7.48,8.0,1,2026-05-09 21:21:39,1-4b94ea1d-8dfe-451f-8026-441df5ba69de
-0.03,4.96,-6.1,-1.0,0,2026-06-04 15:10:54,1-9629999f-a2fd-4e9c-aad2-80bffef5bd2d
-0.052,0.54,-2.36,-14.0,0,2026-06-04 14:26:01,1-e26a4ffb-5dae-42c3-b4a4-7ecb8e6b9acb
-0.152,-7.76,0.08,-10.0,0,2026-06-04 13:50:12,1-60faf7e9-5e56-40e4-bb11-6cc03228d105
0.148,5.8,-6.84,13.12,1,2026-05-24 15:42:38,1-eff8781d-bcf2-4104-a8ea-d561d5693294
0.206,9.28,-5.48,18.76,1,2026-05-24 14:35:15,1-45a8dc55-5310-492e-8b29-11f74d3b62cf
-0.118,-4.04,-0.82,-3.22,0,2026-05-24 13:13:40,1-ff118b60-6144-4d16-ba5d-8846d15ad4f5
0.002,-1.24,-11.86,5.0,1,2026-05-24 11:43:11,1-915b068e-c1fa-4456-bc9e-59df7e2c6900
0.058,2.7,6.74,0.0,0,2026-05-24 03:19:11,1-fcd1d59e-6564-4895-b49a-38bceb0c0672
-0.098,-4.54,-2.62,-13.06,1,2026-05-24 01:13:58,1-f0b349ce-e7d7-4141-a876-3772f06cb1e1
0.112,8.16,-5.98,2.0,0,2026-05-24 00:30:31,1-8ce29ae9-945e-4a3f-a230-c306ccf535ab
-0.112,-4.38,1.88,0.0,1,2026-05-23 23:52:11,1-66d8369c-adae-406a-8ae3-86ab40dd92c7
0.02,-0.06,4.24,15.0,0,2026-05-22 22:48:06,1-5c5c0ff2-7796-48ac-92b1-76d384f3e025
-0.004,2.48,-2.12,-3.0,1,2026-05-22 21:02:07,1-c21a0673-c953-4b73-917a-ffcf1cb35d47
-0.052,-3.26,8.58,-4.5,0,2026-05-22 19:32:19,1-3491df7c-8856-4aea-9ce4-c13d4587c6bf
-0.024,0.56,2.74,-14.24,0,2026-05-22 18:57:59,1-b6762335-e753-4fd3-b36c-ae1cf2607f98
0.154,7.9,1.9,11.0,1,2026-06-06 14:26:46,1-658da1a1-4f9f-4766-91db-1612c9dda261
-0.05,0.5,8.38,8.0,0,2026-06-06 13:20:51,1-818412ba-95b2-4573-b62a-c7850593cfbd
0.12,7.2,3.22,2.0,1,2026-06-05 15:31:58,1-cb9f7643-12e2-4f78-831f-3733bd0e1ebb
-0.002,-2.24,1.06,5.0,1,2026-06-05 14:48:23,1-ae990778-753c-44b0-9d0b-da30d9c8ff7f
0.14,1.56,-2.34,-5.0,1,2026-06-04 17:28:14,1-fe92aa9d-4915-4bc8-8464-748997ad249f
-0.042,-5.38,10.84,-5.0,1,2026-06-04 16:41:27,1-3c6064a1-6afd-47e9-888a-ead83bff6d5c
0.054,-0.46,-11.42,0.0,0,2026-06-04 13:34:23,1-e679183c-947c-4d5c-ad85-6b0bde2451ad
0.126,0.6,3.5,10.0,1,2026-06-04 12:39:20,1-04450174-ae2e-41e0-ac8d-e777a9bcecad
-0.224,-13.18,4.18,-15.0,0,2026-06-04 10:59:53,1-e1ff2244-18a7-45ff-b35b-5245cea2e822
0.006,1.82,-0.38,-1.0,1,2026-06-04 10:25:59,1-6bddf5a3-2c26-4f96-99c3-59dfbf2b1cfd
0.018,2.5,-2.64,2.0,0,2026-06-04 09:54:24,1-c2645ce1-929a-4789-81fb-502c8d246755
0.024,2.48,-1.46,-5.0,1,2026-06-02 11:41:46,1-2c179b03-e63f-4c16-b4d9-e70919fa3947
-0.192,-9.3,1.78,-3.0,1,2026-06-02 10:54:38,1-bc3765ea-02a8-4ef3-83e9-33aed5e325fa
-0.074,-8.44,8.98,0.0,0,2026-06-01 15:33:46,1-c04bd8cf-cf7e-4b48-9190-f2f70e4b4c5c
-0.088,-1.72,4.84,-16.0,1,2026-06-01 14:54:04,1-447d669f-b0bd-48f4-84e1-3829e336e67d
-0.004,1.86,4.84,-4.0,1,2026-06-01 13:50:58,1-6ccf9e02-2950-4c0c-b6a8-1d512c60adff
0.052,-0.92,4.3,17.0,1,2026-05-31 19:01:14,1-8aaff69c-6e96-40b5-b765-022ebcc44777
-0.056,-6.1,-8.34,-10.0,0,2026-05-31 17:58:06,1-67361f40-b28c-4f5c-a937-0b2c096ac66b
0.074,3.98,4.78,4.0,1,2026-05-31 17:28:48,1-a836d431-4224-4e22-a203-0a5cbdcc0c41
0.07,5.04,6.14,-4.0,1,2026-05-26 19:07:10,1-47a64101-bfcc-4644-af90-28a741657297
-0.032,2.28,-0.52,-2.0,1,2026-05-26 18:15:44,1-00019927-7747-4836-be4d-df42a4161411
0.014,-2.38,-11.28,-2.0,1,2026-05-26 10:02:05,1-b78bb91f-99ce-4ac2-8fc0-33f4e559300c
-0.018,3.16,4.08,-13.0,0,2026-05-25 11:00:43,1-e6b6f688-b728-4597-b069-b9abe595dcaa
0.096,10.06,3.44,-2.0,0,2026-05-25 10:19:03,1-af17939f-ebef-422c-bea8-d974499e1539
0.038,1.14,-1.24,-3.0,1,2026-05-24 22:18:16,1-f5240226-ded0-4ead-a78f-446056686656
-0.004,-0.92,-4.6,-7.0,1,2026-05-24 21:38:06,1-1d2fe798-8d17-48e5-93cb-b4f93048ccc7
0.06,-0.4,4.54,15.0,0,2026-05-24 15:26:43,1-195f252a-09a6-460c-a57f-ab48ec1ef77d
-0.1,-3.72,-2.2,2.0,0,2026-05-24 14:50:15,1-e54bc862-a743-4ae0-aad6-db8c19a0f6c8
0.094,7.12,7.66,-2.0,0,2026-05-24 14:04:09,1-aceaf98a-302f-4919-b98e-f49c1d3aad7b
0.074,5.12,6.96,-14.0,1,2026-06-06 22:16:10,1-12333c8e-472f-41c0-a62d-8fbdeae148a7
0.01,-0.22,1.18,-4.0,1,2026-06-06 19:38:53,1-f3223162-4476-412b-8739-214840f0b810
0.078,4.26,3.66,2.0,0,2026-06-06 18:54:42,1-e2d19ff4-f2a9-4b96-ae22-93c4adf5006e
-0.176,-9.28,2.66,-2.0,0,2026-06-06 18:15:19,1-632195d4-b8e3-4269-82d7-dcedd7b69349
-0.048,-2.34,0.56,-4.0,1,2026-06-06 17:39:50,1-cf792508-db16-4771-8505-4299cf25ffb2
-0.08,-2.64,1.5,-11.0,1,2026-06-06 16:38:16,1-a7354897-6193-4333-9ec1-360989b8de14
0.01,-4.12,-3.02,6.0,0,2026-06-06 15:53:03,1-9ce8d52c-ad43-416c-acf2-3ffb4da6662c
0.06,0.34,4.9,6.0,1,2026-06-06 14:45:36,1-503c68dc-f6da-4e14-aa8d-412fd4b3e23c
0.08,2.06,-2.36,4.0,0,2026-06-06 13:42:39,1-44eff620-8272-401b-86fd-ab170a8f0555
-0.084,-7.46,1.44,-2.0,1,2026-06-06 11:38:03,1-c2a3e407-2ca6-4901-bc74-2f465e441cd5
-0.006,-4.3,-8.08,-4.0,0,2026-06-06 10:19:38,1-57469bfa-1ab6-443c-9662-5ab2cd1463a1
-0.034,1.44,1.78,3.0,1,2026-06-06 00:08:38,1-0cb73c57-172e-4137-9e02-5d11aad7168d
0.05,5.18,-0.12,1.0,0,2026-06-05 23:04:42,1-4381d603-7d71-4cff-80d6-79c0d6dcfb1d
-0.004,2.44,-7.08,6.0,1,2026-06-04 22:51:19,1-2020cc6c-3ab8-4b1f-a5d6-5037001505bb
0.072,3.22,5.54,2.0,1,2026-06-04 21:50:21,1-c4f39fc2-3fd8-4cc5-9f59-b8ee4d209104
-0.09,-4.02,3.08,6.0,1,2026-06-04 20:40:32,1-aa6b0bf1-c93f-4336-a0e0-e10da592b487
0.212,7.44,2.18,6.0,1,2026-06-04 19:48:30,1-b34aacf7-8716-4526-b956-c5c8cb86ce5a
-0.004,-0.4,-4.28,11.0,1,2026-06-03 19:50:50,1-ceea5d11-ffd6-4347-8dc6-f64207271f11
0.054,3.02,1.26,-13.0,0,2026-06-02 23:04:05,1-512752ec-4367-40b4-ac87-f60fdefb90a8
0.062,3.26,0.88,2.0,1,2026-06-02 22:16:58,1-12a48bee-3419-4016-880e-03044febd12b
0.008,1.0,-8.58,-10.0,1,2026-06-02 21:37:18,1-d24639d4-01b8-43e7-a33c-f9650285c41e
-0.02,-1.54,-1.18,5.0,0,2026-06-01 23:18:20,1-5c6e6f1e-7ae5-4bc5-bfac-39cb32620017
-0.058,-3.16,-4.54,6.0,0,2026-06-06 12:23:11,1-36e4e8a6-182f-4b61-80c0-4033f0a0878c
-0.054,-5.84,-6.14,7.0,1,2026-06-05 12:36:13,1-3d22331e-d592-4256-ab78-7f6a29e36d67
-0.014,1.06,3.28,4.0,0,2026-06-03 16:18:42,1-8c400997-f4eb-4d7e-b2ab-6ec24c015f96
-0.108,-0.12,6.06,-9.0,0,2026-06-03 15:24:07,1-510e3195-1a04-4e6e-83ad-e33b5150fe8c
0.056,-0.58,11.4,-8.0,1,2026-06-03 14:27:53,1-e5b6a268-cb1f-4a41-9d33-6f5b2d131b35
0.136,6.34,-0.08,16.0,1,2026-06-03 13:42:09,1-37cc5a1a-d898-4e64-9f36-e5a43763e3f0
-0.056,-3.74,-3.74,-9.0,0,2026-06-02 14:27:38,1-ce59d836-34a0-4699-ac9d-3cfc469f9f39
-0.01,-1.26,1.48,0.0,0,2026-06-02 12:39:02,1-9f16c3ce-2f1d-4682-8a4b-8a4359e22de3
0.0,3.94,3.92,-11.0,1,2026-05-31 21:55:35,1-9b1101eb-5579-4509-a819-7271e6c395b8
-0.13,-6.92,2.78,-16.0,1,2026-05-31 21:21:32,1-407c2865-f009-40cb-91d9-951d7d2f386f
-0.094,-2.14,3.68,-9.0,0,2026-05-30 22:19:39,1-ad4796c3-8eb3-4267-8ff4-24291c10ccdc
0.092,8.2,2.68,-6.0,1,2026-06-01 21:54:28,1-af0506e1-65d3-4af1-b5ac-f70b04732ea4
-0.062,-1.5,-2.5,0.0,1,2026-06-01 19:00:39,1-fa99cc97-2efa-475d-bc00-784c64004a29
-0.05,-5.12,-5.62,-3.5,0,2026-05-31 22:32:26,1-94c93502-dc8c-4559-ac8e-72f8ea5a7f01
0.0,1.36,1.88,0.0,0,2026-05-31 20:27:58,1-05c55278-227d-4508-904a-8b0f9dcb4ed0
-0.03,-1.88,0.2,4.0,0,2026-05-31 19:19:07,1-6f149b2c-4c5e-4447-a677-a5944357cf65
-0.058,-3.16,2.78,5.0,1,2026-05-31 18:41:57,1-f5022ed1-4bfe-46ff-b6e2-b2b39afce8be
-0.014,-0.96,3.36,0.0,0,2026-05-31 17:53:16,1-057dd81f-e1eb-4ebb-86e0-90f94b090793
0.074,5.54,-1.64,3.0,0,2026-05-31 16:26:15,1-81757493-20cc-4528-8e72-de459ead16f4
0.002,4.18,-2.2,-11.0,1,2026-05-31 15:42:16,1-da13b3d3-2ca0-4c56-8a4e-28aef4ab3a19
-0.036,-3.84,-8.94,-2.56,1,2026-05-31 14:30:25,1-a02f0ac5-a6ea-4f82-8cfa-4b4f9d1cc9ae
-0.03,-4.72,3.0,9.0,0,2026-05-30 23:37:48,1-a6a14377-6b88-499c-928a-bfbc284c948c
0.156,2.46,0.62,12.0,1,2026-05-30 20:44:34,1-126fc730-cf71-4c43-86a2-230049525b50
0.018,3.6,-0.86,8.0,0,2026-05-30 16:30:03,1-2e288386-bcd3-46e9-b2f8-dc4e5edd5040
0.104,12.0,-5.72,11.0,1,2026-05-30 15:00:06,1-e26e7ac8-f50b-4064-b328-c35c06e58daf
-0.13,-6.26,-13.06,-23.0,0,2026-05-30 14:06:22,1-12543962-7139-4436-b968-25c5f668dabb
0.178,6.76,11.5,19.0,1,2026-05-30 13:24:36,1-47f084dd-89db-4362-b2d9-f34de30f5430
-0.026,1.62,4.12,-4.0,0,2026-05-30 11:30:00,1-0e7676b4-bcb2-47bf-bfd8-41bc9462ee7f
-0.02,-0.34,1.44,2.0,1,2026-05-30 00:01:41,1-2c574ad6-be47-4f10-817a-8a65563b3a9d
-0.048,-2.74,-3.34,4.66,1,2026-06-06 23:07:08,1-b77e2382-2eb3-428e-8aad-61ab9da0cb43
-0.174,-7.42,-2.4,-24.72,1,2026-06-06 22:15:18,1-93113393-dc05-4dd9-b51c-2a8f8fdccab9
0.044,4.48,4.98,1.0,1,2026-06-06 21:48:14,1-ae2dc182-a2c4-40ce-9091-a144b2c23dfa
-0.014,0.28,-4.1,12.0,1,2026-06-06 19:41:45,1-beaaa4d1-a622-484c-b688-3c03c68fb022
-0.006,2.58,-0.62,0.0,1,2026-06-06 18:50:51,1-aaa2446b-d927-4097-946b-a05dccba0490
0.126,7.18,3.76,-4.56,1,2026-06-05 22:04:42,1-35248e80-59b9-4788-97c0-f7737d1a47bd
-0.008,-6.0,-1.7,8.0,0,2026-06-05 21:26:34,1-8a4fefbe-96de-4c72-95c7-81650cb972ab
-0.01,-2.34,1.4,-1.42,0,2026-06-04 20:22:53,1-543473e2-a0a9-4da0-952d-9d7e2023a6f9
0.022,5.34,-0.9,7.0,0,2026-06-04 15:53:06,1-236fd6b8-d6c1-42f8-ae97-fe6bb4b54d1f
0.14,7.46,-5.58,9.0,0,2026-06-04 12:32:23,1-51a7336c-fb71-4240-bc32-6b5da9b83efc
0.044,-0.92,-0.44,7.0,1,2026-06-02 20:27:20,1-2a90d23c-f5b5-46a7-9af4-4ae23d2ab2eb
-0.256,-10.48,-3.02,-11.0,0,2026-06-02 19:18:30,1-d7c15e1b-e158-4c60-9acf-59abc883cf93
-0.014,3.5,6.02,-3.0,0,2026-06-02 17:09:17,1-e521ada4-1e6b-4588-9eb8-c672788f4dd4
-0.042,-0.44,0.44,-1.0,0,2026-06-01 20:00:46,1-2be4d610-1ba6-4eca-9a7d-e4e60e65fee5
0.086,4.26,-4.52,10.0,0,2026-06-01 19:03:26,1-8f7478ab-ea66-4b86-9c00-743b174c787f
-0.026,0.18,6.54,14.0,1,2026-06-01 17:51:55,1-b2ae01a4-4b8a-4ca9-8623-e3df02bab7cf
-0.01,-4.9,-4.94,0.0,0,2026-05-31 20:30:16,1-6389d0fd-b937-430a-a25f-33c113e59613
0.106,8.6,1.92,-9.0,1,2026-05-31 18:25:19,1-814e6b8c-f438-4ae2-95e7-ee3bf72f068f
-0.084,-4.9,0.8,-2.0,1,2026-05-31 17:01:58,1-58e2f441-a100-44e4-9066-89dd8310ed11
-0.054,1.4,4.0,-7.0,0,2026-05-31 16:14:18,1-1b832dea-5228-4bd7-9409-bf5f723b2326
0.04,4.52,-12.4,-11.0,1,2026-05-30 14:08:31,1-0c0b1998-9e78-45e1-b398-425fcf9041fd
0.076,3.86,-5.22,-4.0,0,2026-05-30 13:14:50,1-3ccbab86-637e-4b83-b7e4-8be50408c69f
-0.058,-0.78,9.16,-1.58,1,2026-05-29 19:32:03,1-a6e42a7c-5ee9-42a2-9e54-8c48da2a3855
-0.046,-2.32,-3.14,-1.0,0,2026-05-29 18:15:50,1-8ec0a13e-e556-43d0-b269-901cf622a4a9
-0.028,-3.56,-2.44,7.0,0,2026-05-27 21:56:41,1-daaf1a78-f046-49ec-a797-89cf5c6bb95a
0.12,6.56,-7.56,-2.0,1,2026-05-27 19:10:32,1-e363d5d9-68e5-475a-ae2d-1c22af4f066c
0.094,7.06,2.0,-1.0,1,2026-05-27 18:27:24,1-c4b39f06-a3df-4f2a-b453-0be23135718f
0.036,-0.38,-4.52,2.0,0,2026-05-26 19:47:16,1-35bd6aaa-267d-4a37-8335-2d43a0d0594e
0.072,3.16,-2.76,-5.0,1,2026-05-26 18:51:08,1-0d652266-6b43-47e4-936b-9743e22cbb57
0.004,3.34,-4.32,-5.0,0,2026-06-02 19:54:59,1-7f84742e-58c6-4ad8-9522-23f94d8983de
-0.096,3.66,-7.3,-14.0,0,2026-05-27 15:40:24,1-1472c581-60f3-469c-9fd1-55c49f9df485
-0.05,-0.56,0.76,-2.0,0,2026-05-25 21:46:30,1-ea4cbc78-225a-4a25-a75a-75afa479b163
0.092,2.46,-9.78,12.0,1,2026-05-23 22:53:11,1-759628a0-f493-4c2e-b2d2-c5bb241beadb
-0.068,-2.42,2.02,-4.0,0,2026-05-23 21:19:26,1-1a69f90f-0244-4662-8c9d-14080dcf777a
-0.068,-3.46,-3.8,4.0,0,2026-05-23 20:35:33,1-9ef0c6ae-a316-47a2-a110-f70fb0af29d6
-0.01,5.86,-0.48,-4.0,0,2026-05-22 13:59:22,1-278fcce7-b82f-46f1-ac8c-762ee333cc2a
0.154,5.4,6.12,-2.34,0,2026-05-22 13:25:02,1-38141560-1603-4fca-b04b-3bd17942ac17
0.164,7.14,-3.98,5.0,0,2026-05-21 20:17:20,1-52afae07-1ef6-49ba-b370-88768444bf48
0.034,2.58,-5.98,-14.0,1,2026-06-04 19:15:58,1-58a54ab3-bf91-4daf-8304-8aeb6dc7e81c
-0.008,-3.24,0.02,7.0,0,2026-06-04 16:04:09,1-fae26d18-57ac-4873-b53a-6659a7512365
0.014,3.44,6.94,-6.0,0,2026-06-04 14:47:58,1-916f8800-b5b6-4f2f-bf8b-311369f21fdb
0.048,0.92,-1.04,5.0,0,2026-06-04 12:50:03,1-ec957b43-c890-4790-a445-f8127cc653d0
0.04,2.6,0.28,7.0,1,2026-06-04 11:50:04,1-ebf130a0-3086-44f3-9350-555394ce96e8
0.012,4.92,6.84,-2.0,1,2026-06-04 11:11:59,1-23b1dd82-aacc-46e1-9a1a-1310c18bd81b
-0.046,-3.62,-3.48,-4.0,0,2026-06-04 10:35:08,1-da4096d1-8eef-425b-aa9f-f717e08ec9bb
0.038,-1.88,-10.34,-3.0,1,2026-05-24 13:06:13,1-06e632d4-044d-4e3e-9d68-cbe4c9c84dd0
-0.054,-4.86,10.88,2.0,0,2026-05-24 11:03:46,1-222e55b4-3d0a-4f9c-8511-bc85012f7496
0.016,1.1,-3.28,0.58,0,2026-05-20 18:02:07,1-189e7e6f-300b-4204-937b-599155c5b7f1
0.01,0.72,8.06,-2.0,1,2026-05-17 13:41:14,1-d659668f-5242-44b8-abb1-a0b984232052
-0.072,-2.4,1.98,1.0,0,2026-06-06 17:29:08,1-fcff3e66-79d9-40f9-a96a-acd1370e62f3
0.108,4.46,-0.46,9.0,0,2026-06-06 16:12:21,1-8cc17412-e22f-48df-bd6e-e60850a81764
-0.014,3.98,3.58,5.0,0,2026-06-06 12:36:02,1-764f594c-d88d-4db8-b754-ba31127b10ea
-0.124,-9.64,2.22,5.0,0,2026-06-06 11:55:32,1-cc0b158a-d96d-4a70-91c3-7dbfca41e21d
-0.014,-2.4,-4.48,-4.0,0,2026-06-05 21:55:21,1-ddb9e690-3881-4c44-8816-7cd9776c33ca
-0.032,-0.66,0.74,-7.0,1,2026-06-05 20:58:41,1-826e09d0-95f6-4443-807b-346def74f166
0.04,6.34,1.92,14.0,1,2026-06-05 20:08:57,1-d1388402-dd59-4696-89f0-8803bcf5bc4a
-0.058,-1.6,0.7,-8.0,1,2026-06-05 19:14:27,1-4c75729f-0ac4-4447-9c4f-8948241ba57a
-0.04,-4.5,0.04,-5.0,0,2026-06-04 14:27:31,1-47a10fa8-0f2f-4c13-8a4c-29c025232c54
-0.226,-11.36,3.76,-24.0,0,2026-06-04 13:42:43,1-46d5b8c5-8f2b-4d61-9403-1ed2139c8df4
-0.076,-1.92,4.84,-4.0,0,2026-06-03 21:16:17,1-4342ad81-fd01-4e65-957d-b71f06b4956c
0.028,2.7,1.6,11.0,0,2026-06-03 19:33:39,1-cb872f57-b36b-49c2-8e8d-fc1067ac27c2
-0.062,-1.98,1.76,1.0,0,2026-06-03 19:02:13,1-8d59aafd-e77f-492c-b698-96cbd39c5429
-0.002,0.4,0.58,11.0,1,2026-06-01 20:46:36,1-f196f833-dca1-4cec-bcf8-3bf647c08819
0.078,3.92,-4.72,0.0,0,2026-05-31 21:10:57,1-72461e2b-1b16-4797-bbea-dfcfa6a55057
-0.06,-3.06,9.36,7.74,0,2026-05-30 20:36:07,1-81595c4f-3132-45b6-b22f-dc86c4a7d804
-0.1,-7.54,9.8,5.0,0,2026-05-30 20:05:22,1-d08f69da-df74-40d6-bc41-dff309248b69
0.058,0.34,-2.12,-1.0,1,2026-06-06 13:57:26,1-c0d0ba79-916b-4d36-9061-071ccf40bf15
-0.014,-0.2,0.68,5.0,1,2026-06-06 13:11:01,1-1ea84fb7-f878-4183-b202-0f85d2ada597
-0.048,-2.08,-0.36,-11.0,0,2026-06-06 00:52:01,1-725c05d7-375a-4a06-975b-fedfd6fb40bb
-0.092,0.3,-1.88,-11.0,1,2026-06-05 23:55:37,1-1a60c3eb-f416-4cf6-b884-35f4838c1d37
-0.054,-2.94,-4.08,-1.0,0,2026-06-05 23:11:21,1-de57e0b3-af17-4174-ba83-4a6061f482be
-0.042,1.18,-0.42,-3.0,0,2026-06-05 22:29:16,1-028d2cf4-7d37-49b5-8532-159a2bd45497
0.056,2.8,1.78,-1.0,1,2026-06-05 21:49:24,1-4c76e1d1-f142-4429-83b4-7f234a6fb722
-0.07,-3.98,-7.2,-2.0,0,2026-06-05 13:40:53,1-f836035a-0db2-42ae-b309-8168d928934a
0.116,6.0,2.8,5.0,1,2026-06-05 13:09:25,1-1accedad-f0c0-4f51-ac9f-2171fc1e215b
0.028,0.24,-1.8,-4.0,0,2026-06-05 12:21:22,1-6d29deea-9ba8-446b-9c90-7c02e560d4fa
-0.004,-0.64,-2.64,0.0,0,2026-06-05 01:20:50,1-37f06e94-eb9c-4927-80b1-989641902d07
-0.006,-1.78,-1.8,-1.0,1,2026-06-05 00:26:51,1-6e8be001-0b70-49e5-a57a-624c1f92a471
-0.05,1.66,0.74,-3.0,0,2026-06-04 23:52:14,1-4a3421bf-67e3-41bb-9fff-f0cf4ec0dde7
0.018,0.3,1.46,-9.0,1,2026-06-04 23:19:12,1-3839f3c6-8d3d-4b66-b6c2-0c2645c3e4df
-0.018,-0.4,10.04,-4.0,1,2026-06-04 22:28:15,1-4d4b10cb-b144-49a0-9733-0fe15d9f2a7b
0.048,-0.5,-0.32,-2.0,0,2026-06-04 21:56:43,1-6fed42dc-79bb-4703-9f60-ee9795f9cb67
0.008,-4.02,-7.96,12.0,1,2026-06-04 21:02:08,1-e25c205e-1781-45df-81cc-9edfeffe4262
-0.072,-1.2,2.86,-5.0,0,2026-06-04 00:01:05,1-f730a7de-0543-4f26-9dbb-8cc276315c4f
-0.092,-0.34,3.46,-1.0,0,2026-06-03 23:17:39,1-9ebc1907-c021-4495-b248-9c2d7b4e1b91
-0.026,2.86,11.92,-6.0,1,2026-06-03 21:31:11,1-19b6af7d-bf70-47d0-a9a8-24b2e3b5f98c
0.006,3.74,-3.72,-1.0,1,2026-06-02 15:23:09,1-dff87217-1f43-4050-af57-466a5f4b86ba
-0.098,-0.54,5.4,-5.0,1,2026-06-01 22:30:26,1-f268e038-fd13-4dee-aeac-48d4d35b79bc
0.002,2.78,-1.78,-7.0,1,2026-06-01 20:42:18,1-3062b5f9-15d4-45a0-8b70-dec5d5931ab4
-0.058,-3.7,8.2,2.0,0,2026-06-01 15:36:01,1-15597b5c-e468-4760-a1d7-a1357e54e1a0
-0.064,2.76,2.38,-9.0,0,2026-06-01 13:47:11,1-427e685d-dda4-4f69-bb02-8cc4b56ba3e4
-0.074,-0.16,2.62,-5.0,0,2026-05-28 22:33:25,1-af50c648-474a-49c1-afeb-0a141041815f
-0.158,-4.54,0.92,-15.34,1,2026-05-28 21:33:40,1-cb9272aa-acf5-4bc2-ba3f-f0087aa49e9a
-0.124,-5.26,2.56,-12.0,0,2026-05-28 20:13:12,1-2940eea7-eabd-4769-bcc8-d4b1fcbc0bdc
-0.04,0.56,-0.74,0.0,0,2026-06-05 23:27:47,1-ff8f862b-5088-4c9c-9ecc-8b70677f5fbf
0.038,1.72,3.12,4.0,0,2026-06-05 22:45:03,1-c531b5f2-1f93-448f-b1af-2caec5529cb2
0.046,-0.56,5.26,16.0,0,2026-06-05 22:13:29,1-4f3d62bf-744d-4996-a6c6-91d1de295b10
0.068,6.22,-0.46,-6.0,1,2026-06-05 21:26:50,1-97312e5d-9529-4bb4-95fa-badeda98b69d
0.018,2.5,-3.0,-5.0,0,2026-06-05 20:51:56,1-3ff6e553-2cae-413a-8d4c-3a0a924c7b26
-0.018,-2.92,-4.98,-5.0,0,2026-06-05 20:13:48,1-de814b3b-3aeb-4235-bd91-36714b7d9e54
0.052,0.54,2.46,-4.0,1,2026-06-05 19:04:24,1-f6afc3ab-ead9-438e-be42-e66b4be2dee4
-0.036,-5.74,5.56,-4.0,1,2026-06-05 18:25:18,1-dcee0538-066a-4729-b32d-e3c1574529b5
0.026,1.88,-5.44,-7.0,0,2026-06-05 17:44:38,1-aa0f4983-e5e1-4f54-9b92-3a481323ef50
0.01,0.7,1.66,-15.0,1,2026-06-05 17:10:05,1-b62e42e4-b0c5-4ca5-b36c-98faa65e42ce
-0.02,-1.42,6.54,0.0,0,2026-06-05 16:31:02,1-faca6dd6-b239-4def-b36a-19ee0d8a6394
-0.06,2.2,0.22,4.0,1,2026-06-05 16:03:24,1-5bf0d003-9edb-494f-aca4-72d3239cdd01
-0.124,-5.76,0.54,-12.0,1,2026-06-05 15:27:48,1-9c5e4164-0192-4238-b2c4-ed7011a9e903
0.084,1.06,-0.66,-5.0,0,2026-06-05 14:10:52,1-3424ac5c-6387-4cfc-90d3-a9db53d691cd
-0.098,-6.76,1.9,0.0,1,2026-06-05 13:30:27,1-83dad072-809f-417d-b3d3-f78361455d86
-0.028,-7.54,3.22,6.0,0,2026-06-05 12:44:13,1-49a93bbf-aac7-4cec-9d15-f4992d9afd0f
-0.084,-5.56,4.76,-4.0,1,2026-06-05 12:04:50,1-81ee382b-693d-4561-aa04-3d4f00b92075
-0.056,-4.08,-3.18,-3.0,0,2026-05-31 13:57:37,1-001aed1a-a4f2-4a1e-87d4-fb8f68090e57
-0.064,-3.88,-0.36,-9.0,0,2026-05-31 13:12:21,1-45e0ce62-6664-4096-9910-b7370b94cba4
0.076,7.1,-9.46,-2.0,1,2026-05-31 12:12:38,1-005bd5c3-53a0-41e8-a685-d0bcf00aa1d0
-0.112,-6.4,2.32,4.0,1,2026-05-31 11:33:24,1-c3d53902-f0e9-4279-ab4e-0d2e9e3b9788
-0.128,-8.0,2.72,7.0,1,2026-05-29 20:42:10,1-db1c9e4b-9c2f-456d-834c-2756b9d4b9b0
0.042,3.54,-1.58,-11.0,1,2026-05-29 20:01:15,1-e18b16f3-22ca-4602-8766-4f5e9a8aed43
-0.006,-5.64,-5.9,7.0,1,2026-05-29 19:17:51,1-31d51e48-58ec-4df1-8b2a-48c251c90f81
0.03,2.78,-2.3,3.0,0,2026-05-29 18:18:57,1-c04a6c4b-8fa9-447b-93d8-d6c064b0a54f
-0.014,0.28,2.42,12.0,1,2026-05-29 17:45:37,1-a2a6335b-e91c-466a-81db-d9e6549f4503
0.08,3.92,-3.04,-5.0,0,2026-05-29 16:56:54,1-d41b6906-b643-4d99-b3a8-7a7e6767e7e5
-0.036,-3.3,6.3,-7.0,0,2026-05-28 19:05:55,1-f879eb22-199e-413c-b275-06f8c0081c1f
-0.16,-5.28,-7.16,-3.0,0,2026-05-28 18:20:25,1-061f7992-14e6-48d7-a5ec-217b2bc4d31f
0.02,-1.14,-1.96,-4.0,1,2026-05-28 17:41:16,1-c26b0daf-aeb0-436e-a170-f82f8c76314d
-0.082,-2.8,0.88,-2.0,0,2026-06-01 23:58:15,1-3597f5e9-f215-47ba-88d2-f8e02e4fe7f9
-0.058,0.58,2.96,-5.0,0,2026-06-01 22:57:49,1-456fcd2f-2345-42b9-9873-163d1588d48f
0.116,8.72,-2.64,16.0,1,2026-06-01 22:13:35,1-21f4f591-c8eb-4b49-8fc1-40ecdddb610f
0.088,2.7,1.28,-1.0,0,2026-06-01 13:21:15,1-bc5f20a2-7eaf-4b89-a057-215f0323eb08
0.17,8.72,2.66,14.0,1,2026-06-01 12:37:24,1-2b4619d0-72d2-4439-a761-85099f0e39fd
-0.128,-2.96,2.58,-8.0,1,2026-05-30 01:06:08,1-5d8fb21c-ab8f-4b62-adb5-ba298ea879a4
-0.056,-2.04,-0.96,3.0,0,2026-05-28 23:39:16,1-d120d910-a976-4671-a360-4d02d7e8a7d5
-0.038,0.04,4.64,6.0,0,2026-05-28 22:14:25,1-e1775016-dede-4a5a-9760-cf4e4d56ed1a
0.084,5.92,0.12,-6.0,1,2026-05-28 16:55:27,1-bd80a899-57a2-4739-9a47-a60e71b723a9
-0.008,1.06,0.9,0.0,1,2026-05-28 16:13:24,1-4b878751-1bca-4c19-be9b-eb385e158f74
-0.072,-3.84,-2.32,-1.0,1,2026-05-28 01:58:36,1-339a9e4b-1f11-43d8-a0ba-613d47bedaf0
-0.082,-2.32,0.28,-12.0,1,2026-05-28 00:31:17,1-553b8f40-1ccc-4e86-b45e-ac4ba8dcb753
-0.016,-2.24,1.96,14.14,1,2026-05-27 00:37:17,1-a51d7b98-a329-4f5e-9a39-0d83380b8ff1
-0.024,-2.28,1.24,-7.0,1,2026-05-26 23:54:38,1-b97c8b5b-7699-49c6-8b50-a44e267096ab
0.07,4.08,-11.18,14.0,1,2026-05-26 00:48:02,1-3c8ace43-cffa-470a-848f-0b96f072ce3c
0.06,4.04,-0.32,-2.34,0,2026-05-21 01:19:37,1-c0f1168f-88f9-458c-8949-e82e236a50d9
-0.05,-3.04,1.4,4.4,0,2026-05-21 00:45:39,1-94bbf723-fc37-4e6f-933f-c6e49252c473
0.012,1.82,-2.44,-9.0,1,2026-06-06 18:34:21,1-bdee86c7-7850-41f1-bcee-0068516922fb
0.082,4.0,2.58,3.0,1,2026-06-06 15:29:43,1-e3ee0367-4678-4982-9901-dca99993ea08
-0.148,-9.0,8.2,-16.0,1,2026-06-05 23:56:41,1-83356793-87b2-4831-baca-fcf7bf2fe03a
-0.054,-6.2,10.76,-1.0,1,2026-06-05 23:11:58,1-2ea63ea0-c48d-4026-b648-0223b9fafadf
-0.132,-6.0,9.0,-9.0,0,2026-06-01 15:02:26,1-fbc295ab-069b-4241-b660-850123e15556
0.032,0.34,-0.64,2.0,1,2026-06-05 22:21:13,1-e5b9fb82-78f5-4dbe-81bd-065799551de0
-0.03,-5.72,-5.82,1.0,0,2026-06-05 21:02:54,1-52486804-eb45-442c-9d05-85b6fd52549f
0.05,1.68,-3.4,-5.0,0,2026-06-03 23:38:52,1-813f9988-e4bb-4907-8b5c-d8181f19ba72
-0.164,-7.68,-1.48,-3.0,0,2026-06-03 22:50:58,1-e91d5eab-e3e6-4530-9427-d2b89193797d
0.062,-0.54,5.22,-7.0,1,2026-06-03 21:58:02,1-6176b377-210c-45a9-b6fd-18d5b0d63113
-0.026,2.08,1.48,-0.66,0,2026-05-23 20:13:54,1-406c25ee-67c9-4c1f-8103-a93f0a3a2680
-0.084,2.32,-3.88,-4.28,1,2026-05-23 19:16:21,1-3bf20f65-57c7-4f33-b653-15607b1e9219
-0.03,-0.62,1.62,-5.92,1,2026-05-23 13:41:57,1-15d80998-37e7-4aea-929b-3eebddd6ed10
0.09,5.42,3.12,7.0,1,2026-05-23 13:00:27,1-afb14f10-07aa-434a-bd54-f8bca2485bde
-0.156,-1.08,6.94,1.0,1,2026-05-22 20:46:19,1-43432cdc-f954-47f5-a0ad-7f3c5afff4af
-0.072,-1.04,-3.7,4.34,1,2026-05-22 18:56:56,1-a2b7c4a4-b899-4cf6-8786-8824b19b22bc
-0.066,0.54,-1.46,-2.0,0,2026-05-22 18:29:15,1-96406b5e-7e49-494d-8a7f-3a9d638f50ae
0.094,0.66,2.8,-9.0,1,2026-05-22 17:24:46,1-2f6113c9-2935-4a0f-a072-b8266735ffc6
-0.032,5.8,-2.62,-10.0,1,2026-05-21 23:37:23,1-a73e9e21-ebec-4889-a68c-2d18db64932e
0.106,1.96,-2.52,-1.0,1,2026-05-27 22:14:05,1-57c2ef76-7610-43ba-bf21-8ec80ce905e2
0.03,-3.16,6.98,-2.0,0,2026-05-27 19:45:14,1-0f9cb06f-651d-4cb1-b0ec-b69077db531a
-0.014,1.42,-4.4,-4.0,0,2026-05-27 19:00:41,1-85585ee2-7072-4aee-890f-ddefaf326350
0.01,-2.0,0.68,8.0,0,2026-06-06 22:37:10,1-3ce137a9-401f-4b6f-8c98-0be6c5e8cf45
-0.042,-1.36,0.34,-3.0,1,2026-06-06 21:53:09,1-9328d9af-6a70-4b0f-b8f7-2c7e0dc1b378
0.092,2.3,1.8,-2.0,1,2026-06-06 00:28:42,1-a20f6337-1f4f-4d5b-be3e-d0c4531c1c8a
-0.058,-2.36,-3.78,15.0,0,2026-06-05 23:50:44,1-eb9a5e8e-ff86-4d0f-b07c-536bff571ebc
0.032,2.62,-0.08,-3.0,0,2026-06-05 23:04:02,1-55648e9d-59ec-4389-8eb4-ceba6f544c54
0.02,-2.9,1.82,5.0,0,2026-06-05 21:37:03,1-9407ff62-1c1f-4fd1-863b-8220fd9b7182
0.084,0.06,-0.1,3.0,1,2026-06-05 20:31:42,1-640bc381-e966-4bcc-b5c2-aab47d9f6000
-0.066,-1.14,3.12,-9.0,0,2026-06-05 19:45:26,1-24d4af3a-eb8a-4fb2-91cf-93371c840265
-0.002,1.98,5.4,6.0,1,2026-06-04 23:27:04,1-2712f179-ad61-45c0-bfd9-8120cb56ce4a
-0.088,9.6,0.78,-5.0,0,2026-06-04 22:09:10,1-0962d67d-2005-463c-8605-e8b3ca5febcd
0.048,3.68,4.68,5.0,0,2026-06-04 21:25:16,1-2e764a76-e3ba-4777-95bb-303d11a4209f
-0.026,2.8,-0.98,-1.0,0,2026-06-04 20:36:50,1-36f58583-991e-48a5-82d0-d241604d0eee
0.082,-1.02,-0.06,-8.0,0,2026-06-04 20:00:29,1-45d8fa38-48f4-4f71-b49f-732dbeac9cb2
-0.016,0.54,-3.48,-7.0,1,2026-06-04 18:46:12,1-7689d707-a0d0-46d5-8496-440a4b2f8676
-0.052,-3.04,-0.6,6.0,0,2026-06-04 18:09:06,1-8422b1a0-65cd-4043-94c3-582cac0b12f6
-0.034,-1.18,3.2,-5.0,1,2026-06-04 17:36:45,1-6b67e5f6-ae51-4ef9-873d-d7138e14b485
0.078,7.74,3.56,-2.0,1,2026-06-04 03:08:55,1-bea12e17-d553-42fe-a6b0-c25329a22b7f
-0.046,-3.96,4.58,-2.0,1,2026-06-04 02:15:23,1-9fcb51e1-0d84-4c8e-b141-2a4a062ca498
-0.158,-8.08,-0.82,-8.0,1,2026-06-04 01:33:42,1-33ef833c-8cbb-42fe-85f9-5c7e73f726b8
0.01,-2.68,-6.68,7.0,0,2026-06-04 00:48:55,1-ceff8e42-41d8-4241-bc47-ee9a67fc8880
0.002,1.06,-3.82,-2.0,0,2026-06-04 00:23:54,1-4ddd7a2b-f53d-41dd-86e7-a5737466f8b3
-0.01,-3.36,-4.42,8.0,0,2026-06-03 23:37:46,1-c8515c64-ae34-4cac-bd97-9a34c2acaa7f
0.034,1.6,-0.62,10.0,0,2026-06-03 23:01:31,1-2009e250-892d-4b13-aac3-c99393a52cfa
0.078,5.06,1.68,6.0,1,2026-06-03 22:08:52,1-9871359e-5ed3-4e7e-8b55-0de45962bf84
0.018,-1.94,-2.24,-3.0,1,2026-06-03 21:09:28,1-5e96d3ed-0161-471f-84ca-4efd4a415257
-0.116,-6.88,2.58,-4.0,1,2026-06-03 20:34:27,1-73ef82be-f31c-41d1-b431-80915a25b966
0.084,3.04,-4.06,4.0,0,2026-06-03 19:08:40,1-e2349060-406b-4dc8-ba80-b84fb18cd8c1
0.022,5.62,-0.38,1.0,0,2026-06-02 13:16:20,1-22e60dae-d063-4875-89a9-4994f4670cff
-0.02,-2.42,7.58,-2.0,0,2026-06-02 12:40:48,1-5764a45f-b724-46df-b4c3-65c385f90b0a
0.122,5.8,2.1,6.0,1,2026-06-01 21:54:00,1-5723ac71-d9ee-4cc2-b8ed-3d271b1fe344
0.026,-0.28,3.9,11.0,0,2026-06-01 20:56:41,1-ddfbfdc3-86f8-42fb-bda0-151e74f46290
-0.04,2.0,3.54,-3.0,1,2026-06-01 19:48:25,1-fe94bab9-facf-4b7a-97d3-1aa82bd9ae93
-0.058,1.64,1.42,-1.0,0,2026-06-01 19:14:17,1-3d4b2bc9-bc3e-40c7-b9d5-c4e6c387939b
-0.032,-0.68,6.24,11.0,0,2026-06-01 18:03:09,1-3273b633-21d1-4e1e-82f2-ace2e0acb45f
0.062,-0.64,-2.44,10.0,0,2026-05-29 23:53:30,1-75d03808-6422-4a7b-98fe-0413172cdf29
-0.066,-5.04,0.34,-4.0,1,2026-05-29 23:14:30,1-4e17247b-34a9-44d4-859c-fd106e76c05e
-0.026,-4.88,-1.54,-5.0,0,2026-05-29 21:52:28,1-bb6bc93f-8955-4b46-9772-ffdfda16f5fb
-0.06,-4.3,1.74,-6.0,1,2026-05-29 21:01:24,1-a97317e6-1fe8-4bba-a96c-c1dca471db63
-0.036,-1.32,0.12,-4.0,0,2026-06-05 20:09:30,1-c9edb802-c84b-4c53-8e94-17c90c23db63
-0.042,-0.66,-4.76,-4.0,0,2026-06-05 19:33:04,1-85c4b0b2-fb86-4f84-a3e1-979b6034e99a
0.2,11.52,1.0,2.0,1,2026-06-05 18:28:23,1-03edf0cd-e8e3-4c0e-9884-f26e3a0f3def
-0.138,-7.08,0.2,-10.0,0,2026-06-05 17:52:52,1-3bab193e-643a-492e-bcb3-a84d32dc0ac7
0.12,6.44,-8.38,1.0,1,2026-06-05 17:00:48,1-10cf2864-ca44-4ffd-beb8-58d1eb689f4c
0.036,-0.8,-4.24,8.0,0,2026-06-05 00:09:49,1-175909e0-19f2-4043-9867-e9182ba5aab7
-0.022,-7.56,1.12,-7.0,0,2026-06-04 23:30:01,1-55d276d8-9d45-40b6-af33-4614815b38c9
-0.024,-0.36,-1.0,-6.0,0,2026-06-04 22:56:54,1-f1cf8005-bf10-49ab-9738-e1539122f951
-0.086,-0.14,-1.24,-7.0,0,2026-06-04 22:32:13,1-63785052-f091-428e-a414-5f4551605e3c
0.112,9.52,-4.34,9.0,0,2026-06-04 21:49:12,1-e321220e-cbd0-4ddb-9be8-da47fe536604
0.068,0.18,1.14,4.0,0,2026-06-04 17:30:53,1-0f53a17c-45d9-4402-a0ac-8256627bb653
0.076,5.7,-5.7,9.0,0,2026-06-04 16:54:52,1-a2dd1f62-8c80-41fc-8be4-01c4165e31f9
0.148,7.36,8.66,15.0,1,2026-06-04 16:26:37,1-64d13324-7b23-42e8-ae51-30159aa12dce
-0.118,-4.08,-1.94,-9.0,1,2026-06-04 15:44:19,1-345421d8-8351-4994-b869-2adb4539112e
-0.046,-0.14,3.6,2.0,1,2026-06-04 01:59:34,1-dab87d8d-1736-4e69-94fc-2921b347a838
0.072,8.14,6.02,0.0,1,2026-06-04 00:12:11,1-de0a94ec-1018-4117-b3c2-c29de36a003d
-0.004,2.6,-6.36,-1.0,1,2026-06-03 05:47:20,1-7eb1ccef-cd9a-4dec-bc4c-e7884013c296
0.098,-2.18,-6.76,10.0,0,2026-06-03 04:16:04,1-9a23e3ee-2780-40cd-b634-aef30e41414d
-0.088,0.86,3.88,-19.0,0,2026-06-03 03:08:26,1-2ae6e4bf-3c44-42a5-8814-25e87a6b2430
-0.1,-1.24,5.78,-6.0,1,2026-06-03 02:06:12,1-f24cadba-a460-4c6d-8141-8db114102dfe
0.02,-3.06,-3.76,-5.0,1,2026-06-03 01:27:51,1-cc9f8a79-da9c-4518-bab7-537e585b7d2a
-0.024,2.1,8.58,2.0,0,2026-06-03 00:47:07,1-49788ad7-e549-41ca-b589-ba35285f2c39
-0.064,-3.1,-2.92,-2.0,1,2026-06-03 00:07:42,1-d2b4a3b0-ca47-4b62-9998-04a3cf50efa7
-0.02,-5.94,-4.58,-6.0,1,2026-06-02 23:09:14,1-dc23dabf-b7eb-4f9c-8bdc-44eeef8a3557
0.062,-4.3,1.48,3.0,0,2026-06-02 01:44:43,1-3f0d3246-4453-49b8-9650-9d1829eefc6a
0.042,6.34,-3.2,-2.0,1,2026-06-06 22:24:19,1-10ca5106-7925-4442-a312-63809a637e78
0.142,3.7,-1.72,17.0,1,2026-06-06 21:36:14,1-f1787f5d-d40b-4956-8328-c4fa4561ccf3
0.096,3.98,-0.72,2.0,1,2026-06-06 20:42:39,1-3103f198-19cb-4550-a788-b47eaacf9cf2
0.008,-4.62,0.64,1.0,0,2026-06-06 18:41:20,1-f06aa41f-f177-4cf1-a9be-ea3a50d7c081
-0.024,4.64,2.44,0.0,0,2026-06-06 17:43:19,1-00d0050d-dcd9-4c53-9bcf-591873c1c1b2
-0.138,-2.66,-3.4,10.0,1,2026-06-06 16:40:38,1-0d67fcbd-6e0b-4a6f-b45f-f133e812b1de
0.058,-1.98,-2.44,0.0,1,2026-06-06 14:15:54,1-c7fb5091-b8a7-4495-9916-322085430460
0.156,6.24,5.58,-2.0,1,2026-06-05 22:53:37,1-9a119fe5-bc51-47a2-8989-279a3f5a4af4
-0.148,-6.34,2.72,-3.0,1,2026-06-05 22:17:59,1-74d76e69-a2c3-4c05-89de-a68381fcb290
0.0,1.64,4.72,0.0,0,2026-06-05 21:27:07,1-d4d26c3c-355d-442f-94f8-60f90a54be57
-0.06,-1.64,-4.28,14.0,0,2026-06-05 20:56:07,1-82640f65-b3fb-4e6a-a227-9b45d3502d44
-0.05,-2.06,-0.8,-5.0,1,2026-06-04 22:56:43,1-a367c14d-bd02-4e9c-b897-e6f592f9b8e6
-0.058,-1.1,-5.8,-17.0,0,2026-06-04 22:25:52,1-7369fb68-c0bb-4d57-9418-e0766449f7b2
0.09,3.58,2.8,-5.0,1,2026-06-04 19:58:59,1-9b292dae-a754-4000-8b43-8152189db92f
0.122,3.36,1.06,7.0,1,2026-06-04 19:17:29,1-9055e88d-8d0d-4d8b-a33b-e869769d0c69
0.03,6.62,6.38,-9.0,1,2026-06-04 18:23:56,1-4650d22e-8bdd-4b35-b02a-c949c80d35d1
-0.058,-3.74,-4.94,2.0,0,2026-06-03 02:36:07,1-9748cb1e-2524-4170-b3bd-13227c1a61be
-0.032,-0.98,-1.08,-4.0,1,2026-06-03 01:58:31,1-9b4f21a5-0f2a-484a-b699-655755a76fb7
-0.022,1.8,5.86,8.0,0,2026-06-03 00:57:49,1-8116a291-e3c0-426f-a682-3abb9f41b8d2
-0.02,-5.2,-2.52,-10.0,0,2026-06-03 00:07:07,1-af83ccf6-df87-44f5-bc44-2fec708d3fcb
0.034,1.88,7.88,-1.0,0,2026-05-31 18:38:11,1-256ee2f7-dac0-4b4c-a9a4-df277f9ac934
-0.006,1.76,9.54,-1.0,1,2026-05-31 17:52:56,1-55b95a2e-5088-418d-8633-656c49b7408b
-0.078,1.52,-1.6,1.28,1,2026-05-30 23:59:48,1-c8a4529c-87b4-48ff-9088-87c81485d12a
0.05,-0.08,-1.66,7.0,1,2026-05-30 23:30:09,1-0c5be38c-0f78-41b7-a1eb-0d4cc89880d3
-0.128,-5.86,0.4,-10.0,0,2026-05-30 18:47:15,1-bbe917f0-798e-4659-b075-893844dca77a
0.044,-0.14,-1.42,14.0,0,2026-05-26 02:00:49,1-b268a0f2-6ae8-4c29-b213-dc141a551fb4
-0.17,-3.58,4.8,-30.0,1,2026-05-26 01:19:02,1-85640d13-acc9-4cd6-9911-2c935b6200d6
-0.19,-6.98,2.32,-19.0,1,2026-05-26 00:22:51,1-c37ad35c-d1e5-4379-95ec-0e928a39c580
0.006,0.46,-7.06,-10.0,1,2026-05-25 23:02:31,1-a39a89e0-221e-4263-be3c-83548842855f
-0.042,-0.48,1.3,-7.0,1,2026-06-03 22:36:35,1-1609e218-e052-4ccd-842c-6e6bcad812bd
0.094,2.02,-10.16,12.0,0,2026-06-03 22:04:01,1-d9ed91b6-636d-446b-ac81-214c9fb3bcca
0.0,-4.42,-6.74,-5.0,1,2026-06-03 21:05:13,1-28e27705-49f8-41f3-8299-65c6431386cf
0.026,0.24,-0.08,-2.0,0,2026-06-03 20:27:37,1-e076e77f-580c-42ae-b3e3-be83276d1e12
-0.068,-5.92,4.06,-13.0,1,2026-06-02 21:50:20,1-67b1d0ad-e27b-4d3f-b8cb-ab270f8c7d98
0.042,-0.14,5.52,8.0,1,2026-06-02 21:15:53,1-8750438a-244f-46e4-a5a1-2346bb175816
0.018,0.16,-7.42,-1.0,0,2026-05-30 16:37:05,1-8c1f32d7-7c9e-416b-98cf-46e9837d7f96
0.026,4.98,1.16,-10.0,0,2026-05-30 15:47:42,1-c0bfebbb-afa5-4902-a80f-6f755882f6c6
-0.046,2.06,-7.68,0.0,1,2026-05-30 15:08:35,1-7aaad3eb-f62e-4d0b-a930-88ab03530b65
0.064,3.22,-0.26,4.0,0,2026-05-30 14:34:03,1-15dfb510-65c2-407e-9114-7926895d24c7
0.06,0.74,-1.66,-1.64,0,2026-05-29 21:25:06,1-8979c3a7-8b14-4923-9b80-242ed4ed8948
-0.038,-0.7,-7.14,-2.82,1,2026-05-29 20:26:36,1-74e0b898-c2d0-4a53-945c-3f024197cbff
0.082,2.96,-1.1,2.0,0,2026-05-29 19:44:59,1-acc9c0be-a1f1-4e55-b6b2-704fabe875c2
-0.042,0.0,-8.82,-7.0,0,2026-05-21 19:23:35,1-d7841f60-2ce4-4527-85db-c7feebd654f1
0.0,0.04,5.6,-1.5,0,2026-05-18 21:21:34,1-f500fb16-f5ea-4daa-9fb4-4d28a4fb7b94
-0.142,-10.0,-3.28,0.42,0,2026-05-17 21:16:01,1-aa686256-c65e-4d4a-a47c-ccb023e67a44
0.056,-4.28,1.74,15.0,1,2026-06-06 23:32:38,1-b2bcad3c-09a4-431a-884d-4e4827b203e7
0.03,-1.56,-5.72,7.0,0,2026-06-06 22:34:14,1-c39256c3-2a6a-4086-9df9-387dad245d11
0.15,4.26,-2.26,10.0,1,2026-06-06 01:17:15,1-4f5e797c-6e17-4379-a82f-9b34a304c6f2
-0.046,-1.72,-5.94,-1.0,0,2026-06-06 00:27:19,1-3fffc23c-7c93-4f9b-8182-3e147b33b13e
0.02,-0.32,-4.06,-1.0,0,2026-06-05 23:39:40,1-13de74df-6059-43a7-a7a1-cfbb0eb205d9
0.066,2.1,0.58,2.0,1,2026-06-05 23:02:05,1-295d5098-ad41-48db-a12d-806ec8b8741c
-0.022,2.24,3.58,0.0,1,2026-06-05 22:30:04,1-aacd9bb1-ff38-4c85-8ac3-ee5df6bca4a9
-0.028,-1.98,-0.78,-2.0,0,2026-06-05 21:57:22,1-f5540907-a585-43c2-ad65-f3a3fb924b29
0.06,2.14,2.2,3.0,1,2026-06-05 00:57:07,1-e98378bc-f2e3-42ea-b523-ab33e8d1895b
-0.022,-2.42,1.88,-5.0,1,2026-06-04 01:42:37,1-f52dd0e3-5b58-4af0-968a-2d725c816f40
-0.116,-4.62,-6.08,-1.0,1,2026-06-04 01:02:49,1-212105a3-8d37-4208-ab15-b6aa096fd653
0.024,1.76,6.96,1.0,1,2026-06-04 00:15:49,1-af30598b-4b91-4f4a-b6dd-231fbf17a157
-0.02,-1.48,-2.52,4.0,0,2026-06-03 22:05:50,1-3e08f925-d530-42d3-b3b0-12fa6ec83afd
-0.268,-9.8,15.4,-15.0,1,2026-06-03 16:22:20,1-c263b3eb-7032-4f25-984f-21e7f82c72c9
-0.028,-1.02,2.38,3.0,0,2026-06-03 14:01:41,1-58b2e5c7-fbd4-4f1b-84b5-3803a818eb78
0.006,1.74,7.02,-3.0,1,2026-06-03 01:59:22,1-9869157e-56e7-42c9-b695-a9184643b5e5
-0.16,-10.46,5.56,-2.0,0,2026-06-02 23:38:07,1-7aa2a7ea-889a-4820-91a3-bf4e09775a1d
0.0,-0.14,3.08,-16.0,1,2026-06-02 15:30:19,1-23ce0f00-79e7-4677-879c-189965146003
-0.108,-5.54,-2.28,-8.0,0,2026-06-02 15:06:15,1-0fa76f29-6820-4839-be99-186fdc4ff47e
-0.066,-4.06,-0.1,14.0,0,2026-06-02 14:31:04,1-9de37417-e192-4bed-810c-cd5237747a3b
0.222,8.6,-1.8,0.0,0,2026-06-02 01:22:18,1-51db9ca7-1ec8-4fa9-8831-d275fba64071
0.094,0.64,0.02,0.0,1,2026-06-02 00:29:36,1-26f6cd3b-0558-4b1f-a4f3-dbbb33f4f555
0.096,1.96,-1.74,4.0,1,2026-06-01 23:45:22,1-9a94d928-62d2-408c-bb9b-09a2a559062e
0.058,-2.82,-6.72,6.0,1,2026-06-01 22:23:20,1-426e2ac9-79ca-4a5b-b5d1-4090ce764490
-0.126,-6.06,10.66,1.0,1,2026-06-01 16:01:59,1-1cf5e782-6e35-447e-99a6-75a9abe07548
0.014,-2.22,0.38,-10.0,0,2026-06-01 15:15:02,1-6d0605d6-61a9-4b53-9e3d-fdbfd788219e
0.056,1.32,-1.6,0.0,0,2026-06-06 22:05:11,1-c51fd517-1a93-4834-91f0-28dd024f3ce2
0.162,10.46,6.6,6.0,1,2026-06-06 21:10:35,1-d46ecfcf-03ce-4838-8c7a-448a4fe9051d
0.0,-6.12,-3.48,-6.0,1,2026-06-06 20:26:02,1-25053230-2bf0-4c2f-a072-3d62d34e7d3d
0.038,1.7,2.12,-3.0,1,2026-06-04 21:49:11,1-c584be2d-7ac9-4329-8937-4720415f5fa5
0.068,1.54,-3.08,-15.0,1,2026-06-04 20:58:20,1-4c215edc-396f-4af8-bab5-b03389beda30
-0.11,-7.8,-1.82,-5.0,0,2026-06-02 22:20:05,1-1b28f2e4-dfbc-4332-a777-2604b4d89542
-0.128,-4.54,5.98,-4.0,1,2026-06-02 21:35:19,1-f300c7d9-1a30-4307-bdbb-d4878bfbb643
-0.134,-6.28,-0.62,-9.0,0,2026-06-02 20:54:54,1-e02388ef-02b1-4719-9a55-a84ff97dc931
-0.052,-2.34,3.58,-12.0,1,2026-06-02 20:19:50,1-bc16f69b-5086-4a6b-af80-81cb887239b1
-0.278,-14.58,3.64,-1.0,0,2026-06-02 19:41:45,1-3b85097c-96d0-45fb-bc00-b888bd378e42
0.06,3.84,4.34,-10.0,1,2026-06-01 21:49:17,1-1c2ffac1-583d-4285-8c6a-2e6fd00e223b
-0.062,-8.08,3.58,2.0,1,2026-06-01 21:10:00,1-ae726fc8-f5da-4e7e-842e-21d7fb0d89e5
0.016,1.78,1.54,-8.0,1,2026-06-01 20:31:00,1-5590c322-9058-41e0-a006-b2c9121658ad
-0.05,2.12,9.26,-3.0,0,2026-05-31 22:01:11,1-608b94e6-6670-4745-88a1-ce5828680b84
0.18,9.84,-0.04,1.0,0,2026-05-31 21:07:06,1-84ca5c7c-0bed-4a4e-af75-cd0cc2204cf0
0.164,9.08,1.92,6.0,1,2026-05-31 20:16:51,1-1acfd935-0fd1-4163-9d27-e147918e3eda
0.004,-1.66,-4.0,-3.0,1,2026-05-30 22:21:38,1-4aacf476-8c00-410b-b53a-90d4d47d1eaa
-0.064,-4.92,-4.92,-1.0,1,2026-05-30 21:36:32,1-131e66c9-e3a5-42ce-b175-998af46d354b
-0.172,-11.28,-4.84,-2.2,1,2026-05-27 00:41:21,1-aa2b5621-2c0c-48b1-ad00-9ae282e1baba
-0.048,-4.44,-2.3,19.0,0,2026-05-27 00:09:21,1-291b5ae7-1b4b-4066-aa0e-f6bfc77cff57
0.05,2.36,-8.56,-4.0,1,2026-05-25 20:44:00,1-6e510757-f61c-4f0a-9699-14866bc2ac66
0.094,1.54,3.06,5.0,0,2026-05-25 20:07:03,1-cc287f29-7700-43bd-b8ed-81ba5cf4a798
0.026,4.68,2.62,-13.0,1,2026-05-24 21:07:01,1-4fa81607-b2ea-489a-92a0-50457ae7348a
-0.138,-6.52,0.56,-1.0,0,2026-05-24 20:29:40,1-411b80bc-3fcc-4da2-9719-53cde00ff594
-0.044,-5.3,-1.5,-14.0,0,2026-05-23 21:49:03,1-594b8e68-a9e6-484b-aa4c-0497ef84c5f3
-0.07,-4.7,3.56,-18.0,1,2026-05-23 21:09:17,1-e9949a08-7c92-4b95-a434-11663c6d468c
0.066,0.9,-4.2,-3.0,0,2026-06-06 11:59:05,1-c4ec4bbb-0b89-4223-9dcc-1189c4ad7dd8
-0.12,-5.44,-5.86,-2.0,1,2026-06-06 10:54:32,1-9972f548-6d8b-40d7-ab67-90926252f8c4
-0.02,-4.88,4.6,-13.0,1,2026-06-05 03:12:45,1-1123397b-752d-4736-8751-8e046e628ec6
0.05,6.14,0.5,-8.0,0,2026-06-05 01:56:41,1-8a5bdaa6-5264-428f-a517-feb0989dbf76
-0.05,-5.1,-1.5,10.0,0,2026-06-05 01:21:23,1-87a05b88-65d9-49d9-802a-1e33d0c0f9bf
-0.06,-0.26,2.72,-7.0,0,2026-06-05 00:34:08,1-81c6439a-ead9-40a4-ae8c-c7e99cfac2fd
0.068,3.56,5.52,5.0,1,2026-06-04 23:48:44,1-b71fe7b1-a1f1-47bc-8cbd-6214a40252e2
-0.006,-1.76,-7.46,-1.0,0,2026-06-04 22:56:20,1-1228fa2c-f465-4a01-8e79-63b8eadde5ef
0.006,3.02,-2.36,-11.0,0,2026-06-03 23:20:08,1-c91cbcbe-aa12-4c19-b11b-03dd470f38ea
-0.106,-5.28,0.22,-5.0,1,2026-06-03 22:32:07,1-2705bf4e-4c7f-4a4b-b493-712984bdde8b
-0.078,-6.6,-1.38,-9.0,1,2026-06-03 21:59:04,1-a0b284e2-1926-42a1-9e55-47b1c989227a
-0.05,1.24,5.06,-5.0,0,2026-06-01 22:29:42,1-74d3a515-0305-4304-b09e-8128d47eba67
-0.078,-10.06,5.68,-6.0,1,2026-06-01 19:52:22,1-02da3127-2eed-4dd1-abd4-ac0cc78d6d5b
-0.032,-2.34,3.5,21.0,1,2026-06-01 09:09:42,1-ba74de35-bb00-4612-ab8f-227836602936
0.002,0.0,2.48,-5.0,1,2026-06-01 08:36:21,1-9b4e0217-3fe6-40b4-a3bc-9164cd033e0d
0.018,7.36,7.6,-1.06,1,2026-05-20 14:14:24,1-d4b89eab-ebd2-4da0-a7ab-c663af90fe09
-0.036,2.12,4.88,1.0,1,2026-06-06 22:17:39,1-a56b4726-a98d-487a-8082-cb7d422988dc
-0.014,-0.34,-2.68,2.0,0,2026-06-06 21:14:17,1-9d5fa354-6234-4d54-8f12-ebeb511e7f98
0.13,1.24,-7.06,5.0,0,2026-06-06 20:26:50,1-5e118c99-3711-4954-aeb7-57153960c58a
0.04,3.58,-10.52,-6.0,1,2026-06-06 16:47:51,1-eabc4959-9fd9-4ea0-bac7-9363caf0c8a3
-0.046,-8.12,2.96,-5.0,1,2026-06-06 15:57:17,1-01eb7091-f13e-4fde-93ed-018b56c00d60
0.02,3.14,1.08,8.0,0,2026-06-06 11:32:27,1-5b252ad9-0efd-449b-84d9-dd6285c81e6f
-0.096,-1.7,-0.16,-17.0,0,2026-06-06 10:50:54,1-c8055a14-1d14-43fe-a863-aecfe26af07d
-0.004,3.64,4.36,-18.0,0,2026-06-06 10:00:44,1-b351437b-4a7b-4745-bb51-b6b41c26506b
0.194,9.88,-0.1,8.0,1,2026-06-05 22:26:34,1-5ecea6ab-0254-48f0-afcf-c287c970133e
-0.096,-7.98,-0.1,11.0,0,2026-06-05 20:41:40,1-36a2eabd-6d88-4ee4-999b-c48533ed45e8
0.034,4.64,3.24,-10.0,1,2026-06-05 19:58:27,1-3bfc4c2e-3ee7-4ffc-8edf-b0480cee17d6
0.042,4.34,-4.88,7.0,0,2026-06-05 19:04:50,1-017f10eb-a6dc-4048-8f65-7f824241fdb3
0.262,11.5,-4.84,-5.0,1,2026-06-05 14:49:51,1-4e34eb52-64d4-45fd-923c-cef7e7d5d1c2
-0.038,-6.98,-3.22,4.0,0,2026-06-05 13:50:22,1-ac1e4c74-5dbb-47d6-b9f2-23786f60c907
-0.048,-2.76,-1.72,4.0,1,2026-06-05 11:35:04,1-c84ba7a7-e987-4b7a-ab29-56f10fa587a9
-0.09,-6.46,1.98,-6.0,0,2026-06-05 00:18:03,1-5b8d6031-9596-4c7e-9995-7b5b23dbb7f7
-0.07,-3.64,-6.86,-2.0,0,2026-06-04 23:42:04,1-64bfb3e7-5d41-4bff-b1c7-94982aff1194
-0.022,-3.12,-0.5,-8.0,0,2026-06-04 23:04:25,1-e5f3faa0-4f1b-4abf-95de-477330c40f91
0.03,-0.06,0.22,-7.0,0,2026-06-04 21:40:35,1-a618e318-f734-4ce6-8ba4-35cdb5ea4009
-0.066,0.2,3.58,-2.94,0,2026-05-27 12:08:07,1-89e75407-08f3-47b1-b750-e5e114b79317
0.072,0.44,-0.4,-1.0,0,2026-05-27 11:26:48,1-dad24fd9-9bd1-455c-bfbf-b53ac4cb547f
-0.038,-6.0,-5.6,1.42,0,2026-05-27 10:12:26,1-eea11862-81ed-4c5f-9d44-87e936e1ff8c
-0.016,1.46,-0.62,-11.88,1,2026-05-27 08:49:57,1-edec25f6-6520-4f75-a9af-3d742d9ebb60
-0.126,-6.68,-1.68,5.06,0,2026-05-25 15:33:58,1-aee53461-2b2f-43b9-8976-afafb624e805
-0.036,-4.92,-3.22,4.0,0,2026-05-24 22:27:46,1-9255b575-d695-476a-b141-37b8f4067414
0.018,3.28,-7.44,9.36,1,2026-05-24 00:03:34,1-c33e7cf7-7497-4a88-9b03-1190da789d31
0.008,1.6,-1.0,9.0,1,2026-06-06 13:25:20,1-3ac4d44d-a610-420e-98b8-24ee57e0cd37
0.036,-2.18,-2.56,5.0,0,2026-06-06 12:36:48,1-ed38e2eb-60cf-447a-9745-6384091ab3b8
0.22,11.48,5.52,3.0,1,2026-06-05 21:40:22,1-1b20a5e4-7c66-4ec5-af61-b6d220e928bc
0.096,3.36,-2.84,-2.0,1,2026-06-05 21:02:20,1-e916fc53-7435-4394-a9cd-685b8785ae42
0.012,5.06,1.36,4.0,1,2026-06-05 17:22:57,1-8ef5f3af-a823-4375-b60e-f08311adc176
0.102,4.24,0.5,14.0,1,2026-06-05 15:30:17,1-db092028-053a-497c-8035-9e2cbdbb37d0
0.07,4.1,-0.96,1.0,0,2026-06-05 12:26:14,1-8ece39c4-eb79-42a5-8c28-f1f18dc08ffb
-0.03,-5.36,-2.88,-9.0,0,2026-06-05 11:44:50,1-94e38355-2896-422f-886a-8abf147d6d00
0.162,3.64,-5.32,-5.0,1,2026-06-04 20:40:56,1-1e88c623-5506-4541-ad85-50fea1f3153e
-0.058,-3.76,4.74,-1.0,0,2026-06-04 19:52:37,1-647bb0b0-1244-4549-9c05-cbc7ee3e2ac5
-0.184,-9.64,-1.72,-3.0,0,2026-06-04 18:00:57,1-fb159ded-a36e-4866-a89c-8e0f55bdd6de
0.102,-1.8,-2.46,5.0,0,2026-06-04 16:58:07,1-cbf5a4ad-455e-44b1-87dd-36e85828215c
-0.006,-2.98,-0.04,6.0,0,2026-06-04 16:10:31,1-babc6875-4ef1-466f-b441-bfd46a5c987f
0.144,9.22,1.48,12.0,1,2026-06-04 12:47:58,1-7d88f497-5461-4843-a029-9c0b6442ca83
-0.24,-10.62,5.6,1.0,1,2026-06-04 00:34:45,1-4da5734c-d913-416c-b22b-fb300e1ca310
-0.144,-10.66,5.18,-5.0,0,2026-06-03 18:41:12,1-066bc8e0-f59c-4973-86ec-24c4ed048052
0.134,7.92,-8.98,5.0,0,2026-06-03 17:54:42,1-acc2283b-59f9-4bbe-9cd0-ecb469ac34e8
-0.036,-0.62,-3.5,-5.0,0,2026-06-03 15:12:40,1-3a2f4a88-5d05-47f5-b125-df21ff4c88a7
0.0,1.04,-0.4,0.0,0,2026-06-03 14:21:21,1-65c06ed9-5c3f-400d-b35b-963b3a80a329
0.036,1.56,3.74,-3.0,1,2026-06-02 21:26:07,1-89d19a22-c534-44a9-8cd4-a00782f379f2
-0.064,-2.54,-0.32,-5.0,1,2026-06-02 20:31:53,1-91868f71-cdfe-4991-ba4b-cb526dc3657f
0.158,6.62,6.32,4.0,1,2026-06-02 19:35:11,1-680b6766-4abd-46ae-a786-d9a073b00473
-0.006,0.32,-6.24,-2.0,1,2026-06-06 17:21:09,1-c02ab584-504e-4680-a7ae-c0bac845d161
-0.004,-0.8,6.64,0.0,1,2026-06-06 15:34:54,1-ad85770e-3b42-4022-aa20-349707e21c0b
0.024,3.38,-2.72,-11.0,0,2026-06-06 14:28:17,1-62e9503e-0986-4b8e-8fda-4439266a3efd
-0.15,-4.94,-1.96,-5.66,0,2026-06-05 23:41:22,1-10372155-91bb-4f98-a8fc-c967daa7da6b
-0.028,-2.26,7.12,14.0,1,2026-06-05 23:04:38,1-1d3e7b67-cae9-44b6-b268-63d651aa4be3
-0.17,-4.54,8.88,-8.0,0,2026-06-03 01:13:59,1-9c61e8ea-e2f0-416a-a5c3-230495b58949
-0.026,-1.94,-0.2,6.0,1,2026-06-03 00:32:14,1-53e2de05-a8f3-4f6e-afe4-67337a7bc5b7
0.106,3.36,6.36,7.0,0,2026-06-02 23:53:05,1-621c4bd0-efd2-404a-8a94-59f7c8f2a6bb
0.028,1.98,-3.06,-2.0,1,2026-06-02 22:50:30,1-51678bc2-780f-46a2-91ca-fbcd6a23c2b5
-0.086,-3.5,0.76,-5.0,1,2026-06-02 22:04:22,1-e0927336-da7f-4349-84da-3e2fa3cf2198
-0.044,0.86,3.08,-9.0,0,2026-06-01 19:35:40,1-27484694-90c5-438f-927f-8dbce79426a2
0.15,11.56,5.2,7.0,1,2026-06-01 18:33:47,1-f7469a41-8e8e-4455-9be6-dbcb0c395bad
-0.048,0.12,1.34,12.0,0,2026-05-31 18:12:02,1-51230d0b-105f-4752-a852-c6fcfe55d8e8
-0.026,0.06,-1.9,6.0,1,2026-05-31 17:31:47,1-c13b7e7f-d96e-467d-bacb-0869dce55f63
0.138,5.46,-3.68,21.0,0,2026-05-30 23:33:46,1-bd277523-bfef-4373-bb58-b84194b4f8a4
-0.142,-5.98,3.78,-18.0,0,2026-05-30 23:03:40,1-900abe6a-6eb0-4d4f-9ebb-fcc92f13381e
-0.05,2.72,-3.68,-1.0,1,2026-05-30 21:39:19,1-eaace01a-e743-4639-ae39-cbc9342ccba4
-0.262,-12.22,4.18,-25.0,1,2026-05-30 20:34:58,1-d4b5a18b-6873-4d50-880c-54f7f69f481f
0.158,6.6,-7.78,14.0,1,2026-05-30 14:14:33,1-fa496c84-1dd9-4ded-ad21-122147b47e42
-0.092,-6.78,2.14,-2.0,0,2026-05-30 13:40:06,1-576d9a3b-8ad5-4fa7-a164-cffc6622ad8f
-0.164,-5.54,-4.76,-20.0,1,2026-05-30 12:45:00,1-a921e11e-83ed-48a6-9817-a3a1d83b6cf3
-0.064,-5.52,1.68,-8.0,0,2026-05-27 22:08:24,1-0348587b-b8ee-4515-9577-c176d9c2cd70
-0.142,-6.82,6.98,-22.0,0,2026-05-27 21:24:10,1-88b6ebd5-93b6-4d63-a47b-6aeff56d8d28
0.012,3.0,-4.54,7.0,1,2026-05-27 19:42:29,1-5967c206-18d1-4420-b6bc-3e55a7bf332a
0.032,3.66,-8.54,16.06,1,2026-05-26 23:06:54,1-4dabea47-17c4-4b6b-b72a-175ab3d14672
0.124,9.46,-8.58,7.24,1,2026-05-26 22:35:48,1-a6466b56-8087-49ae-9ecc-6fde0392a9c9
0.124,5.72,-6.06,-5.0,0,2026-05-26 21:49:27,1-15e8fafe-de73-4457-a984-b3896e1b8ce0
-0.13,-8.04,5.4,-6.0,0,2026-05-26 21:16:42,1-51d7d29e-63dd-48ad-90ea-468d1572141c
-0.116,-4.08,3.14,-5.0,1,2026-05-26 20:32:09,1-84db7d40-240f-4318-a345-8aea8bddf73a
-0.066,-3.7,-4.9,-5.0,0,2026-06-06 13:02:19,1-8b8ceb77-499a-47cf-98ce-d5554e2a3cb9
0.006,4.22,4.4,0.0,1,2026-06-06 12:02:31,1-8bf6c1cb-d6b4-4976-8966-98f8bec50a5e
0.0,4.02,2.9,3.0,0,2026-05-30 15:18:16,1-8890b422-7d7c-4be6-905d-15c76d056e89
0.008,-1.08,-2.56,-14.0,1,2026-05-30 14:32:36,1-05549d6f-55e2-4617-bf00-0ab3260fde27
-0.016,-2.32,3.86,8.0,1,2026-05-28 20:46:45,1-2a58a38f-42a9-4240-8d36-f574b47061e7
-0.076,-5.78,5.04,2.0,0,2026-05-19 21:13:37,1-121703cf-b32c-4ab9-92eb-2da77292e853
-0.024,2.86,1.32,-3.0,1,2026-05-18 20:11:37,1-2b1c27c8-6cac-499a-acc7-d8aab04e6574
0.038,-2.92,0.6,4.0,0,2026-05-17 20:00:29,1-c128f259-9006-489b-bb9f-1a28b7623024
0.006,1.34,2.18,-10.0,1,2026-05-16 21:33:16,1-71ead73d-6c17-4ce3-b8a0-9271dfa507e5
-0.066,-3.7,5.24,-14.0,0,2026-05-16 20:48:53,1-692a8bea-fd6b-4e7a-ac67-418be04c40a9
0.092,5.76,4.6,26.0,1,2026-05-10 18:20:11,1-dc3a2f06-6583-40d5-9980-a42bcf111613
-0.028,-2.6,-2.64,7.34,1,2026-05-19 22:30:55,1-ce1498c3-e19f-44ba-82ca-0e49587e91ce
0.018,0.32,0.0,-13.68,1,2026-05-19 21:44:39,1-309dcee3-7b53-4427-8871-087720e378cc
-0.144,-5.86,-2.16,-1.0,0,2026-05-18 23:21:37,1-62114866-f021-4219-994a-357192e01445
0.048,3.92,4.98,14.0,0,2026-05-18 22:05:58,1-636951ce-702a-4c41-aae9-aae4ca97b373
-0.016,-0.32,-1.04,-15.0,1,2026-05-18 21:23:33,1-d0b79c92-53b5-468e-bf4b-c96dbc940579
-0.144,-9.88,-2.46,-8.0,0,2026-05-17 23:51:00,1-74a5aeff-d47c-4173-a754-b93048a6c724
-0.098,-1.22,2.18,11.0,0,2026-05-17 23:01:15,1-8264a49f-9a64-4542-81e1-76173dcdf412
0.108,1.9,-2.98,-7.0,0,2026-05-17 22:21:57,1-e830f259-0d97-4017-8562-2de729ed5119
0.132,7.54,-5.4,11.0,1,2026-05-10 01:27:48,1-c1f9d38f-7bd6-40f5-88ff-32e860a8b579
0.064,0.72,7.72,14.0,0,2026-06-06 02:02:37,1-be843117-7c1d-489c-87a6-3329d82dbe34
0.01,-1.58,-10.36,-13.0,1,2026-06-06 01:04:11,1-1aba6c24-efe4-4698-99ac-1f010061518e
-0.012,-2.7,-10.02,-10.0,0,2026-06-06 00:27:43,1-1c074b94-0d8c-4cdf-ab2c-407853dd882b
-0.064,-5.06,-2.64,-4.0,1,2026-06-05 02:04:11,1-6f56cc49-d2d3-40f4-bcfb-82c69cb8d482
-0.096,-5.44,-2.74,-8.0,1,2026-06-05 00:51:08,1-9072ed95-6811-4d64-b5b4-b0ece3abb1de
-0.116,-6.5,-3.88,-15.0,1,2026-06-05 00:06:59,1-90c2f727-bd4c-4b1b-8a2f-3765c6b1dd42
0.024,-0.72,-0.3,14.0,0,2026-06-04 23:19:47,1-8df86c18-65ed-45d0-93aa-c52735bb45ef
-0.134,-7.76,-3.38,-22.0,0,2026-06-04 02:41:19,1-6f1bff51-173a-4a7f-aee8-71da2727baab
0.03,0.88,0.68,6.0,1,2026-06-04 01:45:34,1-9703014a-7957-40ea-9642-0465b00f07ea
0.144,8.24,4.52,1.0,1,2026-06-04 00:52:08,1-cafafb68-9bd3-49d7-80b0-f277d0de6e49
-0.012,-2.14,1.04,-8.0,0,2026-06-03 23:47:33,1-c60167f1-2a3e-4e0d-be5e-8101d8970598
0.08,0.16,0.56,2.0,1,2026-06-03 23:00:37,1-52af9405-4192-461c-ab15-1e829973b323
0.004,4.24,3.0,3.0,0,2026-06-03 22:25:00,1-3be82248-ee07-40b5-8598-c0b8ee1e61e1
-0.066,-1.72,-1.4,-8.0,0,2026-06-03 21:31:31,1-441bb880-9153-48f1-ae4e-3753b8b4a7fd
0.02,3.16,1.8,-2.0,1,2026-06-03 20:45:29,1-be9bac40-353b-4e49-811e-a761fae63113
-0.03,-5.04,-2.28,-2.0,0,2026-06-03 01:29:09,1-bc9160e9-0eab-484d-87f2-3209dba0d02c
0.148,7.56,6.18,19.0,0,2026-06-03 00:21:39,1-4175be87-ec71-4701-9b2c-71c012b6097a
0.014,1.0,8.1,-12.52,0,2026-05-27 00:54:06,1-e407a8fb-9ceb-464a-81c5-f3ff80adc2e0
-0.024,-6.5,-8.62,6.0,1,2026-05-27 00:08:47,1-5836c4d8-3b7a-4588-9a9e-9ea980c95b44
-0.026,-0.76,0.16,-4.0,1,2026-05-26 23:23:29,1-d3586c79-1149-49a7-ab84-27659e59e524
-0.02,-2.72,0.74,9.0,1,2026-05-26 22:44:32,1-49cf141a-a62d-4982-9bcb-99dfaacb6ec7
0.096,6.08,0.22,-3.0,1,2026-05-25 23:22:41,1-15da0329-9eaa-4442-a446-52976ebd5453
0.124,6.04,-2.94,0.0,0,2026-05-25 22:36:05,1-b2a5c4ad-c9d7-4fc7-a7a4-a910b325a275
-0.094,-3.56,-1.88,-10.76,1,2026-05-25 00:31:09,1-d1af1e5e-01ce-4071-b822-d780fa505748
0.068,-3.06,-6.66,16.0,0,2026-05-29 19:36:23,1-5af016ff-5b84-464c-a3e2-8996ebc4b67d
-0.058,-0.7,2.6,-1.0,1,2026-05-25 00:50:50,1-a122af95-633a-4367-a333-443a35f8eb7b
0.026,-2.86,-0.06,7.0,0,2026-05-24 23:45:34,1-ba22c02d-c6a7-4111-840d-e617f26d0a8b
0.198,4.08,6.5,-2.42,0,2026-05-20 23:28:16,1-66046768-814f-49f7-8921-cc03e33b3701
-0.06,-2.6,-5.64,5.0,1,2026-06-04 19:09:27,1-7c418fe8-5ffb-4c0f-a39d-46b6bfc072a4
0.008,-5.82,-10.18,-11.0,0,2026-06-04 15:02:54,1-7c3a296b-8081-4c92-9ab9-a4603c6f4f02
0.044,4.54,2.38,11.0,0,2026-06-04 14:11:41,1-0d5c2abe-eb25-4ced-9ddb-128c114b2137
-0.002,3.16,-9.76,9.0,1,2026-06-04 13:28:53,1-0300579c-6250-4ce9-9cdc-1789419237f3
-0.022,2.8,2.0,-3.0,1,2026-06-04 12:45:56,1-0a67bd35-7027-43d6-84e5-be810eec8dec
0.07,1.74,-2.22,5.0,1,2026-06-03 19:56:18,1-9e3ee57c-6cd6-4e15-ab90-3393e3990ae2
-0.056,-0.16,9.88,-6.0,1,2026-06-03 19:18:08,1-830d2e17-f1e9-4ef5-8240-2b05bd5a4e94
-0.076,0.0,-0.98,-11.0,1,2026-06-03 17:25:56,1-460309a7-e171-435f-9254-b2d748033d49
-0.128,2.04,-0.36,-8.0,1,2026-06-03 16:56:06,1-a8fa3daa-5e9e-41fe-b46b-b94eee7829ee
-0.052,0.9,-2.96,2.0,1,2026-06-03 15:10:19,1-2281bf5f-f739-4e25-b045-331198cb2463
-0.044,-2.84,0.76,-1.0,0,2026-06-02 22:24:24,1-ccf17e42-9a76-42f1-b02e-ab6bb9fd2c93
-0.1,-3.5,-0.02,-13.0,1,2026-06-02 21:20:48,1-337eafbe-90ae-4910-841e-174d9b7afc78
-0.076,-5.78,-2.32,-4.0,0,2026-06-02 20:08:56,1-2124fdc7-0e61-4f15-aac2-147f5ca64901
-0.052,-2.0,-3.2,-7.0,0,2026-06-02 19:06:58,1-95d84af7-6961-48cd-911e-48458665074a
-0.002,-0.14,-1.42,-9.0,1,2026-06-02 17:12:29,1-f92b54f0-1530-416c-aa42-29bd7fcb7632
0.03,6.14,-2.34,2.0,0,2026-06-02 16:41:39,1-13c545fc-9e6a-4de2-84ea-0f08237c9c75
-0.136,-1.88,-0.3,-5.0,1,2026-06-02 15:47:00,1-5cc81e8c-113a-4c6c-9c9d-5f0fef6aa4e7
0.02,4.44,2.96,-7.0,1,2026-06-02 14:55:56,1-99bfcc3d-41cf-4b28-b057-154479516eb3
-0.07,-1.62,1.2,0.0,0,2026-06-02 14:09:59,1-5e9f0b81-8db9-406d-9d90-5e530a9697d1
0.086,7.42,-2.12,-3.0,1,2026-06-01 16:45:02,1-b043a3fe-d452-4c2d-ab66-968b4b5087b1
-0.024,0.24,-2.32,-2.0,1,2026-06-01 15:31:22,1-0004666f-dc77-4fa3-acda-5bfd3d9af8bd
-0.044,-1.02,-0.4,3.0,1,2026-06-01 14:45:53,1-59d883ed-7dd1-498a-a69a-bbe1d67ef5e4
-0.036,-0.5,3.74,1.0,1,2026-06-01 13:54:52,1-460a0997-d379-4a1c-a776-28899b6b3a30
0.05,3.76,5.52,6.0,0,2026-06-01 12:49:15,1-b720c800-8b7d-44eb-a31b-09b2b11ab560
-0.012,0.72,0.1,-8.0,0,2026-05-31 16:57:08,1-d61831fd-b582-478d-ba36-9f0415f51272
0.12,5.98,4.52,12.0,0,2026-05-31 16:02:23,1-8e721b8a-266a-444a-81c6-038960ec0dd8
0.076,5.06,-3.02,5.0,1,2026-05-29 16:15:44,1-a28a468d-e72f-4070-97d1-281010226c2d
0.066,2.94,7.82,5.28,0,2026-05-28 17:44:47,1-ff4565c9-8da7-4369-92e0-1cba04a06ed6
-0.108,-3.44,1.26,-1.0,1,2026-06-06 20:01:35,1-d7c05651-627f-4a9c-b723-f95d3d6b5131
0.13,6.38,-4.76,-4.0,0,2026-06-06 19:16:42,1-55a55ba7-34e3-42a0-acc7-f3552e4455ff
0.06,2.92,-0.52,-6.0,0,2026-06-06 17:00:46,1-1e7b3d73-3683-4ee9-97dd-7b80433657c3
0.126,8.34,1.44,-6.0,1,2026-06-06 16:14:05,1-08773c32-f32b-4a6d-bea3-c2d753a3cd14
-0.064,-4.4,2.36,-5.0,0,2026-06-06 14:23:51,1-d425097d-a324-4041-bbe2-aa5545a8f5b7
-0.006,-2.08,0.4,1.0,0,2026-06-06 13:29:17,1-0a4fdd0f-57b4-41ab-a220-3a471a768a95
0.066,3.32,1.38,12.0,0,2026-06-05 20:09:55,1-8702813d-9e1a-4091-af41-b9090098d27d
0.008,3.2,1.94,-13.0,0,2026-06-05 19:52:18,1-708ad207-9060-4e3d-88ff-18b751fa871c
0.006,-1.26,3.8,-2.0,0,2026-06-05 19:10:45,1-66aa87ff-0cb9-4086-9fef-42be110fae5a
0.026,-1.72,-1.84,-5.0,0,2026-06-05 18:11:45,1-5b400f9b-c908-4ec0-a926-0cfb1a4245bd
0.014,2.6,-2.98,-4.0,1,2026-06-05 16:37:47,1-3de586bd-c99e-45ce-9325-a491916b3a29
-0.122,-0.92,4.6,-1.0,1,2026-06-05 15:50:28,1-7f9006c6-ebf9-452a-8936-eaede5472885
-0.036,-3.18,1.94,1.0,1,2026-06-05 15:01:03,1-f3ce1ffe-e90e-4809-ada7-80bfa42cad7a
0.028,-3.76,-2.82,-8.0,1,2026-06-05 13:54:12,1-5ae60c34-e23a-4564-b443-9681fea6ed4b
-0.014,5.0,6.9,-6.0,0,2026-06-05 13:12:07,1-00c53af1-74e6-4e2c-ad49-7ceefa0c7818
0.094,1.88,-11.28,9.0,0,2026-06-04 20:16:09,1-7bec0322-c35a-4c76-b9f4-97fa8822bb12
-0.028,-1.38,-3.36,-3.0,0,2026-06-04 19:40:49,1-cfb18cb5-7f54-48ca-b4bc-89b1f44a4b4b
0.134,7.52,-8.84,6.0,1,2026-06-04 18:58:33,1-8a8ce015-ce03-4789-bf48-758e627d58c9
0.016,2.06,-2.28,-5.0,1,2026-06-04 16:52:16,1-967e7a7d-9417-4106-bfd7-2b4594f327c8
-0.122,-6.98,8.08,0.0,0,2026-06-04 16:07:47,1-c79ec3c8-c5f7-4207-a4ac-c0f73cf3b6ee
0.022,-4.92,1.66,-10.0,1,2026-06-04 15:23:59,1-d6f8dc44-e7dc-4c8c-a4ab-8d6af8f686ef
-0.026,0.84,1.02,-2.0,0,2026-06-04 14:47:20,1-f851b130-cb05-463f-8d65-36f58f5085fe
-0.144,-6.92,5.94,1.0,0,2026-06-04 14:15:55,1-44793fa2-7317-4c9b-b0f5-737c52a825a0
-0.1,-6.0,-0.04,2.0,1,2026-06-03 19:57:25,1-9b072f59-e97d-4363-a22a-9b7b28417331
0.014,-0.8,-0.54,4.0,0,2026-06-03 19:09:22,1-0bdc5ccc-0a1b-4a33-8b26-3b48944f1041
-0.076,-0.46,3.52,-6.0,0,2026-06-03 17:29:12,1-b0c7e96f-19c6-465c-90bb-84fae515564e
0.13,2.24,3.16,6.0,1,2026-06-03 16:55:27,1-b1aaeed4-04ef-4f00-995d-0768416b92b7
0.08,0.32,-2.42,3.0,0,2026-06-03 16:23:54,1-c8771f87-10be-49f5-9e67-76343bbfdfd0
-0.142,-10.0,2.9,-5.0,1,2026-06-03 15:32:39,1-3862e3d7-aee8-4fd4-9d83-b010a78759f7
-0.168,-4.06,0.66,0.0,0,2026-06-03 14:54:05,1-8d06d2e0-cd7b-4ae3-a927-f0a3e2ca9814
0.062,0.68,3.38,2.0,1,2026-06-06 21:44:34,1-1863f8aa-3b2c-4bec-a2ab-bb4a1f7af1ea
-0.136,-6.06,-0.42,-4.0,0,2026-06-06 20:54:02,1-8531043c-5fcb-48eb-8484-bf61c573f2e4
0.01,0.42,-0.36,3.0,1,2026-06-06 20:05:23,1-1c693f60-c3f4-4b69-b332-668f6536d052
0.092,5.92,0.5,12.0,1,2026-06-06 18:46:42,1-97f86fc9-d3ea-4b21-b38b-310a5779243d
-0.02,-1.26,0.26,4.0,0,2026-06-04 15:52:45,1-a98046c8-d044-4a31-bbcc-ac79085029d0
-0.086,-2.16,3.04,-11.0,1,2026-05-29 18:28:12,1-375ea139-a648-4f77-8285-b73d484cb54c
0.056,1.12,3.36,3.0,1,2026-05-29 17:03:07,1-dec4ef0d-ad04-4a47-b2a2-a193aeffda1b
0.082,0.84,4.34,8.0,0,2026-05-29 14:25:27,1-e84e46e8-6115-4ded-b73e-7bf2ebe2423b
-0.15,-8.14,1.42,-2.0,1,2026-05-28 15:50:33,1-ae91c348-5e2a-4c47-bc8d-f9f7ec454631
-0.086,-3.44,0.4,-4.0,1,2026-05-28 15:08:47,1-cb90859d-204f-4969-84fd-4d97fc1daa0d
0.192,11.9,1.24,8.0,1,2026-05-28 14:34:35,1-ac1ef873-234c-42a9-859a-e999cf8a047f
-0.136,-11.18,5.18,-16.0,1,2026-05-28 13:53:02,1-c0d0ed9a-29cc-479d-83f2-5a325573c0c0
-0.178,-8.9,-2.74,-8.0,0,2026-05-28 13:12:17,1-6216d1d9-5ca9-434f-bc3f-b0302b8ad1ba
-0.092,-2.14,2.24,2.14,0,2026-05-28 12:21:59,1-d9e35902-b562-4ba6-8979-68e0626a8034
-0.056,13.72,-0.06,-15.0,1,2026-05-26 15:14:40,1-003d912c-22fc-4a6f-94e6-739a1f4236f5
0.02,1.56,2.8,-7.0,1,2026-05-26 13:52:10,1-c3c05cc7-cac4-415d-b786-5591b3c422d1
-0.04,-1.74,-4.62,12.0,0,2026-05-26 13:03:25,1-a08e1ddf-a580-4d9c-aa40-2db3965cb345
0.002,-1.72,2.48,-6.0,0,2026-06-06 23:44:55,1-80530571-4735-48b9-8889-231718b3f5bf
-0.118,-15.4,-0.62,-5.0,1,2026-06-06 19:24:06,1-b8f2b0f4-ed67-48f8-90fe-f97b890d7603
0.01,1.74,-7.8,1.0,1,2026-06-06 17:31:26,1-12df0cd3-5237-4f9d-b3f1-ac330abbf3bf
0.048,3.88,-1.28,-8.0,1,2026-06-05 18:55:38,1-56cdab5a-457d-48a7-ac5b-6495629a9bb7
-0.03,-0.34,2.54,-3.0,1,2026-06-05 17:56:01,1-61dabe1f-951b-436a-86fd-7d53ff758093
-0.04,3.48,-0.12,-3.0,1,2026-06-05 17:03:34,1-7ed0ce61-2c11-488c-8596-b6e42431e0bb
0.158,7.08,0.78,5.0,1,2026-06-05 10:57:45,1-eba5e3be-0d0e-4125-9de9-dbbb5802b21d
-0.08,-3.42,-5.08,-2.0,0,2026-06-05 09:30:36,1-3efb278b-561b-427d-a587-5f4b029c29fc
-0.02,-1.5,2.26,0.0,0,2026-06-04 16:30:50,1-229379b9-bf81-4ee3-be9f-4d5c1bfd69b2
-0.186,-9.34,2.78,-7.0,1,2026-06-03 20:07:44,1-f349aaab-d28e-47ec-8eb7-a89117aee532
-0.126,-4.34,4.7,-2.0,0,2026-06-02 18:12:17,1-8262a080-51c6-4c8e-befe-4b33aa94ecf2
-0.054,-0.16,-1.58,3.0,0,2026-06-01 20:48:20,1-245705f0-72ac-4302-a2d8-bfec99852fbe
0.026,-2.46,2.62,-6.0,1,2026-05-28 21:16:29,1-a448470a-86ea-41c3-a237-f5d76b12da5c
-0.018,-1.82,1.86,-5.0,0,2026-05-28 18:16:06,1-230eecb9-ca6d-4a72-8f74-e0aee51f8e18
0.098,6.44,-1.6,5.0,1,2026-05-18 18:46:51,1-34f5e191-6e8b-44f3-8606-91f66cba0408
-0.026,-3.24,4.06,-8.0,0,2026-05-18 18:38:01,1-ceaae5ee-761f-48fa-933e-ac2e41a4e317
-0.012,-0.04,-2.12,-9.0,0,2026-05-18 15:37:57,1-54481816-8161-4609-be91-5dcfcfeefb72
0.094,3.58,-1.08,1.0,1,2026-05-30 20:43:17,1-7600a2e3-5525-4f88-8089-99f21bde9aa2
0.056,-1.2,3.92,-1.0,1,2026-05-30 15:24:29,1-e0d5e40e-63e0-4318-a8e8-3aab680dad0f
0.03,-5.14,0.08,-3.0,0,2026-05-30 14:44:17,1-2f308086-6d00-4b82-b1a3-c435627f2183
-0.074,-5.52,-5.64,-3.0,1,2026-05-29 23:24:58,1-d6e979fc-55cf-4701-9d24-4455789662e4
-0.058,-4.4,-3.0,-6.0,1,2026-05-29 22:23:47,1-c042a282-c0fb-4671-bb60-ec62b1014590
-0.08,-1.18,-0.74,-10.0,1,2026-05-28 19:13:12,1-6b9218e3-6c52-481a-b85e-acd62b58e161
0.138,4.38,2.48,-7.0,1,2026-05-26 21:42:30,1-c4100f65-85f9-426d-a535-82060a592e54
0.084,4.66,0.74,11.0,0,2026-05-26 18:50:58,1-90d92b05-f98f-4c1c-92d3-0a24200bf423
-0.076,4.62,-2.14,-4.0,0,2026-05-22 17:30:21,1-2f99aa7a-3852-49c8-aa5c-4669cdf295c9
-0.072,-3.02,-5.34,1.0,0,2026-05-19 20:43:24,1-a227bdf3-34e0-4697-ac14-30081094b9a5
-0.106,-7.78,-7.32,-6.0,0,2026-05-15 22:28:22,1-87dd956e-8def-4871-84b5-2e1781c1cf6a
0.098,2.8,-4.08,-5.92,1,2026-05-13 20:47:29,1-ede13ec4-6ac7-48f6-b2f0-02273999b153
-0.146,-8.96,1.16,-13.0,1,2026-05-13 15:56:26,1-c66232e7-6f7c-4511-8a72-5c1caaa9bbdd
0.028,-2.12,0.12,4.44,1,2026-05-12 21:00:45,1-841ce073-76bc-47a2-9855-a12f47f1a06b
-0.062,-4.58,-1.08,-13.0,0,2026-06-05 00:27:43,1-29cca870-700f-448d-81d3-d2c6e176add1
0.002,0.04,0.38,9.0,1,2026-06-04 23:37:56,1-a331b642-6e12-4dc5-85ff-29309b906f99
-0.01,-0.98,-3.94,-3.0,0,2026-06-04 22:58:34,1-93769325-c5d8-4245-815a-590fcc72ac0f
0.034,6.6,-1.3,-6.0,0,2026-06-04 17:31:50,1-4076b29e-78e5-40ce-bd6f-f670c478cfff
0.046,2.32,2.82,11.0,1,2026-06-04 00:55:09,1-9d839f65-a8b0-4f9b-92e4-c52968a368d3
0.048,2.06,-6.4,-7.0,0,2026-06-03 23:58:47,1-32e4ff9e-8f41-4860-b87c-1c1b645cb2d2
0.112,6.64,-8.92,-3.0,1,2026-06-03 23:11:55,1-1dc23777-115e-491d-a7da-7680d471c731
-0.02,-4.68,2.26,-1.0,1,2026-06-03 20:52:47,1-1a2f1b57-983a-4ce0-bb65-3f18d8493283
0.2,9.96,3.1,15.0,1,2026-06-03 16:42:56,1-e06c1751-0b29-457a-9998-cab9e9716edf
-0.008,0.56,-2.32,-7.0,0,2026-05-31 20:13:00,1-f5bc1895-82ed-45be-8c9d-ba5daad2cbfb
-0.044,-2.12,-6.72,-10.0,1,2026-05-31 18:52:02,1-a50238ea-0557-4e4b-887f-a7b80da5a5de
0.042,6.62,4.5,-4.0,0,2026-05-31 15:05:12,1-cb4356ae-161f-4ee9-95c8-49b2e53f3e34
-0.056,-1.5,3.2,-13.0,0,2026-05-31 14:17:01,1-7bcf758d-31a5-4bc7-84a8-7c49257d8ae4
-0.018,1.04,-1.64,7.0,0,2026-05-31 01:28:32,1-af2cbd48-5e55-44da-b809-0fcbd371e28a
0.018,-0.58,-2.28,-1.0,1,2026-05-31 00:45:23,1-f67ba231-8988-45a4-bc7e-a22863cd261f
-0.06,-2.16,3.54,-2.0,0,2026-05-31 00:00:43,1-0532bcee-b0fe-4477-a3c4-6efaf1beba81
0.004,3.1,-1.42,10.0,0,2026-05-30 23:17:39,1-dd566c02-c7ca-4dfc-a0c5-32fcbbbf33a3
-0.006,4.38,2.6,1.0,1,2026-05-30 01:50:12,1-0e6ab2a5-e5a7-4c9b-a4ce-c2bb2950e89b
-0.084,-3.28,1.26,-4.0,0,2026-05-30 01:06:24,1-684d8584-3069-49e6-a861-c774513957d6
0.04,-5.9,-3.12,3.0,0,2026-05-30 00:01:12,1-44ce403d-1d5b-475e-9f84-215665acf9c9
0.078,3.48,0.28,-3.0,1,2026-05-29 23:24:25,1-4abe7ed0-dcff-4c02-a753-04e0eb7bcb60
-0.05,-2.36,3.16,0.0,0,2026-05-29 18:04:38,1-00709e2a-0d32-4abb-b680-c317b72b73ca
-0.074,-4.54,3.72,4.0,1,2026-05-29 17:15:11,1-7cbe9215-63ea-4673-bf01-e7a2900ec5b1
0.006,-1.54,-2.62,12.0,0,2026-05-29 16:18:39,1-c7f2dd48-3047-4c71-aa71-fc882357fbcd
0.028,-3.82,3.52,6.5,1,2026-05-29 15:35:10,1-89afa64f-d451-4b03-b212-5efd2c5973b9
0.016,2.38,-4.1,10.0,1,2026-05-29 14:44:25,1-c3c5f3b0-76d5-4dd2-a71a-3497320ec319
0.012,0.16,0.66,15.0,1,2026-05-28 16:48:40,1-50634e3e-21d5-4108-b65e-892ea38e436d
-0.006,-1.46,-0.66,-3.0,1,2026-06-03 19:34:31,1-4e699b79-b0f3-4982-a792-c3db9ea0691c
0.036,-0.26,-3.76,8.0,0,2026-06-03 18:26:28,1-62f78b6e-8097-4ef0-8499-a91c8189d864
0.052,3.1,1.0,-6.0,1,2026-06-03 17:51:00,1-c49ce64a-8d90-4289-8593-3dac0b33633b
-0.028,-0.42,1.26,-9.0,1,2026-06-03 15:23:33,1-d3910feb-c7eb-4a07-834b-8680590c3afa
0.116,5.86,7.36,16.0,1,2026-06-03 14:24:17,1-e37c8cdb-3c94-4125-83f5-1a48b054ce3b
-0.096,-1.0,-0.5,-12.0,1,2026-06-03 12:48:38,1-d008af8c-7973-40c4-a9f3-a734da57151a
0.144,3.76,2.42,2.0,0,2026-06-03 11:31:57,1-f080d832-18a8-4e27-b2e0-656dbef22e2b
0.096,-0.82,-7.1,10.0,0,2026-06-03 10:47:24,1-303ba42c-4e47-4710-9ec4-6ff423de9c47
0.086,3.54,-2.96,-3.0,1,2026-06-03 10:14:49,1-2d3d8db7-1658-41a3-b599-6eb3ea982e2f
0.102,0.72,-2.76,15.0,0,2026-06-02 18:00:25,1-1e8d372d-f85c-4431-bd15-cb2bbe063d20
-0.07,-2.94,1.6,4.0,0,2026-06-02 17:15:46,1-0289560b-20bf-4e1f-bd5c-cb2e42434cc5
-0.012,-6.08,3.68,-3.0,0,2026-06-02 16:25:45,1-81f5cf3d-221d-439d-a5d3-70f8318561c3
0.052,-2.88,1.48,9.0,0,2026-06-02 14:12:58,1-2025fd58-9efc-4a15-8d07-88195c668f87
0.036,1.14,-3.1,-14.0,0,2026-06-02 13:29:21,1-23670cdc-693a-48f0-85de-e70a91673a46
-0.012,-3.76,6.24,5.0,0,2026-06-05 19:39:22,1-e841a996-c68f-4ef4-acd4-bc63f13e3f8b
0.114,3.98,-3.24,5.0,1,2026-06-03 17:03:53,1-534df4e6-94bd-46b0-ab39-c84d3a85f3ee
-0.052,-6.44,-0.5,4.0,1,2026-06-03 16:27:45,1-62f6932f-fcaf-446f-bf43-631488820c76
0.118,2.8,0.32,4.0,0,2026-06-01 16:00:27,1-e85b9696-2fb6-4a1d-a643-c608b38cc3a8
0.034,2.22,1.84,3.0,1,2026-05-31 16:54:12,1-df871a59-e23e-4ce9-b591-52614b25f7d6
-0.01,3.66,3.96,-4.0,0,2026-05-31 15:40:45,1-440d5709-bccf-422d-8ed8-5219da2e0e4f
-0.102,-0.4,-1.58,-13.0,0,2026-05-31 14:56:25,1-a363dba5-8217-4efe-815f-4fe34e893bce
0.036,-1.04,1.78,7.0,1,2026-05-30 18:22:11,1-496de6eb-1028-4022-bfa1-b1ce84dad46b
0.012,0.46,1.06,-1.0,1,2026-05-26 15:00:18,1-5bb52386-2b42-423f-a081-123632495f7b
0.048,5.82,-3.2,9.0,1,2026-05-26 14:21:11,1-f9343ce4-8c5c-46c0-a677-23f06001a216
0.12,1.5,-1.54,11.0,0,2026-05-26 11:04:23,1-43ca0dad-6515-402a-88e9-9d13d19b933a
-0.208,-6.02,-1.42,-2.0,0,2026-06-06 18:40:22,1-253b9f31-ecaf-4061-9ba6-26dc952b09c7
0.01,-0.4,4.98,1.0,0,2026-06-06 17:42:07,1-760f4a28-d49c-439a-ad88-7ec9c0f87d70
-0.018,-8.72,3.5,15.0,0,2026-06-06 16:53:16,1-4324b310-1aed-4f70-9bb9-2e706218fa41
0.098,-1.92,-0.14,9.0,1,2026-06-06 16:09:08,1-8825e251-fe76-49b0-bc2e-3e86727e9245
0.082,2.68,-3.28,7.0,0,2026-06-06 15:14:52,1-12e77202-bce7-4456-ac3b-bdd912202d06
0.026,7.5,0.48,-3.0,0,2026-06-06 14:30:55,1-634f68fc-351e-43fc-b2e9-5a1b5bb6085c
-0.016,3.92,2.02,5.0,0,2026-06-06 13:33:45,1-f0c9021c-bb84-467d-a2a2-a76092419cd2
-0.192,-7.24,0.18,-6.0,0,2026-06-06 12:54:32,1-63a084c3-b30a-409a-896e-e82b5ce63c27
0.04,3.32,-4.04,-1.0,1,2026-06-06 09:19:12,1-c6369dcc-33c8-480c-9fff-fa009e70fffc
0.05,6.04,6.7,-6.0,1,2026-06-05 17:02:43,1-0d0548b1-085f-484e-aab2-36f828f2cca8
-0.02,1.64,4.32,6.0,1,2026-06-05 16:29:22,1-8e1051f8-32aa-4a46-9cdd-1f1f78ed6b88
0.07,2.22,-5.84,-11.0,1,2026-06-05 15:48:19,1-a6a0e16f-0288-44fa-8b85-b898a147593a
0.072,-1.0,-1.52,-3.0,0,2026-06-05 15:11:20,1-20ece2a8-fe06-4492-88cd-b18b68ca17ea
0.046,-1.04,-2.26,3.0,1,2026-06-05 14:28:48,1-db20edc2-ef12-4295-af4f-f87ad4af99f1
0.088,3.18,-3.12,16.0,0,2026-06-04 18:15:23,1-3a587d48-8cfd-40fa-806a-8e90f5105de8
-0.062,3.9,-0.42,5.0,0,2026-06-04 17:38:41,1-a14488f1-ec66-421f-98f7-730fa98f8ab0
0.078,8.64,-0.68,7.0,0,2026-06-04 16:54:18,1-4a217a23-6937-4a08-90b2-001185d3e692
0.082,4.54,-0.64,6.0,1,2026-06-04 16:11:24,1-cf908aa6-af33-4e45-9ef0-e0a85ddf24eb
0.098,1.78,-2.4,1.0,1,2026-06-04 15:33:30,1-684dede5-67fc-433a-9993-1300831179f5
-0.082,-3.7,1.88,-6.0,0,2026-06-04 14:51:54,1-bae2528d-e3fb-4c78-8377-e87050317c3b
-0.08,-4.86,5.2,-5.0,1,2026-06-04 13:47:55,1-9c082843-e9f2-4aab-8850-e9441d30e828
0.082,6.04,-1.14,-4.0,1,2026-06-04 13:03:46,1-63d21202-174e-403b-a761-a3f917419740
0.066,-0.78,-4.78,-4.0,0,2026-06-04 12:06:26,1-e385ebff-6fcd-4bda-9eea-af37e90fa409
0.154,6.94,-5.38,5.0,1,2026-06-04 11:06:52,1-e83a2203-1c20-4228-88aa-4415103695eb
-0.11,1.04,2.36,-16.0,0,2026-06-03 17:09:15,1-03317aa7-f0fa-4879-a9d8-c66f5bb8dfc5
-0.154,-11.5,4.56,1.0,0,2026-06-03 16:28:43,1-44f71c60-b1c5-4587-a780-03bf72ad98c0
0.122,6.38,0.34,5.0,1,2026-06-06 14:56:35,1-70231dd3-db07-471a-ac4e-f10b3d7b4f60
-0.05,-4.72,1.48,-2.0,0,2026-06-06 13:59:01,1-e87d19e1-ff85-4057-a9bf-faf676b4ff1c
-0.106,1.32,-2.74,-17.0,1,2026-06-06 12:58:13,1-a9b5aab3-2769-4d22-bea0-cdba3d508c32
-0.106,-4.72,-4.94,2.0,0,2026-06-06 12:02:07,1-fc8261df-c527-42c8-8622-309961b9a934
0.082,1.36,2.74,1.0,1,2026-06-06 11:23:55,1-54b242e0-d01f-47f0-a656-6ea5256a78ef
-0.072,-5.32,-4.26,-3.0,0,2026-06-06 10:51:33,1-ae3cfc01-70be-4af4-bf38-c28f08d27b9b
-0.114,-2.8,-1.96,1.0,0,2026-06-06 09:07:03,1-cf51ed43-2480-4708-8a4f-09dbc166ea10
0.118,5.56,2.08,18.0,0,2026-06-06 08:32:52,1-c024f8d6-1578-40ee-aa00-93c2cacc6bc1
-0.144,-8.52,2.24,-8.0,0,2026-06-06 06:54:13,1-53c0f987-feaf-4dbf-9298-303b00d192a2
0.098,5.26,1.08,-2.0,0,2026-06-06 05:44:58,1-f067bc76-0456-4bb8-8092-35799f1d7d27
0.086,5.3,7.86,-3.0,1,2026-06-06 04:16:13,1-c3b286e6-131f-4bfd-8ae7-27e06ca63f72
0.196,4.34,4.08,6.0,0,2026-06-05 19:06:04,1-84db8d53-ddca-4a6c-9ea1-9e4fca479139
-0.048,-3.92,2.08,0.0,0,2026-06-05 18:34:01,1-67b472e8-76de-488a-9260-859de59d434d
-0.006,-2.7,-3.94,1.0,1,2026-06-05 17:24:18,1-c1781de4-c4c5-4f1a-a76a-df7d9510c4dd
-0.04,-2.92,0.54,-3.0,0,2026-06-05 16:43:24,1-a9c7bcb4-862b-40c6-b650-855594af18fd
-0.042,-2.02,-4.32,-2.0,1,2026-06-05 13:26:23,1-8c17adc8-1b52-4353-9db8-642af8e63ae7
0.046,0.92,6.14,1.0,0,2026-06-05 12:39:32,1-27c2bbcf-f666-484b-b1ae-b8ee2b181313
0.0,1.84,-1.34,-2.0,1,2026-06-05 11:54:29,1-2c7ceaba-2547-41ff-bc77-af17e67aecb5
0.058,0.24,0.74,13.0,1,2026-06-05 11:16:36,1-93a9aa25-c69e-408b-b9fc-6247f92851f7
-0.028,2.9,0.58,-17.0,0,2026-06-04 19:05:58,1-455cd03f-0593-4097-b37b-ab3989ee6d4f
0.044,-1.24,1.32,-1.0,1,2026-06-03 18:41:20,1-119c3aca-7b10-4d32-8997-21fb68047d32
-0.08,-6.88,-4.12,-10.0,1,2026-06-03 17:53:17,1-aa98753b-8b45-4f3a-944c-e47c2ac03052
-0.046,-3.16,-4.68,-12.0,0,2026-06-03 15:36:07,1-222babde-49ea-4af6-8dea-58f973c52415
0.058,-1.26,4.44,-7.0,0,2026-06-03 14:53:09,1-1525b178-fe55-4bfb-9d63-69e21c3985ab
0.172,11.68,-0.38,1.0,1,2026-06-03 10:29:24,1-bab2b72f-b85e-4c04-ba78-9dc17c4fcc8d
0.014,0.4,3.02,3.0,1,2026-06-03 09:56:44,1-a7678d7f-c306-4650-ab46-7c7684c353d1
0.022,2.4,-2.06,-3.0,1,2026-06-03 09:22:53,1-77f144e2-9994-495b-9c81-ff166817802a
-0.074,-3.98,0.22,-3.0,0,2026-06-03 08:42:18,1-ad24b527-76ab-4728-8690-cd8618420811
-0.016,-3.64,-3.8,6.0,0,2026-06-03 08:09:38,1-f97e936a-48ef-41e3-99b7-03257ace3d45
0.002,0.62,3.08,-1.0,0,2026-05-31 15:51:56,1-a7b93b96-c24d-4a84-a759-4768c7c4b08e
-0.02,-3.34,-6.56,0.66,0,2026-05-26 20:54:55,1-f3cb0079-ebb1-4a31-b96e-327dd7da26c6
-0.014,2.12,3.78,-12.0,0,2026-05-25 12:50:13,1-c7ac35d7-f74f-4f19-a83e-43a09f87b058
0.0,-0.38,0.8,-5.0,1,2026-05-25 11:29:56,1-08dd77c3-8290-4f1e-b489-60aee5b4fa2f
-0.04,-2.42,6.08,-6.0,0,2026-05-24 22:18:19,1-387b25b9-a4dd-431a-85b1-b2ba7f7ec701
0.044,5.14,-2.28,8.24,1,2026-05-24 21:05:44,1-b3b926a2-a2ce-48bd-983b-5b502909158f
0.036,1.02,-6.3,6.0,0,2026-05-24 19:26:11,1-8b56e511-23f1-4683-9016-5dadfb4b0f29
-0.064,-0.92,-1.68,-10.0,1,2026-05-24 18:41:19,1-ab91adeb-ead1-4a52-b169-2d903ffe185f
-0.056,-0.1,-3.54,-18.0,0,2026-05-24 17:52:14,1-b54d58d2-14ad-4d4d-bc50-15938d63fe48
0.118,7.36,3.76,6.0,1,2026-05-24 17:10:25,1-b7f792dd-f06d-43e6-871f-d787a7ce1087
0.042,0.82,7.8,11.0,0,2026-05-24 16:10:12,1-9c211d68-e446-4bcc-b13c-4be0d59dd420
-0.046,-5.7,-4.96,5.0,0,2026-05-22 23:14:32,1-2b974264-02b9-471d-93ce-4d99d36b7225
-0.032,-5.64,-5.46,10.42,0,2026-05-22 22:28:40,1-e1188860-1acd-4241-b366-f4c9a1113135
0.054,3.84,0.38,8.64,0,2026-05-22 21:13:28,1-347ee929-325d-4e48-939b-f9951ebc7377
0.026,-4.76,1.9,11.34,1,2026-05-22 12:58:11,1-1763bb4a-5465-4728-9011-7c3134e873f9
-0.042,-1.26,1.12,1.54,0,2026-05-21 10:21:56,1-49561c78-2486-4dee-b90a-2b88895aef7a
-0.05,-4.32,-3.02,13.0,0,2026-06-05 19:40:37,1-f397384f-3028-46c5-8abb-faae6d7322fd
-0.076,-5.74,3.02,-11.0,0,2026-06-05 18:59:59,1-837c445b-b4bb-4308-b227-028ae8c83693
-0.056,-0.54,-0.64,0.0,1,2026-06-05 18:29:33,1-096579fc-eaae-471b-8096-20f17a54b1c0
0.118,4.7,-3.94,7.0,0,2026-06-05 17:40:54,1-86c3321a-8fd0-4ee4-9869-e97f580c151e
-0.018,-3.32,3.28,-5.0,1,2026-06-05 16:55:55,1-c74c3623-b345-43e2-a5fa-3a2436c62b43
-0.004,-2.88,-3.96,4.0,0,2026-06-05 15:57:40,1-593a8fc9-102c-41c2-9c66-c2d5ce880fd4
-0.16,2.2,-0.4,-8.0,0,2026-06-01 13:25:14,1-df23e6f0-3ba6-4f7f-a8ff-a9fa15fca4ad
-0.036,-5.68,3.02,-2.0,0,2026-06-01 12:44:51,1-5717916c-811d-49bc-a815-7ac4a9d9c388
0.044,-1.38,3.08,7.0,0,2026-06-01 11:47:33,1-984fca2a-12e0-4998-bffe-158bfba530fe
-0.038,2.02,-2.46,-2.0,1,2026-05-31 18:52:26,1-55946ad4-cef7-4bf9-aab6-96df7d05af65
-0.054,-4.02,2.72,5.0,0,2026-05-31 18:21:15,1-2dcde239-3c8f-4459-871d-3301b75e6307
-0.038,0.08,6.14,-2.0,0,2026-05-31 17:37:23,1-a1e80585-427b-46d4-8452-19ddb5f1401b
0.046,1.3,-2.8,4.0,0,2026-05-31 16:53:11,1-65135e25-f3bb-4452-8c07-1a772d332f19
-0.09,-8.62,-1.56,-7.0,0,2026-05-31 16:11:10,1-0378f822-b892-454c-8ade-b24d4c49b80b
0.006,-1.28,-7.16,-5.0,1,2026-05-31 15:29:29,1-b8db85d2-b9d7-4706-a402-bf8a75825622
-0.046,0.96,-1.04,-5.0,0,2026-05-31 14:54:58,1-cd059886-89ca-40e9-a9c9-2c66721f76ff
0.028,3.02,1.52,-10.0,1,2026-05-31 14:21:11,1-3f330795-4dcc-4d76-9ce2-478f246003b4
-0.028,-0.48,6.22,2.0,0,2026-05-31 13:38:07,1-3b6f0af5-e831-45cd-96ed-49a2a850c138
-0.038,-4.72,-3.12,9.0,0,2026-05-31 13:01:48,1-1b1802d6-cdb2-4a93-8c21-bf30c56134a0
0.028,0.52,-5.66,2.0,1,2026-05-31 12:33:37,1-7b3f6c1d-42df-48e4-88ef-bab91433c471
-0.096,-1.12,-5.8,-4.0,0,2026-05-31 11:54:08,1-fad37929-8679-4f06-8deb-eea2cc330ee7
0.098,1.08,3.8,2.0,0,2026-05-28 17:33:51,1-e7efb8f3-7a34-4a7a-b288-00f41dd61281
0.204,10.74,3.24,2.52,0,2026-05-28 17:08:24,1-6883a255-2acb-442e-9af1-a4a2ac00ecba
-0.074,-7.28,-0.84,-3.0,1,2026-05-27 11:42:40,1-dd0438df-4d88-4715-8865-fa741d8a16a0
-0.068,-5.52,6.52,-11.86,1,2026-05-27 10:53:51,1-9fa0611c-9f06-4e38-8f5f-d957062831ee
0.024,-0.24,0.18,0.0,0,2026-05-26 09:11:28,1-159c8714-d9cb-46ba-883f-8a1b20cd4c4d
-0.036,3.44,-0.92,5.0,0,2026-05-25 17:05:05,1-dad09bb2-5952-442d-b363-a6af0da0eac0
0.036,4.96,-2.1,-2.0,0,2026-05-25 16:38:22,1-3d40d8c1-edcb-456f-b90a-993e442e97c5
-0.012,-1.98,4.62,10.0,0,2026-05-25 13:49:50,1-7001eda8-ba16-4f9c-9b3b-7fc9f9ee90eb
0.022,1.9,-3.88,9.0,0,2026-05-25 13:14:03,1-274740ff-9f5c-418d-bbbc-0a603e3a7073
0.012,2.12,-6.92,-4.0,0,2026-05-19 04:46:58,1-9fdde28d-2f6e-4c3a-a50e-dc172a058fd7
-0.104,-5.54,-3.18,11.0,0,2026-05-13 12:48:05,1-f84ed406-79fe-46b9-b8f9-cd0cda4ebd27
0.006,2.8,1.34,4.0,1,2026-06-06 14:16:18,1-e8dc8a1e-5487-44b8-8c0c-a81c2d905b63
-0.096,-8.68,0.36,-6.0,0,2026-06-06 13:26:51,1-c1ed4319-bd58-4aef-bacf-bb1fc528aedc
-0.012,-5.2,4.52,-1.0,0,2026-06-06 12:55:36,1-4f558e50-7447-412f-ac5d-ff82da5f6915
-0.106,0.66,1.52,-10.0,1,2026-06-05 17:14:20,1-c3f9ea15-dcc5-44ff-8b3b-d1a473affd2f
-0.126,-8.6,-3.54,-6.0,0,2026-06-05 16:23:12,1-389ce586-22c5-4598-8231-990be1b91b06
-0.05,-4.16,-3.52,7.0,1,2026-06-05 10:58:25,1-fee6effa-a6af-4ca6-9301-e0629873c4b5
0.05,1.5,-4.44,-5.0,1,2026-06-05 08:57:58,1-bffcc50e-b4f5-49aa-b76b-9d1c300523f4
-0.014,1.22,11.38,-1.0,1,2026-06-05 08:13:31,1-66ff0412-a1c5-42ac-8583-5376c9beb193
-0.086,-5.04,-0.2,6.0,0,2026-06-04 12:04:51,1-8c4911a0-d21a-4cc6-8590-ea5abeaec476
0.036,3.74,-0.08,11.0,0,2026-06-04 10:42:52,1-57d813c6-0acf-4d2c-b9e6-1e1f783113c0
0.064,5.36,-2.58,3.0,1,2026-06-04 09:41:54,1-ef0c6289-48fc-4b5e-98ce-75269d8d0d14
-0.086,-5.46,-4.16,4.0,0,2026-06-04 07:25:43,1-adf6a8f3-842d-4391-8cf6-1cd266a87ad0
0.09,1.36,-4.58,18.0,0,2026-06-04 06:33:33,1-74442e23-55f9-49eb-9a12-147e8bdc6688
0.008,2.2,0.9,-11.0,1,2026-06-03 09:35:57,1-d5f4bdba-a9a3-4c6e-b712-dbfdf8a3bb88
-0.208,-9.9,-1.64,6.0,0,2026-06-03 08:46:05,1-e4563196-94a2-40ac-aab5-662add94eee2
0.096,4.4,-5.78,7.0,1,2026-06-03 01:12:10,1-1016dcc1-cd2c-40ee-922f-cbee406de459
-0.138,-12.66,-3.8,5.0,0,2026-06-03 00:00:20,1-d04f6d36-c861-4689-91bd-f2433df91f37
0.166,13.08,-0.68,0.0,1,2026-06-02 22:20:26,1-117c704e-c8af-4d21-9b0c-ae0129048969
-0.046,-4.6,-9.28,7.0,1,2026-06-02 07:28:42,1-33161d20-d85f-493a-8ebf-d0a252c52ebd
-0.068,2.7,1.18,-16.0,0,2026-06-02 06:47:17,1-bab74f58-ab69-46ab-bc0e-61d5abe9b492
0.054,-1.5,-8.68,1.0,1,2026-06-01 19:08:10,1-b86518bc-410f-4eca-9a9a-35e4a599648f
-0.024,4.34,3.62,-6.0,0,2026-06-01 12:52:10,1-1bed27a8-6da4-46e1-8498-a0709b30dda4
-0.126,-0.56,5.86,-8.0,0,2026-06-01 00:46:47,1-c1f26f86-0ad1-4030-b129-b55ae415542e
-0.02,1.82,3.72,1.0,1,2026-05-31 23:09:56,1-5647fe55-c6c0-4068-99d1-0d7b8c0dbc4a
-0.152,-2.84,-0.6,-9.0,0,2026-05-31 21:46:16,1-ebb465ea-ed20-4bf7-9d59-1f89df0e9bfc
0.004,0.24,1.5,12.0,1,2026-05-31 03:43:53,1-17b5e8fb-32fd-46f9-862a-e689b6e67b9d
-0.066,-2.32,1.18,-9.0,0,2026-05-31 02:35:43,1-939a1f04-2d38-4c8a-93d8-7f1bc728aa7b
0.128,8.02,-3.14,6.0,1,2026-05-29 22:41:18,1-a4e1ab7f-1b12-48fb-b8b3-8bfef3b36b0f
-0.002,3.66,1.96,6.0,0,2026-05-26 16:03:05,1-5a860a95-a139-48b8-ac0c-393d586cdf71
0.062,-2.52,-10.48,1.24,1,2026-05-25 17:14:45,1-6fa849de-bde1-4842-8480-c1bbe143ece3
-0.106,-7.66,-5.72,-8.0,1,2026-05-25 15:39:50,1-7c4a798f-65b6-4cef-a8f7-400b53e7b775
0.064,5.0,4.7,-8.0,1,2026-05-24 14:29:50,1-a3d79573-09cc-42c0-a5f6-9d1abaeaeeaf
0.02,4.64,1.86,-6.0,0,2026-05-24 13:34:53,1-dfe76341-50f1-4032-83d9-c07d8a8e1719
0.002,5.88,-2.16,-1.0,1,2026-05-22 19:40:33,1-dd1e0eba-ad91-42a3-8053-24a61af30166
-0.054,-8.44,-13.48,3.0,1,2026-05-06 19:27:46,1-4d54bb53-a18c-44bb-9489-0013aaad36cc
-0.024,-0.18,-5.46,-7.0,0,2026-06-06 14:17:36,1-71d8e54d-d46e-42ca-87cd-5220c20461ee
0.03,-0.76,1.6,-1.0,1,2026-06-06 13:06:13,1-5026b543-eae7-403b-be40-be0da741a010
-0.26,-11.64,2.44,-18.0,0,2026-06-06 12:32:47,1-52938b1d-eb58-4b1b-aa69-2b6a4950a83a
0.044,-0.34,3.38,6.0,1,2026-06-05 22:49:55,1-96218dc4-3780-42b3-8d13-aec6d681d140
-0.042,-2.08,2.98,-7.0,0,2026-06-05 22:00:34,1-21849a90-aaee-4305-a31e-4588be559d76
0.088,2.16,-2.36,0.0,0,2026-05-23 17:15:48,1-cd4f75c6-0d64-4ec8-a391-629719cadc2c
0.054,0.88,-2.48,5.0,1,2026-05-17 19:47:39,1-2a7c9120-1025-4781-bb02-ed4d0928870e
-0.032,-1.68,-6.9,-13.0,1,2026-05-17 19:05:44,1-0d745f11-58de-496f-ba2f-4ca70077d7a8
-0.02,-0.96,-1.18,3.0,1,2026-05-31 16:56:27,1-861f49ac-f12c-4aa6-a4d0-d80747da0d96
-0.142,-2.44,0.46,-4.0,1,2026-05-31 16:13:41,1-06327146-ce14-4ba7-9321-330ff18cde4d
0.03,-2.76,0.56,0.0,1,2026-05-31 15:40:36,1-aad5918d-56de-456e-bc89-ad0827462e2f
0.008,-4.12,1.98,-5.0,0,2026-05-28 17:03:13,1-bb9b44ec-8b23-43b7-8b0d-c705d59248a0
0.024,9.06,-0.84,0.0,1,2026-05-28 16:22:27,1-484dd17e-8a38-454e-bd3a-f6f144f08f83
0.014,4.62,3.5,-9.0,1,2026-05-28 15:41:24,1-adb399f2-e745-4bc4-af97-8a4b1d047e62
0.082,0.96,7.44,8.0,1,2026-05-15 15:42:56,1-c4ac138f-78f7-45c0-8cfe-9c9d97ea5841
-0.182,-3.7,-5.18,-4.5,0,2026-05-15 14:47:52,1-bd20fb04-c120-4679-9a68-85716b8c402c
0.022,-1.3,-3.02,14.42,1,2026-05-14 21:48:57,1-064ae0c1-bd66-4575-81e0-b1d739ee5f8c
-0.018,-3.92,0.2,-0.58,0,2026-05-04 18:30:07,1-ff4a8d06-36c3-40f6-b75f-97e5fde1c038
-0.076,-4.6,-0.92,1.0,1,2026-05-04 17:49:15,1-95f44889-7cf6-4712-b620-16e427c3c247
-0.044,2.5,9.16,5.0,0,2026-06-06 20:53:14,1-b4d1f63f-fb07-4c8e-99b6-a4d235d4cc72
-0.074,-2.4,3.26,6.0,0,2026-06-06 20:09:06,1-00c4c954-2c73-45e9-9a00-09b402a50335
-0.008,2.14,-3.46,-10.0,0,2026-06-06 19:28:15,1-eb74f395-c52b-4241-b52a-9b9a59ce645a
0.076,4.88,-6.6,4.0,0,2026-06-06 18:46:24,1-83be5862-2afd-44bf-8026-75797ef26d4a
0.156,7.1,2.92,18.0,0,2026-06-03 20:20:12,1-073e5c42-e4a0-4a80-bd3a-986014df60d5
-0.038,-4.08,-0.34,-2.0,1,2026-06-03 19:39:00,1-ac6dc1f5-f085-40aa-80b4-3c191fbe28e7
-0.138,-4.2,5.34,-4.0,0,2026-06-03 17:35:51,1-3ce49f4b-6ecc-40fd-9a51-e39f13fe9ee6
0.028,-1.28,3.46,9.0,0,2026-06-03 16:49:13,1-e76ed7a1-2c14-42d3-a416-2f84920d55e0
-0.062,-0.34,6.88,5.0,0,2026-06-03 16:06:59,1-8845ecbc-34d9-4f22-9965-44e986d157a1
0.144,8.24,-0.04,6.0,0,2026-06-01 20:38:37,1-3d3f5c10-8a6f-43e1-9af0-b6f727ba507b
0.054,3.86,-3.08,-2.0,0,2026-06-01 19:52:38,1-ca1128b9-8d74-42ab-83a1-8fab5599221e
0.01,0.72,-7.16,-8.0,0,2026-06-01 19:12:15,1-4fdfb902-e854-4819-93b0-fc3d5322a27a
-0.012,-1.1,3.1,15.0,1,2026-06-01 18:36:24,1-bf7a4e50-4ef4-4caa-a0bd-c5f8d343b97e
-0.028,2.14,3.18,-12.0,1,2026-05-30 21:28:27,1-121e39c8-e5d7-4c70-83f9-39b1f678f2d8
-0.146,-7.66,-1.42,-10.0,0,2026-05-30 20:34:21,1-9c9530eb-26c2-456a-b715-0bc3494938bc
-0.02,2.08,4.22,5.0,0,2026-05-30 19:44:48,1-7fae4691-fd22-479e-adc8-d1a31cf4fbf9
-0.058,0.0,0.7,-11.0,0,2026-05-29 21:09:25,1-d1ab1d2a-ec1e-4f7a-b127-605bbca202b3
0.038,2.44,-3.94,-3.0,1,2026-05-29 20:14:57,1-278ccabb-3ac2-4248-90f4-eaf2071cd18c
-0.156,-3.62,-2.84,-10.0,1,2026-05-29 19:23:45,1-45f00cd2-692e-4b1f-b8f8-6379d8e0ba1e
-0.006,2.8,-2.82,5.0,1,2026-05-29 18:38:09,1-7029bb1f-007a-4ab3-a262-9b4bf30ca275
0.012,-0.56,0.78,2.0,0,2026-05-26 20:59:36,1-e5f2692e-e41b-419b-9636-af3752b76695
0.034,-3.46,-4.2,2.0,0,2026-05-26 20:10:24,1-39338022-74ac-46d9-a0c0-f8b45fb427c8
0.088,5.4,1.72,4.0,1,2026-05-26 19:34:41,1-e1097140-9267-4af5-aefa-5b0fc5484882
0.142,5.66,3.38,15.66,0,2026-05-24 12:45:48,1-1907bb43-860b-406c-bef8-91211c2135fa
-0.02,-0.1,1.64,2.0,0,2026-05-24 11:57:39,1-83c2bb14-0159-43ad-924a-a8e1429d1933
-0.154,-10.78,-6.66,-5.36,1,2026-05-24 11:19:37,1-fb194656-8f13-4616-909e-c2649c1abd63
0.038,0.42,-3.58,1.0,1,2026-05-24 10:27:01,1-b96e3183-c1a6-43b9-b1e8-0d9ea5201398
0.016,1.96,-2.96,-8.42,0,2026-05-24 09:17:52,1-278d8649-e06f-4cc3-b312-4803b8e7c5a2
0.222,7.76,-5.88,8.0,1,2026-06-05 17:49:12,1-817d259d-ec09-4d53-9303-532cf6c71e7f
0.088,4.86,-11.08,9.0,1,2026-06-05 17:04:54,1-95b0d3a3-5ee7-4c4c-b26d-2df5448b1f9f
-0.07,3.66,4.36,-7.0,1,2026-06-05 16:23:00,1-d269b0e6-fac9-4ddf-98af-746f7365c359
0.002,-1.16,-0.32,-2.0,1,2026-06-05 15:44:39,1-abe3607b-c215-4053-95a1-4d3e3265a936
0.154,8.9,-1.34,14.0,0,2026-06-04 21:28:37,1-841ec764-bf77-4755-b331-aa08a203fa08
0.014,-0.96,1.6,1.0,1,2026-06-04 20:48:21,1-889e8976-b847-430f-9a17-9d0ba27b5a8d
-0.138,-4.04,4.1,-14.0,1,2026-06-04 16:55:43,1-db72637a-c3a4-4e2d-9930-a97c85ea458e
-0.056,-2.56,0.34,-7.0,0,2026-06-04 16:16:21,1-0f0214c8-09bd-4073-883b-1c2ef8e0e8d5
0.048,2.16,-6.42,5.0,1,2026-06-04 15:07:32,1-e47b6de2-ad6f-4cec-9fc3-e1fd10aaed88
-0.188,-8.1,0.32,-4.0,0,2026-06-03 23:59:39,1-73298922-0e10-4a24-971e-0a1b19805bdf
0.108,5.4,-2.7,-4.0,1,2026-06-03 23:20:35,1-9e3b863a-4a96-45c0-80f3-031e02bf4f60
-0.014,-3.92,5.1,-5.0,0,2026-06-03 15:31:51,1-423d0c7f-9c23-499f-b837-a94120244840
0.0,2.58,-0.9,-3.0,0,2026-06-03 14:26:35,1-04295c5c-04e6-4483-b0e6-7e691dfbbac8
-0.032,1.18,5.52,3.0,0,2026-06-03 12:59:55,1-b2fd5b01-32d0-4b80-8fa5-029cf3301ac2
0.006,3.9,-1.58,-3.0,0,2026-06-02 21:49:48,1-4b5e8662-945c-42b2-b940-ae846161e482
-0.038,-3.22,-0.46,4.0,0,2026-06-02 20:46:44,1-c6ad158d-5f4e-4c98-af6c-f7eb1b95a3f6
0.108,1.52,-3.56,-3.88,1,2026-06-02 19:46:05,1-48fb4060-c390-4e24-ba55-51d1c013afa9
0.108,6.9,1.54,9.0,0,2026-06-02 12:46:50,1-3ae0e304-14cb-4eea-b3b0-add42820a0fe
0.082,4.22,3.66,13.0,1,2026-06-02 12:03:40,1-aa5b4ea9-42de-4b66-a137-4ecea15f774a
-0.056,-3.04,0.7,8.0,0,2026-06-02 00:11:24,1-2c8c5fad-053e-434d-8939-0298ba5a4e8a
0.01,2.94,1.2,14.0,1,2026-06-01 23:23:27,1-c5eb66ba-3e27-4003-a5a6-cff8fe06d911
0.162,6.18,-0.32,13.62,1,2026-06-01 22:50:33,1-5dab5f8c-93a6-46cd-ba29-f74340525679
-0.03,-3.24,2.84,-5.0,0,2026-05-31 12:35:22,1-acf9264d-c82f-4e2c-a037-ad3ec3b1a80e
0.092,1.42,-1.2,6.0,1,2026-05-31 11:41:06,1-d7c69b6e-f939-401e-85c6-b691a9894f79
0.058,3.2,9.84,6.0,1,2026-05-28 20:44:12,1-feb6a9be-2947-48c8-9ea4-ad37cef47904
-0.036,-0.94,-5.2,-9.0,1,2026-05-28 19:45:23,1-d4577a41-bf78-4c64-bc48-78a38920e7a1
0.006,-1.82,8.06,-2.0,0,2026-05-28 18:41:08,1-80f1e651-8f27-46dd-b5d7-6dda3fb6a4a8
0.074,6.52,-5.22,1.48,1,2026-05-21 13:14:22,1-dddd18a6-87d4-48d3-a855-269e128a267c
0.032,0.06,-0.6,4.0,1,2026-06-06 20:47:27,1-947b84af-ed07-4188-b009-b9aba96a623c
-0.026,-6.38,-8.68,-3.0,0,2026-06-06 19:38:40,1-e0b39249-4d22-4040-8550-8b7353c51ed5
0.008,-0.3,3.78,-5.0,0,2026-06-06 17:04:17,1-fb89862f-cacb-4e66-b284-4fcac54190d4
-0.048,-0.24,-0.2,-3.0,0,2026-06-06 16:30:06,1-bc0a5787-1edb-4310-9a88-5baaa0badab7
-0.03,-0.56,0.62,16.0,1,2026-06-06 15:21:29,1-b12c75ba-4e37-45a4-b9f5-e700fea45293
-0.032,-1.62,0.94,9.0,0,2026-06-06 14:31:22,1-5f7af6d7-c4ec-404f-8a15-07a88987ce39
-0.044,-0.92,-6.1,9.0,1,2026-06-06 13:35:07,1-31d2f6e4-d16f-41c0-97d7-bf418b227841
-0.082,-3.86,-9.78,-2.0,0,2026-06-06 12:21:17,1-9d685091-a54c-432c-be9a-2a3028e08864
0.032,6.34,-0.92,2.0,1,2026-06-06 01:33:08,1-b45b0656-8df9-4448-a265-cbcd3ab64925
0.182,5.98,2.38,9.0,0,2026-06-06 00:43:59,1-a475a3f1-5500-41f9-8588-c59617702463
0.208,9.26,1.18,11.0,1,2026-06-06 00:10:29,1-eab2ba4b-1c1f-4817-9b4a-c2ff7e0b2bfe
0.114,2.86,0.44,12.0,1,2026-06-05 23:29:58,1-6eb3370a-bbc7-489c-80f3-c9eb8d7cbb06
0.188,5.98,-1.22,5.0,1,2026-06-05 22:37:45,1-a5aeab6e-9850-4c77-a45a-931e5699e918
0.076,7.62,0.76,0.0,1,2026-06-05 21:47:55,1-284acd05-fa7b-42f6-aaec-eac6511ed295
-0.18,-6.14,4.6,-7.0,0,2026-06-05 21:02:33,1-9d9936d0-e8ea-4c82-b376-0b9c8c9eb004
-0.026,2.84,-1.2,-4.0,1,2026-06-05 20:18:01,1-afd05289-f59f-4fbe-bc48-95637263ad6e
-0.01,6.92,0.54,-4.0,1,2026-06-04 22:35:24,1-9d20c7c6-4190-486c-9e94-274679a99539
0.084,6.36,1.78,9.0,1,2026-06-04 00:26:21,1-ce3ac605-cfb2-44e3-aab7-9ce6532217b3
-0.06,-5.12,-0.48,11.0,0,2026-06-03 09:53:21,1-17c4d455-f5ae-4ecd-baaf-c42c4a63ae82
-0.088,-0.08,3.76,-11.0,0,2026-06-02 23:37:49,1-a5d3f769-7ad8-461d-aacf-cc9708477e7a
0.074,6.12,0.62,9.0,1,2026-06-02 22:47:34,1-b6facfa4-a1b4-4483-b45b-503f19ca1920
0.078,3.68,-0.96,2.0,1,2026-06-02 19:25:38,1-50613e4d-0e2f-4630-a19a-bb786f66d4af
0.086,1.86,-1.44,-1.0,1,2026-06-02 16:39:14,1-bbbe59d9-3426-4cc9-bd98-95c800c7564d
0.176,6.92,-0.54,0.0,0,2026-06-02 15:21:59,1-6b6c37ad-86eb-45ae-9df0-b3a788fb7e18
-0.004,-3.4,7.52,-2.0,0,2026-06-02 13:32:52,1-a2189a7e-f98a-42f8-8bb9-bd8894711084
-0.176,-5.64,2.7,2.0,1,2026-06-02 09:45:06,1-9453ddad-be9c-42a7-a309-6395d88cae01
0.072,10.54,1.62,-1.0,1,2026-06-06 11:09:37,1-89928314-758b-498b-9e9f-cb6753386f06
0.108,4.16,-1.04,-10.0,1,2026-06-04 19:17:13,1-553b0059-3971-4273-b319-ed26e635cf3f
-0.09,-2.46,-2.02,-3.0,1,2026-06-04 18:14:11,1-4ade8aba-4945-4485-960b-1c20559d1a28
0.016,-4.26,-0.6,10.0,0,2026-06-04 17:11:00,1-495768b1-e419-4ad7-bd5c-2c998f7cc43c
-0.054,-4.12,1.56,-12.0,1,2026-06-03 20:20:13,1-526a34d9-e27e-488a-a505-668f880c476d
0.216,9.48,-4.94,8.0,1,2026-06-03 19:15:32,1-ab45f043-c1a8-4e77-aa83-441912fef104
-0.02,-2.1,-0.86,-8.0,1,2026-06-03 18:15:44,1-04eb500f-a804-46b6-a69d-afd38c3f335e
-0.132,-10.46,-1.48,6.0,1,2026-06-01 19:59:27,1-395c8690-8644-4da7-b238-8a1b4871db01
-0.012,2.84,-2.1,-6.0,0,2026-06-01 19:18:57,1-b17d973f-ddde-4706-863f-85cb20b35c8c
-0.116,-5.16,-3.3,-9.0,0,2026-05-29 13:52:29,1-8d6a4083-37fa-4e8e-b603-436a0a017c3d
0.08,6.18,-3.24,-3.0,0,2026-05-28 22:45:42,1-6b6d1134-c674-4b77-bd1d-18c8facc6767
-0.038,-4.76,2.62,7.0,0,2026-05-28 22:07:03,1-81bc1c69-23d0-4c6d-9ead-b189c3466cf2
-0.042,0.66,-6.1,3.0,0,2026-05-28 21:04:00,1-2f831aaa-ddf5-4012-a590-f6f1c5d4e2bc
-0.1,-4.7,2.06,4.0,0,2026-05-28 20:28:56,1-0b16e9f1-4122-4645-af12-0bc0dbcae249
0.05,3.3,-3.64,-15.0,0,2026-05-28 19:50:42,1-5a8d854d-69e8-41b5-913a-c0e2f8dbeb93
-0.154,-6.74,-1.06,-15.0,0,2026-05-28 16:38:38,1-813e43ab-b3e5-4c6c-9d15-0d998ed5d586
-0.146,0.58,-2.48,-3.0,1,2026-05-27 21:29:54,1-f5d9b951-38a1-4766-ac2d-ba18386f5e3d
0.06,4.82,-1.78,0.52,1,2026-05-27 20:54:30,1-da2f0d81-d5e6-4679-b91d-bd9c2774301f
0.064,1.9,11.96,2.0,0,2026-05-27 20:17:01,1-7dea78e7-9e6b-4b12-a057-df1eb1968bff
0.032,2.4,1.28,-2.0,1,2026-05-27 19:33:57,1-60ec30fa-0289-44a3-bfec-9d25cdbb8920
-0.004,0.66,2.3,1.66,0,2026-05-25 16:48:39,1-b555ed8f-4e82-46da-a05d-eb97e693be0f
0.038,3.72,-5.32,8.0,0,2026-06-04 21:25:03,1-29f72cdf-26d5-4fed-a793-f125df0b7fd7
0.088,3.08,-10.08,12.0,1,2026-06-04 19:57:01,1-f4bee48c-0a4f-4037-8079-7fef4cb790f5
0.042,-6.1,4.88,17.0,1,2026-06-02 20:03:11,1-261becec-67e9-4463-8e6d-b443c79f349f
-0.062,1.46,6.4,-6.0,1,2026-06-02 19:22:13,1-0b817044-d256-42cf-ae58-c03e7e2ac32d
0.088,0.54,-2.5,-4.0,1,2026-06-02 18:39:51,1-136e04d8-0afb-4873-b85b-421b3e7194ed
0.112,8.24,-3.48,2.0,0,2026-06-02 12:09:22,1-21db087d-9576-4496-9667-ffaf6b186654
0.054,9.56,5.8,-7.0,1,2026-06-01 18:20:56,1-27a7474f-4ff6-442b-82e4-d3457d8a2ff1
-0.146,-4.86,-4.14,-18.0,1,2026-06-01 15:42:52,1-e5cf4a44-b1d7-4f3f-ae89-b4d50dd63a54
0.002,5.54,-6.66,-6.0,1,2026-06-01 15:05:29,1-82e101cb-bed8-46e8-b174-f0cd206fc277
-0.096,-2.28,-1.68,-3.0,1,2026-06-01 14:31:17,1-a35ec824-1454-494c-912a-32486425368c
0.086,-0.82,-3.56,-4.0,1,2026-06-01 12:50:35,1-b6421940-2746-469b-bf31-75e47d736f51
-0.02,-0.64,5.16,-5.0,0,2026-06-01 11:35:13,1-a6384fee-848f-41cc-a80f-77e6290610c1
-0.074,0.98,3.36,-4.0,1,2026-06-01 10:39:47,1-47d3aff2-50ec-44e1-b5ac-e96948e8d6a4
-0.146,-5.0,6.06,-18.0,1,2026-06-01 09:56:12,1-edb18d55-b2d3-42e7-a8fb-963e1bc5474e
0.1,4.72,7.16,0.0,1,2026-05-30 20:49:57,1-c14e9273-df56-41c2-b3db-bdb830a94076
0.148,8.72,-0.04,21.0,0,2026-05-30 20:06:29,1-ad66371c-1c36-40f8-9f58-9e284a05c729
-0.246,-9.72,0.3,-2.0,0,2026-05-30 16:04:46,1-7a2329a0-1efe-48f0-bb6d-64ee0d57caa1
0.028,1.48,5.44,8.0,0,2026-05-30 15:25:29,1-33aed987-4bf1-47df-b662-c447c62e6980
0.22,10.52,-0.9,16.0,1,2026-05-30 14:43:34,1-9686dc49-035f-4771-80f4-08a2ef45fb19
0.176,4.88,-5.52,16.0,1,2026-05-30 14:00:41,1-8b8f634e-005e-420f-b860-1a98afd7d086
0.138,3.5,-6.86,9.0,1,2026-05-30 13:16:12,1-2577a422-e17c-4ea2-b318-ad4c800867a9
0.186,12.88,4.9,-1.0,0,2026-05-30 12:32:17,1-98b7f4ec-b8b7-442c-8bf3-d4cefd3cab90
0.066,2.72,-3.86,-5.0,0,2026-06-06 23:25:41,1-c89fe91d-c215-4fe3-b832-40f239359483
0.058,0.48,-6.6,-22.0,0,2026-06-06 22:38:17,1-cac3bbf1-7118-43c1-a161-8742bd3bf527
-0.192,-5.4,-3.46,-21.0,0,2026-05-29 21:26:01,1-4157438e-b84c-4017-a06a-5d9b11fb75c1
0.054,-0.78,1.82,7.0,0,2026-05-23 20:02:08,1-8ebf8a68-cf35-4766-8c8e-ffd3ff46daef
0.042,1.62,0.1,0.0,1,2026-05-23 17:03:52,1-4c61030e-de92-44cd-8d88-0e9647921ef6
0.014,-0.44,-0.64,9.34,1,2026-05-23 16:25:56,1-8e0ac4d6-b1f6-4201-b7cd-0cea8a531a68
-0.038,-5.02,-6.64,6.0,0,2026-05-23 15:54:12,1-1221d3a3-cc70-4664-b7f4-cf5ff0ebb80c
0.004,0.34,-7.22,-11.0,0,2026-05-22 22:31:11,1-deea32d4-0faf-419d-babe-e2847b985c15
-0.03,-0.12,8.96,4.88,1,2026-05-22 21:55:33,1-0032fb7a-ca62-40de-b831-a94c39bf5df1
-0.038,-4.02,-0.72,9.0,1,2026-05-21 18:47:22,1-3230b243-4ed2-4ab5-b64c-a40f444644e8
-0.046,-3.86,0.32,1.0,0,2026-05-21 17:44:45,1-6718fbd4-4846-4ddf-82fb-acbc0e73ae29
-0.054,-9.92,-3.84,-5.0,1,2026-06-03 22:03:32,1-a7ad1f64-c7d1-46c7-ab4e-30be0458c67c
0.008,1.12,6.22,-2.0,1,2026-05-31 20:59:46,1-ee84bd95-6e0b-4260-989e-3e26f00b879f
-0.074,-6.16,4.22,3.0,1,2026-05-31 20:15:21,1-47138e17-a21b-4370-881a-901ed41dc3a0
-0.008,-0.5,4.46,-7.0,0,2026-06-06 15:51:59,1-fc2b02db-25a8-4585-afaf-976c7024c9ad
-0.076,-3.52,0.52,-13.0,1,2026-06-06 12:47:46,1-4de46315-3db1-40f3-b439-759d9e7660bf
0.178,3.86,-1.72,7.0,0,2026-06-06 00:57:23,1-930a5a10-2c20-4d30-bcf2-710c735be888
-0.098,-5.06,-5.02,-3.0,0,2026-06-05 23:39:10,1-6b4db190-cb95-4949-9499-ad1339381e24
-0.132,-5.1,-0.74,-21.0,1,2026-06-05 22:51:55,1-0ee51269-4c04-4512-adb5-6af9f51c1a3d
-0.004,1.96,-0.72,-21.0,1,2026-06-05 22:14:06,1-fd0e363d-c011-422e-ae2c-a933cebfffb1
0.024,5.78,0.94,-13.0,0,2026-06-05 21:31:23,1-06804f52-915d-480e-a185-cb686c582acb
0.004,-0.72,-5.0,-17.0,0,2026-06-05 20:39:17,1-32492552-69fe-436a-b70a-c5c52b96c76f
0.054,0.24,2.82,-4.0,1,2026-06-05 00:29:23,1-cd9e563d-33b1-480f-9e07-21e15d3898b9
0.062,-0.72,4.3,14.0,1,2026-06-04 23:49:25,1-c38ee079-8c01-4978-ab1c-d003bbd84141
0.002,-1.3,0.64,0.0,0,2026-06-04 20:59:47,1-507af697-17f4-445a-abfe-51da86f1c029
-0.046,-5.54,3.84,0.0,1,2026-06-04 20:09:50,1-292d014c-9e1b-4b75-b850-e2fada8f19b7
-0.13,-2.12,-1.22,-21.0,1,2026-06-04 00:31:19,1-a93996f8-42b6-4173-b86f-7e14e684128d
0.092,9.96,-3.54,-5.0,0,2026-06-03 21:31:07,1-fa1e3e6e-3f2a-47c8-9660-3a0426488643
0.09,9.56,-3.82,-9.0,1,2026-06-03 20:58:13,1-a5dc5c54-8b95-4bc7-8725-8b5f546b0192
-0.128,-10.22,2.04,-6.0,0,2026-06-03 19:51:36,1-421861ca-6c74-4e7f-a2f0-866af0e7f61d
0.028,2.22,-0.44,8.0,1,2026-06-03 18:04:41,1-7e82055d-4c6a-4384-a467-59654f18654e
0.034,1.98,-3.44,12.0,0,2026-06-03 16:29:34,1-6182da19-ad4d-439f-8612-be3ae040d607
0.354,18.6,1.0,17.0,1,2026-06-02 18:59:35,1-ecf3cae8-9886-466b-ab7b-1ea76f44d1ea
0.156,13.66,-10.58,7.0,0,2026-05-31 16:47:39,1-22b63c5d-91f5-4436-9cf2-ac4297c0aca5
-0.018,-4.76,-1.46,5.0,1,2026-05-31 01:28:22,1-62784efb-9905-4a7f-9bcf-eab2b0203b32
0.048,-5.98,-0.68,8.0,1,2026-05-31 00:35:48,1-28f39f1c-1935-43e6-b07b-51cff0e76a74
0.048,2.08,-0.96,-1.0,1,2026-05-30 23:44:04,1-de96d8c3-04ab-457b-bf1d-8cd606bbcf93
-0.06,-4.28,2.46,-3.0,1,2026-05-30 22:53:42,1-c2ca51b8-ec19-4cfb-9d9f-cf50d6f07bf6
-0.05,-4.34,2.08,9.0,1,2026-05-29 23:07:40,1-f9562a98-444d-4127-864b-f8f8b7d4173d
0.024,1.8,-4.5,-1.0,0,2026-05-25 12:42:24,1-3c4b8096-0872-4fc7-a558-12f737c617c6
0.194,13.42,8.9,-10.12,1,2026-05-25 11:37:00,1-32af0743-8a37-43ac-8a8b-2f9d435cb522
-0.034,-0.32,-0.78,-7.0,0,2026-05-23 22:50:48,1-2483a69f-0bff-4094-9b75-98b25bf5b8f7
-0.152,-2.88,-12.82,10.0,1,2026-05-23 22:18:22,1-1dd5ad09-dd27-43e9-b026-06c6f3f36c70
0.016,-0.14,4.06,-11.0,0,2026-05-23 01:02:16,1-aba2aa4a-1996-4def-ab16-4d9e56fbafc9
-0.032,-2.02,-3.56,-4.0,0,2026-05-18 20:26:23,1-11c9e739-3606-4ae7-a6bb-8d792ccb22ed
0.104,-0.24,-2.96,6.0,0,2026-05-18 19:09:40,1-5ae0b66d-5160-459e-9cc1-0971e920a87c
0.152,4.88,2.46,9.0,0,2026-05-31 12:22:15,1-7ed78835-fd38-4918-8238-797d44fcd3e1
0.016,4.46,-4.82,1.0,1,2026-05-31 11:49:09,1-8b02be56-9776-4d29-bf75-f3b045823c44
-0.012,-1.26,1.0,-5.0,0,2026-05-31 11:11:07,1-5e835d70-2bbd-4d8b-866a-488d5225b98a
-0.128,-7.3,8.02,-16.0,1,2026-05-30 20:56:55,1-6f024d38-29a9-4fdb-a8ef-7b782a95cf0f
-0.07,-3.74,9.04,3.0,1,2026-05-30 20:25:17,1-c8a0cefe-e0dc-4374-aa60-4e6f905ac76d
0.03,-0.06,7.36,9.0,1,2026-05-24 21:39:27,1-b25741f9-bcfa-43f1-89e4-523f0d05cc98
0.258,10.82,7.06,8.0,1,2026-06-06 20:02:12,1-14b32d22-967a-4a42-aa9d-9981a5174b0e
-0.152,-6.62,-0.28,-6.0,0,2026-06-06 18:45:48,1-ff0253d8-a280-4e66-8bd6-d232f70d196c
-0.164,-6.12,5.1,-20.0,1,2026-06-06 18:01:04,1-3a793864-50d6-48f6-8eb3-0a56a2480a57
0.112,3.16,15.08,-1.0,0,2026-06-06 17:19:42,1-c86be84b-9e1e-47ab-9222-240cb5851b0c
0.096,1.26,-8.28,0.0,1,2026-06-06 16:33:56,1-1b34e92f-8471-4f54-b353-22cf4b319e2f
-0.094,-2.54,10.46,-12.0,1,2026-06-06 16:05:26,1-2bf97e8d-8d0f-4914-8606-54d6c33730ce
0.004,-6.92,-4.9,7.0,1,2026-06-06 15:20:18,1-6cacf501-824b-48ff-ba30-f391058f8e00
0.066,-1.02,-3.54,4.0,1,2026-06-06 14:33:23,1-fd2d0b63-ab0a-4c24-80c3-dde57538c5b9
-0.042,1.9,-0.18,-3.0,0,2026-06-06 00:38:07,1-8706264d-5971-4c4f-a40a-940709c544e0
0.026,0.3,-4.12,4.0,1,2026-06-04 22:22:50,1-f9df57c3-c1f7-4510-a78f-b08bdfce8a46
0.152,9.76,-0.02,9.0,1,2026-06-04 21:58:15,1-07279995-7a14-4833-98a9-a3f60ec5dc2e
-0.162,-6.78,9.12,6.0,0,2026-06-04 19:59:14,1-1a371809-cc34-4f14-b159-ba3d3e5a150b
0.054,1.88,-1.56,3.0,0,2026-06-04 12:31:18,1-8c5734b7-092d-4a16-b591-0e79003189bb
0.016,2.48,-3.2,-2.0,0,2026-06-04 11:42:55,1-4524a1e9-8ab2-4488-8847-bbeae5525458
-0.234,-6.26,8.5,-15.0,0,2026-06-04 11:02:59,1-1d3756b4-0326-4a7a-a357-6becffa7e7f5
0.066,3.58,-0.06,-10.0,1,2026-06-02 16:20:46,1-888327ad-e9a7-4332-8147-e888e4c83178
-0.124,-5.16,5.26,-1.0,0,2026-06-02 15:28:35,1-a27c9d49-497a-4dac-a950-2c6f6e92b7f2
0.018,0.54,1.78,-9.0,1,2026-06-02 14:05:04,1-bc6a1df2-a1be-43df-a007-e122bc91ec28
-0.036,0.48,1.58,-3.0,1,2026-06-02 13:29:42,1-fa4dc40c-ae61-401f-bb98-14c9bee2961a
-0.054,-6.88,-3.24,1.0,1,2026-06-01 18:58:57,1-3c21397b-7b69-4d1e-91eb-ac538f3b64e6
-0.206,-6.8,0.46,-7.0,0,2026-06-01 18:26:00,1-9ccf4ff4-9d5e-4f81-afc8-7f13564517ee
-0.052,1.76,8.34,-1.0,1,2026-06-01 17:46:42,1-63bb1a53-2010-40f9-b134-e5c70f2bf46c
0.114,0.02,-2.54,-2.0,1,2026-06-01 17:03:23,1-9dbca9f8-2312-451e-8ea7-71cf2b5a4f33
0.19,10.78,-2.36,-3.0,0,2026-06-06 23:35:20,1-d24a23b6-1324-4dcf-9bed-373fcb0b20ab
-0.11,-7.78,-3.82,-5.0,1,2026-06-06 22:57:32,1-1e429afb-40d3-4507-bd07-057610ae9160
-0.144,-5.6,5.5,-2.0,1,2026-06-06 21:20:23,1-dcd56528-928f-4def-a570-25fb81999f7c
0.056,4.78,-5.3,-12.0,1,2026-06-06 20:42:07,1-48e88055-e6cb-48b4-9380-d4b6cac23117
-0.132,-7.12,7.88,1.0,0,2026-06-06 20:02:18,1-2ead8ecc-8eb8-450f-b86c-091717f9a989
0.088,0.18,-4.0,-2.0,1,2026-06-06 09:30:35,1-2b8b4f38-b8c9-4992-9892-65d2d9857dfa
0.102,3.64,-2.34,4.0,0,2026-06-06 08:35:32,1-19eb09e7-103a-4ed9-82b0-638d0831b20a
0.074,2.42,0.52,-3.0,0,2026-06-06 07:18:34,1-a4e39b09-48dd-401a-915b-47a3eb9bf3a0
-0.138,-11.22,-5.0,2.0,0,2026-06-05 00:57:20,1-4adc2bd3-8175-40de-9a9f-0ae087749945
-0.256,-12.48,6.76,-8.0,0,2026-06-04 23:55:38,1-65049961-b7ac-4c6d-a8a0-729c180de297
0.084,5.04,0.88,6.0,0,2026-06-04 22:53:49,1-bcc73051-0693-46dd-8b0b-cc4a154f555b
0.062,-0.44,8.12,16.0,1,2026-06-04 00:39:36,1-fbf049fd-a3d0-482a-9ed0-61c69ee598bb
-0.02,-2.62,4.84,14.0,0,2026-06-04 00:06:25,1-eceb2289-9861-4742-aa14-12b57229cd87
-0.068,-4.76,7.92,8.0,1,2026-06-03 22:57:44,1-937c2019-2c4a-4f40-8681-de053bb271c6
0.014,5.08,-1.36,-17.0,0,2026-06-03 22:05:47,1-530142c8-0fff-4477-a400-a1b6f5e34b76
0.054,0.0,-0.5,8.0,0,2026-06-03 21:06:22,1-00ceaf7a-8f67-45c7-adf3-f3f62899f536
-0.142,-4.74,-4.3,-21.3,0,2026-06-03 20:18:10,1-67718bd6-6fef-4052-a3a8-dee1db88600a
-0.168,-6.28,5.52,12.0,0,2026-06-03 19:11:09,1-1eb91b9e-102b-40fd-9529-f360b5657b86
-0.086,-5.2,1.86,-3.0,1,2026-06-03 17:53:32,1-55c631a4-3ef9-4109-aa75-6bf564ab34f7
0.15,7.72,-3.4,-1.0,1,2026-06-03 17:13:55,1-eca9b2a4-c2f2-4d0e-ae99-52b49b9c3e3b
0.102,7.46,0.3,-3.0,0,2026-06-03 13:35:01,1-436d81ae-c89d-4067-8afe-380037a930ba
-0.17,-10.4,-0.12,2.0,0,2026-06-03 12:18:31,1-9506a9df-9be4-442b-abb7-b704f02c6da9
-0.176,-11.16,-2.3,7.0,0,2026-06-03 11:40:59,1-278c77bc-089a-4f49-8dfd-c2a302299785
-0.08,-8.94,12.68,17.0,1,2026-06-02 23:43:15,1-8fa565c9-6ab1-46a7-a17f-274a12503603
-0.124,-10.26,7.32,14.0,0,2026-06-02 23:04:05,1-1881600e-b6ba-4e8e-b968-a85b18169d88
-0.092,0.76,-6.46,-14.0,0,2026-06-02 22:28:10,1-8731711a-3b1f-4d5c-b55b-dbf1c711c2e8
0.084,8.32,3.82,-13.0,0,2026-06-02 21:33:44,1-73431663-2cd7-43cf-8f7d-eeb6ea1a2739
